name,barcode,regular_price,discounted_price,sku,url
100 Led Kristal Torch Ampul E27 30w,8659754400288,135.00,20.00,117550,https://iyas.com.tr/100-led-kristal-torch-ampul-e27-30w-117550-p-599110
100 Led Kristal Torch Ampul E27 40w,8659754400165,160.00,20.00,117551,https://iyas.com.tr/100-led-kristal-torch-ampul-e27-40w-117551-p-599109
2 Li Citir Kaplamali Etli Icli Kofte 40 Gr,2183000550619,100.00,160.00,105887,https://iyas.com.tr/2-li-citir-kaplamali-etli-icli-kofte-40-gr-105887-p-586608
2li Doritoslu Standart Menu,2183000550329,250.00,160.00,105856,https://iyas.com.tr/2li-doritoslu-standart-menu-105856-p-586630
2li Standart Menu,2183000550336,240.00,160.00,105855,https://iyas.com.tr/2li-standart-menu-105855-p-586592
2li Zeytinyagli Yaprak Sarma 65 Gr,2183000550671,50.00,160.00,105894,https://iyas.com.tr/2li-zeytinyagli-yaprak-sarma-65-gr-105894-p-586624
4 Lu Citir Kaplamali Etli Icli Kofte 105 Gr,2183000550626,150.00,160.00,105888,https://iyas.com.tr/4-lu-citir-kaplamali-etli-icli-kofte-105-gr-105888-p-586621
41 Etli Icli Kofte 5 Adet 75gr5,2183000550848,350.00,160.00,106053,https://iyas.com.tr/41-etli-icli-kofte-5-adet-75gr5-106053-p-586711
48w Pervane Led Ampul E27,8698953435325,149.00,20.00,113055,https://iyas.com.tr/48w-pervane-led-ampul-e27-113055-p-599111
4lu Zeytinyagli Yaprak Sarma 125 Gr,2183000550688,100.00,160.00,105895,https://iyas.com.tr/4lu-zeytinyagli-yaprak-sarma-125-gr-105895-p-586612
7 Days Kruvasan 60 Gr Findik Kremali,7622202050879,39.50,29.50,102376,https://iyas.com.tr/7-days-kruvasan-60-gr-findik-kremali-102376-p-578799
7 Days Kruvasan 60 Gr Kakao Kremali,7622202050947,39.50,29.50,99970,https://iyas.com.tr/7-days-kruvasan-60-gr-kakao-kremali-99970-p-569081
Abant Dogal Kaynak Su 05 Lt,8699015750127,7.00,36.50,101818,https://iyas.com.tr/abant-dogal-kaynak-su-05-lt-101818-p-569006
Abant Dogal Kaynak Su 1 Lt,8699015750158,13.00,36.50,100876,https://iyas.com.tr/abant-dogal-kaynak-su-1-lt-100876-p-568314
Abant Dogal Kaynak Su 330 Ml,8699015750028,7.00,36.50,108970,https://iyas.com.tr/abant-dogal-kaynak-su-330-ml-108970-p-588109
Abant Dogal Kaynak Su 5 Lt,8699015750417,37.50,29.50,95132,https://iyas.com.tr/abant-dogal-kaynak-su-5-lt-95132-p-117340
Abc 750 Ml Ocak Firin Ankastre Temizlik,8690511008354,79.90,69.90,51521,https://iyas.com.tr/abc-750-ml-ocak-firin-ankastre-temizlik-51521-p-114998
Abc Arap Sabunu Sivi 900 Ml,8690511007241,89.90,74.90,96548,https://iyas.com.tr/abc-arap-sabunu-sivi-900-ml-96548-p-134277
Abc Camasir Sodasi 500 Gr,8690511008811,44.90,39.90,85505,https://iyas.com.tr/abc-camasir-sodasi-500-gr-85505-p-115289
Abc Camasir Suyu 1000 Gr Bembeyaz,8690511183716,44.90,74.90,43,https://iyas.com.tr/abc-camasir-suyu-1000-gr-bembeyaz-43-p-130550
Abc Camasir Suyu 1000 Gr Lavanta Max Koruma,8690511183853,44.90,74.90,96549,https://iyas.com.tr/abc-camasir-suyu-1000-gr-lavanta-max-koruma-96549-p-134278
Abc Camasir Suyu 4000 Gr Bembeyaz Parlak Beyaz,8690511010128,134.90,74.90,96552,https://iyas.com.tr/abc-camasir-suyu-4000-gr-bembeyaz-parlak-beyaz-96552-p-134281
Abc Camasir Suyu 4000 Gr Kir Ve Leke Karsiti,8690511010111,134.90,74.90,93896,https://iyas.com.tr/abc-camasir-suyu-4000-gr-kir-ve-leke-karsiti-93896-p-142437
Abc Camsil 500 Ml Klasik 3 Lu Etki,8690511010548,54.90,69.90,95177,https://iyas.com.tr/abc-camsil-500-ml-klasik-3-lu-etki-95177-p-121468
Abc Camsil 500 Ml Silikonlu,8690511010562,54.90,69.90,95178,https://iyas.com.tr/abc-camsil-500-ml-silikonlu-95178-p-121469
Abc Camsil 750750 Yedekli,8690511171034,119.90,69.90,45022,https://iyas.com.tr/abc-camsil-750750-yedekli-45022-p-114121
Abc Kirec Onleyici Doypack 500 Gr,8690511009597,109.90,74.90,91432,https://iyas.com.tr/abc-kirec-onleyici-doypack-500-gr-91432-p-146377
Abc Matik 10 Kg Renkli Canli Renkler,8690511006718,489.90,44.90,103407,https://iyas.com.tr/abc-matik-10-kg-renkli-canli-renkler-103407-p-580267
Abc Matik 1500 Gr Color,8690511005056,114.90,44.90,74355,https://iyas.com.tr/abc-matik-1500-gr-color-74355-p-122162
Abc Matik 1500 Gr Dag Ferahligi,8690511005049,114.90,44.90,74352,https://iyas.com.tr/abc-matik-1500-gr-dag-ferahligi-74352-p-126381
Abc Matik 1500 Gr Gul,8690511005063,114.90,44.90,74354,https://iyas.com.tr/abc-matik-1500-gr-gul-74354-p-122161
Abc Matik 1500 Gr Lavanta,8690511005070,114.90,44.90,74353,https://iyas.com.tr/abc-matik-1500-gr-lavanta-74353-p-122160
Abc Matik 4 Kg Beyazlar Ve Renkliler,8690511005568,249.90,44.90,96556,https://iyas.com.tr/abc-matik-4-kg-beyazlar-ve-renkliler-96556-p-134285
Abc Matik 55 Kg Parlak Beyazlar,8690511008743,324.90,74.90,86003,https://iyas.com.tr/abc-matik-55-kg-parlak-beyazlar-86003-p-115334
Abc Matik 6 Kg Beyazlar Renkliler,8690511005452,319.90,44.90,76432,https://iyas.com.tr/abc-matik-6-kg-beyazlar-renkliler-76432-p-140114
Abc Matik 6 Kg Sik Yikananlar,8690511005445,319.90,44.90,76431,https://iyas.com.tr/abc-matik-6-kg-sik-yikananlar-76431-p-140113
Abc Matik 8 Kg Beyazlar Ve Renkliler,8690511000594,339.90,289.90,63800,https://iyas.com.tr/abc-matik-8-kg-beyazlar-ve-renkliler-63800-p-127704
Abc Matik 8 Kg Canli Renkler,8690511000600,339.90,289.90,63802,https://iyas.com.tr/abc-matik-8-kg-canli-renkler-63802-p-127705
Abc Matik 8 Kg Sik Yikananlar,8690511000587,339.90,289.90,63799,https://iyas.com.tr/abc-matik-8-kg-sik-yikananlar-63799-p-127703
Abc Matik Renkliler Icin Toz Camasir Deterjani 6 Kg,8690511005476,319.90,44.90,76433,https://iyas.com.tr/abc-matik-renkliler-icin-toz-camasir-deterjani-6-kg-76433-p-144165
Abc Parfumia Soft 1440 Ml B Yasemin,8690511125297,139.90,119.90,35670,https://iyas.com.tr/abc-parfumia-soft-1440-ml-b-yasemin-35670-p-126351
Abc Parfumia Soft 1440 Ml G Lotus,8690511125334,139.90,119.90,35671,https://iyas.com.tr/abc-parfumia-soft-1440-ml-g-lotus-35671-p-126352
Abc Parfumia Soft 1440 Ml R Gul,8690511125259,139.90,119.90,35669,https://iyas.com.tr/abc-parfumia-soft-1440-ml-r-gul-35669-p-130548
Abc Parfumia Soft 1440 Ml Sensitive,8690511004127,139.90,119.90,70975,https://iyas.com.tr/abc-parfumia-soft-1440-ml-sensitive-70975-p-126309
Abc Parfumia Soft 1440 Ml T Dahlia,8690511125938,139.90,119.90,59335,https://iyas.com.tr/abc-parfumia-soft-1440-ml-t-dahlia-59335-p-126349
Abc Parfumia Soft 1440 Ml Zarif Orkide,8690511000983,139.90,119.90,63831,https://iyas.com.tr/abc-parfumia-soft-1440-ml-zarif-orkide-63831-p-126348
Abc Sivi 1370 Gr Misket Limon,8690511004998,114.90,219.90,72404,https://iyas.com.tr/abc-sivi-1370-gr-misket-limon-72404-p-135737
Abc Sivi 1370 Gr Power,8690511004981,114.90,219.90,72405,https://iyas.com.tr/abc-sivi-1370-gr-power-72405-p-127225
Abc Sivi 685 Gr Hijyen,8690511007371,59.90,129.90,79177,https://iyas.com.tr/abc-sivi-685-gr-hijyen-79177-p-118934
Abc Sivi 685 Gr Misket Limon,8690511004905,59.90,219.90,96560,https://iyas.com.tr/abc-sivi-685-gr-misket-limon-96560-p-134289
Abc Sivi 685 Gr Power,8690511004912,59.90,219.90,98027,https://iyas.com.tr/abc-sivi-685-gr-power-98027-p-147228
Abc Sivi Bulasik Deterjan 4 Kg Misket Limonu,8690511191834,169.90,219.90,57413,https://iyas.com.tr/abc-sivi-bulasik-deterjan-4-kg-misket-limonu-57413-p-135746
Abc Sivi Bulasik Deterjan 4 Kg Power,8690511191810,169.90,219.90,57414,https://iyas.com.tr/abc-sivi-bulasik-deterjan-4-kg-power-57414-p-135738
Abc Sivi Deterjan 3 Lt Leke Karsiti,8690511010067,169.90,74.90,91959,https://iyas.com.tr/abc-sivi-deterjan-3-lt-leke-karsiti-91959-p-125249
Abc Sivi Deterjan 3 Lt Narin,8690511171331,169.90,74.90,60566,https://iyas.com.tr/abc-sivi-deterjan-3-lt-narin-60566-p-130544
Abc Sivi Deterjan 3 Lt Renkliler,8690511011224,169.90,74.90,100276,https://iyas.com.tr/abc-sivi-deterjan-3-lt-renkliler-100276-p-575535
Abc Sivi Deterjan 3 Lt Sik Yik Kolay Utu,8690511161615,169.90,74.90,78364,https://iyas.com.tr/abc-sivi-deterjan-3-lt-sik-yik-kolay-utu-78364-p-126383
Abc Sivi Deterjan 3 Lt Siyah,8690511171409,169.90,74.90,60568,https://iyas.com.tr/abc-sivi-deterjan-3-lt-siyah-60568-p-126353
Abc Sivi El Sabunu 3 Lt Bal Sut,8690511110866,119.90,89.90,104985,https://iyas.com.tr/abc-sivi-el-sabunu-3-lt-bal-sut-104985-p-587059
Abc Sivi El Sabunu 400 Ml Bal Sut,8690511009771,44.90,99.90,93267,https://iyas.com.tr/abc-sivi-el-sabunu-400-ml-bal-sut-93267-p-146545
Abc Sivi El Sabunu 400 Ml Deniz Esintisi,8690511009764,44.90,99.90,93266,https://iyas.com.tr/abc-sivi-el-sabunu-400-ml-deniz-esintisi-93266-p-146544
Abc Sivi El Sabunu 400 Ml Mor Cicekler,8690511009757,44.90,99.90,96218,https://iyas.com.tr/abc-sivi-el-sabunu-400-ml-mor-cicekler-96218-p-121610
Abc Sivi El Sabunu 400 Ml Pembe Buket,8690511009740,44.90,99.90,94232,https://iyas.com.tr/abc-sivi-el-sabunu-400-ml-pembe-buket-94232-p-146691
Abc Sivi Krem 750 Ml Amonyakli,8690511122913,74.90,69.90,28578,https://iyas.com.tr/abc-sivi-krem-750-ml-amonyakli-28578-p-114159
Abc Sivi Krem 750 Ml Axprne,8690511184065,74.90,74.90,51781,https://iyas.com.tr/abc-sivi-krem-750-ml-axprne-51781-p-115308
Abc Sivi Krem 750 Ml Limon,8690511122890,74.90,69.90,28577,https://iyas.com.tr/abc-sivi-krem-750-ml-limon-28577-p-114132
Abc Sivi Krem 750 Ml Limon 750 Ml Amonyakli,8690511123033,129.90,69.90,97973,https://iyas.com.tr/abc-sivi-krem-750-ml-limon-750-ml-amonyakli-97973-p-147174
Abc Sivi Per Deterjan 33 Ykm 2145 Ml Beyazlar,8690511005605,189.90,74.90,74357,https://iyas.com.tr/abc-sivi-per-deterjan-33-ykm-2145-ml-beyazlar-74357-p-122163
Abc Sivi Per Deterjan 33 Ykm 2145 Ml Renkli Beyaz,8690511005612,189.90,74.90,74358,https://iyas.com.tr/abc-sivi-per-deterjan-33-ykm-2145-ml-renkli-beyaz-74358-p-122164
Abc Soft Yumasatici 3 Lt Gul Tutkusu,8690511001584,129.90,179.90,65308,https://iyas.com.tr/abc-soft-yumasatici-3-lt-gul-tutkusu-65308-p-126354
Abc Soft Yumasatici 3 Lt Kamelya Aski,8690511001607,129.90,179.90,65310,https://iyas.com.tr/abc-soft-yumasatici-3-lt-kamelya-aski-65310-p-126403
Abc Soft Yumasatici 3 Lt Lavanta Huzuru,8690511001591,129.90,179.90,65309,https://iyas.com.tr/abc-soft-yumasatici-3-lt-lavanta-huzuru-65309-p-126355
Abc Soft Yumasatici 3 Lt Sensitive,8690511004134,129.90,179.90,70974,https://iyas.com.tr/abc-soft-yumasatici-3-lt-sensitive-70974-p-126356
Abc Soft Yumasatici 5 Lt Ege Sahilleri,8690511993964,169.90,179.90,98762,https://iyas.com.tr/abc-soft-yumasatici-5-lt-ege-sahilleri-98762-p-138828
Abc Soft Yumasatici 5 Lt Frezya,8690511010456,169.90,179.90,107011,https://iyas.com.tr/abc-soft-yumasatici-5-lt-frezya-107011-p-597954
Abc Soft Yumasatici 5 Lt Kamelya Aski,8690511001652,169.90,179.90,65540,https://iyas.com.tr/abc-soft-yumasatici-5-lt-kamelya-aski-65540-p-130586
Abc Soft Yumasatici 5 Lt Lavanta Huzuru,8690511001645,169.90,179.90,65537,https://iyas.com.tr/abc-soft-yumasatici-5-lt-lavanta-huzuru-65537-p-130585
Abc Soft Yumusatici 5 Lt Gul Tutkusu,8690511001638,169.90,179.90,65536,https://iyas.com.tr/abc-soft-yumusatici-5-lt-gul-tutkusu-65536-p-126376
Abc Soft Yumusatici 5 Lt Sensitive,8690511004141,169.90,179.90,70973,https://iyas.com.tr/abc-soft-yumusatici-5-lt-sensitive-70973-p-117989
Abc Toz 1800 Gr Lavanta,8690511104964,144.90,44.90,66,https://iyas.com.tr/abc-toz-1800-gr-lavanta-66-p-118968
Abc Toz 1800 Gr Regular 1 8 Kg,8690511104940,144.90,44.90,69,https://iyas.com.tr/abc-toz-1800-gr-regular-1-8-kg-69-p-114188
Abc Toz 600 Gr Lavanta,8690511104926,54.90,74.90,67,https://iyas.com.tr/abc-toz-600-gr-lavanta-67-p-143448
Abc Toz 600 Gr Regular Soda Etkili,8690511104841,54.90,44.90,70,https://iyas.com.tr/abc-toz-600-gr-regular-soda-etkili-70-p-114131
Abc Toz 600 Gr Tutku,8690511104865,54.90,44.90,64,https://iyas.com.tr/abc-toz-600-gr-tutku-64-p-114039
Abc Ultra Camasir Suyu 1850 Ml Bembeyaz,8690511006565,99.90,74.90,76950,https://iyas.com.tr/abc-ultra-camasir-suyu-1850-ml-bembeyaz-76950-p-126334
Abc Ultra Camasir Suyu 1850 Ml Dag,8690511006558,99.90,74.90,76948,https://iyas.com.tr/abc-ultra-camasir-suyu-1850-ml-dag-76948-p-126332
Abc Ultra Camasir Suyu 1850 Ml Karbonatli Limon,8690511006589,99.90,74.90,76951,https://iyas.com.tr/abc-ultra-camasir-suyu-1850-ml-karbonatli-limon-76951-p-126335
Abc Ultra Camasir Suyu 3250 Ml Bembeyaz,8690511994329,139.90,74.90,98051,https://iyas.com.tr/abc-ultra-camasir-suyu-3250-ml-bembeyaz-98051-p-147252
Abc Ultra Camasir Suyu 3250 Ml Dag Esintisi,8690511994312,139.90,74.90,98052,https://iyas.com.tr/abc-ultra-camasir-suyu-3250-ml-dag-esintisi-98052-p-147253
Abc Ultra Camasir Suyu 750 Ml Bembeyaz,8690511110446,59.90,74.90,33037,https://iyas.com.tr/abc-ultra-camasir-suyu-750-ml-bembeyaz-33037-p-126384
Abc Ultra Camasir Suyu 750 Ml Dag Ruzgari,8690511183938,59.90,74.90,32526,https://iyas.com.tr/abc-ultra-camasir-suyu-750-ml-dag-ruzgari-32526-p-130553
Abc Ultra Camasir Suyu 750 Ml Hijyen Aski,8690511183952,59.90,74.90,32525,https://iyas.com.tr/abc-ultra-camasir-suyu-750-ml-hijyen-aski-32525-p-130584
Abc Ultra Camasir Suyu 750 Ml Karbonatli,8690511008460,59.90,74.90,81323,https://iyas.com.tr/abc-ultra-camasir-suyu-750-ml-karbonatli-81323-p-123477
Abc Yuzey Temizleyici 2500 Ml Akdeniz Ferahligi,8690511184300,114.90,89.90,53035,https://iyas.com.tr/abc-yuzey-temizleyici-2500-ml-akdeniz-ferahligi-53035-p-143479
Abc Yuzey Temizleyici 2500 Ml Bahar Tutkusu,8690511001928,114.90,89.90,60572,https://iyas.com.tr/abc-yuzey-temizleyici-2500-ml-bahar-tutkusu-60572-p-143476
Abc Yuzey Temizleyici 2500 Ml Beyaz Inci,8690511184201,114.90,89.90,51249,https://iyas.com.tr/abc-yuzey-temizleyici-2500-ml-beyaz-inci-51249-p-143478
Abc Yuzey Temizleyici 2500 Ml Mor Cicekler,8690511184164,114.90,89.90,51248,https://iyas.com.tr/abc-yuzey-temizleyici-2500-ml-mor-cicekler-51248-p-143477
Abc Yuzey Temizleyici 2500 Ml Pembe Buket,8690511184126,114.90,89.90,51247,https://iyas.com.tr/abc-yuzey-temizleyici-2500-ml-pembe-buket-51247-p-143475
Abc Yuzey Temizleyici 900 Ml Lavanta Ferahligi,8690511184140,49.90,69.90,51245,https://iyas.com.tr/abc-yuzey-temizleyici-900-ml-lavanta-ferahligi-51245-p-143486
Abc Yuzey Temizleyici 900 Ml Oky Est Beyaz Inci,8690511184188,49.90,69.90,51246,https://iyas.com.tr/abc-yuzey-temizleyici-900-ml-oky-est-beyaz-inci-51246-p-143462
Abc Yuzey Temizleyici Cicek Bahcesi 900 Ml,8690511184102,49.90,69.90,97851,https://iyas.com.tr/abc-yuzey-temizleyici-cicek-bahcesi-900-ml-97851-p-142946
Ace Bahar Kokulu Camasir Suyu 1 Lt,8001480021914,62.50,74.90,96562,https://iyas.com.tr/ace-bahar-kokulu-camasir-suyu-1-lt-96562-p-134291
Ace Cam Suyu 1 Lt Klasik,8001480719750,62.50,74.90,94637,https://iyas.com.tr/ace-cam-suyu-1-lt-klasik-94637-p-121298
Ace Cam Suyu 4 Lt Normal,8001480719767,209.90,169.90,93386,https://iyas.com.tr/ace-cam-suyu-4-lt-normal-93386-p-125519
Ace Ultra Camasir Suyu 3 Kg Cicek Kokulu,8001480025783,189.90,74.90,98730,https://iyas.com.tr/ace-ultra-camasir-suyu-3-kg-cicek-kokulu-98730-p-138796
Ace Ultra Genel Kullanim Sprey 700 Ml,8001480711914,129.90,74.90,86031,https://iyas.com.tr/ace-ultra-genel-kullanim-sprey-700-ml-86031-p-123826
Ace Ultra Kopuk 700 Ml Cicek Kokulu,8001480023185,129.90,74.90,61935,https://iyas.com.tr/ace-ultra-kopuk-700-ml-cicek-kokulu-61935-p-131488
Ace Ultra Kopuk 700 Ml Ferahlik Etkisi,8001480023178,129.90,74.90,61934,https://iyas.com.tr/ace-ultra-kopuk-700-ml-ferahlik-etkisi-61934-p-127252
Ace Ultra Kopuk Camasir Susuz Banyo Spreyi 700 Ml,8001480711907,129.90,74.90,86030,https://iyas.com.tr/ace-ultra-kopuk-camasir-susuz-banyo-spreyi-700-ml-86030-p-123825
Ace Ultra Kopuk Camasir Susuz Mutfak Spreyi 700 Ml,8001480711303,129.90,74.90,86029,https://iyas.com.tr/ace-ultra-kopuk-camasir-susuz-mutfak-spreyi-700-ml-86029-p-123824
Ace Ultra Power Jel 810 Gr Limon Bahcesi,8001480023222,89.90,74.90,61938,https://iyas.com.tr/ace-ultra-power-jel-810-gr-limon-bahcesi-61938-p-131491
Ace Ultra Power Jel Kivamli Camasir Suyu Cicek Kokulu 810 G,8001480023215,89.90,74.90,61937,https://iyas.com.tr/ace-ultra-power-jel-kivamli-camasir-suyu-cicek-kokulu-810-g-61937-p-131490
Ace Ultra Power Jel Kivamli Camasir Suyu Ferahlik Etkisi 810 G,8001480023208,89.90,74.90,61936,https://iyas.com.tr/ace-ultra-power-jel-kivamli-camasir-suyu-ferahlik-etkisi-810-g-61936-p-131489
Act Arap Sabunu Soda Gucu Camasir Deterjani 1000 Ml,8684508020825,119.90,99.90,117897,https://iyas.com.tr/act-arap-sabunu-soda-gucu-camasir-deterjani-1000-ml-117897-p-599114
Activex Antib S Sabun 500 Ml Hasas Sensitive,8690506531065,149.90,129.90,96295,https://iyas.com.tr/activex-antib-s-sabun-500-ml-hasas-sensitive-96295-p-125799
Activex Antibakteriyel S Sabun 1 5 Lt Aktif,8690506512637,299.90,274.90,97978,https://iyas.com.tr/activex-antibakteriyel-s-sabun-1-5-lt-aktif-97978-p-147179
Activex Antibakteriyel S Sabun 1 5 Lt Hassas,8690506512620,299.90,274.90,97981,https://iyas.com.tr/activex-antibakteriyel-s-sabun-1-5-lt-hassas-97981-p-147182
Adana Durum,2183000551180,420.00,290.00,99679,https://iyas.com.tr/adana-durum-99679-p-134722
Adana Kebap,2183000551012,440.00,290.00,99664,https://iyas.com.tr/adana-kebap-99664-p-134707
Adana Menu Adana Kola Firin Sutlac,2183000551234,600.00,290.00,99676,https://iyas.com.tr/adana-menu-adana-kola-firin-sutlac-99676-p-134719
Afia Afida Cornet Cikolata 25 Gr,8698881880181,19.50,30.00,85902,https://iyas.com.tr/afia-afida-cornet-cikolata-25-gr-85902-p-144786
Afia Afita Kakao Krema Dolgulu Biskuvi 80 Gr,8698881886367,20.00,69.90,67694,https://iyas.com.tr/afia-afita-kakao-krema-dolgulu-biskuvi-80-gr-67694-p-122913
Afia Balli Ruseymli Misir Gevregi 450 Gr,8698881880235,110.00,90.00,85901,https://iyas.com.tr/afia-balli-ruseymli-misir-gevregi-450-gr-85901-p-127903
Afia Bebe Biskuvisi 150 Gr,8698881880662,60.00,165.50,67700,https://iyas.com.tr/afia-bebe-biskuvisi-150-gr-67700-p-122914
Afia Coko Cubuk 55 Gr,8698881882659,40.00,30.00,93113,https://iyas.com.tr/afia-coko-cubuk-55-gr-93113-p-121280
Afia Findik Kremasi 350 Gr,8698881880310,120.00,249.00,67691,https://iyas.com.tr/afia-findik-kremasi-350-gr-67691-p-122760
Afia Gofret Sutlu Cikolatali 35 Gr,8698881881362,19.00,18.00,67687,https://iyas.com.tr/afia-gofret-sutlu-cikolatali-35-gr-67687-p-130873
Afia Hamur Kabartma 10 Li,8698881882062,25.00,49.90,80201,https://iyas.com.tr/afia-hamur-kabartma-10-li-80201-p-136943
Afia Iki Tat Kak Krema Dolgulu Biskuvi 80 Gr,8698881884493,20.00,69.90,67693,https://iyas.com.tr/afia-iki-tat-kak-krema-dolgulu-biskuvi-80-gr-67693-p-114590
Afia Kahve 2 In 1 Sekersiz 14 Gr,8698881885636,10.00,8.50,67734,https://iyas.com.tr/afia-kahve-2-in-1-sekersiz-14-gr-67734-p-118345
Afia Kahve 3 In 1 Klasik 18 Gr,8698881885865,10.00,8.50,67732,https://iyas.com.tr/afia-kahve-3-in-1-klasik-18-gr-67732-p-118344
Afia Kakao Tozu 2x50 Gr,8698881882154,125.00,95.00,67725,https://iyas.com.tr/afia-kakao-tozu-2x50-gr-67725-p-122762
Afia Kakaolu Findik Kremasi 400 Gr,8698881880778,120.00,249.00,67690,https://iyas.com.tr/afia-kakaolu-findik-kremasi-400-gr-67690-p-122763
Afia Ketcap 550 Gr Acili,8698881887746,95.00,75.00,98799,https://iyas.com.tr/afia-ketcap-550-gr-acili-98799-p-138865
Afia Ketcap 550 Gr Tatli,8698881887722,95.00,75.00,98798,https://iyas.com.tr/afia-ketcap-550-gr-tatli-98798-p-138864
Afia Kremsanti Sade 2x75 Gr,8698881886305,79.00,69.00,72714,https://iyas.com.tr/afia-kremsanti-sade-2x75-gr-72714-p-120115
Afia Kremsanti Sade 3x75 Gr,8698881882628,110.00,95.00,99893,https://iyas.com.tr/afia-kremsanti-sade-3x75-gr-99893-p-147510
Afia Mayonez 500 Gr,8698881887739,95.00,90.00,98800,https://iyas.com.tr/afia-mayonez-500-gr-98800-p-138866
Afia Petibor Kakaolu 180 Gr,8698881882550,35.00,30.00,92786,https://iyas.com.tr/afia-petibor-kakaolu-180-gr-92786-p-117122
Afia Petibor Sade 180 Gr,8698881882536,35.00,30.00,92785,https://iyas.com.tr/afia-petibor-sade-180-gr-92785-p-142403
Afia Puding Kakaolu 125 Gr,8698881882338,40.00,35.00,67713,https://iyas.com.tr/afia-puding-kakaolu-125-gr-67713-p-131209
Afia Puding Muzlu 115 Gr,8698881885889,35.00,30.00,67714,https://iyas.com.tr/afia-puding-muzlu-115-gr-67714-p-131210
Afia Puding Vanilyali 125 Gr,8698881882420,35.00,30.00,67716,https://iyas.com.tr/afia-puding-vanilyali-125-gr-67716-p-131212
Afia Pudra Sekere 125 Gr,8698881885254,29.00,142.50,67726,https://iyas.com.tr/afia-pudra-sekere-125-gr-67726-p-122116
Afia Safia Dis Fircasi 11 Yetiskin,8698881886558,139.00,119.00,67739,https://iyas.com.tr/afia-safia-dis-fircasi-11-yetiskin-67739-p-143753
Afia Safia Dis Fircasi Yetiskin,8698881886541,90.00,69.00,67740,https://iyas.com.tr/afia-safia-dis-fircasi-yetiskin-67740-p-143754
Afia Safia Dis Macunu 100 Ml Aloevera,8698881886503,140.00,125.00,68720,https://iyas.com.tr/afia-safia-dis-macunu-100-ml-aloevera-68720-p-117912
Afia Safia Dis Macunu 100 Ml Misfak,8698881886510,140.00,125.00,68719,https://iyas.com.tr/afia-safia-dis-macunu-100-ml-misfak-68719-p-117941
Afia Safia Dis Macunu 75 Ml Alovera,8698881886480,90.00,85.00,68721,https://iyas.com.tr/afia-safia-dis-macunu-75-ml-alovera-68721-p-131159
Afia Safia Dis Macunu 75 Ml Misfak,8698881886497,90.00,85.00,68718,https://iyas.com.tr/afia-safia-dis-macunu-75-ml-misfak-68718-p-143755
Afia Sekerli Vanilin 10 Li,8698881882031,25.00,142.50,80202,https://iyas.com.tr/afia-sekerli-vanilin-10-li-80202-p-136944
Afia Sence Tuzlu Cubuk Krakeker 40 Gr,8698881880280,12.00,7.90,85477,https://iyas.com.tr/afia-sence-tuzlu-cubuk-krakeker-40-gr-85477-p-140557
Afia Sos Cikolata 100 Gr,8698881882000,50.00,45.00,67724,https://iyas.com.tr/afia-sos-cikolata-100-gr-67724-p-114927
Afia Tatli Dost Findik Kremali Gofret 140 Gr,8698881887562,55.00,45.00,72685,https://iyas.com.tr/afia-tatli-dost-findik-kremali-gofret-140-gr-72685-p-130875
Afia Topcikom 250 Gr,8698881886671,89.90,249.00,67684,https://iyas.com.tr/afia-topcikom-250-gr-67684-p-120116
Aile Paketi 1 Kg Garniturlu,2183000550343,600.00,160.00,105868,https://iyas.com.tr/aile-paketi-1-kg-garniturlu-105868-p-586636
Air Wick Aerosol Lavanta Esintisi 300 Ml,8690570551730,179.90,69.90,76289,https://iyas.com.tr/air-wick-aerosol-lavanta-esintisi-300-ml-76289-p-139215
Air Wick Decosphere Mango Ve Turunc Firsat Paketi 2x75 Ml,8690570522730,549.90,69.90,45673,https://iyas.com.tr/air-wick-decosphere-mango-ve-turunc-firsat-paketi-2x75-ml-45673-p-136011
Airwick Aerosol 300 Ml Manolya Ve Kiraz Cicekleri,8690570551754,179.90,69.90,76290,https://iyas.com.tr/airwick-aerosol-300-ml-manolya-ve-kiraz-cicekleri-76290-p-139216
Airwick Aerosol 300 Ml Okyanus Ferahligi,8690570551747,179.90,69.90,76291,https://iyas.com.tr/airwick-aerosol-300-ml-okyanus-ferahligi-76291-p-139217
Airwick Decosphere Fresh Cot 75 Ml,8682539004890,329.90,69.90,95693,https://iyas.com.tr/airwick-decosphere-fresh-cot-75-ml-95693-p-138451
Airwick Decosphere Mango Turunc,3059946079004,329.90,69.90,267,https://iyas.com.tr/airwick-decosphere-mango-turunc-267-p-135038
Airwick Elektrikli Kit Yedek Cosy Cottage,8682539005637,279.90,69.90,105655,https://iyas.com.tr/airwick-elektrikli-kit-yedek-cosy-cottage-105655-p-597979
Airwick Elektrikli Kit Yedek Lavanta,8682539004098,279.90,69.90,91864,https://iyas.com.tr/airwick-elektrikli-kit-yedek-lavanta-91864-p-125167
Airwick Elektrikli Kit Yedek Temizlik Esintisi,8682539004104,279.90,69.90,91865,https://iyas.com.tr/airwick-elektrikli-kit-yedek-temizlik-esintisi-91865-p-125168
Airwick Elektrikli Kit Yedek Vanilya,8682539004852,279.90,69.90,100497,https://iyas.com.tr/airwick-elektrikli-kit-yedek-vanilya-100497-p-578989
Airwick Elektrikli Yedek 19 Ml Beyaz Orkide,8682539006009,179.90,69.90,114819,https://iyas.com.tr/airwick-elektrikli-yedek-19-ml-beyaz-orkide-114819-p-597140
Airwick Elektrikli Yedek 19 Ml Buyulu Vanilya,8682539005996,179.90,69.90,114818,https://iyas.com.tr/airwick-elektrikli-yedek-19-ml-buyulu-vanilya-114818-p-597978
Airwick Elektrikli Yedek 19 Ml Lavanta Bahcesi,8682539006016,179.90,69.90,114820,https://iyas.com.tr/airwick-elektrikli-yedek-19-ml-lavanta-bahcesi-114820-p-597962
Airwick Elektrikli Yedek 19 Ml Sakura,8682539005989,179.90,69.90,114821,https://iyas.com.tr/airwick-elektrikli-yedek-19-ml-sakura-114821-p-597923
Airwick Elektrikli Yedek 19 Ml Yasemin Cicegi,8682539006023,179.90,69.90,114817,https://iyas.com.tr/airwick-elektrikli-yedek-19-ml-yasemin-cicegi-114817-p-597965
Airwick Elektrikli Yedek Bahar Cicekleri,8682539004012,179.90,69.90,91868,https://iyas.com.tr/airwick-elektrikli-yedek-bahar-cicekleri-91868-p-125171
Airwick Elektrikli Yedek Cosy Cottage,8682539005644,179.90,69.90,105656,https://iyas.com.tr/airwick-elektrikli-yedek-cosy-cottage-105656-p-587231
Airwick Elektrikli Yedek Lavanta,8682539004029,179.90,69.90,91866,https://iyas.com.tr/airwick-elektrikli-yedek-lavanta-91866-p-125169
Airwick Fresh Matik Kit Bahar Cicekleri,8690570522648,559.90,69.90,283,https://iyas.com.tr/airwick-fresh-matik-kit-bahar-cicekleri-283-p-135040
Airwick Fresh Matik Kit Lavender,8690570522624,559.90,69.90,96576,https://iyas.com.tr/airwick-fresh-matik-kit-lavender-96576-p-134305
Airwick Fresh Matik Yedek 250 Ml Bahar Cicekleri,8682539004272,184.90,69.90,95303,https://iyas.com.tr/airwick-fresh-matik-yedek-250-ml-bahar-cicekleri-95303-p-125706
Airwick Fresh Matik Yedek 250 Ml Lavanta,8682539004289,184.90,69.90,94639,https://iyas.com.tr/airwick-fresh-matik-yedek-250-ml-lavanta-94639-p-121300
Airwick Fresh Matik Yedek 250 Ml Temizlik Esintisi,8682539004265,184.90,69.90,94565,https://iyas.com.tr/airwick-fresh-matik-yedek-250-ml-temizlik-esintisi-94565-p-117260
Airwick Fresh Matik Yedek 2x250 Ml Bahar Cic,8682539005095,369.90,69.90,94821,https://iyas.com.tr/airwick-fresh-matik-yedek-2x250-ml-bahar-cic-94821-p-142660
Airwick Kokulu Cubuklar Pembe Cicek Bahcesi,8690570548297,189.90,69.90,94640,https://iyas.com.tr/airwick-kokulu-cubuklar-pembe-cicek-bahcesi-94640-p-121301
Airwick Stick Ups Lavanta,8690570539172,179.90,69.90,63239,https://iyas.com.tr/airwick-stick-ups-lavanta-63239-p-136009
Ajax Fabuloso Lavanta Ferahligi Uzun Suren Ferahlik Parlak Temizlik Hijyenik Yuzey Temizleyici 1000 Ml,8693495409438,140.00,90.00,37809,https://iyas.com.tr/ajax-fabuloso-lavanta-ferahligi-uzun-suren-ferahlik-parlak-temizlik-hijyenik-yuzey-temizleyici-1000-ml-37809-p-131660
Akat Gardi Sac Sprey Normal 180 Gr,8691344052026,69.90,149.90,89900,https://iyas.com.tr/akat-gardi-sac-sprey-normal-180-gr-89900-p-133466
Akat Kuru 200 Ml Clean,8684190750017,109.90,21.00,94854,https://iyas.com.tr/akat-kuru-200-ml-clean-94854-p-142607
Akat Sac Sprey 180 Ml Yessi,8691344052033,69.90,149.90,100273,https://iyas.com.tr/akat-sac-sprey-180-ml-yessi-100273-p-579026
Akay Bugday Nisastasi 400 Gr,8693796010401,59.90,49.90,428,https://iyas.com.tr/akay-bugday-nisastasi-400-gr-428-p-144726
Akay Irmik 500 Gr,8693796011002,34.90,49.90,429,https://iyas.com.tr/akay-irmik-500-gr-429-p-144732
Akay Misir Nisastasi 500 Gr,8693796010104,49.90,49.90,430,https://iyas.com.tr/akay-misir-nisastasi-500-gr-430-p-144727
Akay Misir Unu 500 Gr,8693796011309,34.90,169.00,62773,https://iyas.com.tr/akay-misir-unu-500-gr-62773-p-139930
Akay Pirinc Unu 1 Kg Poset,8693796010302,84.90,49.90,431,https://iyas.com.tr/akay-pirinc-unu-1-kg-poset-431-p-139933
Akay Pirinc Unu 500 Gr Kagit Pos,8693796010906,44.90,49.90,432,https://iyas.com.tr/akay-pirinc-unu-500-gr-kagit-pos-432-p-139934
Akay Pudra Sekeri 250 Gr Kutulu,8693796010203,34.90,142.50,433,https://iyas.com.tr/akay-pudra-sekeri-250-gr-kutulu-433-p-122808
Akay Pudra Sekeri 600 Gr,8693796011101,74.90,142.50,434,https://iyas.com.tr/akay-pudra-sekeri-600-gr-434-p-143996
Akay Soda Bi Karbonat 100 Gr,8693796010609,15.90,49.90,435,https://iyas.com.tr/akay-soda-bi-karbonat-100-gr-435-p-127089
Akay Soda Bi Karbonat 50 Gr,8693796010708,9.90,49.90,436,https://iyas.com.tr/akay-soda-bi-karbonat-50-gr-436-p-127101
Akay Soda Bi Karbonat 800 Gr,8693796010951,129.00,49.90,93546,https://iyas.com.tr/akay-soda-bi-karbonat-800-gr-93546-p-133957
Akdeniz Toros Dondurulmus Pilic Kanat 1 Kg,2823329,499.00,214.90,79946,https://iyas.com.tr/akdeniz-toros-dondurulmus-pilic-kanat-1-kg-79946-p-118798
Akdeniz Toros Dondurulmus Pilic Pirzola 1 Kg,2823332,429.00,214.90,79942,https://iyas.com.tr/akdeniz-toros-dondurulmus-pilic-pirzola-1-kg-79942-p-118791
Akdeniz Toros Manti 500 Gr,8699250043305,189.00,279.00,73734,https://iyas.com.tr/akdeniz-toros-manti-500-gr-73734-p-136732
Akseker Kuzu Dogranmis Kokorec 250 Gr,8681153086862,328.99,795.00,112477,https://iyas.com.tr/akseker-kuzu-dogranmis-kokorec-250-gr-112477-p-596720
Alacati Tursu 300 Gr Fasulye,8684906481884,179.00,59.90,114342,https://iyas.com.tr/alacati-tursu-300-gr-fasulye-114342-p-596582
Alacati Tursu 300 Gr Kiraz Biber,8684906481938,179.00,59.90,114345,https://iyas.com.tr/alacati-tursu-300-gr-kiraz-biber-114345-p-596487
Alacati Tursu 300 Gr Topi Biber,8684906482027,179.00,59.90,114347,https://iyas.com.tr/alacati-tursu-300-gr-topi-biber-114347-p-596528
Algida Almido 500 Ml,8683130108055,200.00,150.00,115187,https://iyas.com.tr/algida-almido-500-ml-115187-p-596673
Algida Boom Boom 80 Ml,8683130068410,50.00,100.00,101325,https://iyas.com.tr/algida-boom-boom-80-ml-101325-p-579001
Algida Chocopint 430 Ml,8721274616675,400.00,300.00,114321,https://iyas.com.tr/algida-chocopint-430-ml-114321-p-596782
Algida Classics 65 Ml Antep Fistigi,8690637846915,20.00,100.00,75532,https://iyas.com.tr/algida-classics-65-ml-antep-fistigi-75532-p-139037
Algida Classics 65 Ml Kakaolu,8690637846922,20.00,100.00,75531,https://iyas.com.tr/algida-classics-65-ml-kakaolu-75531-p-139036
Algida Classics 65 Ml Vanilya,8690637846908,20.00,100.00,75398,https://iyas.com.tr/algida-classics-65-ml-vanilya-75398-p-139034
Algida Conboo Cilek Vanilyali Dondurma 60 Ml,8690637899249,15.00,100.00,74555,https://iyas.com.tr/algida-conboo-cilek-vanilyali-dondurma-60-ml-74555-p-136852
Algida Conboo Kakao Vanilya 60 Ml,8690637899225,15.00,100.00,99118,https://iyas.com.tr/algida-conboo-kakao-vanilya-60-ml-99118-p-117793
Algida Cornetto Classico Kaymakli 125 Ml,8690637820052,50.00,100.00,68349,https://iyas.com.tr/algida-cornetto-classico-kaymakli-125-ml-68349-p-134992
Algida Frigola 65 Ml,8683130068120,40.00,100.00,101320,https://iyas.com.tr/algida-frigola-65-ml-101320-p-578908
Algida Frigola Bar 60 Ml,8683130062951,55.00,100.00,100761,https://iyas.com.tr/algida-frigola-bar-60-ml-100761-p-578988
Algida Keyif 1800 Ml Kakao Van,8690637960765,150.00,100.00,85509,https://iyas.com.tr/algida-keyif-1800-ml-kakao-van-85509-p-132919
Algida Keyif 750 Ml Fistik Vanilya,8690637878121,100.00,20.00,72309,https://iyas.com.tr/algida-keyif-750-ml-fistik-vanilya-72309-p-122205
Algida Keyif 750 Ml Kakao Vanilya,8690637878084,100.00,100.00,96607,https://iyas.com.tr/algida-keyif-750-ml-kakao-vanilya-96607-p-134336
Algida Keyif 750 Ml Vanilya,8690637878091,100.00,100.00,96584,https://iyas.com.tr/algida-keyif-750-ml-vanilya-96584-p-134313
Algida Keyif 750 Ml Visne Limon,8690637878077,100.00,100.00,72225,https://iyas.com.tr/algida-keyif-750-ml-visne-limon-72225-p-139972
Algida Keyif Choc Van 24110ml,8690637892660,25.00,100.00,74702,https://iyas.com.tr/algida-keyif-choc-van-24110ml-74702-p-140016
Algida Kulah Maras Usulu 24x115 Ml,8683130042427,65.00,100.00,98991,https://iyas.com.tr/algida-kulah-maras-usulu-24x115-ml-98991-p-147300
Algida Maras 105 Ml Cup,8690637816789,40.00,100.00,67286,https://iyas.com.tr/algida-maras-105-ml-cup-67286-p-139973
Algida Maras 460 Ml Fistik Cenneti,8721274616576,250.00,100.00,114327,https://iyas.com.tr/algida-maras-460-ml-fistik-cenneti-114327-p-596851
Algida Maras 500 Ml Cifte Dovulmus 5668,8690637849114,225.00,100.00,70631,https://iyas.com.tr/algida-maras-500-ml-cifte-dovulmus-5668-70631-p-122202
Algida Maras 500 Ml Sade Cikolata,8690637871375,200.00,100.00,98902,https://iyas.com.tr/algida-maras-500-ml-sade-cikolata-98902-p-143104
Algida Maras Kadayif 500 Ml,8683130066713,250.00,100.00,100773,https://iyas.com.tr/algida-maras-kadayif-500-ml-100773-p-578906
Algida Max 50 Ml Buz Parmak,8721274646344,10.00,100.00,114929,https://iyas.com.tr/algida-max-50-ml-buz-parmak-114929-p-596525
Algida Max 55 Ml Duo Karamel 114317,,,,,https://iyas.com.tr/algida-max-55-ml-duo-karamel-114317-p-596606
Algida Max 62 Ml Rainbow,8721274646733,15.00,100.00,114318,https://iyas.com.tr/algida-max-62-ml-rainbow-114318-p-596580
Algida Max 75 Ml Karpi,8721274646542,15.00,100.00,114399,https://iyas.com.tr/algida-max-75-ml-karpi-114399-p-596556
Algida Nogger Sandw Kaymak 145 Ml,8683130078136,65.00,100.00,100772,https://iyas.com.tr/algida-nogger-sandw-kaymak-145-ml-100772-p-578905
Algida Nogger Sandwich 145 Ml,8690637852053,65.00,100.00,96578,https://iyas.com.tr/algida-nogger-sandwich-145-ml-96578-p-134307
Algida Oreo Milka Stick 82 Ml,8721274647440,50.00,9.90,114928,https://iyas.com.tr/algida-oreo-milka-stick-82-ml-114928-p-596616
Algida Spoonful 770 Ml,8721274646269,230.00,100.00,114366,https://iyas.com.tr/algida-spoonful-770-ml-114366-p-596753
Alo Automat 10 Kgbeyaz Renkli,8001841747200,699.90,44.90,93372,https://iyas.com.tr/alo-automat-10-kgbeyaz-renkli-93372-p-125513
Alo Automat 15 Kg Karcicegi Beyaz Ve Renkli,8001841662282,99.90,44.90,96608,https://iyas.com.tr/alo-automat-15-kg-karcicegi-beyaz-ve-renkli-96608-p-134337
Alo Automat 4 Kg Kar Cic Beyaz Ve Renkli,8001841662329,199.90,44.90,98937,https://iyas.com.tr/alo-automat-4-kg-kar-cic-beyaz-ve-renkli-98937-p-143139
Alo Automat 7 Kg Beyaz Renkli,4084500934559,399.90,44.90,91883,https://iyas.com.tr/alo-automat-7-kg-beyaz-renkli-91883-p-121024
Alo Automat 8 Kg Beyaz Renkli,4084500946736,579.90,44.90,65901,https://iyas.com.tr/alo-automat-8-kg-beyaz-renkli-65901-p-123502
Alo Toz Camasir Deterjani Beyazlar Ve Renkliler Icin 6 Kg,8001090248770,444.90,399.90,803,https://iyas.com.tr/alo-toz-camasir-deterjani-beyazlar-ve-renkliler-icin-6-kg-803-p-135762
Altin Cilek Adet,2306083,119.90,84.90,94545,https://iyas.com.tr/altin-cilek-adet-94545-p-134115
Ananas Adet,2306035,169.90,84.90,866,https://iyas.com.tr/ananas-adet-866-p-123045
Anatolia Taste 300 Gr Kaya Kaya Korugu Salatasi,8681984017172,559.00,429.00,113089,https://iyas.com.tr/anatolia-taste-300-gr-kaya-kaya-korugu-salatasi-113089-p-596505
Anavarza Cam Bali 20 Gr,8695707730026,19.95,249.00,62564,https://iyas.com.tr/anavarza-cam-bali-20-gr-62564-p-118652
Anavarza Cam Bali 450 Gr,8695707060086,399.00,249.00,33971,https://iyas.com.tr/anavarza-cam-bali-450-gr-33971-p-118663
Anavarza Cam Bali Salgi 220 Gr,8695707060093,229.00,249.00,872,https://iyas.com.tr/anavarza-cam-bali-salgi-220-gr-872-p-118623
Anavarza Cicek Bali 220 Gr,8695707060031,179.00,249.00,873,https://iyas.com.tr/anavarza-cicek-bali-220-gr-873-p-118624
Anavarza Cicek Bali 450 Gr,8695707060024,329.00,249.00,33970,https://iyas.com.tr/anavarza-cicek-bali-450-gr-33970-p-143914
Anavarza Cicek Bali 850 Gr,8695707060017,499.00,249.00,874,https://iyas.com.tr/anavarza-cicek-bali-850-gr-874-p-143909
Anavarza Citcit Kapak Cam Bali 325 Gr,8695707008057,349.00,249.00,33975,https://iyas.com.tr/anavarza-citcit-kapak-cam-bali-325-gr-33975-p-118625
Anavarza Citcit Kapak Cicek Bali 325 Gr,8695707800460,299.00,249.00,33974,https://iyas.com.tr/anavarza-citcit-kapak-cicek-bali-325-gr-33974-p-118626
Anavarza Kestane Bali 450 Gr,8695707980285,1395.00,249.00,39095,https://iyas.com.tr/anavarza-kestane-bali-450-gr-39095-p-118635
Anavarza Keven Kekik Suzme Bal Kilo,2203070,999.00,249.00,18167,https://iyas.com.tr/anavarza-keven-kekik-suzme-bal-kilo-18167-p-118610
Anavarza Kevenkekik850 Gr,8695707060048,779.00,249.00,871,https://iyas.com.tr/anavarza-kevenkekik850-gr-871-p-118622
Anavarza Kral Sakir Tup Bal 40 Gr,8695707999812,54.90,249.00,51919,https://iyas.com.tr/anavarza-kral-sakir-tup-bal-40-gr-51919-p-118628
Anavarza Krembal Propolis Karisimi 200 Gr,8695707792031,579.00,249.00,876,https://iyas.com.tr/anavarza-krembal-propolis-karisimi-200-gr-876-p-143944
Anavarza Stamina Bal 200 Gr,8695707792024,579.00,249.00,878,https://iyas.com.tr/anavarza-stamina-bal-200-gr-878-p-118640
Anavarza Suzme Cam Bali 850 Gr,8695707060079,679.00,249.00,28230,https://iyas.com.tr/anavarza-suzme-cam-bali-850-gr-28230-p-118631
Anavarza Suzme Cam Bali Kilo,2203003,599.00,249.00,1943,https://iyas.com.tr/anavarza-suzme-cam-bali-kilo-1943-p-118608
Anavarza Suzme Keven Kekik Bali 450 Gr,8695707060055,499.00,249.00,868,https://iyas.com.tr/anavarza-suzme-keven-kekik-bali-450-gr-868-p-136255
Anavarza Viva 200 Gr,8695707095903,579.00,249.00,875,https://iyas.com.tr/anavarza-viva-200-gr-875-p-143937
Ancora 1000 Ml Ates Topu Greyfurt Portakal,8699197734540,110.00,99.90,115359,https://iyas.com.tr/ancora-1000-ml-ates-topu-greyfurt-portakal-115359-p-596280
Ancora Sikma Nar Portakal Suyu 100 1 Lt,8699197732874,110.00,99.90,115361,https://iyas.com.tr/ancora-sikma-nar-portakal-suyu-100-1-lt-115361-p-596279
Ancora Tropic Meyve Suyu 100 1 Lt,8699197734526,110.00,99.90,115360,https://iyas.com.tr/ancora-tropic-meyve-suyu-100-1-lt-115360-p-596278
Antalya Kamkat Receli Kilo,2201057,349.00,249.00,100192,https://iyas.com.tr/antalya-kamkat-receli-kilo-100192-p-580856
Antalya Karadut Receli Kilo,2202082,459.00,249.00,109436,https://iyas.com.tr/antalya-karadut-receli-kilo-109436-p-588077
Antalya Karpuz Kabugu Receli Kilo,2201042,249.00,249.00,100188,https://iyas.com.tr/antalya-karpuz-kabugu-receli-kilo-100188-p-579787
Antalya Patlican Receli Kilo,2201044,249.00,249.00,100189,https://iyas.com.tr/antalya-patlican-receli-kilo-100189-p-579788
Antalya Recel 290 Gr Ayva,8697405860036,199.00,249.00,107789,https://iyas.com.tr/antalya-recel-290-gr-ayva-107789-p-596597
Antalya Recel 290 Gr Bogurtlen,8697405860517,249.00,249.00,107791,https://iyas.com.tr/antalya-recel-290-gr-bogurtlen-107791-p-596474
Antalya Recel 290 Gr Karpuz Kabugu,8697405860234,199.00,249.00,80197,https://iyas.com.tr/antalya-recel-290-gr-karpuz-kabugu-80197-p-144496
Antalya Recel 290 Gr Seftali,8697405860029,199.00,249.00,107788,https://iyas.com.tr/antalya-recel-290-gr-seftali-107788-p-596619
Antalya Recel Cilek Receli Kilo,2203009,319.00,249.00,26221,https://iyas.com.tr/antalya-recel-cilek-receli-kilo-26221-p-132079
Antalya Recelcisi Aci Biber Receli 290 Gr,8697405860326,249.00,249.00,80198,https://iyas.com.tr/antalya-recelcisi-aci-biber-receli-290-gr-80198-p-144497
Antep Fistikli Cikolatali Lokum 1 Kg,2183000554808,439.90,129.90,114649,https://iyas.com.tr/antep-fistikli-cikolatali-lokum-1-kg-114649-p-595570
Antep Fistikli Cikolatali Lokum 300 Gr,2183000554501,129.90,129.90,114619,https://iyas.com.tr/antep-fistikli-cikolatali-lokum-300-gr-114619-p-595540
Antep Fistikli Cikolatali Lokum 500 Gr,2183000554655,219.90,129.90,114634,https://iyas.com.tr/antep-fistikli-cikolatali-lokum-500-gr-114634-p-595555
Antep Fistikli Saray Helvasi 300 Gr,2183000555171,179.90,129.90,114686,https://iyas.com.tr/antep-fistikli-saray-helvasi-300-gr-114686-p-595632
Aptamil Pronutra 3 Devam Sutu 800 Gr 250 Gr,8699745032456,999.00,165.50,116877,https://iyas.com.tr/aptamil-pronutra-3-devam-sutu-800-gr-250-gr-116877-p-597769
Aqua Bambu 16li Kagit Havlu,8683206511079,169.90,159.90,116765,https://iyas.com.tr/aqua-bambu-16li-kagit-havlu-116765-p-597342
Aqua Bambu 40li Tuvalet Kagidi,8683206510669,249.90,369.90,116764,https://iyas.com.tr/aqua-bambu-40li-tuvalet-kagidi-116764-p-597341
Aray Mangal Komuru Paket 12 Kg,8684612297939,89.00,79.90,109140,https://iyas.com.tr/aray-mangal-komuru-paket-12-kg-109140-p-596832
Ariel Automat 15 Kg Dag Esintisi,5413149634015,184.90,44.90,932,https://iyas.com.tr/ariel-automat-15-kg-dag-esintisi-932-p-140086
Ariel Automat 15 Kg Parlak Renkler,5413149635135,184.90,44.90,935,https://iyas.com.tr/ariel-automat-15-kg-parlak-renkler-935-p-135763
Ariel Automat 4 Kg Parlak Renkler,8001090846273,389.90,44.90,72003,https://iyas.com.tr/ariel-automat-4-kg-parlak-renkler-72003-p-140087
Ariel Automat 6 Kg Parlak Renkler,5413149635197,479.90,44.90,949,https://iyas.com.tr/ariel-automat-6-kg-parlak-renkler-949-p-127275
Ariel Automat 7 Kg Beyaz Renkli,8006540964798,349.90,44.90,110768,https://iyas.com.tr/ariel-automat-7-kg-beyaz-renkli-110768-p-594430
Ariel Automat 7 Kg Dag Esintisi,8006540558539,399.90,74.90,100557,https://iyas.com.tr/ariel-automat-7-kg-dag-esintisi-100557-p-568298
Ariel Hepsi1arada Pods Oxi Extra Leke Cikarma Kapsul 10 Yikama,8700216826532,109.90,129.90,112058,https://iyas.com.tr/ariel-hepsi1arada-pods-oxi-extra-leke-cikarma-kapsul-10-yikama-112058-p-597371
Ariel Oxi 12 Kg Deterjan,8001841661735,184.90,44.90,78712,https://iyas.com.tr/ariel-oxi-12-kg-deterjan-78712-p-126389
Ariel Oxi 55 Kg Deterjan Hijyen,8006540558911,589.90,44.90,90894,https://iyas.com.tr/ariel-oxi-55-kg-deterjan-hijyen-90894-p-137842
Ariel Oxi 55 Kg Deterjan Hijyen Renkli,8001090333636,589.90,44.90,90895,https://iyas.com.tr/ariel-oxi-55-kg-deterjan-hijyen-renkli-90895-p-137892
Ariel Pods 12 Li Dag Esintisi,8700216826693,214.90,129.90,112059,https://iyas.com.tr/ariel-pods-12-li-dag-esintisi-112059-p-597476
Ariel Pods 20 Li Oxi Ekstra Leke Cikarma,8700216826402,389.90,129.90,112060,https://iyas.com.tr/ariel-pods-20-li-oxi-ekstra-leke-cikarma-112060-p-597477
Ariel Pods 25 Li Dag Esintisi,8700216826440,389.90,129.90,112061,https://iyas.com.tr/ariel-pods-25-li-dag-esintisi-112061-p-597478
Ariel Pods 30 Lu Oxi Ekstra Leke Cikarma,8700216826433,514.90,129.90,112062,https://iyas.com.tr/ariel-pods-30-lu-oxi-ekstra-leke-cikarma-112062-p-597479
Ariel Pods 35 Li Dag Esintisi,8700216826563,514.90,129.90,112063,https://iyas.com.tr/ariel-pods-35-li-dag-esintisi-112063-p-597480
Ariel Sivi Deterjan 0945 Lt Renkli 21 Yikama,8700216926454,299.90,74.90,114704,https://iyas.com.tr/ariel-sivi-deterjan-0945-lt-renkli-21-yikama-114704-p-597975
Ariel Sivi Deterjani 090 Lt 18 Yikama Parlak Siyahlar,8700216142458,179.90,74.90,101846,https://iyas.com.tr/ariel-sivi-deterjani-090-lt-18-yikama-parlak-siyahlar-101846-p-579502
Arilac Sutlu Balli Irmikli Ek Gida 6 36 Ay 200 Gr,8696540186209,79.95,165.50,80072,https://iyas.com.tr/arilac-sutlu-balli-irmikli-ek-gida-6-36-ay-200-gr-80072-p-119004
Arilac Sutlu Muzlu 200 Gr,8696540186193,79.95,165.50,80073,https://iyas.com.tr/arilac-sutlu-muzlu-200-gr-80073-p-119005
Arilac Sutlu Pirincli 200 Gr,8696540186179,79.95,165.50,80071,https://iyas.com.tr/arilac-sutlu-pirincli-200-gr-80071-p-119003
Arko Deg Yag Serisi 60 Ml Avakado,8690506487980,99.90,239.90,73630,https://iyas.com.tr/arko-deg-yag-serisi-60-ml-avakado-73630-p-126513
Arko Deg Yag Serisi 60 Ml Zetin Yagli,8690506492090,99.90,239.90,73632,https://iyas.com.tr/arko-deg-yag-serisi-60-ml-zetin-yagli-73632-p-113926
Arko Hydrate Tiras Kremi 90 Gr,8690506527877,89.90,89.90,92910,https://iyas.com.tr/arko-hydrate-tiras-kremi-90-gr-92910-p-138039
Arko Klasik Krem Tup 20 Cc Classic Nemlendirici,86900058,39.90,239.90,5992,https://iyas.com.tr/arko-klasik-krem-tup-20-cc-classic-nemlendirici-5992-p-126491
Arko Nemlendirici 60 Ml Extra Nemlendirici Krem,8690506520083,99.90,239.90,86238,https://iyas.com.tr/arko-nemlendirici-60-ml-extra-nemlendirici-krem-86238-p-123762
Arko Nemlendirici 60 Ml Soft Touch Krem,8690506522599,99.90,239.90,86240,https://iyas.com.tr/arko-nemlendirici-60-ml-soft-touch-krem-86240-p-123755
Arko Nemlendirici Krem 250 Ml Classic Naturel,8690506520090,174.90,239.90,90779,https://iyas.com.tr/arko-nemlendirici-krem-250-ml-classic-naturel-90779-p-133633
Arko Nemlendirici Krem 250 Ml Deg Yag Serisi Avakado,8690506487997,174.90,239.90,73634,https://iyas.com.tr/arko-nemlendirici-krem-250-ml-deg-yag-serisi-avakado-73634-p-126496
Arko Nemlendirici Krem 250 Ml Deg Yag Serisi Hindistan Cvz,8690506492069,174.90,239.90,73635,https://iyas.com.tr/arko-nemlendirici-krem-250-ml-deg-yag-serisi-hindistan-cvz-73635-p-126500
Arko Nemlendirici Krem 250 Ml Deg Yag Serisi Zetin Yagli,8690506492083,174.90,239.90,73633,https://iyas.com.tr/arko-nemlendirici-krem-250-ml-deg-yag-serisi-zetin-yagli-73633-p-131596
Arko Nemlendirici Krem 250 Ml Extra Nemlendirici Krem,8690506520052,174.90,239.90,86239,https://iyas.com.tr/arko-nemlendirici-krem-250-ml-extra-nemlendirici-krem-86239-p-123754
Arko Nemlendirici Krem 250 Ml Hyaluronik Asit,8690506554019,174.90,239.90,112503,https://iyas.com.tr/arko-nemlendirici-krem-250-ml-hyaluronik-asit-112503-p-596974
Arko Nemlendirici Krem 250 Ml Preb Badem,8690506507367,174.90,239.90,84326,https://iyas.com.tr/arko-nemlendirici-krem-250-ml-preb-badem-84326-p-144688
Arko Nemlendirici Krem 250 Ml Soft Touch Krem,8690506520045,174.90,239.90,86241,https://iyas.com.tr/arko-nemlendirici-krem-250-ml-soft-touch-krem-86241-p-123756
Arko Sun 200 Ml Koruyucu Losyon Spf 50,8690506549114,499.90,119.90,103059,https://iyas.com.tr/arko-sun-200-ml-koruyucu-losyon-spf-50-103059-p-579637
Arko Sun 50 Ml Koruyucu Yuz Kremi Spf 50,8690506550998,399.90,239.90,103055,https://iyas.com.tr/arko-sun-50-ml-koruyucu-yuz-kremi-spf-50-103055-p-579562
Arko Suncare 200 Ml Gunes Koruyucu Sprey Spf 30,8690506549121,349.90,249.90,103058,https://iyas.com.tr/arko-suncare-200-ml-gunes-koruyucu-sprey-spf-30-103058-p-579976
Arko Suncare Bronzlastirici Sprey 220 Ml Spf 6,8690506549145,299.90,119.90,103060,https://iyas.com.tr/arko-suncare-bronzlastirici-sprey-220-ml-spf-6-103060-p-579726
Arko Tiras Jeli 200 Ml Anti Irritation,8690506477264,149.90,89.90,63766,https://iyas.com.tr/arko-tiras-jeli-200-ml-anti-irritation-63766-p-118449
Arko Tiras Jeli 200 Ml Black,8690506486341,149.90,89.90,27674,https://iyas.com.tr/arko-tiras-jeli-200-ml-black-27674-p-119012
Arko Tiras Jeli 200 Ml Extra Sensitive,8690506390921,149.90,89.90,96614,https://iyas.com.tr/arko-tiras-jeli-200-ml-extra-sensitive-96614-p-134343
Arko Tiras Kolonyasi 255 Ml Blck,8690506546557,149.90,89.90,99898,https://iyas.com.tr/arko-tiras-kolonyasi-255-ml-blck-99898-p-147532
Arko Tiras Kolonyasi 255 Ml Gold Power,8690506546540,149.90,89.90,99899,https://iyas.com.tr/arko-tiras-kolonyasi-255-ml-gold-power-99899-p-147524
Arko Tiras Kolonyasi 255 Ml Platinum,8690506546533,149.90,89.90,99897,https://iyas.com.tr/arko-tiras-kolonyasi-255-ml-platinum-99897-p-147533
Arko Tiras Kopugu 200 Ml Anti Ritation,8690506477257,149.90,99.90,63765,https://iyas.com.tr/arko-tiras-kopugu-200-ml-anti-ritation-63765-p-122425
Arko Tiras Kopugu 200 Ml Black,8690506492595,149.90,99.90,1053,https://iyas.com.tr/arko-tiras-kopugu-200-ml-black-1053-p-119018
Arko Tiras Kopugu 200 Ml Cool,8690506090029,99.90,79.90,1054,https://iyas.com.tr/arko-tiras-kopugu-200-ml-cool-1054-p-119019
Arko Tiras Kremi 90 Gr Cool,8690506527884,89.90,89.90,93196,https://iyas.com.tr/arko-tiras-kremi-90-gr-cool-93196-p-125444
Arko Tiras Kremi 90 Gr Sensitive,8690506527860,89.90,89.90,93197,https://iyas.com.tr/arko-tiras-kremi-90-gr-sensitive-93197-p-125445
Arko Tiras Sabunu Kremli 75 Gr,8690506344252,89.90,89.90,1073,https://iyas.com.tr/arko-tiras-sabunu-kremli-75-gr-1073-p-122431
Arko Tiras Sonrasi Krem Cool 50 Ml,8690506418182,89.90,89.90,1074,https://iyas.com.tr/arko-tiras-sonrasi-krem-cool-50-ml-1074-p-122429
Arko Tiras Sonrasi Krem Sensitive 50 Ml,8690506418205,89.90,89.90,1076,https://iyas.com.tr/arko-tiras-sonrasi-krem-sensitive-50-ml-1076-p-122430
Armut Deveci Kilo,2209736,129.90,109.90,29568,https://iyas.com.tr/armut-deveci-kilo-29568-p-123054
Armut Santa Maria Kilo,2209048,149.90,84.90,1079,https://iyas.com.tr/armut-santa-maria-kilo-1079-p-123057
Asperox Mavi Guc 1000 Ml,8697713837195,129.90,94.90,86081,https://iyas.com.tr/asperox-mavi-guc-1000-ml-86081-p-119504
Asperox Pembe Guc 650 Ml,8697713823150,159.90,124.90,114993,https://iyas.com.tr/asperox-pembe-guc-650-ml-114993-p-597910
Asperox Sari Guc 1000 Ml,8697713836068,129.90,94.90,67339,https://iyas.com.tr/asperox-sari-guc-1000-ml-67339-p-118975
Asperox Yuzey Temizleyici 25 Lt Ask Masali,8697713838000,119.90,69.90,92196,https://iyas.com.tr/asperox-yuzey-temizleyici-25-lt-ask-masali-92196-p-121085
Asperox Yuzey Temizleyici 25 Lt Bahar Esintisi,8697713838024,119.90,69.90,92198,https://iyas.com.tr/asperox-yuzey-temizleyici-25-lt-bahar-esintisi-92198-p-121087
Asperox Yuzey Temizleyici 25 Lt Temizligin Kokusu,8697713837997,119.90,69.90,92197,https://iyas.com.tr/asperox-yuzey-temizleyici-25-lt-temizligin-kokusu-92197-p-121086
Asse Adventure Set 10 0 Boya 5050,8682943400578,99.90,149.90,100650,https://iyas.com.tr/asse-adventure-set-10-0-boya-5050-100650-p-569243
Asse Adventure Set 12 00 Boya 5050,8682943400776,99.90,149.90,100372,https://iyas.com.tr/asse-adventure-set-12-00-boya-5050-100372-p-569313
Asse Adventure Set 12 01 Boya 5050,8682943400783,99.90,149.90,100392,https://iyas.com.tr/asse-adventure-set-12-01-boya-5050-100392-p-569291
Asse Adventure Set 5 0 Boya 5050,8682943400523,99.90,149.90,100389,https://iyas.com.tr/asse-adventure-set-5-0-boya-5050-100389-p-569306
Asse Adventure Set 5 35 Boya 5050,8682943400622,99.90,149.90,100384,https://iyas.com.tr/asse-adventure-set-5-35-boya-5050-100384-p-569284
Asse Adventure Set 6 1 Boya 5050,8682943400707,99.90,149.90,100370,https://iyas.com.tr/asse-adventure-set-6-1-boya-5050-100370-p-569285
Asse Adventure Set 6 11 Boya 5050,8682943408314,99.90,149.90,101978,https://iyas.com.tr/asse-adventure-set-6-11-boya-5050-101978-p-569309
Asse Adventure Set 6 64 Boya 5050,8682943400721,99.90,149.90,100369,https://iyas.com.tr/asse-adventure-set-6-64-boya-5050-100369-p-569275
Asse Adventure Set 6 7 Boya 5050,8682943400653,99.90,149.90,100383,https://iyas.com.tr/asse-adventure-set-6-7-boya-5050-100383-p-569283
Asse Adventure Set 7 11 Boya 5050,8682953408328,99.90,149.90,100363,https://iyas.com.tr/asse-adventure-set-7-11-boya-5050-100363-p-569294
Asse Adventure Set 7 7 Boya 5050,8682943400660,99.90,149.90,100376,https://iyas.com.tr/asse-adventure-set-7-7-boya-5050-100376-p-569304
Asse Adventure Set 7 74 Boya 5050,8682943400769,99.90,149.90,100365,https://iyas.com.tr/asse-adventure-set-7-74-boya-5050-100365-p-569301
Asse Adventure Set 8 1 Boya 5050,8682943400691,99.90,149.90,100382,https://iyas.com.tr/asse-adventure-set-8-1-boya-5050-100382-p-569268
Asse Adventure Set 8 7 Boya 5050,8682943400677,99.90,149.90,100380,https://iyas.com.tr/asse-adventure-set-8-7-boya-5050-100380-p-569299
Asse Adventure Set 9 0 Boya 5050,8682943400561,99.90,149.90,100649,https://iyas.com.tr/asse-adventure-set-9-0-boya-5050-100649-p-569278
Auhma Aufn01 Masaustu Vantilator,8681830034704,850.00,800.00,117549,https://iyas.com.tr/auhma-aufn01-masaustu-vantilator-117549-p-599105
Avakado Adet,2306022,89.90,84.90,1242,https://iyas.com.tr/avakado-adet-1242-p-123055
Avsar Gazoz 200 Ml,8681349030785,15.00,81.00,107913,https://iyas.com.tr/avsar-gazoz-200-ml-107913-p-595755
Avsar Maden Suyu Aromali 200 Ml Cool Lime,8681349030938,16.00,12.00,108099,https://iyas.com.tr/avsar-maden-suyu-aromali-200-ml-cool-lime-108099-p-595756
Avsar Maden Suyu Aromali 200 Ml Greyfur Y M,8681349031027,16.00,12.00,112124,https://iyas.com.tr/avsar-maden-suyu-aromali-200-ml-greyfur-y-m-112124-p-595757
Avsar Maden Suyu Aromali 200 Ml Hibiskus Berry,86813490906,16.00,12.00,113688,https://iyas.com.tr/avsar-maden-suyu-aromali-200-ml-hibiskus-berry-113688-p-595758
Avsar Maden Suyu Aromali 200 Ml Karadut Frenk Uzum,8681349030815,16.00,12.00,107906,https://iyas.com.tr/avsar-maden-suyu-aromali-200-ml-karadut-frenk-uzum-107906-p-595759
Avsar Maden Suyu Aromali 200 Ml Karpuz Cilek,8681349030792,16.00,12.00,107910,https://iyas.com.tr/avsar-maden-suyu-aromali-200-ml-karpuz-cilek-107910-p-595760
Avsar Maden Suyu Aromali 200 Ml Limon C,8681349030747,16.00,12.00,107909,https://iyas.com.tr/avsar-maden-suyu-aromali-200-ml-limon-c-107909-p-595763
Avsar Maden Suyu Aromali 200 Ml Limon Kivi,8681349030808,16.00,12.00,107911,https://iyas.com.tr/avsar-maden-suyu-aromali-200-ml-limon-kivi-107911-p-595766
Avsar Maden Suyu Aromali 200 Ml Limon Normal,8681349030716,16.00,12.00,112100,https://iyas.com.tr/avsar-maden-suyu-aromali-200-ml-limon-normal-112100-p-595767
Avsar Maden Suyu Aromali 200 Ml Mango Ananas,8681349030754,16.00,12.00,107907,https://iyas.com.tr/avsar-maden-suyu-aromali-200-ml-mango-ananas-107907-p-595765
Avsar Maden Suyu Aromali 200 Ml Nektari Dusesarmut,8681349030822,16.00,12.00,107908,https://iyas.com.tr/avsar-maden-suyu-aromali-200-ml-nektari-dusesarmut-107908-p-595761
Avsar Maden Suyu Aromali 200 Ml Tuzlu Erik,8681349031058,16.00,12.00,112123,https://iyas.com.tr/avsar-maden-suyu-aromali-200-ml-tuzlu-erik-112123-p-595762
Avsar Maden Suyu Sade 200 Ml,8681349030709,10.00,12.00,107912,https://iyas.com.tr/avsar-maden-suyu-sade-200-ml-107912-p-595764
Axe Black Erkek Deodorant Stick 50 Ml,59086598,219.90,149.90,84360,https://iyas.com.tr/axe-black-erkek-deodorant-stick-50-ml-84360-p-119344
Axe Deodorant 150 Ml Africa,8690637981517,199.90,149.90,6022,https://iyas.com.tr/axe-deodorant-150-ml-africa-6022-p-123445
Axe Deodorant 150 Ml Apollo,8690637981531,199.90,149.90,98436,https://iyas.com.tr/axe-deodorant-150-ml-apollo-98436-p-126149
Axe Deodorant 150 Ml Black,8690637981524,199.90,149.90,98592,https://iyas.com.tr/axe-deodorant-150-ml-black-98592-p-134528
Axe Deodorant 150 Ml Chill,8690637981470,199.90,149.90,90503,https://iyas.com.tr/axe-deodorant-150-ml-chill-90503-p-129293
Axe Deodorant 150 Ml Dark,8690637981494,199.90,149.90,96880,https://iyas.com.tr/axe-deodorant-150-ml-dark-96880-p-142875
Axe Deodorant 150 Ml Epic Fresh,8683130012031,199.90,149.90,89460,https://iyas.com.tr/axe-deodorant-150-ml-epic-fresh-89460-p-137593
Axe Deodorant 150 Ml Leather And Cookies,8690637981487,199.90,149.90,90487,https://iyas.com.tr/axe-deodorant-150-ml-leather-and-cookies-90487-p-125157
Axe Roll On 50 Ml Africa,59098300,99.90,149.90,101890,https://iyas.com.tr/axe-roll-on-50-ml-africa-101890-p-579796
Axe Roll On 50 Ml Black,59098317,129.50,99.90,101891,https://iyas.com.tr/axe-roll-on-50-ml-black-101891-p-579628
Axe Roll On 50 Ml Dark Temptation,59098324,99.90,149.90,101892,https://iyas.com.tr/axe-roll-on-50-ml-dark-temptation-101892-p-579556
Axe Stick 50 Ml Leather Cookies,59086604,219.90,149.90,84362,https://iyas.com.tr/axe-stick-50-ml-leather-cookies-84362-p-119345
Ayca Sepet Peyniri Kilo,2201158,795.00,379.00,112897,https://iyas.com.tr/ayca-sepet-peyniri-kilo-112897-p-596320
Aysu Dogal Kaynak Su 05 Lt,8680050980068,6.50,36.50,96615,https://iyas.com.tr/aysu-dogal-kaynak-su-05-lt-96615-p-134344
Aysu Dogal Kaynak Su 15 Lt,8680050980075,12.50,36.50,96616,https://iyas.com.tr/aysu-dogal-kaynak-su-15-lt-96616-p-134345
Aysu Dogal Kaynak Su 5 Lt,8680050980082,36.50,37.50,80321,https://iyas.com.tr/aysu-dogal-kaynak-su-5-lt-80321-p-140028
Aytac Sipsak Hindi Salam 6 Dilim 50 Gr,8691520104440,31.90,895.00,69988,https://iyas.com.tr/aytac-sipsak-hindi-salam-6-dilim-50-gr-69988-p-136320
Aytekin Gezen Tavuk Yumurtasi 15li,8682353234022,149.00,139.00,89429,https://iyas.com.tr/aytekin-gezen-tavuk-yumurtasi-15li-89429-p-133373
Ayzer Beyaz Peyniri Acik Kilo,2202029,149.00,379.00,26213,https://iyas.com.tr/ayzer-beyaz-peyniri-acik-kilo-26213-p-119166
Ayzer Cecil Peynir Kilo,2201182,319.00,379.00,114794,https://iyas.com.tr/ayzer-cecil-peynir-kilo-114794-p-596283
Ayzer Ezine Tipi Klasik Peynir Kilo,2202070,475.00,379.00,16219,https://iyas.com.tr/ayzer-ezine-tipi-klasik-peynir-kilo-16219-p-139707
Ayzer Koy Peynir Kilo,2202041,159.00,379.00,16215,https://iyas.com.tr/ayzer-koy-peynir-kilo-16215-p-135668
Ayzer Tereyagi Tuzsuz Kg,2203010,579.00,599.00,15269,https://iyas.com.tr/ayzer-tereyagi-tuzsuz-kg-15269-p-119165
Ayzer Tost Peyniri Kilo,2202044,319.00,379.00,26246,https://iyas.com.tr/ayzer-tost-peyniri-kilo-26246-p-144186
Azizoglu Geleneksel Kangal Sucuk Acik Kilo,2207051,1490.00,895.00,21180,https://iyas.com.tr/azizoglu-geleneksel-kangal-sucuk-acik-kilo-21180-p-115022
Azmanli Gediz Tarhana 1000 Gr Acilitatli,8697471650036,219.00,57.50,96617,https://iyas.com.tr/azmanli-gediz-tarhana-1000-gr-acilitatli-96617-p-134346
Baby Turco 2 Li Firsat Paket Cirtli 4 Max 82li3,8684117000331,359.90,599.90,100787,https://iyas.com.tr/baby-turco-2-li-firsat-paket-cirtli-4-max-82li3-100787-p-578774
Baby Turco 2 Tekli Firsat Paket 2 Mini 48li,8684117000355,169.90,134.90,101015,https://iyas.com.tr/baby-turco-2-tekli-firsat-paket-2-mini-48li-101015-p-578751
Baby Turco 50li Yer Temizlik Havlusu,8684117000577,144.90,599.90,103042,https://iyas.com.tr/baby-turco-50li-yer-temizlik-havlusu-103042-p-580525
Baby Turco Islak Havlu 3x90 Li Soft Care,8684117000249,119.90,369.90,93112,https://iyas.com.tr/baby-turco-islak-havlu-3x90-li-soft-care-93112-p-142330
Baby Turco Islak Havlu 90 Li Gul,8682241205134,37.90,369.90,85795,https://iyas.com.tr/baby-turco-islak-havlu-90-li-gul-85795-p-140504
Baby Turco Islak Havlu 90li Dogadan,8684117000034,54.90,599.90,102787,https://iyas.com.tr/baby-turco-islak-havlu-90li-dogadan-102787-p-580088
Baby Turco Islak Havlu 90li Flower,8684117000287,37.90,369.90,94786,https://iyas.com.tr/baby-turco-islak-havlu-90li-flower-94786-p-142572
Baby Turco Islak Havlu 90li Klasik,8684117000225,37.90,369.90,99611,https://iyas.com.tr/baby-turco-islak-havlu-90li-klasik-99611-p-134654
Baby Turco Ultra Paket 3 Midi 112 Li,8682241208777,259.90,599.90,93522,https://iyas.com.tr/baby-turco-ultra-paket-3-midi-112-li-93522-p-133934
Bademli Pinargozu 05 Lt D Kaynak Su,8681744006262,6.50,36.50,105378,https://iyas.com.tr/bademli-pinargozu-05-lt-d-kaynak-su-105378-p-587176
Bademli Pinargozu 15 Lt D Kaynak Su,8681744006286,12.50,36.50,105379,https://iyas.com.tr/bademli-pinargozu-15-lt-d-kaynak-su-105379-p-587003
Bademli Pinargozu 5 Lt D Kaynak Su,8681744006118,36.50,36.50,105380,https://iyas.com.tr/bademli-pinargozu-5-lt-d-kaynak-su-105380-p-595304
Bagdat Adacayi 40 Gr,8690560015518,39.90,389.50,29747,https://iyas.com.tr/bagdat-adacayi-40-gr-29747-p-114242
Bagdat Akdeniz Makarna Pizza Cesnisi 50 Gr,8690560034243,124.90,29.95,41995,https://iyas.com.tr/bagdat-akdeniz-makarna-pizza-cesnisi-50-gr-41995-p-131185
Bagdat Antep Fistigi Rende 30 Gr,8690560011268,189.00,29.95,39772,https://iyas.com.tr/bagdat-antep-fistigi-rende-30-gr-39772-p-131163
Bagdat Baharat Dl Cajun 50 Gr,8690560022530,79.90,29.95,74715,https://iyas.com.tr/bagdat-baharat-dl-cajun-50-gr-74715-p-114272
Bagdat Baharat Dl Taco 50 Gr,8690560022523,79.90,29.95,74717,https://iyas.com.tr/bagdat-baharat-dl-taco-50-gr-74717-p-114274
Bagdat Baharat Izgara 65 Gr,8690560050304,54.90,29.95,1472,https://iyas.com.tr/bagdat-baharat-izgara-65-gr-1472-p-118847
Bagdat Baharat Kofte Bahari 65 Gr,8690560019462,49.90,29.95,80800,https://iyas.com.tr/bagdat-baharat-kofte-bahari-65-gr-80800-p-136242
Bagdat Baharat Saray Baharati 38 Gr,8690560049094,79.90,29.95,92183,https://iyas.com.tr/bagdat-baharat-saray-baharati-38-gr-92183-p-121078
Bagdat Cesni Sebzeli Tuz Mix 250 Gr,8690560067029,54.90,29.95,70683,https://iyas.com.tr/bagdat-cesni-sebzeli-tuz-mix-250-gr-70683-p-123095
Bagdat Defne Yapragi 6 Gr,8690560078704,24.90,29.95,1444,https://iyas.com.tr/bagdat-defne-yapragi-6-gr-1444-p-118849
Bagdat Degirmen Et Cesni 42 Gr,8690560035677,99.90,29.95,70674,https://iyas.com.tr/bagdat-degirmen-et-cesni-42-gr-70674-p-131164
Bagdat Degirmen Himalaya Sarimsakli 110 Gr,8690560035721,99.90,29.95,70679,https://iyas.com.tr/bagdat-degirmen-himalaya-sarimsakli-110-gr-70679-p-118850
Bagdat Degirmen Himalaya Tuz 110 Gr,8690560035714,89.90,29.95,70678,https://iyas.com.tr/bagdat-degirmen-himalaya-tuz-110-gr-70678-p-118851
Bagdat Degirmen Karabiber Tane Cam 50 Gr,8690560034182,139.00,29.95,34254,https://iyas.com.tr/bagdat-degirmen-karabiber-tane-cam-50-gr-34254-p-131165
Bagdat Degirmen Karabiber Tane Karisik 45 Gr,8690560034175,139.00,29.95,34255,https://iyas.com.tr/bagdat-degirmen-karabiber-tane-karisik-45-gr-34255-p-131166
Bagdat Degirmen Salata Sebze Cesni 42 Gr,8690560035707,99.90,29.95,70677,https://iyas.com.tr/bagdat-degirmen-salata-sebze-cesni-42-gr-70677-p-123103
Bagdat Degirmen Sofra Ogt Deniz Tuz 110 Gr,8698572034190,79.90,29.95,34256,https://iyas.com.tr/bagdat-degirmen-sofra-ogt-deniz-tuz-110-gr-34256-p-118852
Bagdat Degirmen Tavuk Cesni 48 Gr,8690560035684,99.90,29.95,70675,https://iyas.com.tr/bagdat-degirmen-tavuk-cesni-48-gr-70675-p-118841
Bagdat Dolmalik Cam Fistik 23 Gr,8690560045416,195.00,29.95,1460,https://iyas.com.tr/bagdat-dolmalik-cam-fistik-23-gr-1460-p-118853
Bagdat Eko Biber 200 Gr Tatli,8690560073952,139.00,29.95,99560,https://iyas.com.tr/bagdat-eko-biber-200-gr-tatli-99560-p-130488
Bagdat Eko Galeta Unu 250 Gr,8690560011077,39.90,169.00,1463,https://iyas.com.tr/bagdat-eko-galeta-unu-250-gr-1463-p-139925
Bagdat Eko Isot Biber 250 Gr,8690560073617,139.00,29.95,42631,https://iyas.com.tr/bagdat-eko-isot-biber-250-gr-42631-p-118854
Bagdat Eko Limon Tuzu 275 Gr,8690560073563,114.90,29.95,1495,https://iyas.com.tr/bagdat-eko-limon-tuzu-275-gr-1495-p-118855
Bagdat Eko Misir Unu 250 Gr,8690560051189,29.90,169.00,1500,https://iyas.com.tr/bagdat-eko-misir-unu-250-gr-1500-p-139926
Bagdat Eko Pul Biber 210 Gr Quadro,8690560073570,139.00,29.95,1512,https://iyas.com.tr/bagdat-eko-pul-biber-210-gr-quadro-1512-p-118876
Bagdat Harc Cig Kofte 70 Gr,8690560050724,54.90,29.95,1439,https://iyas.com.tr/bagdat-harc-cig-kofte-70-gr-1439-p-118858
Bagdat Harc Citir Pane 90 Gr,8690560016270,39.90,29.95,1441,https://iyas.com.tr/bagdat-harc-citir-pane-90-gr-1441-p-119147
Bagdat Harc Kofte 90 Gr,8690560016638,44.90,29.95,1492,https://iyas.com.tr/bagdat-harc-kofte-90-gr-1492-p-127672
Bagdat Harc Tavuk 65 Gr,8690560050403,49.90,29.95,1525,https://iyas.com.tr/bagdat-harc-tavuk-65-gr-1525-p-123072
Bagdat Hindistan 160 Gr Quadro,8690560019134,129.00,29.95,78477,https://iyas.com.tr/bagdat-hindistan-160-gr-quadro-78477-p-131176
Bagdat Kara Biber 185 Gr Quadro,8690560019103,229.00,29.95,78474,https://iyas.com.tr/bagdat-kara-biber-185-gr-quadro-78474-p-131174
Bagdat Karabiber 40 Gr,8690560150417,59.90,29.95,70668,https://iyas.com.tr/bagdat-karabiber-40-gr-70668-p-123099
Bagdat Karabiber Karisik Tane 40 Gr,8690560034106,69.90,29.95,95302,https://iyas.com.tr/bagdat-karabiber-karisik-tane-40-gr-95302-p-125705
Bagdat Karabiber Tane 40 Gr,8690560011022,64.90,29.95,1475,https://iyas.com.tr/bagdat-karabiber-tane-40-gr-1475-p-118860
Bagdat Karanfil 15 Gr,8690560105219,44.90,29.95,1478,https://iyas.com.tr/bagdat-karanfil-15-gr-1478-p-118893
Bagdat Kekik 60 Gr Quadro,8690560019127,149.00,29.95,78476,https://iyas.com.tr/bagdat-kekik-60-gr-quadro-78476-p-131175
Bagdat Kisnis 40 Gr,8690560011015,22.90,29.95,1490,https://iyas.com.tr/bagdat-kisnis-40-gr-1490-p-118865
Bagdat Kolay Etsiz Cig Kofte Harci 120 Gr,8690560052193,39.90,29.95,84530,https://iyas.com.tr/bagdat-kolay-etsiz-cig-kofte-harci-120-gr-84530-p-144667
Bagdat Kus Uzumu 40 Gr,8690560135315,64.90,29.95,1494,https://iyas.com.tr/bagdat-kus-uzumu-40-gr-1494-p-118895
Bagdat Limon Tuzu 60 Gr,8690560220219,39.90,29.95,1496,https://iyas.com.tr/bagdat-limon-tuzu-60-gr-1496-p-118868
Bagdat Mahlep 30 Gr,8690560235213,134.90,29.95,1497,https://iyas.com.tr/bagdat-mahlep-30-gr-1497-p-118869
Bagdat Nane 70 Gr Quadro,8690560019110,64.90,29.95,78475,https://iyas.com.tr/bagdat-nane-70-gr-quadro-78475-p-118877
Bagdat Quadro Aci Biber 75 Gr,8690560019448,64.90,29.95,84524,https://iyas.com.tr/bagdat-quadro-aci-biber-75-gr-84524-p-140566
Bagdat Quadro Biberiye 35 Gr,8690560019332,39.90,29.95,84525,https://iyas.com.tr/bagdat-quadro-biberiye-35-gr-84525-p-140567
Bagdat Quadro Sumak 80 Gr,8690560019325,79.90,29.95,80500,https://iyas.com.tr/bagdat-quadro-sumak-80-gr-80500-p-118885
Bagdat Quadro Susam 75 Gr,8690560019257,44.90,29.95,81087,https://iyas.com.tr/bagdat-quadro-susam-75-gr-81087-p-136334
Bagdat Quatro Cajun 80 Gr,8690560019370,69.90,29.95,79715,https://iyas.com.tr/bagdat-quatro-cajun-80-gr-79715-p-136283
Bagdat Quatro Corek Otu 75 Gr,8690560019271,64.90,29.95,80680,https://iyas.com.tr/bagdat-quatro-corek-otu-75-gr-80680-p-127671
Bagdat Quatro Feslegen 30 Gr,8690560019295,29.90,29.95,79941,https://iyas.com.tr/bagdat-quatro-feslegen-30-gr-79941-p-118845
Bagdat Quatro Hindistan Cevizi 50 Gr,8690560019202,49.90,29.95,84191,https://iyas.com.tr/bagdat-quatro-hindistan-cevizi-50-gr-84191-p-115282
Bagdat Quatro Isot 80 Gr,8690560019288,64.90,29.95,80681,https://iyas.com.tr/bagdat-quatro-isot-80-gr-80681-p-123074
Bagdat Quatro Karbonat 150 Gr,8690560010957,32.90,29.95,79714,https://iyas.com.tr/bagdat-quatro-karbonat-150-gr-79714-p-136282
Bagdat Quatro Kekik 25 Gr,8690560019219,64.90,29.95,80710,https://iyas.com.tr/bagdat-quatro-kekik-25-gr-80710-p-118843
Bagdat Quatro Kimyon 75 Gr,8690560019196,64.90,59.90,79978,https://iyas.com.tr/bagdat-quatro-kimyon-75-gr-79978-p-118844
Bagdat Quatro Kirmizi Biber Tatli 75 Gr,8690560019233,64.90,29.95,84192,https://iyas.com.tr/bagdat-quatro-kirmizi-biber-tatli-75-gr-84192-p-144678
Bagdat Quatro Kori 70 Gr,8690560019240,54.90,29.95,81088,https://iyas.com.tr/bagdat-quatro-kori-70-gr-81088-p-140375
Bagdat Quatro Mavi Hashas 80 Gr,8690560019264,59.90,29.95,84526,https://iyas.com.tr/bagdat-quatro-mavi-hashas-80-gr-84526-p-120621
Bagdat Quatro Nane 30 Gr,8690560019226,34.90,29.95,80738,https://iyas.com.tr/bagdat-quatro-nane-30-gr-80738-p-118846
Bagdat Quatro Pul Biber 80 Gr,8690560019172,64.90,59.90,80682,https://iyas.com.tr/bagdat-quatro-pul-biber-80-gr-80682-p-136300
Bagdat Quatro Pul Biber Extra Aci 80 Gr,8690560019349,69.90,29.95,84529,https://iyas.com.tr/bagdat-quatro-pul-biber-extra-aci-80-gr-84529-p-144701
Bagdat Quatro Zencefil 60 Gr,8690560019318,54.90,29.95,79720,https://iyas.com.tr/bagdat-quatro-zencefil-60-gr-79720-p-118879
Bagdat Quatro Zerdecal 70 Gr,8690560019455,54.90,29.95,79719,https://iyas.com.tr/bagdat-quatro-zerdecal-70-gr-79719-p-136286
Bagdat Salep Klasic Pratik Paket 100 Gr,8690560090287,49.90,89.50,1517,https://iyas.com.tr/bagdat-salep-klasic-pratik-paket-100-gr-1517-p-122557
Bagdat Sarimsak Granul 40 Gr,8690560043634,44.90,29.95,28707,https://iyas.com.tr/bagdat-sarimsak-granul-40-gr-28707-p-118878
Bagdat Tarcin 45 Gr,8690560355218,44.90,29.95,1522,https://iyas.com.tr/bagdat-tarcin-45-gr-1522-p-123077
Bagdat Tarcin 45 Gr Kabuk,8690560078476,59.90,29.95,70663,https://iyas.com.tr/bagdat-tarcin-45-gr-kabuk-70663-p-118874
Bagdat Tuzluklu Cam Sarimsak Toz 48 Gr,8690560017550,74.90,29.95,79742,https://iyas.com.tr/bagdat-tuzluklu-cam-sarimsak-toz-48-gr-79742-p-123100
Bagdat Tuzluklu Cam Sogan Toz 38 Gr,8690560017567,69.90,29.95,79743,https://iyas.com.tr/bagdat-tuzluklu-cam-sogan-toz-38-gr-79743-p-123101
Bagdat Tuzluklu Kapak Karabiber 55 Gr,8690560011329,110.00,29.95,41987,https://iyas.com.tr/bagdat-tuzluklu-kapak-karabiber-55-gr-41987-p-143764
Bagdat Tuzluklu Kapak Kimyon 48 Gr,8690560011343,74.90,29.95,41989,https://iyas.com.tr/bagdat-tuzluklu-kapak-kimyon-48-gr-41989-p-143778
Bagdat Tuzluklu Kapak Nane 16 Gr,8690560011350,44.90,29.95,41990,https://iyas.com.tr/bagdat-tuzluklu-kapak-nane-16-gr-41990-p-143774
Bagdat Tuzluklu Kapak Pulbiber 42 Gr,8690560011367,74.90,29.95,41991,https://iyas.com.tr/bagdat-tuzluklu-kapak-pulbiber-42-gr-41991-p-143773
Bagdat Tuzluklu Kapak Tarcin 45 Gr,8690560011381,74.90,29.95,41993,https://iyas.com.tr/bagdat-tuzluklu-kapak-tarcin-45-gr-41993-p-131184
Bagdat Tuzluklu Kirmizi Tatli Biber 48 Gr,8690560021410,74.90,29.95,76959,https://iyas.com.tr/bagdat-tuzluklu-kirmizi-tatli-biber-48-gr-76959-p-131172
Bagdat Tuzluklu Zencefil Cam,8690560049070,74.90,29.95,104446,https://iyas.com.tr/bagdat-tuzluklu-zencefil-cam-104446-p-596488
Bagdat Tuzluklu Zerdecal 55 Gr,8690560011404,74.90,29.95,41994,https://iyas.com.tr/bagdat-tuzluklu-zerdecal-55-gr-41994-p-114271
Bagdat Yeni Bahar 40 Gr,8690560370211,74.90,29.95,1527,https://iyas.com.tr/bagdat-yeni-bahar-40-gr-1527-p-123097
Baldagi Piknik Bal,8697429060108,5.90,249.00,94130,https://iyas.com.tr/baldagi-piknik-bal-94130-p-142526
Balik Dunyasi 500 Gr Halka Kalamar,8681285721167,389.00,279.00,110884,https://iyas.com.tr/balik-dunyasi-500-gr-halka-kalamar-110884-p-593439
Balik Dunyasi 500 Gr Hamsi,8681285720535,199.00,279.00,110118,https://iyas.com.tr/balik-dunyasi-500-gr-hamsi-110118-p-593430
Balik Dunyasi 500 Gr Ic Midye,8681285721136,319.00,279.00,110886,https://iyas.com.tr/balik-dunyasi-500-gr-ic-midye-110886-p-593440
Balik Dunyasi 500 Gr Uskumru Fileto,8681812007078,269.00,279.00,110114,https://iyas.com.tr/balik-dunyasi-500-gr-uskumru-fileto-110114-p-593437
Balik Dunyasi Dondurulmus Levrek 600 Gr,8683860130685,499.00,279.00,112403,https://iyas.com.tr/balik-dunyasi-dondurulmus-levrek-600-gr-112403-p-593444
Balikesir Van Otlu Sepet Peyniri Kilo,2201176,825.00,379.00,114334,https://iyas.com.tr/balikesir-van-otlu-sepet-peyniri-kilo-114334-p-597912
Balparmak 7x7 Gr Apitera Propolis Ginkgo Karisim,8690998212565,149.90,249.00,107076,https://iyas.com.tr/balparmak-7x7-gr-apitera-propolis-ginkgo-karisim-107076-p-595770
Balparmak 850 Gr Cam Bali Cam,8690998112537,699.50,249.00,113764,https://iyas.com.tr/balparmak-850-gr-cam-bali-cam-113764-p-596027
Balparmak 850 Gr Yayla Ova Cicek Bali,8690998151826,649.50,549.50,65868,https://iyas.com.tr/balparmak-850-gr-yayla-ova-cicek-bali-65868-p-118647
Balparmak Apitera 7 Gr 8 Li Gest,8690998214644,149.90,249.00,108169,https://iyas.com.tr/balparmak-apitera-7-gr-8-li-gest-108169-p-595768
Balparmak Cit Kapak 600 Gr Cicek Bali,8690998117136,599.50,249.00,1601,https://iyas.com.tr/balparmak-cit-kapak-600-gr-cicek-bali-1601-p-143906
Balparmak Suzme Cam Bali 20 Gr,2099956566478,19.95,249.00,98208,https://iyas.com.tr/balparmak-suzme-cam-bali-20-gr-98208-p-121812
Banat Cam Silecegi 23 Cm,8690555860017,134.90,99.90,1652,https://iyas.com.tr/banat-cam-silecegi-23-cm-1652-p-136002
Banat Cocuk Dis Firca Miraculous,8690555516341,144.90,179.90,108816,https://iyas.com.tr/banat-cocuk-dis-firca-miraculous-108816-p-596925
Banat Comfort Klozet Fircasi Alt Muh,8690555731676,109.90,99.90,74989,https://iyas.com.tr/banat-comfort-klozet-fircasi-alt-muh-74989-p-135582
Banat Comfort Mikrofiber Temizlik Bezi 2li,8690555732451,94.90,99.90,73550,https://iyas.com.tr/banat-comfort-mikrofiber-temizlik-bezi-2li-73550-p-131822
Banat Comfort Ovma Teli 6li,8690555732475,169.00,129.90,73549,https://iyas.com.tr/banat-comfort-ovma-teli-6li-73549-p-131321
Banat Confort Duz Sunger 10 Lu Stand,8690555732499,74.90,99.90,66556,https://iyas.com.tr/banat-confort-duz-sunger-10-lu-stand-66556-p-135650
Banat Confort Oluklu Sunger 5 Li Stand,8690555732512,74.90,129.90,66555,https://iyas.com.tr/banat-confort-oluklu-sunger-5-li-stand-66555-p-135578
Banat Dis Firca Acrobat Junior,8690555514460,310.00,179.90,52719,https://iyas.com.tr/banat-dis-firca-acrobat-junior-52719-p-143747
Banat Dis Firca Acrobat Junior Kum Saat,8690555515689,164.90,179.90,107061,https://iyas.com.tr/banat-dis-firca-acrobat-junior-kum-saat-107061-p-596976
Banat Dis Firca Acrobat Pearl Black,8690555514330,99.90,179.90,79129,https://iyas.com.tr/banat-dis-firca-acrobat-pearl-black-79129-p-127602
Banat Dis Firca Acrobat Plus 11,8690555510981,84.90,179.90,98115,https://iyas.com.tr/banat-dis-firca-acrobat-plus-11-98115-p-117682
Banat Dis Firca B Love Pro 11,8690555516273,69.90,179.90,109438,https://iyas.com.tr/banat-dis-firca-b-love-pro-11-109438-p-596878
Banat Dis Firca Basic,8690555513173,49.90,179.90,58204,https://iyas.com.tr/banat-dis-firca-basic-58204-p-143749
Banat Dis Firca Bio Clean,8690555515610,129.90,179.90,84538,https://iyas.com.tr/banat-dis-firca-bio-clean-84538-p-119255
Banat Dis Firca Cocuk Flip Flap,8690555514682,99.90,179.90,32977,https://iyas.com.tr/banat-dis-firca-cocuk-flip-flap-32977-p-131090
Banat Dis Firca Cocuk Kukuli Isikli,8690555516150,179.00,179.90,109648,https://iyas.com.tr/banat-dis-firca-cocuk-kukuli-isikli-109648-p-596986
Banat Dis Firca Cocuk Rafadan Tayfa,8690555515757,119.90,179.90,93387,https://iyas.com.tr/banat-dis-firca-cocuk-rafadan-tayfa-93387-p-125520
Banat Dis Firca Deep Clean 11,8690555513968,99.90,179.90,75901,https://iyas.com.tr/banat-dis-firca-deep-clean-11-75901-p-139536
Banat Dis Firca Deep Clean 3lu Ekonomik,8690555515573,139.90,179.90,92318,https://iyas.com.tr/banat-dis-firca-deep-clean-3lu-ekonomik-92318-p-125395
Banat Dis Firca Deep Clean Black 11,8690555514125,110.00,179.90,38101,https://iyas.com.tr/banat-dis-firca-deep-clean-black-11-38101-p-131095
Banat Dis Firca Dino Cocuk,8690555511117,99.90,179.90,44520,https://iyas.com.tr/banat-dis-firca-dino-cocuk-44520-p-131145
Banat Dis Firca Economik 3 Lu,8690555513241,199.00,179.90,32978,https://iyas.com.tr/banat-dis-firca-economik-3-lu-32978-p-131091
Banat Dis Firca Green Tea,8690555516303,89.90,179.90,106973,https://iyas.com.tr/banat-dis-firca-green-tea-106973-p-596984
Banat Dis Firca Kral Sakir Cocuk,8690555515627,119.90,179.90,81097,https://iyas.com.tr/banat-dis-firca-kral-sakir-cocuk-81097-p-127614
Banat Dis Firca Macun Seyahat Seti,8690555515634,159.90,99.90,85115,https://iyas.com.tr/banat-dis-firca-macun-seyahat-seti-85115-p-140476
Banat Dis Firca Misvak Ozlu Agiz Bakim Seti,8690555515658,134.90,179.90,84539,https://iyas.com.tr/banat-dis-firca-misvak-ozlu-agiz-bakim-seti-84539-p-119256
Banat Dis Firca Nasrettin Hoca Cocuk,8690555516112,110.00,99.90,110772,https://iyas.com.tr/banat-dis-firca-nasrettin-hoca-cocuk-110772-p-596891
Banat Dis Firca Nico Tea For Smokers,8690555512060,99.90,179.90,1621,https://iyas.com.tr/banat-dis-firca-nico-tea-for-smokers-1621-p-131092
Banat Dis Firca Perfect 11,8690555513739,104.90,179.90,68998,https://iyas.com.tr/banat-dis-firca-perfect-11-68998-p-139521
Banat Dis Firca Pro 11 Yumusak,8690555515665,119.90,179.90,85116,https://iyas.com.tr/banat-dis-firca-pro-11-yumusak-85116-p-123528
Banat Dis Firca Relaxion Dis Ipi Hediyeli,8690555512084,119.00,99.90,109693,https://iyas.com.tr/banat-dis-firca-relaxion-dis-ipi-hediyeli-109693-p-596849
Banat Dis Firca Sensiplus Extra Care,8690555512091,99.90,179.90,1626,https://iyas.com.tr/banat-dis-firca-sensiplus-extra-care-1626-p-131093
Banat Dis Firca Seyahat 2li Eko,8690555515672,114.90,179.90,89695,https://iyas.com.tr/banat-dis-firca-seyahat-2li-eko-89695-p-146097
Banat Dis Firca Teen Orthodontic,8690555516334,129.90,179.90,108815,https://iyas.com.tr/banat-dis-firca-teen-orthodontic-108815-p-596991
Banat Dis Firca Tri Action Ultra White 11,8690555515597,199.00,179.90,99012,https://iyas.com.tr/banat-dis-firca-tri-action-ultra-white-11-99012-p-147321
Banat Dis Firca Trio 3 Lu,8690555560313,110.00,179.90,109441,https://iyas.com.tr/banat-dis-firca-trio-3-lu-109441-p-596990
Banat Dis Fircasi Ultra White Kutulu,8690555515825,99.90,179.90,106374,https://iyas.com.tr/banat-dis-fircasi-ultra-white-kutulu-106374-p-596993
Banat Dis Fircasitri Action Multi Care,8690555512343,99.90,179.90,1636,https://iyas.com.tr/banat-dis-fircasitri-action-multi-care-1636-p-131094
Banat Easyclean Sprey Temizlik Seti Mop,8690555734189,199.00,99.90,93715,https://iyas.com.tr/banat-easyclean-sprey-temizlik-seti-mop-93715-p-138247
Banat Fashion 115 Tarak,8690555630115,110.00,149.90,6042,https://iyas.com.tr/banat-fashion-115-tarak-6042-p-122248
Banat Fashion 139 Tarak,8690555630139,39.90,149.90,6046,https://iyas.com.tr/banat-fashion-139-tarak-6046-p-122249
Banat Fashion 177 Tarak,8690555630177,114.90,149.90,6049,https://iyas.com.tr/banat-fashion-177-tarak-6049-p-122250
Banat Kids Dis Fircasi 50 Ml Dis Macunu Set,8690555516853,210.00,179.90,112247,https://iyas.com.tr/banat-kids-dis-fircasi-50-ml-dis-macunu-set-112247-p-596845
Banat Lavabo Pompasi,8690555733960,129.00,99.90,74990,https://iyas.com.tr/banat-lavabo-pompasi-74990-p-135583
Banat Naturel 621 Sac Fircasi,8690555661621,135.00,149.90,106983,https://iyas.com.tr/banat-naturel-621-sac-fircasi-106983-p-597254
Banat Prestij 669 Sac Fircasi,8690555661669,119.90,149.90,76664,https://iyas.com.tr/banat-prestij-669-sac-fircasi-76664-p-127547
Banat Sac Fircasi 614 Natural,8690555661614,189.00,149.90,86726,https://iyas.com.tr/banat-sac-fircasi-614-natural-86726-p-125005
Banat Sac Fircasi B Cure Flexi,8690555661454,124.90,54.90,108817,https://iyas.com.tr/banat-sac-fircasi-b-cure-flexi-108817-p-597027
Banat T 30 Mikrofiber Temizlik Bezi 3lu,8690555735643,29.90,99.90,73551,https://iyas.com.tr/banat-t-30-mikrofiber-temizlik-bezi-3lu-73551-p-131823
Banat T 30 Mikrofiber Temizlik Bezi 5li,8690555735650,84.90,99.90,74991,https://iyas.com.tr/banat-t-30-mikrofiber-temizlik-bezi-5li-74991-p-135584
Banat T Alt Muhafaza Klozet Fircasi,8690555730204,159.00,99.90,63302,https://iyas.com.tr/banat-t-alt-muhafaza-klozet-fircasi-63302-p-136010
Banat T Bulasik Fircasi Kare,8690555730044,124.90,99.90,32162,https://iyas.com.tr/banat-t-bulasik-fircasi-kare-32162-p-135653
Banat T Bulasik Sungeri 11 Oluklu,8690555733854,84.90,99.90,1676,https://iyas.com.tr/banat-t-bulasik-sungeri-11-oluklu-1676-p-126952
Banat T Bulasik Sungeri 5li Duz,8690555780827,99.90,99.90,1647,https://iyas.com.tr/banat-t-bulasik-sungeri-5li-duz-1647-p-135557
Banat T Bulasik Sungeri 5li Oluklu,8690555780810,99.90,99.90,1648,https://iyas.com.tr/banat-t-bulasik-sungeri-5li-oluklu-1648-p-135558
Banat T Bulasik Sungeri 8li Oluklu 2341,8690555731508,129.90,99.90,1649,https://iyas.com.tr/banat-t-bulasik-sungeri-8li-oluklu-2341-1649-p-135559
Banat T Farasli Supurge Kucuk,8690555730624,119.90,99.90,78974,https://iyas.com.tr/banat-t-farasli-supurge-kucuk-78974-p-136023
Banat T Lavabo Fircasi,8690555730075,144.90,99.90,32163,https://iyas.com.tr/banat-t-lavabo-fircasi-32163-p-135561
Banat T Mikrofiber Temizlik Bezi 3lu,8690555733502,210.00,99.90,56968,https://iyas.com.tr/banat-t-mikrofiber-temizlik-bezi-3lu-56968-p-135648
Banat T Mikrofiber Temizlik Bezi 5li Comfort,8690555732468,299.00,99.90,71492,https://iyas.com.tr/banat-t-mikrofiber-temizlik-bezi-5li-comfort-71492-p-136013
Banat T Paspas Yedek,8690555780216,110.00,99.90,1670,https://iyas.com.tr/banat-t-paspas-yedek-1670-p-135569
Banat Yer Silecegi,8690555860031,179.00,99.90,1681,https://iyas.com.tr/banat-yer-silecegi-1681-p-135573
Banduf Yara Bandi 10 Lu Alovera,8681285115522,19.90,32.90,91475,https://iyas.com.tr/banduf-yara-bandi-10-lu-alovera-91475-p-116792
Banduf Yara Bandi 10 Lu Animals,8681285115430,12.50,32.90,99394,https://iyas.com.tr/banduf-yara-bandi-10-lu-animals-99394-p-126214
Banduf Yara Bandi 10 Lu Hassas,8681285115553,19.90,32.90,99391,https://iyas.com.tr/banduf-yara-bandi-10-lu-hassas-99391-p-126211
Banduf Yara Bandi 10 Lu Karma,8681285115492,19.90,32.90,99393,https://iyas.com.tr/banduf-yara-bandi-10-lu-karma-99393-p-126213
Banduf Yara Bandi 10 Lu Kids,8681285115409,12.50,32.90,99392,https://iyas.com.tr/banduf-yara-bandi-10-lu-kids-99392-p-126212
Banduf Yara Bandi Su Gecirmez 8 Li,8681285115584,19.90,32.90,91476,https://iyas.com.tr/banduf-yara-bandi-su-gecirmez-8-li-91476-p-116793
Banduff Bulanti Onleyici Yetiskin Bileklik,8681285115935,99.90,21.00,91843,https://iyas.com.tr/banduff-bulanti-onleyici-yetiskin-bileklik-91843-p-125212
Banduff Gogus Ucu Bandi 8 Li,8681285116086,44.90,21.00,94381,https://iyas.com.tr/banduff-gogus-ucu-bandi-8-li-94381-p-117191
Barida Ananas Kurusu Kilo,2209817,599.00,199.00,39047,https://iyas.com.tr/barida-ananas-kurusu-kilo-39047-p-123609
Barida Antep Fistigi Jumbo Kilo,2201065,1795.00,199.00,62115,https://iyas.com.tr/barida-antep-fistigi-jumbo-kilo-62115-p-113861
Barida Antep Uzumu Sari Siyah Kilo,2208065,599.00,199.00,17489,https://iyas.com.tr/barida-antep-uzumu-sari-siyah-kilo-17489-p-113864
Barida Badem Ici Tuzlusade Kilo,2208078,895.00,749.00,17446,https://iyas.com.tr/barida-badem-ici-tuzlusade-kilo-17446-p-113872
Barida Beyaz Nohut Kilo,2208084,279.00,199.00,17449,https://iyas.com.tr/barida-beyaz-nohut-kilo-17449-p-113874
Barida Bonibon Draje Kilo,2209799,219.00,199.00,38315,https://iyas.com.tr/barida-bonibon-draje-kilo-38315-p-123613
Barida Cakil Tasi Draje Kilo,2208207,219.00,199.00,17480,https://iyas.com.tr/barida-cakil-tasi-draje-kilo-17480-p-113855
Barida Cekirdek Extra Tuzsuz Kilo,2208089,210.00,199.00,17455,https://iyas.com.tr/barida-cekirdek-extra-tuzsuz-kilo-17455-p-113877
Barida Ceviz Ici Lux Kilo,2208080,849.00,199.00,17466,https://iyas.com.tr/barida-ceviz-ici-lux-kilo-17466-p-118017
Barida Cevizli Sucuk Kilo,2208094,359.00,199.00,17450,https://iyas.com.tr/barida-cevizli-sucuk-kilo-17450-p-113850
Barida Dut Kurusu Kilo,2208139,759.00,199.00,17497,https://iyas.com.tr/barida-dut-kurusu-kilo-17497-p-118022
Barida Erik Kurusu Kilo,2208202,399.00,30.00,114180,https://iyas.com.tr/barida-erik-kurusu-kilo-114180-p-597218
Barida Extra Siyah Tuzlu Cekirdek Kilo,2201068,199.00,169.90,62611,https://iyas.com.tr/barida-extra-siyah-tuzlu-cekirdek-kilo-62611-p-132049
Barida Findik Cig Kilo,2208112,1390.00,199.00,17493,https://iyas.com.tr/barida-findik-cig-kilo-17493-p-113856
Barida Findik Ici Kilo,2209798,1450.00,1199.00,38314,https://iyas.com.tr/barida-findik-ici-kilo-38314-p-118104
Barida Findik Ici Tuzlu Kilo,2208077,1490.00,199.00,17454,https://iyas.com.tr/barida-findik-ici-tuzlu-kilo-17454-p-115226
Barida Fistik Ici Tuzlu Jumbo Kilo,2202018,310.00,249.00,9113,https://iyas.com.tr/barida-fistik-ici-tuzlu-jumbo-kilo-9113-p-113859
Barida Fistik Ici Tuzsuz Jumbo Kilo,2209740,339.00,199.00,30640,https://iyas.com.tr/barida-fistik-ici-tuzsuz-jumbo-kilo-30640-p-115257
Barida Fistik Soslu Kilo,2208113,239.00,199.00,17490,https://iyas.com.tr/barida-fistik-soslu-kilo-17490-p-118021
Barida Hindistan Cevizi Kurusu Kilo,2208083,649.00,199.00,15334,https://iyas.com.tr/barida-hindistan-cevizi-kurusu-kilo-15334-p-131938
Barida Huni Cips Kilo,2209822,199.00,199.00,39052,https://iyas.com.tr/barida-huni-cips-kilo-39052-p-113847
Barida Hunnap Kilo,2208106,399.00,30.00,113374,https://iyas.com.tr/barida-hunnap-kilo-113374-p-597236
Barida Igde Kilo,2208099,345.00,30.00,112944,https://iyas.com.tr/barida-igde-kilo-112944-p-597166
Barida Kabak Cekirdegi Cig Kilo,2208086,649.00,199.00,17447,https://iyas.com.tr/barida-kabak-cekirdegi-cig-kilo-17447-p-113873
Barida Kabak Cekirdegi Duble Kilo,2209746,649.00,199.00,32190,https://iyas.com.tr/barida-kabak-cekirdegi-duble-kilo-32190-p-113868
Barida Kabak Cekirdegi Tuzsuz Kilo,2208111,649.00,199.00,17476,https://iyas.com.tr/barida-kabak-cekirdegi-tuzsuz-kilo-17476-p-113854
Barida Kabukli Ceviz Kilo,2201037,369.00,199.00,17504,https://iyas.com.tr/barida-kabukli-ceviz-kilo-17504-p-118024
Barida Kabuklu Badem Kilo,2208205,695.00,579.00,114780,https://iyas.com.tr/barida-kabuklu-badem-kilo-114780-p-597187
Barida Kabuklu Fistik Kilo,2208158,239.00,199.00,17393,https://iyas.com.tr/barida-kabuklu-fistik-kilo-17393-p-132052
Barida Kabuklu Kaju Kilo,2201041,1049.00,199.00,17502,https://iyas.com.tr/barida-kabuklu-kaju-kilo-17502-p-118023
Barida Kaju Fistigi Kilo,2208185,829.00,699.00,17505,https://iyas.com.tr/barida-kaju-fistigi-kilo-17505-p-113858
Barida Kayisi Gun Kurusu Kilo,2208148,1095.00,199.00,17463,https://iyas.com.tr/barida-kayisi-gun-kurusu-kilo-17463-p-118016
Barida Kayisi Jumbo Kilo,2208082,945.00,199.00,17464,https://iyas.com.tr/barida-kayisi-jumbo-kilo-17464-p-113852
Barida Kecimen Uzumu Kilo,2208100,529.00,30.00,113043,https://iyas.com.tr/barida-kecimen-uzumu-kilo-113043-p-597216
Barida Kokteyl Cerez Kilo,2208087,259.00,199.00,17448,https://iyas.com.tr/barida-kokteyl-cerez-kilo-17448-p-145084
Barida Kokteyl Cerez Lux Kilo,2209742,1150.00,999.00,30686,https://iyas.com.tr/barida-kokteyl-cerez-lux-kilo-30686-p-113863
Barida Kokteyl Cerez Power Kilo,2208001,879.00,699.00,17461,https://iyas.com.tr/barida-kokteyl-cerez-power-kilo-17461-p-118015
Barida Koy Leblebisi Kilo,2209820,279.00,199.00,39050,https://iyas.com.tr/barida-koy-leblebisi-kilo-39050-p-136222
Barida Kudus Hurma Kilo,2208036,729.00,579.00,17469,https://iyas.com.tr/barida-kudus-hurma-kilo-17469-p-118019
Barida Kuru Incir Kilo,2209790,945.00,599.00,37149,https://iyas.com.tr/barida-kuru-incir-kilo-37149-p-113867
Barida Leblebi Citir Kilo,2208098,189.00,199.00,17470,https://iyas.com.tr/barida-leblebi-citir-kilo-17470-p-113853
Barida Leblebi Sade Duble Kilo,2208091,249.00,199.00,17442,https://iyas.com.tr/barida-leblebi-sade-duble-kilo-17442-p-118028
Barida Leblebi Seker Saderenkli Kilo,2208085,189.00,199.00,17445,https://iyas.com.tr/barida-leblebi-seker-saderenkli-kilo-17445-p-113849
Barida Leblebi Tuzlu Duble Kilo,2208092,249.00,199.00,17443,https://iyas.com.tr/barida-leblebi-tuzlu-duble-kilo-17443-p-113860
Barida Medine Hurma Kilo,2208071,579.00,729.00,17458,https://iyas.com.tr/barida-medine-hurma-kilo-17458-p-118014
Barida Medine Jumbo Hurma Kilo,2208176,749.00,729.00,17474,https://iyas.com.tr/barida-medine-jumbo-hurma-kilo-17474-p-118020
Barida Misir Soslu Kilo,2209988,179.00,,44345,https://iyas.com.tr/barida-misir-soslu-kilo-44345-p-136228
Barida Ozbek Uzumu 1 Kg,2208074,659.00,199.00,17471,https://iyas.com.tr/barida-ozbek-uzumu-1-kg-17471-p-123612
Barida Peygamber Hurmasi Kilo,2208204,695.00,199.00,114547,https://iyas.com.tr/barida-peygamber-hurmasi-kilo-114547-p-597158
Barida Popcorn Misir Kilo,2209819,44.90,299.50,39049,https://iyas.com.tr/barida-popcorn-misir-kilo-39049-p-113869
Barida Siirt Antep Fistigi Kilo,2209767,1795.00,1199.00,33979,https://iyas.com.tr/barida-siirt-antep-fistigi-kilo-33979-p-113846
Barida Turk Kahvesi Kilo,2209812,690.00,199.00,38864,https://iyas.com.tr/barida-turk-kahvesi-kilo-38864-p-118110
Barida Uzum Cekirdeksiz Sari Kilo,2209107,269.00,199.00,17400,https://iyas.com.tr/barida-uzum-cekirdeksiz-sari-kilo-17400-p-118027
Barilla Glutensiz Burgu Makarna 400 Gr,8076809545464,179.90,28.90,65450,https://iyas.com.tr/barilla-glutensiz-burgu-makarna-400-gr-65450-p-135556
Barilla Makarna 500 Gr Arpa Sehriye,8690579991346,55.00,28.90,1684,https://iyas.com.tr/barilla-makarna-500-gr-arpa-sehriye-1684-p-135499
Barilla Makarna 500 Gr Bavette Yassi Spaghetti,8690579140638,55.00,28.90,1685,https://iyas.com.tr/barilla-makarna-500-gr-bavette-yassi-spaghetti-1685-p-135500
Barilla Makarna 500 Gr Bukle,8690579140621,55.00,28.90,1686,https://iyas.com.tr/barilla-makarna-500-gr-bukle-1686-p-135501
Barilla Makarna 500 Gr Burgu,8690579140591,55.00,28.90,1687,https://iyas.com.tr/barilla-makarna-500-gr-burgu-1687-p-135502
Barilla Makarna 500 Gr Fiyonk,8076809539197,55.00,28.90,36519,https://iyas.com.tr/barilla-makarna-500-gr-fiyonk-36519-p-135504
Barilla Makarna 500 Gr Ince Uzun,8690579926454,55.00,28.90,55877,https://iyas.com.tr/barilla-makarna-500-gr-ince-uzun-55877-p-135524
Barilla Makarna 500 Gr Kalin Kesme,8690579993241,55.00,28.90,1692,https://iyas.com.tr/barilla-makarna-500-gr-kalin-kesme-1692-p-135506
Barilla Makarna 500 Gr Manti,8690579926461,55.00,28.90,55876,https://iyas.com.tr/barilla-makarna-500-gr-manti-55876-p-135507
Barilla Makarna 500 Gr Mini Kelebek,8690579140652,55.00,28.90,1694,https://iyas.com.tr/barilla-makarna-500-gr-mini-kelebek-1694-p-135508
Barilla Makarna 500 Gr Spaghettini,8690579991117,55.00,28.90,1696,https://iyas.com.tr/barilla-makarna-500-gr-spaghettini-1696-p-135510
Barilla Makarna Ozel Lasagne 500 Gr,8076809523738,169.50,139.50,48477,https://iyas.com.tr/barilla-makarna-ozel-lasagne-500-gr-48477-p-135467
Barilla Sos Arabiata 400 Gr,8076809513388,159.90,59.90,1701,https://iyas.com.tr/barilla-sos-arabiata-400-gr-1701-p-143328
Barilla Sos Basilico Feslegendomates 400 Gr,8076809513739,159.90,59.90,1683,https://iyas.com.tr/barilla-sos-basilico-feslegendomates-400-gr-1683-p-143329
Barilla Sos Pesti Pesto Rosso 190 Ml,8076809523547,159.90,59.90,59576,https://iyas.com.tr/barilla-sos-pesti-pesto-rosso-190-ml-59576-p-143332
Barilla Sos Pesto Siciliana 190 Gr,8076809517881,159.90,59.90,1704,https://iyas.com.tr/barilla-sos-pesto-siciliana-190-gr-1704-p-143333
Barilla Tam Bugday Makarna 400 Gr Burgu,8690579975018,55.00,28.90,66452,https://iyas.com.tr/barilla-tam-bugday-makarna-400-gr-burgu-66452-p-135511
Barilla Tam Bugday Makarna 400 Gr Kelebek,8690579975025,55.00,28.90,66451,https://iyas.com.tr/barilla-tam-bugday-makarna-400-gr-kelebek-66451-p-135512
Barilla Tam Bugday Makarna 400 Gr Spaghetti,8690579975001,55.00,28.90,66450,https://iyas.com.tr/barilla-tam-bugday-makarna-400-gr-spaghetti-66450-p-135514
Battaloglu Dana Etli Manti 500 Gr,8683454697013,259.00,279.00,89800,https://iyas.com.tr/battaloglu-dana-etli-manti-500-gr-89800-p-129210
Bayramaga Cikolatali Helva Kilo,2207008,345.00,249.00,13020,https://iyas.com.tr/bayramaga-cikolatali-helva-kilo-13020-p-123454
Bebak Abadem Krem 70 Gr Buyuk Kavanoz,8690841010034,299.90,239.90,6069,https://iyas.com.tr/bebak-abadem-krem-70-gr-buyuk-kavanoz-6069-p-123675
Bebelac 1 Biberon 800 Gr,8699745023713,729.90,165.50,90641,https://iyas.com.tr/bebelac-1-biberon-800-gr-90641-p-133576
Bebelac 3 Biberon 800 Gr,8699745023737,729.90,165.50,98394,https://iyas.com.tr/bebelac-3-biberon-800-gr-98394-p-126107
Bebelac 4 Biberon 800 Gr,8699745023744,729.90,165.50,98397,https://iyas.com.tr/bebelac-4-biberon-800-gr-98397-p-126110
Bebelac Gold 2 Biberon 800 Gr,8699745023607,979.90,165.50,98648,https://iyas.com.tr/bebelac-gold-2-biberon-800-gr-98648-p-134584
Bebelac Gold 3 Biberon 800 Gr,8699745023614,979.90,139.90,98650,https://iyas.com.tr/bebelac-gold-3-biberon-800-gr-98650-p-134586
Bebelac Pure 125 Gr Elmaarmut,8699745003562,49.90,165.50,19299,https://iyas.com.tr/bebelac-pure-125-gr-elmaarmut-19299-p-143236
Bebem Islak Havlu 90 Li Natural,8690536822997,59.90,369.90,89886,https://iyas.com.tr/bebem-islak-havlu-90-li-natural-89886-p-142016
Bebem Natural Firsat Paket 2 Mini 68li,8690536831944,249.90,599.90,94555,https://iyas.com.tr/bebem-natural-firsat-paket-2-mini-68li-94555-p-134120
Bebem Natural Firsat Paket 5 Junior 40 Li,8690536831975,249.90,599.90,99265,https://iyas.com.tr/bebem-natural-firsat-paket-5-junior-40-li-99265-p-121976
Bebem Natural Jumbo 2 Mini 42 Li,8690536806003,134.90,599.90,84369,https://iyas.com.tr/bebem-natural-jumbo-2-mini-42-li-84369-p-136175
Bebem Natural Ultra Firsat Paket 6 Extra Lar 64lu,8690536836291,484.90,599.90,95099,https://iyas.com.tr/bebem-natural-ultra-firsat-paket-6-extra-lar-64lu-95099-p-117364
Bebeto 35 Gr Freeze Crunchy Freezedried,8690146182870,44.90,79.50,106836,https://iyas.com.tr/bebeto-35-gr-freeze-crunchy-freezedried-106836-p-596470
Bebeto Grape Gummy Cany 60 Gr,8690146138662,29.95,79.50,106208,https://iyas.com.tr/bebeto-grape-gummy-cany-60-gr-106208-p-596595
Bebeto J 135 Gr Super Belt Fizzy Mix Fruit,8690146183556,34.90,29.90,109528,https://iyas.com.tr/bebeto-j-135-gr-super-belt-fizzy-mix-fruit-109528-p-596509
Bebeto J 175 Gr C Sticks Rope Kola,8690146125334,74.90,79.50,99089,https://iyas.com.tr/bebeto-j-175-gr-c-sticks-rope-kola-99089-p-147398
Bebeto J 180 G W Sticks Rope Cilek,8690146125389,74.90,79.50,78073,https://iyas.com.tr/bebeto-j-180-g-w-sticks-rope-cilek-78073-p-139286
Bebeto J 180 Gr S Blast Ahududu,8690146125327,74.90,79.50,89404,https://iyas.com.tr/bebeto-j-180-gr-s-blast-ahududu-89404-p-133419
Bebeto J 180 Gr S Blast Elma,8690146125310,74.90,79.50,78069,https://iyas.com.tr/bebeto-j-180-gr-s-blast-elma-78069-p-141243
Bebeto J 75 Gr W Sticks Cilekvanil Sd,8690146134343,34.90,79.50,78077,https://iyas.com.tr/bebeto-j-75-gr-w-sticks-cilekvanil-sd-78077-p-139289
Bebeto J 80 Gr B Boy L Fruits,8690146658214,34.90,79.50,78040,https://iyas.com.tr/bebeto-j-80-gr-b-boy-l-fruits-78040-p-139268
Bebeto J 80 Gr Funny Bears,8690146658313,34.90,79.50,78038,https://iyas.com.tr/bebeto-j-80-gr-funny-bears-78038-p-127390
Bebeto J 80 Gr Ocean Park,8690146053347,34.90,79.50,78045,https://iyas.com.tr/bebeto-j-80-gr-ocean-park-78045-p-139272
Bebeto Jeli Acik Kilo,2208088,185.00,199.00,17452,https://iyas.com.tr/bebeto-jeli-acik-kilo-17452-p-113875
Bebeto M Mallow 70 Gr Pinkwhite,8690146101284,29.90,79.50,78083,https://iyas.com.tr/bebeto-m-mallow-70-gr-pinkwhite-78083-p-139294
Bebeto Rope Wacky Sticks Elma Aromali Yumusak Seker 175 Gr,8690146125365,74.90,79.50,78074,https://iyas.com.tr/bebeto-rope-wacky-sticks-elma-aromali-yumusak-seker-175-gr-78074-p-127392
Bebeto Sakiz Ben10 Metre Sakiz 25 Gr,8690146129639,12.50,79.50,78096,https://iyas.com.tr/bebeto-sakiz-ben10-metre-sakiz-25-gr-78096-p-122829
Bebeto Sakiz Ben10 Metre Sakiz 25 Gr,8690146129622,12.50,79.50,99095,https://iyas.com.tr/bebeto-sakiz-ben10-metre-sakiz-25-gr-99095-p-147404
Bebeto Sakiz Ben10 Metre Sakiz 25 Gr,8690146129653,12.50,79.50,99097,https://iyas.com.tr/bebeto-sakiz-ben10-metre-sakiz-25-gr-99097-p-147406
Becel Klasik Kase Margarin 500 Gr,8719200750586,139.90,59.90,74792,https://iyas.com.tr/becel-klasik-kase-margarin-500-gr-74792-p-122999
Becel Zeytinyagli Kase Margarin 500 Gr,8719200750616,149.00,59.90,74785,https://iyas.com.tr/becel-zeytinyagli-kase-margarin-500-gr-74785-p-118756
Bellisima Edt 60 Ml Kofre,8690586015578,649.90,499.90,90445,https://iyas.com.tr/bellisima-edt-60-ml-kofre-90445-p-125115
Ben Organic 100 Meyve Suyu 1 Lt Cam Nar,8680313580325,179.50,99.90,78517,https://iyas.com.tr/ben-organic-100-meyve-suyu-1-lt-cam-nar-78517-p-126775
Ben Organic 100 Meyve Suyu 1 Lt Cam Portakal,8680313580301,179.50,99.90,78399,https://iyas.com.tr/ben-organic-100-meyve-suyu-1-lt-cam-portakal-78399-p-126758
Ben Organic 100 Meyve Suyu 1 Lt Cam Seftali Kayis,8680313580462,99.90,99.90,78608,https://iyas.com.tr/ben-organic-100-meyve-suyu-1-lt-cam-seftali-kayis-78608-p-135301
Bepanthol Baby 30 Gr Pisik Onl Merhem,8699546370399,259.90,239.90,84413,https://iyas.com.tr/bepanthol-baby-30-gr-pisik-onl-merhem-84413-p-123544
Bepanthol Cilt 50 Gr Bakim Kremi,8699546358694,449.90,239.90,84411,https://iyas.com.tr/bepanthol-cilt-50-gr-bakim-kremi-84411-p-123543
Bepanthol Cilt Bakim Kremi 100 G,8699546358632,689.90,239.90,84412,https://iyas.com.tr/bepanthol-cilt-bakim-kremi-100-g-84412-p-123537
Bepanthol Onarici 50 Gr Bakim Merhemi,8699546370412,339.90,239.90,84419,https://iyas.com.tr/bepanthol-onarici-50-gr-bakim-merhemi-84419-p-123549
Beyaz Cikolatali Saray Helvasi 1 Kg,2183000555119,379.90,129.90,114680,https://iyas.com.tr/beyaz-cikolatali-saray-helvasi-1-kg-114680-p-595626
Beyaz Cikolatali Saray Helvasi 300 Gr,2183000555058,119.90,129.90,114674,https://iyas.com.tr/beyaz-cikolatali-saray-helvasi-300-gr-114674-p-595620
Beyaz Cikolatali Saray Helvasi 500 Gr,2183000555089,179.90,129.90,114677,https://iyas.com.tr/beyaz-cikolatali-saray-helvasi-500-gr-114677-p-595623
Beyoglu Gazoz 250 Ml Cam Zencefil,8681227060545,29.50,81.00,103969,https://iyas.com.tr/beyoglu-gazoz-250-ml-cam-zencefil-103969-p-580699
Beypazari Maden Suyu Sade 200 Ml Cam,8691381000486,12.00,12.00,98715,https://iyas.com.tr/beypazari-maden-suyu-sade-200-ml-cam-98715-p-134651
Biber Carliston Tatli Kilo,2209004,129.90,99.90,1969,https://iyas.com.tr/biber-carliston-tatli-kilo-1969-p-127178
Biber Dolmalik Kilo,2209006,129.90,99.90,1971,https://iyas.com.tr/biber-dolmalik-kilo-1971-p-127176
Biber Kil Sivri Kilo,2209750,149.90,59.90,32616,https://iyas.com.tr/biber-kil-sivri-kilo-32616-p-114687
Biber Kirmizi Kilo,2209076,129.90,99.90,1973,https://iyas.com.tr/biber-kirmizi-kilo-1973-p-127181
Biber Sili Kilo,2209028,159.90,149.90,20638,https://iyas.com.tr/biber-sili-kilo-20638-p-127211
Biber Sivri Kilo,2209005,129.90,99.90,1975,https://iyas.com.tr/biber-sivri-kilo-1975-p-127175
Biber Yerli Kilo,2209069,129.90,99.90,1974,https://iyas.com.tr/biber-yerli-kilo-1974-p-127177
Big Babol Cubes 25 2 Gr Sise Magic,80817222,49.50,79.50,91709,https://iyas.com.tr/big-babol-cubes-25-2-gr-sise-magic-91709-p-120985
Big Babol Cuzdan 26 Gr Cilek Shakies,80954583,40.00,79.50,89923,https://iyas.com.tr/big-babol-cuzdan-26-gr-cilek-shakies-89923-p-142026
Big Babol Cuzdan 26 Gr Muz Shakies,80897354,40.00,79.50,89924,https://iyas.com.tr/big-babol-cuzdan-26-gr-muz-shakies-89924-p-146166
Big Babol Stik Cilek 27 Gr,80914662,18.00,79.50,66518,https://iyas.com.tr/big-babol-stik-cilek-27-gr-66518-p-127744
Big Babol Stik Tutti Frutti 27 Gr,80777410,18.00,79.50,51505,https://iyas.com.tr/big-babol-stik-tutti-frutti-27-gr-51505-p-127742
Billur Tuz 200 Gr Deniz Tuzu,8690771130161,64.90,29.95,94528,https://iyas.com.tr/billur-tuz-200-gr-deniz-tuzu-94528-p-117238
Billur Tuz 200 Gr Himalaya Tuzu,8690771130703,69.90,29.95,94529,https://iyas.com.tr/billur-tuz-200-gr-himalaya-tuzu-94529-p-117239
Billur Tuz 3 Kg Deniz Tuzu Salamura,8690771130505,59.90,29.95,2071,https://iyas.com.tr/billur-tuz-3-kg-deniz-tuzu-salamura-2071-p-131193
Billur Tuz 500 Gr Iyotlu 50 Sodyum,8690771130802,89.90,29.95,2072,https://iyas.com.tr/billur-tuz-500-gr-iyotlu-50-sodyum-2072-p-131183
Billur Tuz 750 Gr Iyotlu,8690771120209,29.95,12.95,96642,https://iyas.com.tr/billur-tuz-750-gr-iyotlu-96642-p-134371
Billur Tuz 750 Gr Iyotlu Gumus,8690771130239,16.95,29.95,78116,https://iyas.com.tr/billur-tuz-750-gr-iyotlu-gumus-78116-p-118831
Billur Tuz Demir 500 Gr,8690771140108,49.90,29.95,55369,https://iyas.com.tr/billur-tuz-demir-500-gr-55369-p-131182
Billur Tuz Gr Ekonomik,8690771130406,59.95,29.95,2069,https://iyas.com.tr/billur-tuz-gr-ekonomik-2069-p-143756
Billur Tuz Iyotlu Gr Ekonomik,8690771130901,124.90,29.95,2068,https://iyas.com.tr/billur-tuz-iyotlu-gr-ekonomik-2068-p-143760
Billur Tuzluk Rafine Lux 250 Gr Iyotsuz Tuz,8690771120506,29.90,29.95,2074,https://iyas.com.tr/billur-tuzluk-rafine-lux-250-gr-iyotsuz-tuz-2074-p-131181
Billur Tuzluklu 125 Gr Normal,8690771130123,19.90,29.95,2075,https://iyas.com.tr/billur-tuzluklu-125-gr-normal-2075-p-143762
Billur Tuzluklu 500 Gr Iyotlu Karton,8690771130147,44.90,29.95,2076,https://iyas.com.tr/billur-tuzluklu-500-gr-iyotlu-karton-2076-p-131180
Billur Tuzluklu 500 Gr Iyotlu Pls,8690771130109,39.90,29.95,2077,https://iyas.com.tr/billur-tuzluklu-500-gr-iyotlu-pls-2077-p-143769
Bingo 96 Li Yuzey Temizleme Havlusu Limon,8690536907755,119.90,94.90,102636,https://iyas.com.tr/bingo-96-li-yuzey-temizleme-havlusu-limon-102636-p-580357
Bingo 96li Yuzey Temizlik Havlusu Ferah Evim,8690536908318,119.90,94.90,114174,https://iyas.com.tr/bingo-96li-yuzey-temizlik-havlusu-ferah-evim-114174-p-597920
Bingo 96li Yuzey Temizlik Havlusu Klasik,8690536907762,119.90,94.90,100986,https://iyas.com.tr/bingo-96li-yuzey-temizlik-havlusu-klasik-100986-p-568336
Bingo 96li Yuzey Temizlik Havlusu Lavanta,8690536907779,119.90,94.90,101138,https://iyas.com.tr/bingo-96li-yuzey-temizlik-havlusu-lavanta-101138-p-568392
Bingo Ahsap Temizleyici 1000 Ml Mutlu Yuvam,8690536903863,139.90,69.90,68858,https://iyas.com.tr/bingo-ahsap-temizleyici-1000-ml-mutlu-yuvam-68858-p-143603
Bingo Akilli Kapsul Pro 36li Bulasik Makarna Deterjan,8690536907786,219.90,249.90,104231,https://iyas.com.tr/bingo-akilli-kapsul-pro-36li-bulasik-makarna-deterjan-104231-p-584670
Bingo Akilli Kapsul Pro 50li Bulasik Makarna Deterjan,8690536907793,319.90,269.90,104232,https://iyas.com.tr/bingo-akilli-kapsul-pro-50li-bulasik-makarna-deterjan-104232-p-582556
Bingo Akilli Kapsul Pro 80li Bulasik Makarna Deterjan,8690536907816,429.90,249.90,104233,https://iyas.com.tr/bingo-akilli-kapsul-pro-80li-bulasik-makarna-deterjan-104233-p-586431
Bingo Akilli Kapsul Pro Max 20li Bulasik Makarna Deterjan,8690536907830,139.90,249.90,104234,https://iyas.com.tr/bingo-akilli-kapsul-pro-max-20li-bulasik-makarna-deterjan-104234-p-582557
Bingo Akilli Kapsul Pro Max 40li Bulasik Makarna D E,8690536907847,249.90,319.90,104235,https://iyas.com.tr/bingo-akilli-kapsul-pro-max-40li-bulasik-makarna-d-e-104235-p-584060
Bingo Akilli Kapsul Pro Max 60li Bulasik Makarna Deterjan,8690536907861,369.90,249.90,104236,https://iyas.com.tr/bingo-akilli-kapsul-pro-max-60li-bulasik-makarna-deterjan-104236-p-584671
Bingo Elde Yikama 3 Kg,8690536907380,194.90,44.90,101842,https://iyas.com.tr/bingo-elde-yikama-3-kg-101842-p-580080
Bingo Fresh 1000 Ml Ferah Evim,8690536906840,69.90,69.90,91576,https://iyas.com.tr/bingo-fresh-1000-ml-ferah-evim-91576-p-116840
Bingo Fresh 1000 Ml Lavanta Cic,8690536000586,69.90,69.90,2199,https://iyas.com.tr/bingo-fresh-1000-ml-lavanta-cic-2199-p-143604
Bingo Fresh 1000 Ml Lovely,8690536901142,69.90,69.90,30493,https://iyas.com.tr/bingo-fresh-1000-ml-lovely-30493-p-114127
Bingo Fresh 1000 Ml Manolya,8690536904655,69.90,69.90,76463,https://iyas.com.tr/bingo-fresh-1000-ml-manolya-76463-p-114185
Bingo Fresh 1000 Ml Masal,8690536004287,69.90,69.90,2197,https://iyas.com.tr/bingo-fresh-1000-ml-masal-2197-p-114172
Bingo Fresh 1000 Ml Mutlu Yuvam,8690536900251,69.90,69.90,2198,https://iyas.com.tr/bingo-fresh-1000-ml-mutlu-yuvam-2198-p-143600
Bingo Fresh 1000 Ml Pembe Dusle,8690536000562,69.90,69.90,2202,https://iyas.com.tr/bingo-fresh-1000-ml-pembe-dusle-2202-p-114051
Bingo Fresh 2 5 Lt Ferah Evim,8690536906857,129.90,69.90,93110,https://iyas.com.tr/bingo-fresh-2-5-lt-ferah-evim-93110-p-146520
Bingo Fresh 2 5 Lt Lavanta Cicekleri,8690536005116,129.90,69.90,2193,https://iyas.com.tr/bingo-fresh-2-5-lt-lavanta-cicekleri-2193-p-114053
Bingo Fresh 2 5 Lt Lovely,8690536901265,129.90,69.90,30494,https://iyas.com.tr/bingo-fresh-2-5-lt-lovely-30494-p-143418
Bingo Fresh 2 5 Lt Masal,8690536005130,129.90,69.90,2191,https://iyas.com.tr/bingo-fresh-2-5-lt-masal-2191-p-114052
Bingo Fresh 2 5 Lt Mutlu Yuvam,8690536900268,129.90,69.90,2192,https://iyas.com.tr/bingo-fresh-2-5-lt-mutlu-yuvam-2192-p-117914
Bingo Fresh 2 5 Lt Pembe Dusler,8690536005055,129.90,69.90,2194,https://iyas.com.tr/bingo-fresh-2-5-lt-pembe-dusler-2194-p-117922
Bingo Giysi Sampuani 3 Lt 2in1 Yipranma Karsiti,8690536906925,229.90,179.90,92108,https://iyas.com.tr/bingo-giysi-sampuani-3-lt-2in1-yipranma-karsiti-92108-p-116972
Bingo Giysi Sampuani 4 Lt 2in1 Renk Canlan,8690536908158,299.90,74.90,114171,https://iyas.com.tr/bingo-giysi-sampuani-4-lt-2in1-renk-canlan-114171-p-597207
Bingo Kirec Onleyici 500 Gr 500 Gr,8690536900411,219.90,74.90,2130,https://iyas.com.tr/bingo-kirec-onleyici-500-gr-500-gr-2130-p-123523
Bingo Krem 750 Ml Amonyakli,8690536004751,89.90,69.90,2210,https://iyas.com.tr/bingo-krem-750-ml-amonyakli-2210-p-114126
Bingo Krem 750 Ml Limonlu,8690536004775,89.90,69.90,2212,https://iyas.com.tr/bingo-krem-750-ml-limonlu-2212-p-114128
Bingo Matik 10 Kg Mutlu Yuvam,8690536905669,444.90,44.90,85459,https://iyas.com.tr/bingo-matik-10-kg-mutlu-yuvam-85459-p-144733
Bingo Matik 15 Kg Kons Renkli,8690536900664,134.90,44.90,2091,https://iyas.com.tr/bingo-matik-15-kg-kons-renkli-2091-p-126404
Bingo Matik 15 Kg Kons Ultra Beyaz,8690536901364,134.90,44.90,35678,https://iyas.com.tr/bingo-matik-15-kg-kons-ultra-beyaz-35678-p-130565
Bingo Matik 4 Kg Eko Beyaz,8690536904341,259.90,44.90,46813,https://iyas.com.tr/bingo-matik-4-kg-eko-beyaz-46813-p-130571
Bingo Matik 4 Kg Eko Renkli,8690536904358,259.90,44.90,46814,https://iyas.com.tr/bingo-matik-4-kg-eko-renkli-46814-p-126322
Bingo Matik 4 Kg Eko Renkli Beyaz,8690536904365,259.90,44.90,46815,https://iyas.com.tr/bingo-matik-4-kg-eko-renkli-beyaz-46815-p-140112
Bingo Matik 6 Kg Eko Renkli,8690536904327,379.90,44.90,72943,https://iyas.com.tr/bingo-matik-6-kg-eko-renkli-72943-p-117916
Bingo Matik 6 Kg Eko Renkli Beyaz,8690536904334,379.90,129.90,72944,https://iyas.com.tr/bingo-matik-6-kg-eko-renkli-beyaz-72944-p-126314
Bingo Matik 7 1 Kg Premium Beyaz,8690536908257,489.90,44.90,109513,https://iyas.com.tr/bingo-matik-7-1-kg-premium-beyaz-109513-p-588562
Bingo Matik 9 Kg Sensitive,8690536900138,519.90,44.90,2143,https://iyas.com.tr/bingo-matik-9-kg-sensitive-2143-p-122171
Bingo Matik Sivi 2600 Ml Renkli Beyaz Amber,8690536907649,279.90,74.90,102221,https://iyas.com.tr/bingo-matik-sivi-2600-ml-renkli-beyaz-amber-102221-p-580086
Bingo Matik Sivi 2600 Ml Renkli Beyaz Beyaz Sabun,8690536907656,279.90,74.90,102220,https://iyas.com.tr/bingo-matik-sivi-2600-ml-renkli-beyaz-beyaz-sabun-102220-p-580443
Bingo Oksijen Cam Suyu 4 Lt Okaliptus,8690536908066,259.90,129.90,107926,https://iyas.com.tr/bingo-oksijen-cam-suyu-4-lt-okaliptus-107926-p-597886
Bingo Oksijen Cam Suyu 750 Ml Cam Kokulu Fer Hij,8690536904068,79.90,74.90,70508,https://iyas.com.tr/bingo-oksijen-cam-suyu-750-ml-cam-kokulu-fer-hij-70508-p-130590
Bingo Oksijen Cam Suyu 750 Ml Limon Kokulu Haslanmis Hi,8690536904051,79.90,129.90,70509,https://iyas.com.tr/bingo-oksijen-cam-suyu-750-ml-limon-kokulu-haslanmis-hi-70509-p-130551
Bingo Oksijen Cam Suyu 750 Ml Okaliptus Der Hij,8690536904044,79.90,74.90,70507,https://iyas.com.tr/bingo-oksijen-cam-suyu-750-ml-okaliptus-der-hij-70507-p-130589
Bingo Oksijen Camasir Suyu 1 85 Lt,8690536904884,139.90,74.90,98876,https://iyas.com.tr/bingo-oksijen-camasir-suyu-1-85-lt-98876-p-143078
Bingo Ov 500 Gr Cam Kokulu,8690536590803,64.90,219.90,58258,https://iyas.com.tr/bingo-ov-500-gr-cam-kokulu-58258-p-123522
Bingo Ov 500 Gr Limonlu,8690536590605,64.90,219.90,58100,https://iyas.com.tr/bingo-ov-500-gr-limonlu-58100-p-123520
Bingo Sandal Agaci Ahsap Temizleyici 1000 Lt,8690536903856,139.90,44.90,68857,https://iyas.com.tr/bingo-sandal-agaci-ahsap-temizleyici-1000-lt-68857-p-130588
Bingo Sivi Deterjan 1755 Ml 27 Ykm Byzrenkli,8690536907632,219.90,74.90,107820,https://iyas.com.tr/bingo-sivi-deterjan-1755-ml-27-ykm-byzrenkli-107820-p-588563
Bingo Sivi Deterjan 3000 Ml Onaran Koruma,8690536905133,259.90,209.90,99085,https://iyas.com.tr/bingo-sivi-deterjan-3000-ml-onaran-koruma-99085-p-147394
Bingo Sivi Deterjan 3000 Ml Renkli,8690536905140,259.90,209.90,85480,https://iyas.com.tr/bingo-sivi-deterjan-3000-ml-renkli-85480-p-115254
Bingo Sivi Deterjan 3000 Ml Siyah,8690536905157,259.90,209.90,99051,https://iyas.com.tr/bingo-sivi-deterjan-3000-ml-siyah-99051-p-147360
Bingo Soft 3000 Ml Gul Pembe,8690536000029,154.90,179.90,2164,https://iyas.com.tr/bingo-soft-3000-ml-gul-pembe-2164-p-126358
Bingo Soft 3000 Ml Lavanta 164,8690536000043,154.90,179.90,2166,https://iyas.com.tr/bingo-soft-3000-ml-lavanta-164-2166-p-126360
Bingo Soft 3000 Ml Lovely,8690536900046,154.90,179.90,2165,https://iyas.com.tr/bingo-soft-3000-ml-lovely-2165-p-114783
Bingo Soft 3000 Ml Sensitive S Beyaz,8690536000067,154.90,179.90,2168,https://iyas.com.tr/bingo-soft-3000-ml-sensitive-s-beyaz-2168-p-126359
Bingo Soft 5000 Ml Gulpembe,8690536352203,209.90,189.90,2170,https://iyas.com.tr/bingo-soft-5000-ml-gulpembe-2170-p-126363
Bingo Soft 5000 Ml Kuzumun Kokusu,8690536903801,209.90,189.90,48674,https://iyas.com.tr/bingo-soft-5000-ml-kuzumun-kokusu-48674-p-126385
Bingo Soft 5000 Ml Lavanta Ruz,8690536352128,209.90,189.90,2172,https://iyas.com.tr/bingo-soft-5000-ml-lavanta-ruz-2172-p-126361
Bingo Soft 5000 Ml Lovely,8690536900053,209.90,189.90,2171,https://iyas.com.tr/bingo-soft-5000-ml-lovely-2171-p-126364
Bingo Soft 5000 Ml Sensitive,8690536352142,209.90,189.90,2173,https://iyas.com.tr/bingo-soft-5000-ml-sensitive-2173-p-126362
Bingo Soft Konsantre 1440 Ml Lavanta,8690536907892,169.90,149.90,105763,https://iyas.com.tr/bingo-soft-konsantre-1440-ml-lavanta-105763-p-586709
Bingo Soft Konsantre 1440 Ml Lilyum,8690536907885,169.90,149.90,105765,https://iyas.com.tr/bingo-soft-konsantre-1440-ml-lilyum-105765-p-587286
Bingo Soft Konsantre 1440 Ml Lovely,8690536901722,169.90,149.90,36948,https://iyas.com.tr/bingo-soft-konsantre-1440-ml-lovely-36948-p-131476
Bingo Soft Konsantre 1440 Ml Manolya,8690536903955,169.90,149.90,70935,https://iyas.com.tr/bingo-soft-konsantre-1440-ml-manolya-70935-p-122147
Bingo Soft Konsantre 1440 Ml Mutlu Yuvam,8690536903115,169.90,149.90,93109,https://iyas.com.tr/bingo-soft-konsantre-1440-ml-mutlu-yuvam-93109-p-121278
Bingo Soft Konsantre 1440 Ml Nergis,8690536907915,169.90,149.90,105762,https://iyas.com.tr/bingo-soft-konsantre-1440-ml-nergis-105762-p-587248
Bingo Soft Konsantre 1440 Ml Sensitive,8690536901647,169.90,149.90,36903,https://iyas.com.tr/bingo-soft-konsantre-1440-ml-sensitive-36903-p-131477
Bingo Tekfis Sprey 900 Ml Kirec Cozucu,8690536924288,84.90,69.90,110094,https://iyas.com.tr/bingo-tekfis-sprey-900-ml-kirec-cozucu-110094-p-588565
Bingo Tekfis Sprey 900 Ml Yag Cozucu,8690536924271,84.90,69.90,110092,https://iyas.com.tr/bingo-tekfis-sprey-900-ml-yag-cozucu-110092-p-588564
Bingo Toz Al Sprey 750 Ml Lovely,8690536904693,94.90,69.90,2190,https://iyas.com.tr/bingo-toz-al-sprey-750-ml-lovely-2190-p-143461
Bingo Toz Al Sprey 750 Ml Mutlu Yuvam,8690536904709,94.90,69.90,2189,https://iyas.com.tr/bingo-toz-al-sprey-750-ml-mutlu-yuvam-2189-p-143460
Bintepe Organik Siyah Sele Zeytin Acik Kilo,2201024,195.00,279.00,69663,https://iyas.com.tr/bintepe-organik-siyah-sele-zeytin-acik-kilo-69663-p-122125
Bioblas 200 Ml Argan Yagli Sivi S Kremi,8680512627432,199.90,149.90,76782,https://iyas.com.tr/bioblas-200-ml-argan-yagli-sivi-s-kremi-76782-p-123323
Bioblas B Oils 100 Ml Argan Bakim Yagi,8680512607144,229.90,149.90,66567,https://iyas.com.tr/bioblas-b-oils-100-ml-argan-bakim-yagi-66567-p-131024
Bioblas B Oils Sampuan 360 Ml Argan Yagli,8680512627371,179.90,149.90,98974,https://iyas.com.tr/bioblas-b-oils-sampuan-360-ml-argan-yagli-98974-p-147283
Bioblas B Oils Sampuan 360 Ml Ince Telli Isirga,8697432094015,179.90,149.90,2220,https://iyas.com.tr/bioblas-b-oils-sampuan-360-ml-ince-telli-isirga-2220-p-123342
Bioblas B Oils Sampuan 500 Ml Argan Yagli,8680512632139,119.90,149.90,103199,https://iyas.com.tr/bioblas-b-oils-sampuan-500-ml-argan-yagli-103199-p-579804
Bioblas B Oils Sampuan 500 Ml Cinko Kafein,8680512635840,119.90,149.90,114414,https://iyas.com.tr/bioblas-b-oils-sampuan-500-ml-cinko-kafein-114414-p-596848
Bioblas B Oils Sampuan 500 Ml Sarimsakli,8680512632122,119.90,149.90,103200,https://iyas.com.tr/bioblas-b-oils-sampuan-500-ml-sarimsakli-103200-p-580775
Bioblas Botanic Oils Sarimsakli Sampuan 360 Ml,8680512600022,179.90,149.90,47407,https://iyas.com.tr/bioblas-botanic-oils-sarimsakli-sampuan-360-ml-47407-p-123344
Bioblas Sac Bakim Kremi 250 Ml Argan,8697432094268,199.90,149.90,36367,https://iyas.com.tr/bioblas-sac-bakim-kremi-250-ml-argan-36367-p-123376
Bioblas Sac Bakim Kremi 250 Ml Keratincollagen,8680512635574,199.90,149.90,109571,https://iyas.com.tr/bioblas-sac-bakim-kremi-250-ml-keratincollagen-109571-p-597776
Bioblas Sac Bakim Kremi 250 Ml Kolajen Keratin Sek,8680512640820,199.90,149.90,110023,https://iyas.com.tr/bioblas-sac-bakim-kremi-250-ml-kolajen-keratin-sek-110023-p-596932
Bioblas Sampuan 1000 Ml Phytokeratin,8680512601326,344.90,149.90,76244,https://iyas.com.tr/bioblas-sampuan-1000-ml-phytokeratin-76244-p-126824
Bioblas Sampuan 1000 Ml Siyah Sarimsakli,8680512628163,344.90,149.90,76246,https://iyas.com.tr/bioblas-sampuan-1000-ml-siyah-sarimsakli-76246-p-126825
Bioblas Sampuan 360 Ml For Men Mentol Kompleks B 19,8680512630722,179.90,149.90,89586,https://iyas.com.tr/bioblas-sampuan-360-ml-for-men-mentol-kompleks-b-19-89586-p-141845
Bioblas Sampuan 360 Ml Forte Sac Dokulme Karsiti,8680512628637,179.90,149.90,81146,https://iyas.com.tr/bioblas-sampuan-360-ml-forte-sac-dokulme-karsiti-81146-p-127710
Bioblas Sampuan 360 Ml Sac Dokulme Kr Antistres,8697432096187,179.90,149.90,40710,https://iyas.com.tr/bioblas-sampuan-360-ml-sac-dokulme-kr-antistres-40710-p-127519
Bioblas Sampuan 360 Ml Sac Dokulme Kr Kepege Kr,8697432094008,179.90,149.90,2219,https://iyas.com.tr/bioblas-sampuan-360-ml-sac-dokulme-kr-kepege-kr-2219-p-123290
Bioblas Sampuan 360 Ml Sac Dokulme Kr Keratin Collagen,8680512635581,179.90,149.90,106069,https://iyas.com.tr/bioblas-sampuan-360-ml-sac-dokulme-kr-keratin-collagen-106069-p-597777
Bioblas Sampuan 360 Ml Sac Dokulme Kr Saglikli Uzama,8680512600015,179.90,149.90,47406,https://iyas.com.tr/bioblas-sampuan-360-ml-sac-dokulme-kr-saglikli-uzama-47406-p-123292
Bioblas Sampuan 360 Ml Sac Dokulme Kr Yaglanmaya Kr,8697432094039,179.90,149.90,2222,https://iyas.com.tr/bioblas-sampuan-360-ml-sac-dokulme-kr-yaglanmaya-kr-2222-p-144821
Bioblas Sampuan 400 Ml Biotin Caffeine Dokulme Kar,8680512636168,179.90,149.90,108727,https://iyas.com.tr/bioblas-sampuan-400-ml-biotin-caffeine-dokulme-kar-108727-p-596895
Bioblas Sivi Sac Kremi 200 Ml Keratin,8680512635567,199.90,149.90,98079,https://iyas.com.tr/bioblas-sivi-sac-kremi-200-ml-keratin-98079-p-117646
Bioblas Tonik 200 Ml Biotin Caffeine Dokul,8680512634133,199.90,149.90,108728,https://iyas.com.tr/bioblas-tonik-200-ml-biotin-caffeine-dokul-108728-p-597775
Biowet Roll On Sir Agda 100 Ml Naturel,8680972045531,59.90,169.90,103610,https://iyas.com.tr/biowet-roll-on-sir-agda-100-ml-naturel-103610-p-580878
Biowet Soguk Agda 250 Ml,8680972043452,72.50,169.90,100975,https://iyas.com.tr/biowet-soguk-agda-250-ml-100975-p-579064
Biowet Tuy Dokucu Kopuk 150 Ml Women,8680972040208,109.90,169.90,109792,https://iyas.com.tr/biowet-tuy-dokucu-kopuk-150-ml-women-109792-p-597274
Biowet Tuy Dokucu Krem 100 Ml Normal,8680972044312,74.90,149.90,95249,https://iyas.com.tr/biowet-tuy-dokucu-krem-100-ml-normal-95249-p-121540
Birlik Cig Gunluk Yufka 6 Adet 900 Gr,2183000547244,120.00,49.90,99999,https://iyas.com.tr/birlik-cig-gunluk-yufka-6-adet-900-gr-99999-p-581014
Biscolata Pia Kek 100 Gr Cikolatali,8699141157531,69.90,15.00,55902,https://iyas.com.tr/biscolata-pia-kek-100-gr-cikolatali-55902-p-130862
Biscolata Pia Kek 100 Gr Franbuazli,8699141157517,69.90,15.00,35156,https://iyas.com.tr/biscolata-pia-kek-100-gr-franbuazli-35156-p-130853
Biscolata Pia Kek 100 Gr Portakalli,8699141157524,69.90,15.00,35155,https://iyas.com.tr/biscolata-pia-kek-100-gr-portakalli-35155-p-130854
Biscolata Pia Kek 37 5 Gr Franbuazli,8699141057565,26.90,15.00,35158,https://iyas.com.tr/biscolata-pia-kek-37-5-gr-franbuazli-35158-p-122520
Biscolata Starz Bitter 82 Gr,8699141055189,32.90,30.00,58113,https://iyas.com.tr/biscolata-starz-bitter-82-gr-58113-p-127397
Biscolata Starz Sutlu 82 Gr,8699141055035,32.90,30.00,58112,https://iyas.com.tr/biscolata-starz-sutlu-82-gr-58112-p-136306
Bizim 1 Pudra Sekeri 250 Gr,8691375643415,44.90,142.50,2529,https://iyas.com.tr/bizim-1-pudra-sekeri-250-gr-2529-p-114563
Bizim Besi Et Bulyon 120 Gr,8682287361146,64.90,57.50,84515,https://iyas.com.tr/bizim-besi-et-bulyon-120-gr-84515-p-144698
Bizim Bulyon Et Suyu 24 Lu,8682287361160,109.90,57.50,96667,https://iyas.com.tr/bizim-bulyon-et-suyu-24-lu-96667-p-134396
Bizim Corba Domates 65 Gr,8691375640209,44.90,57.50,2263,https://iyas.com.tr/bizim-corba-domates-65-gr-2263-p-143621
Bizim Corba Ezogelin 80 Gr,8691375640100,44.90,57.50,2264,https://iyas.com.tr/bizim-corba-ezogelin-80-gr-2264-p-131079
Bizim Corba Iskembe 65 Gr,8691375640605,44.90,57.50,2265,https://iyas.com.tr/bizim-corba-iskembe-65-gr-2265-p-131083
Bizim Corba Kremali Tavuk 62 Gr,8691375640506,44.90,57.50,2266,https://iyas.com.tr/bizim-corba-kremali-tavuk-62-gr-2266-p-131086
Bizim Corba Mercimek 72 Gr,8691375640308,44.90,57.50,2268,https://iyas.com.tr/bizim-corba-mercimek-72-gr-2268-p-131081
Bizim Corba Sehriyeli 58 Gr Tavuk,8691375640407,44.90,57.50,2270,https://iyas.com.tr/bizim-corba-sehriyeli-58-gr-tavuk-2270-p-131084
Bizim Corba Tarhana 65 Gr,8691375640803,44.90,57.50,2281,https://iyas.com.tr/bizim-corba-tarhana-65-gr-2281-p-135221
Bizim Corba Yayla 80 Gr,8691375640902,44.90,57.50,2282,https://iyas.com.tr/bizim-corba-yayla-80-gr-2282-p-131080
Bizim Hamur Kabartma Tozu 10li,8690504642572,24.90,49.90,96668,https://iyas.com.tr/bizim-hamur-kabartma-tozu-10li-96668-p-134397
Bizim Hamur Kabartma Tozu 5x10 Gr,8691375645112,14.90,49.90,2535,https://iyas.com.tr/bizim-hamur-kabartma-tozu-5x10-gr-2535-p-122904
Bizim Kofte Harci 2x85 Gr,8682287361764,44.90,29.95,98914,https://iyas.com.tr/bizim-kofte-harci-2x85-gr-98914-p-143116
Bizim Kremsanti 150 Gr,8691375628092,64.90,49.90,64024,https://iyas.com.tr/bizim-kremsanti-150-gr-64024-p-122774
Bizim Kremsanti 75 Gr,8691375628184,34.90,49.90,64025,https://iyas.com.tr/bizim-kremsanti-75-gr-64025-p-122775
Bizim Margarin 6x250 Gr,8691375615245,279.00,59.90,2519,https://iyas.com.tr/bizim-margarin-6x250-gr-2519-p-118760
Bizim Mayonez 540 Gr,8690504568148,144.90,59.90,80294,https://iyas.com.tr/bizim-mayonez-540-gr-80294-p-135878
Bizim Mutfak Acili Ketcap 400 Gr,8690504568162,49.90,59.90,79728,https://iyas.com.tr/bizim-mutfak-acili-ketcap-400-gr-79728-p-135841
Bizim Mutfak Acili Ketcap 600 Gr,8690504568131,74.90,59.90,80293,https://iyas.com.tr/bizim-mutfak-acili-ketcap-600-gr-80293-p-135834
Bizim Mutfak Bugday Nisastasi 200 Gr,8691375643507,39.90,49.90,2530,https://iyas.com.tr/bizim-mutfak-bugday-nisastasi-200-gr-2530-p-122903
Bizim Mutfak Ketcap 600 Gr Mayonez 540 Gr,8692971481357,209.90,59.90,80290,https://iyas.com.tr/bizim-mutfak-ketcap-600-gr-mayonez-540-gr-80290-p-135832
Bizim Mutfak Misir Nisastasi 150 Gr,8690504642565,24.90,49.90,96660,https://iyas.com.tr/bizim-mutfak-misir-nisastasi-150-gr-96660-p-134389
Bizim Noodle 75 Gr Oyakata Korili,8682287365373,14.90,28.90,114531,https://iyas.com.tr/bizim-noodle-75-gr-oyakata-korili-114531-p-596584
Bizim Noodle 75 Gr Oyakata Sebze Aromali,8682287365359,14.90,28.90,114532,https://iyas.com.tr/bizim-noodle-75-gr-oyakata-sebze-aromali-114532-p-596613
Bizim Noodle 75 Gr Oyakata Tavuk Aromali,8682287365366,14.90,28.90,114530,https://iyas.com.tr/bizim-noodle-75-gr-oyakata-tavuk-aromali-114530-p-596558
Bizim Pirinc Unu 175 Gr,8690504642558,39.90,49.90,57395,https://iyas.com.tr/bizim-pirinc-unu-175-gr-57395-p-139927
Bizim Puding 125 Gr Magnolia,8682287365137,39.90,37.90,115038,https://iyas.com.tr/bizim-puding-125-gr-magnolia-115038-p-596516
Bizim Puding Cikolatali 95 Gr,8682287364413,42.90,49.90,106980,https://iyas.com.tr/bizim-puding-cikolatali-95-gr-106980-p-588118
Bizim Puding Cilekli 120 Gr,8682287362242,37.90,49.90,98719,https://iyas.com.tr/bizim-puding-cilekli-120-gr-98719-p-138785
Bizim Puding Muzlu 120 Gr,8682287362204,37.90,49.90,98717,https://iyas.com.tr/bizim-puding-muzlu-120-gr-98717-p-138783
Bizim Puding Vanilyali 120 Gr,8682287362228,37.90,49.90,95162,https://iyas.com.tr/bizim-puding-vanilyali-120-gr-95162-p-121453
Bizim Sekerli Vanilin 10 Li,8690504645429,19.95,49.90,96669,https://iyas.com.tr/bizim-sekerli-vanilin-10-li-96669-p-138529
Bizim Sekerli Vanilin 5li,8691375645211,12.90,49.90,96670,https://iyas.com.tr/bizim-sekerli-vanilin-5li-96670-p-138530
Bizim Serbest Gez Tavuk Bulyon 120 Gr,8682287361108,54.90,57.50,84514,https://iyas.com.tr/bizim-serbest-gez-tavuk-bulyon-120-gr-84514-p-144697
Bizim Serbest Gezen Tavuk Bulyon 240 Gr,8682287361122,109.90,57.50,84517,https://iyas.com.tr/bizim-serbest-gezen-tavuk-bulyon-240-gr-84517-p-144699
Black Bruin Enerji Icecegi 250 Ml,8683789552421,37.50,81.00,102939,https://iyas.com.tr/black-bruin-enerji-icecegi-250-ml-102939-p-580263
Black Bruin Enerji Icecegi 250 Ml Acai,8698720869612,37.50,81.00,84400,https://iyas.com.tr/black-bruin-enerji-icecegi-250-ml-acai-84400-p-144572
Black Bruin Enerji Icecegi 250 Ml Kahveli,8698720869629,37.50,81.00,80971,https://iyas.com.tr/black-bruin-enerji-icecegi-250-ml-kahveli-80971-p-115094
Black Bruin Enerji Icecegi 250 Ml Mango,8683789552452,37.50,81.00,106137,https://iyas.com.tr/black-bruin-enerji-icecegi-250-ml-mango-106137-p-587084
Black Bruin Enerji Icecegi 250 Ml Mojito Cool Lime,8698720870175,37.50,81.00,91790,https://iyas.com.tr/black-bruin-enerji-icecegi-250-ml-mojito-cool-lime-91790-p-121008
Black Bruin Enerji Icecegi 500 Ml,8683789551127,49.50,81.00,104841,https://iyas.com.tr/black-bruin-enerji-icecegi-500-ml-104841-p-586946
Blade Deodorant 150 Ml Artificial A I 10,8690586020664,179.90,99.90,102118,https://iyas.com.tr/blade-deodorant-150-ml-artificial-a-i-10-102118-p-569161
Blade Deodorant 150 Ml Artificial A I 20,8690586020671,179.90,99.90,102119,https://iyas.com.tr/blade-deodorant-150-ml-artificial-a-i-20-102119-p-569181
Blade Deodorant 150 Ml Men Cool Fresh,8690586018685,179.90,99.90,90018,https://iyas.com.tr/blade-deodorant-150-ml-men-cool-fresh-90018-p-129273
Blade Deodorant 150 Ml Men Deep Chill,8690586018722,179.90,99.90,91375,https://iyas.com.tr/blade-deodorant-150-ml-men-deep-chill-91375-p-146347
Blade Deodorant 150 Ml Men Green Dream,8690586018708,179.90,99.90,90019,https://iyas.com.tr/blade-deodorant-150-ml-men-green-dream-90019-p-133433
Blade Deodorant 150 Ml Men Marine Fresh,8690586018692,179.90,99.90,90056,https://iyas.com.tr/blade-deodorant-150-ml-men-marine-fresh-90056-p-129282
Blade Deodorant 150 Ml Men Mountain Fresh,8690586018715,179.90,99.90,90021,https://iyas.com.tr/blade-deodorant-150-ml-men-mountain-fresh-90021-p-129281
Blade Deodorant 150 Ml Men Self Confidence,8690586018739,179.90,99.90,90020,https://iyas.com.tr/blade-deodorant-150-ml-men-self-confidence-90020-p-133443
Blade Edt 100 Ml Men Kofre Cooler,8690586015646,499.50,149.90,46531,https://iyas.com.tr/blade-edt-100-ml-men-kofre-cooler-46531-p-126518
Blade Edt 70 Ml Cool Fresh,8690586019552,499.90,149.90,101941,https://iyas.com.tr/blade-edt-70-ml-cool-fresh-101941-p-579052
Blade Edt 70 Ml Deep Chill,8690586019569,499.90,149.90,101942,https://iyas.com.tr/blade-edt-70-ml-deep-chill-101942-p-579060
Blendax Sampuan 500 Ml Badem Yagi Ozlu,8690572798195,139.90,99.90,98958,https://iyas.com.tr/blendax-sampuan-500-ml-badem-yagi-ozlu-98958-p-143160
Blendax Sampuan 500 Ml Erkek Mentol Ferahligi,8690572798553,139.90,99.90,81031,https://iyas.com.tr/blendax-sampuan-500-ml-erkek-mentol-ferahligi-81031-p-123383
Blendax Sampuan 500 Ml Isirgan Ozlu,8690572798157,139.90,99.90,84179,https://iyas.com.tr/blendax-sampuan-500-ml-isirgan-ozlu-84179-p-127675
Blendax Sampuan 500 Ml Kepege Karsi Erkek 4 U 1 Arad,8690572805695,99.90,149.90,93626,https://iyas.com.tr/blendax-sampuan-500-ml-kepege-karsi-erkek-4-u-1-arad-93626-p-138153
Blendax Sampuan 500 Ml Kepege Karsi Etkili Normal,8690572806074,99.90,149.90,98863,https://iyas.com.tr/blendax-sampuan-500-ml-kepege-karsi-etkili-normal-98863-p-143065
Blendax Sampuan 500 Ml Kiraz Cicegi,8690572798355,99.90,149.90,99028,https://iyas.com.tr/blendax-sampuan-500-ml-kiraz-cicegi-99028-p-147337
Blendax Sampuan 500 Ml Yasemin Ozlu,8690572798270,99.90,149.90,84180,https://iyas.com.tr/blendax-sampuan-500-ml-yasemin-ozlu-84180-p-127676
Bogatepe Kars Gravyer Kilo,2201184,1245.00,379.00,115126,https://iyas.com.tr/bogatepe-kars-gravyer-kilo-115126-p-596282
Bolca Food Milfoy 1000 Gr,8696056100058,149.00,279.00,109771,https://iyas.com.tr/bolca-food-milfoy-1000-gr-109771-p-596603
Bolca Manti 1000 Gr,8696056104131,159.00,28.90,114273,https://iyas.com.tr/bolca-manti-1000-gr-114273-p-596617
Bonhair 140 Ml Cok Sert Jole Ultra Hard,8690021108063,49.90,21.00,85599,https://iyas.com.tr/bonhair-140-ml-cok-sert-jole-ultra-hard-85599-p-140533
Bonhair 140 Ml Extra Sert Jole,8690021108049,49.90,21.00,90478,https://iyas.com.tr/bonhair-140-ml-extra-sert-jole-90478-p-125148
Bonhair 500 Ml Jole Profesyonel Extra Sert Klasik,8690021108155,129.90,21.00,80305,https://iyas.com.tr/bonhair-500-ml-jole-profesyonel-extra-sert-klasik-80305-p-123406
Bonhair 700 Ml Jole,8690021208091,179.90,21.00,92065,https://iyas.com.tr/bonhair-700-ml-jole-92065-p-121152
Bonhair 700 Ml Jole Axy Gum Jel,8690021208107,229.90,149.90,102090,https://iyas.com.tr/bonhair-700-ml-jole-axy-gum-jel-102090-p-580612
Bonhair Vazelin 100 Ml Rose,8690021105185,99.90,239.90,113080,https://iyas.com.tr/bonhair-vazelin-100-ml-rose-113080-p-597047
Bonhair Vazelin 100 Ml Vanilla,8690021105178,99.90,239.90,113081,https://iyas.com.tr/bonhair-vazelin-100-ml-vanilla-113081-p-597049
Br Clay Face Mask 400 Gr Charcoal,8680057222697,119.90,109.90,108577,https://iyas.com.tr/br-clay-face-mask-400-gr-charcoal-108577-p-597211
Br Clay Face Mask 400 Gr Forest Fruits,8680057222680,129.90,109.90,108578,https://iyas.com.tr/br-clay-face-mask-400-gr-forest-fruits-108578-p-596999
Bref Dixi Yuzey Temizleyici 2 5 Lt Cam,9000101591446,174.90,69.90,94825,https://iyas.com.tr/bref-dixi-yuzey-temizleyici-2-5-lt-cam-94825-p-146772
Bref Dixi Yuzey Temizleyici 2 5 Lt Gul,9000101591460,174.90,69.90,94824,https://iyas.com.tr/bref-dixi-yuzey-temizleyici-2-5-lt-gul-94824-p-146771
Bref Dixi Yuzey Temizleyici 2 5 Lt Lavanta Orkide,9000101591422,174.90,69.90,95207,https://iyas.com.tr/bref-dixi-yuzey-temizleyici-2-5-lt-lavanta-orkide-95207-p-121498
Bref Wc Brilliant Jel 2x42 Gr Cicek,9000101509540,159.90,69.90,86716,https://iyas.com.tr/bref-wc-brilliant-jel-2x42-gr-cicek-86716-p-124960
Bref Wc Brilliant Jel 2x42 Gr Okyanus Duopack,9000101509366,159.90,69.90,92615,https://iyas.com.tr/bref-wc-brilliant-jel-2x42-gr-okyanus-duopack-92615-p-133871
Bref Wc Brilliant Jel 42 Gr Okyanus Singlepack,9000101508598,84.90,69.90,92616,https://iyas.com.tr/bref-wc-brilliant-jel-42-gr-okyanus-singlepack-92616-p-133872
Bref Wc Deluxe 50 Gr Manolya,9000101417081,89.90,69.90,77001,https://iyas.com.tr/bref-wc-deluxe-50-gr-manolya-77001-p-141029
Bref Wc Jel 700 Ml Flower Cam,9000101311778,159.90,69.90,85676,https://iyas.com.tr/bref-wc-jel-700-ml-flower-cam-85676-p-115365
Bref Wc Power Aktiv 100 Gr Duo Pack Flower,9000101849592,119.90,89.90,114920,https://iyas.com.tr/bref-wc-power-aktiv-100-gr-duo-pack-flower-114920-p-597927
Bref Wc Power Aktiv 100 Gr Duo Pack Lavanta,9000100956154,119.90,89.90,98504,https://iyas.com.tr/bref-wc-power-aktiv-100-gr-duo-pack-lavanta-98504-p-130324
Bref Wc Power Aktiv 100 Gr Duo Pack Limon,9000100656832,119.90,89.90,53377,https://iyas.com.tr/bref-wc-power-aktiv-100-gr-duo-pack-limon-53377-p-118149
Bref Wc Power Aktiv 100 Gr Duo Pack Okyanus,9000101821161,119.90,89.90,104035,https://iyas.com.tr/bref-wc-power-aktiv-100-gr-duo-pack-okyanus-104035-p-579651
Bref Wc Temizleme 100 Gr Deluxe Yasemin,9000101820362,129.90,129.90,112165,https://iyas.com.tr/bref-wc-temizleme-100-gr-deluxe-yasemin-112165-p-597030
Brokoli Kilo,2201052,120.00,99.90,2904,https://iyas.com.tr/brokoli-kilo-2904-p-123051
Bubblicious Sakiz 38 Gr Cilekli,7622210479563,36.00,79.50,61747,https://iyas.com.tr/bubblicious-sakiz-38-gr-cilekli-61747-p-122890
Bubblicious Sakiz 38 Gr Karisik Meyveli,7622210479525,36.00,79.50,61746,https://iyas.com.tr/bubblicious-sakiz-38-gr-karisik-meyveli-61746-p-122863
Bunsa Galate Unu Kutulu 400 Gr,8690547000711,54.90,169.00,3112,https://iyas.com.tr/bunsa-galate-unu-kutulu-400-gr-3112-p-115227
Bunsa Misir Unu Kutulu 400 Gr,8690547000674,44.90,169.00,3113,https://iyas.com.tr/bunsa-misir-unu-kutulu-400-gr-3113-p-136315
Burcu Barbunya Haslama 800 Gr,8691573028274,69.90,59.90,38932,https://iyas.com.tr/burcu-barbunya-haslama-800-gr-38932-p-130805
Burcu Barbunya Pilaki 400 Gr,8691573017193,54.90,142.50,38914,https://iyas.com.tr/burcu-barbunya-pilaki-400-gr-38914-p-130788
Burcu Bezelye 570 Cc,8691573006418,59.90,59.90,42337,https://iyas.com.tr/burcu-bezelye-570-cc-42337-p-130785
Burcu Bezelye Teneke 830 Gr,8691573005275,64.90,59.90,38593,https://iyas.com.tr/burcu-bezelye-teneke-830-gr-38593-p-130784
Burcu Biber Dolma 400 Gr,8691573022197,110.00,59.90,94335,https://iyas.com.tr/burcu-biber-dolma-400-gr-94335-p-134014
Burcu Biber Salcasi 1500 Gr Aci Etp Cam,8691573081354,279.00,59.90,59517,https://iyas.com.tr/burcu-biber-salcasi-1500-gr-aci-etp-cam-59517-p-139166
Burcu Biber Salcasi 1500 Gr Tatli Etp Cam,8691573071355,279.00,59.90,59518,https://iyas.com.tr/burcu-biber-salcasi-1500-gr-tatli-etp-cam-59518-p-139167
Burcu Biber Salcasi 600 Gr Aci Etp,8691573004339,110.00,59.90,38895,https://iyas.com.tr/burcu-biber-salcasi-600-gr-aci-etp-38895-p-139168
Burcu Biber Salcasi 600 Gr Tatli Etp,8691573004346,110.00,59.90,38894,https://iyas.com.tr/burcu-biber-salcasi-600-gr-tatli-etp-38894-p-139169
Burcu Domates Salcasi 200 Gr,8691573001215,29.90,59.90,65155,https://iyas.com.tr/burcu-domates-salcasi-200-gr-65155-p-139170
Burcu Domates Salcasi 410 Gr,8691573001192,49.90,59.90,36673,https://iyas.com.tr/burcu-domates-salcasi-410-gr-36673-p-139171
Burcu Domates Salcasi 830 Gr,8691573001277,94.90,59.90,38887,https://iyas.com.tr/burcu-domates-salcasi-830-gr-38887-p-139174
Burcu Fasulye Haslama 600 Gr,8691573029400,64.90,59.90,99562,https://iyas.com.tr/burcu-fasulye-haslama-600-gr-99562-p-130490
Burcu Fasulye Haslama 800 Gr,8691573029271,64.90,59.90,38933,https://iyas.com.tr/burcu-fasulye-haslama-800-gr-38933-p-130794
Burcu Fasulye Pilaki 400 Gr,8691573018190,49.90,59.90,38915,https://iyas.com.tr/burcu-fasulye-pilaki-400-gr-38915-p-130797
Burcu Garnitur Konservesi 570 Cc,8691573011269,59.90,99.50,38902,https://iyas.com.tr/burcu-garnitur-konservesi-570-cc-38902-p-130783
Burcu Ketcap 250 Gr Aci,8691573073274,34.90,59.90,38937,https://iyas.com.tr/burcu-ketcap-250-gr-aci-38937-p-132126
Burcu Ketcap 650 Gr,8691573071133,49.90,59.90,86944,https://iyas.com.tr/burcu-ketcap-650-gr-86944-p-133323
Burcu Ketcap 650 Gr Aci,8691573071065,49.90,59.90,86945,https://iyas.com.tr/burcu-ketcap-650-gr-aci-86945-p-133395
Burcu Kozlenmis Patlican 540 Cc,8691573012570,64.90,59.90,38908,https://iyas.com.tr/burcu-kozlenmis-patlican-540-cc-38908-p-135871
Burcu Mayonez 220 Gr,8691573074226,34.90,59.90,38938,https://iyas.com.tr/burcu-mayonez-220-gr-38938-p-140394
Burcu Mayonez 550 Gr,8691573071157,59.90,39.90,86946,https://iyas.com.tr/burcu-mayonez-550-gr-86946-p-133370
Burcu Misir Konservesi 3x200 Gr,8691573337314,99.90,79.90,45059,https://iyas.com.tr/burcu-misir-konservesi-3x200-gr-45059-p-135872
Burcu Nohut Haslama 600 Gr,8691573030321,64.90,59.90,99563,https://iyas.com.tr/burcu-nohut-haslama-600-gr-99563-p-130491
Burcu Patlican Kizartma 400 Gr,8691573026195,79.90,142.50,94334,https://iyas.com.tr/burcu-patlican-kizartma-400-gr-94334-p-117178
Burcu Patlican Salatasi 560 Cc,8691573012587,74.90,59.90,38909,https://iyas.com.tr/burcu-patlican-salatasi-560-cc-38909-p-113901
Burcu Sumakli Patlican Dolma 200 Gr,8691573091094,84.90,279.00,107083,https://iyas.com.tr/burcu-sumakli-patlican-dolma-200-gr-107083-p-596763
Burcu Yaprak Sarma 200 Gr,8691573071591,94.90,142.50,104545,https://iyas.com.tr/burcu-yaprak-sarma-200-gr-104545-p-588100
Burcu Yaprak Sarma 400 Gr,8691573023194,134.90,59.90,38927,https://iyas.com.tr/burcu-yaprak-sarma-400-gr-38927-p-130804
Burcu Zeytinyagli Enginar 200 Gr,8691573071621,49.90,59.90,107082,https://iyas.com.tr/burcu-zeytinyagli-enginar-200-gr-107082-p-596443
Buremis Gullac 250 Gr,8690877033113,159.90,99.90,56178,https://iyas.com.tr/buremis-gullac-250-gr-56178-p-138971
Buremis Ogun Kemalpasa 125 Gr,8690877021158,39.90,99.90,54693,https://iyas.com.tr/buremis-ogun-kemalpasa-125-gr-54693-p-138950
Burn 250 Ml Original,5061013960922,69.50,81.00,102207,https://iyas.com.tr/burn-250-ml-original-102207-p-580171
Burn 500 Ml Original,5061013960892,89.50,81.00,102226,https://iyas.com.tr/burn-500-ml-original-102226-p-580958
Buzzbar Buz Kupleri 1000 Gr,8684556785110,39.90,279.00,109425,https://iyas.com.tr/buzzbar-buz-kupleri-1000-gr-109425-p-588023
C Arley Dinamik Matte Dipliner,8683220510072,64.90,21.00,110037,https://iyas.com.tr/c-arley-dinamik-matte-dipliner-110037-p-598412
Caf Crown Latte Sutlu Kopuklu Hazir Kahve 17 Gr,8690504095569,12.90,89.50,40798,https://iyas.com.tr/caf-crown-latte-sutlu-kopuklu-hazir-kahve-17-gr-40798-p-118479
Caldion 50 Ml Bayan Edt 150 Ml Deodorant Kofre,8690973027429,499.90,329.90,54861,https://iyas.com.tr/caldion-50-ml-bayan-edt-150-ml-deodorant-kofre-54861-p-123640
Caldion Deodorant 150 Ml For Men,8690973030412,89.90,149.90,6230,https://iyas.com.tr/caldion-deodorant-150-ml-for-men-6230-p-126565
Caldion Deodorant 150 Ml For Women,8690973050519,89.90,149.90,96885,https://iyas.com.tr/caldion-deodorant-150-ml-for-women-96885-p-142880
Caldion Deodorant 150 Ml Night For Men,8690973030481,89.90,149.90,6228,https://iyas.com.tr/caldion-deodorant-150-ml-night-for-men-6228-p-143310
Caldion Edt 100 Ml Bayan Deodorant Karton,8690973028044,649.90,499.90,28822,https://iyas.com.tr/caldion-edt-100-ml-bayan-deodorant-karton-28822-p-134963
Caldion Edt Erkek Parfumu 50 Ml Deodorant 150 Ml,8690973027436,499.90,329.90,92912,https://iyas.com.tr/caldion-edt-erkek-parfumu-50-ml-deodorant-150-ml-92912-p-138040
Caldion Night Bayan Edt Deodorant Kofre,8690973028082,649.90,499.90,40802,https://iyas.com.tr/caldion-night-bayan-edt-deodorant-kofre-40802-p-134960
Calgon Tablet 40 Li,8690570527698,599.90,74.90,34977,https://iyas.com.tr/calgon-tablet-40-li-34977-p-114115
Calgon Toz 250 Gr Makarna Kir Onleyici Ultra 41,8682539004760,179.90,74.90,94092,https://iyas.com.tr/calgon-toz-250-gr-makarna-kir-onleyici-ultra-41-94092-p-142506
Calgon Ultra 41 Arada 750 Gr Kirec Onleyici,8682539004784,429.90,74.90,94566,https://iyas.com.tr/calgon-ultra-41-arada-750-gr-kirec-onleyici-94566-p-117261
Calnis Suzme Yogurt Kilo,2201034,149.00,139.00,102456,https://iyas.com.tr/calnis-suzme-yogurt-kilo-102456-p-581022
Calve Aci Sos 265 Gr,8690637833847,129.50,99.50,98555,https://iyas.com.tr/calve-aci-sos-265-gr-98555-p-130375
Calve Ketcap 430 Gr Acili,8690637840746,99.50,75.00,98245,https://iyas.com.tr/calve-ketcap-430-gr-acili-98245-p-121849
Calve Ketcap 430 Gr Tatli,8690637840821,99.50,75.00,98247,https://iyas.com.tr/calve-ketcap-430-gr-tatli-98247-p-121851
Calve Ketcap 610 Gr Aci,8690637905896,125.00,59.90,75233,https://iyas.com.tr/calve-ketcap-610-gr-aci-75233-p-135108
Calve Ketcap 610 Gr Tatli,8690637905193,125.00,59.90,74936,https://iyas.com.tr/calve-ketcap-610-gr-tatli-74936-p-135093
Calve Mayonez 240 Gr Jalapeno Cheddar,8683130088715,147.50,59.90,106685,https://iyas.com.tr/calve-mayonez-240-gr-jalapeno-cheddar-106685-p-596576
Calve Mayonez 380 Gr Regular,8690637840777,135.00,59.90,98250,https://iyas.com.tr/calve-mayonez-380-gr-regular-98250-p-121854
Calve Set Acisiz Ketcap 610 Gr Light Mayonez 380 Gr,8683130115992,199.90,119.90,110238,https://iyas.com.tr/calve-set-acisiz-ketcap-610-gr-light-mayonez-380-gr-110238-p-598414
Calve Set Ketcap 430 Gr Mayonez 380 Gr Tatli,8690637508615,189.90,59.90,96110,https://iyas.com.tr/calve-set-ketcap-430-gr-mayonez-380-gr-tatli-96110-p-117472
Calve Set Ketcap 610 Gr Mayonez 540 Gr Aci,8690637508639,249.90,59.90,96113,https://iyas.com.tr/calve-set-ketcap-610-gr-mayonez-540-gr-aci-96113-p-117475
Calve Sos Barbeku 290 Gr,8690637805219,129.50,99.50,98556,https://iyas.com.tr/calve-sos-barbeku-290-gr-98556-p-130376
Calve Sos Cheddar 240 Gr,8690637921100,129.50,99.50,76166,https://iyas.com.tr/calve-sos-cheddar-240-gr-76166-p-135109
Calve Sos Cheetos 240 Gr,8683130135242,139.50,59.90,113255,https://iyas.com.tr/calve-sos-cheetos-240-gr-113255-p-596665
Calve Sos Kori 260 Gr,8690637953293,129.50,99.50,78577,https://iyas.com.tr/calve-sos-kori-260-gr-78577-p-139138
Calve Sos Peri Peri Aci 245 Gr,8683130067673,129.50,99.50,99648,https://iyas.com.tr/calve-sos-peri-peri-aci-245-gr-99648-p-134691
Calve Sos Ranch 245 Gr,8683130067796,129.50,99.50,99758,https://iyas.com.tr/calve-sos-ranch-245-gr-99758-p-134782
Cam Sakizi,8690625010014,74.90,21.00,6243,https://iyas.com.tr/cam-sakizi-6243-p-123259
Camlica 15 Lt Gazoz,8690504525127,57.90,81.00,25201,https://iyas.com.tr/camlica-15-lt-gazoz-25201-p-122549
Camlica 200 Ml Gazoz,8690504525011,23.50,81.00,24451,https://iyas.com.tr/camlica-200-ml-gazoz-24451-p-118481
Camlica 200 Ml Meyveli Limonlu,8690504518600,23.50,81.00,24448,https://iyas.com.tr/camlica-200-ml-meyveli-limonlu-24448-p-122547
Camlica 25 Lt Gazoz,8690504525141,74.90,81.00,25202,https://iyas.com.tr/camlica-25-lt-gazoz-25202-p-122551
Camlica 25 Lt Portakal,8690504519133,74.90,81.00,25198,https://iyas.com.tr/camlica-25-lt-portakal-25198-p-122552
Camlica 330 Ml Portakal,8697520105050,39.90,81.00,99488,https://iyas.com.tr/camlica-330-ml-portakal-99488-p-130415
Camlica 330 Ml Sade,8690504525042,39.90,81.00,94797,https://iyas.com.tr/camlica-330-ml-sade-94797-p-142649
Camlica Frambuaz Aromali Pet Sise Gazoz 250 Ml,8697520525599,23.50,81.00,86744,https://iyas.com.tr/camlica-frambuaz-aromali-pet-sise-gazoz-250-ml-86744-p-125006
Camlica Por 1 5 Lt,8690504519119,57.90,81.00,25197,https://iyas.com.tr/camlica-por-1-5-lt-25197-p-122550
Camsil 2 Lt Yuzey Temizlik Ahsap Cila Par,8690546614346,109.90,69.90,92251,https://iyas.com.tr/camsil-2-lt-yuzey-temizlik-ahsap-cila-par-92251-p-125349
Camsil 2 Lt Yuzey Temizlik Floral,8690546614308,109.90,69.90,92247,https://iyas.com.tr/camsil-2-lt-yuzey-temizlik-floral-92247-p-125345
Camsil 2 Lt Yuzey Temizlik Sirkeli Dagal Par,8690546614377,94.90,69.90,92252,https://iyas.com.tr/camsil-2-lt-yuzey-temizlik-sirkeli-dagal-par-92252-p-125350
Camsil 2 Lt Yuzey Temizlik Vanilya,8690546614322,89.90,69.90,92249,https://iyas.com.tr/camsil-2-lt-yuzey-temizlik-vanilya-92249-p-125347
Camsil 500 Ml Sprey Mavi Orjinal,8690546210258,69.90,69.90,81324,https://iyas.com.tr/camsil-500-ml-sprey-mavi-orjinal-81324-p-127810
Camsil 500 Ml Sprey Sirkeli,8690546611888,69.90,69.90,81325,https://iyas.com.tr/camsil-500-ml-sprey-sirkeli-81325-p-127811
Camsil 500 Ml Sprey Toz Al Silikonlu,8690546612595,79.90,69.90,84187,https://iyas.com.tr/camsil-500-ml-sprey-toz-al-silikonlu-84187-p-127814
Camsil Matik 500 Ml Pusk Yedek,8690546612472,134.90,109.90,96683,https://iyas.com.tr/camsil-matik-500-ml-pusk-yedek-96683-p-138543
Camsil Matik Yuzey Temizleyici 1000 G,8690546210012,74.90,69.90,3523,https://iyas.com.tr/camsil-matik-yuzey-temizleyici-1000-g-3523-p-143481
Canbebe Firsat Paket 2 Mini 68li,8690742162993,279.90,599.90,80090,https://iyas.com.tr/canbebe-firsat-paket-2-mini-68li-80090-p-140250
Canbebe Firsat Paket 3 Midi 56 Li,8690742151881,279.90,599.90,63148,https://iyas.com.tr/canbebe-firsat-paket-3-midi-56-li-63148-p-140219
Canbebe Firsat Paket 4 Maxi 52 Li,8690742151898,279.90,599.90,63149,https://iyas.com.tr/canbebe-firsat-paket-4-maxi-52-li-63149-p-140167
Canbebe Firsat Paket 6 Xl 32li,8690742152109,279.90,599.90,69608,https://iyas.com.tr/canbebe-firsat-paket-6-xl-32li-69608-p-140220
Canbebe Islak Havlu 56x3 Lu Pk,8690742400330,99.90,369.90,57455a,https://iyas.com.tr/canbebe-islak-havlu-56x3-lu-pk-57455a-p-595665
Canped Belbantli Hasta Bezi Nbuyuk 7 Li,8690742310103,279.90,179.90,3589,https://iyas.com.tr/canped-belbantli-hasta-bezi-nbuyuk-7-li-3589-p-114496
Canped Belbantli Hasta Bezii Ngece Buyuk 7 Li,8690742310110,319.90,179.90,3591,https://iyas.com.tr/canped-belbantli-hasta-bezii-ngece-buyuk-7-li-3591-p-136061
Canped Belbantli Hazir Bezi Eko Orta Boy 18li,8690742310233,529.90,179.90,42761,https://iyas.com.tr/canped-belbantli-hazir-bezi-eko-orta-boy-18li-42761-p-114500
Canped Emici Kulot Buyuk 8li,8690742310677,259.90,179.90,96692,https://iyas.com.tr/canped-emici-kulot-buyuk-8li-96692-p-138552
Canped Emici Kulot Kucuk 9 Lu,8690742330958,259.90,179.90,99737,https://iyas.com.tr/canped-emici-kulot-kucuk-9-lu-99737-p-134779
Canped Emici Kulot Orta 9 Lu M,8690742330620,259.90,179.90,96694,https://iyas.com.tr/canped-emici-kulot-orta-9-lu-m-96694-p-138554
Canped Hasta Bezi Anatomik Normal Buyuk,8690742300050,249.90,179.90,3596,https://iyas.com.tr/canped-hasta-bezi-anatomik-normal-buyuk-3596-p-136073
Canped Hasta Bezi Anatomik Orta Normal,8690742300067,249.90,179.90,3597,https://iyas.com.tr/canped-hasta-bezi-anatomik-orta-normal-3597-p-114508
Canped Mesane Pedi 10 Lu M Orta,8690742310929,189.90,139.90,96696,https://iyas.com.tr/canped-mesane-pedi-10-lu-m-orta-96696-p-138556
Canped Mesane Pedi 10lu L Buyuk,8690742310943,189.90,139.90,3600,https://iyas.com.tr/canped-mesane-pedi-10lu-l-buyuk-3600-p-131283
Canped Mesane Pedi 20li L Yogun,8690742330385,339.90,279.90,80269,https://iyas.com.tr/canped-mesane-pedi-20li-l-yogun-80269-p-136067
Canped Mesane Pedi 20li M Normal,8690742330378,339.90,279.90,80270,https://iyas.com.tr/canped-mesane-pedi-20li-m-normal-80270-p-136068
Canped Mesane Pedi Erkek 8 Li,5411416029397,189.90,179.90,57007,https://iyas.com.tr/canped-mesane-pedi-erkek-8-li-57007-p-131299
Canped Mesane Pedi Ultra Buyuk Boy 10lu,5411416048138,199.90,179.90,69697,https://iyas.com.tr/canped-mesane-pedi-ultra-buyuk-boy-10lu-69697-p-131284
Canped Mesane Pedi Ultra Orta Boy 12li,5411416048114,199.90,179.90,69696,https://iyas.com.tr/canped-mesane-pedi-ultra-orta-boy-12li-69696-p-131285
Canped Polietilen Buyuk 30 Lu,8690742310257,949.90,179.90,60348,https://iyas.com.tr/canped-polietilen-buyuk-30-lu-60348-p-114491
Canped Vucut Temizleme Mendili 48li,8690742400378,99.90,89.90,89515,https://iyas.com.tr/canped-vucut-temizleme-mendili-48li-89515-p-137631
Canped Yatak Koruyucu Ortu 30li,8690742310264,399.90,179.90,93821,https://iyas.com.tr/canped-yatak-koruyucu-ortu-30li-93821-p-138263
Cappy 200 Ml Atom,40822600,17.50,99.90,48769,https://iyas.com.tr/cappy-200-ml-atom-48769-p-118373
Cappy 200 Ml Karisik,90338588,17.50,99.90,3622,https://iyas.com.tr/cappy-200-ml-karisik-3622-p-118374
Cappy 200 Ml Kayisi,90495526,17.50,99.90,96698,https://iyas.com.tr/cappy-200-ml-kayisi-96698-p-138558
Cappy 200 Ml Portakal,90495434,17.50,99.90,3625,https://iyas.com.tr/cappy-200-ml-portakal-3625-p-118376
Cappy 200 Ml Seftali,90495489,17.50,99.90,3626,https://iyas.com.tr/cappy-200-ml-seftali-3626-p-118377
Cappy 330 Ml Meyve Suyu Atom,5449000200136,55.00,99.90,54903,https://iyas.com.tr/cappy-330-ml-meyve-suyu-atom-54903-p-135239
Cappy 330 Ml Meyve Suyu Karisik,5449000046048,55.00,99.90,3631,https://iyas.com.tr/cappy-330-ml-meyve-suyu-karisik-3631-p-135238
Cappy 330 Ml Meyve Suyu Portakal,5000112669619,55.00,99.90,100737,https://iyas.com.tr/cappy-330-ml-meyve-suyu-portakal-100737-p-579541
Cappy 330 Ml Meyve Suyu Seftali,5449000021588,55.00,99.90,3637,https://iyas.com.tr/cappy-330-ml-meyve-suyu-seftali-3637-p-135240
Cappy 330 Ml Meyve Suyu Visne,5000112669602,55.00,99.90,103196,https://iyas.com.tr/cappy-330-ml-meyve-suyu-visne-103196-p-579977
Cappy Meyve Suyu 11 Atom,5449000070944,69.90,99.90,48770,https://iyas.com.tr/cappy-meyve-suyu-11-atom-48770-p-135230
Cappy Meyve Suyu 11 Eksi Elma,5449000293237,69.90,99.90,85548,https://iyas.com.tr/cappy-meyve-suyu-11-eksi-elma-85548-p-127888
Cappy Meyve Suyu 11 N Karisik,5449000033109,69.90,99.90,3610,https://iyas.com.tr/cappy-meyve-suyu-11-n-karisik-3610-p-122596
Cappy Meyve Suyu 11 N Kayisi,5449000021618,69.90,99.90,96697,https://iyas.com.tr/cappy-meyve-suyu-11-n-kayisi-96697-p-138557
Cappy Meyve Suyu 11 N Portakal,5449000051776,69.90,99.90,3612,https://iyas.com.tr/cappy-meyve-suyu-11-n-portakal-3612-p-135232
Cappy Meyve Suyu 11 N Seftali,5449000021595,69.90,99.90,3615,https://iyas.com.tr/cappy-meyve-suyu-11-n-seftali-3615-p-135233
Cappy Meyve Suyu 11 Visneli,5449000248541,69.90,99.90,46423,https://iyas.com.tr/cappy-meyve-suyu-11-visneli-46423-p-122111
Cappy Owb 250 Ml Cam Sise Karisik,90331978,65.00,99.90,75470,https://iyas.com.tr/cappy-owb-250-ml-cam-sise-karisik-75470-p-135282
Cappy Owb 250 Ml Cam Sise Seftali,90331985,65.00,99.90,75469,https://iyas.com.tr/cappy-owb-250-ml-cam-sise-seftali-75469-p-135281
Cappy Owb 250 Ml Cam Sise Visne,90331992,65.00,99.90,75468,https://iyas.com.tr/cappy-owb-250-ml-cam-sise-visne-75468-p-135280
Cappy Pet 1 Lt Meyve Tanem Karisik,5000112666113,76.00,99.90,102225,https://iyas.com.tr/cappy-pet-1-lt-meyve-tanem-karisik-102225-p-580524
Cappy Pet 1 Lt Meyve Tanem Seftali,5000112666106,76.00,99.90,102941,https://iyas.com.tr/cappy-pet-1-lt-meyve-tanem-seftali-102941-p-580441
Cappy Pet 1 Lt Portakal,5000112664522,76.00,99.90,101506,https://iyas.com.tr/cappy-pet-1-lt-portakal-101506-p-580603
Cappy Pulpy 330 Ml Portakal,54022553,45.00,99.90,101238,https://iyas.com.tr/cappy-pulpy-330-ml-portakal-101238-p-580948
Carefree Mini Ped Breat Fresh 20li,3574660067613,59.90,179.90,15557,https://iyas.com.tr/carefree-mini-ped-breat-fresh-20li-15557-p-114422
Carefree Mini Ped Maxi Large 20li,3574660039559,69.90,179.90,15559,https://iyas.com.tr/carefree-mini-ped-maxi-large-20li-15559-p-114413
Carefree Normal Cotton Parfumsuz 100lu,3574661690360,149.90,179.90,93567,https://iyas.com.tr/carefree-normal-cotton-parfumsuz-100lu-93567-p-133977
Carefree Organic Coton 30lu Ped,3574661651538,99.90,179.90,93565,https://iyas.com.tr/carefree-organic-coton-30lu-ped-93565-p-133975
Carefree Organic Long 24 Lu,3574661651569,99.90,179.90,93600,https://iyas.com.tr/carefree-organic-long-24-lu-93600-p-134010
Carelly Seyehat Seti Cr 3110,8681689931100,109.90,149.90,113326,https://iyas.com.tr/carelly-seyehat-seti-cr-3110-113326-p-598250
Carkifelek Paket,2301604,149.90,49.90,106447,https://iyas.com.tr/carkifelek-paket-106447-p-587310
Carmina Classic Edt Kofre,8690973371348,499.90,149.90,57135,https://iyas.com.tr/carmina-classic-edt-kofre-57135-p-134959
Carte Dor 800 Ml Nd Sel Meyve Soleni Yeni,8683130084830,295.00,245.00,103422,https://iyas.com.tr/carte-dor-800-ml-nd-sel-meyve-soleni-yeni-103422-p-580369
Carte Dor 800 Ml Selection Cikolata Karn Yeni,8683130084816,295.00,245.00,103423,https://iyas.com.tr/carte-dor-800-ml-selection-cikolata-karn-yeni-103423-p-580796
Carte Dor 800 Ml Selection Cilek Milfoy,8683130134030,295.00,245.00,114325,https://iyas.com.tr/carte-dor-800-ml-selection-cilek-milfoy-114325-p-596702
Carte Dor 800 Ml Selection Patisserie,8683130068571,295.00,245.00,100775,https://iyas.com.tr/carte-dor-800-ml-selection-patisserie-100775-p-580245
Carte Dor 800 Ml Selection Profiterol,8683130134023,295.00,245.00,114324,https://iyas.com.tr/carte-dor-800-ml-selection-profiterol-114324-p-596640
Carte Dor 850 Ml Balbad Vani Karam,8683130044896,275.00,100.00,93428,https://iyas.com.tr/carte-dor-850-ml-balbad-vani-karam-93428-p-129738
Carte Dor 850 Ml Bitt Kaymak Fistik,8683130102459,275.00,100.00,98892,https://iyas.com.tr/carte-dor-850-ml-bitt-kaymak-fistik-98892-p-143094
Carte Dor 850 Ml Sorbe,8683130134016,275.00,100.00,114323,https://iyas.com.tr/carte-dor-850-ml-sorbe-114323-p-596742
Carte Dor Chunkies 430 Ml Elma,8721274646658,250.00,100.00,115145,https://iyas.com.tr/carte-dor-chunkies-430-ml-elma-115145-p-596804
Carte Dor Chunkies 430 Ml Karamel,8683130096116,250.00,100.00,106332,https://iyas.com.tr/carte-dor-chunkies-430-ml-karamel-106332-p-596759
Carte Dor Chunkies 430 Ml Vanilya,8683130096130,250.00,100.00,106333,https://iyas.com.tr/carte-dor-chunkies-430-ml-vanilya-106333-p-596630
Carte Dor Cls 850 Ml Uclu Cikolata,8683130096970,275.00,100.00,106330,https://iyas.com.tr/carte-dor-cls-850-ml-uclu-cikolata-106330-p-596777
Carte Dor Petite Bar 276 Ml Cikolata,8721274616729,250.00,100.00,114438,https://iyas.com.tr/carte-dor-petite-bar-276-ml-cikolata-114438-p-596681
Carte Dor Petite Bar 276 Ml Karamel,8721274616705,250.00,100.00,114437,https://iyas.com.tr/carte-dor-petite-bar-276-ml-karamel-114437-p-596785
Caykur 42 Nolu Tirebolu 200 Gr,8690105005394,115.00,389.50,65348,https://iyas.com.tr/caykur-42-nolu-tirebolu-200-gr-65348-p-114210
Caykur 42 Nolu Tirebolu 500 Gr,8690105001105,284.50,239.50,35711,https://iyas.com.tr/caykur-42-nolu-tirebolu-500-gr-35711-p-143722
Caykur Altinbas Bardak Poset 40 Gr 20 Li,8690105006674,69.50,389.50,115079,https://iyas.com.tr/caykur-altinbas-bardak-poset-40-gr-20-li-115079-p-596628
Caykur Altinbas Cay 500 Gr,8690105000382,299.50,259.50,3693,https://iyas.com.tr/caykur-altinbas-cay-500-gr-3693-p-117998
Caykur Altinbas Demlik Poset 200 Gr 40li,8690105002973,149.50,389.50,63251,https://iyas.com.tr/caykur-altinbas-demlik-poset-200-gr-40li-63251-p-114252
Caykur Cay Cicegi 200 Gr,8690105001082,95.00,389.50,38847,https://iyas.com.tr/caykur-cay-cicegi-200-gr-38847-p-114226
Caykur Cay Cicegi 500 Gr,8690105000061,233.50,389.50,3695,https://iyas.com.tr/caykur-cay-cicegi-500-gr-3695-p-114227
Caykur Didi 1000 Ml Bergamut,8690105014662,39.50,99.90,103865,https://iyas.com.tr/caykur-didi-1000-ml-bergamut-103865-p-580970
Caykur Didi 1000 Ml Seftali,8690105014648,39.50,99.90,102716,https://iyas.com.tr/caykur-didi-1000-ml-seftali-102716-p-580356
Caykur Didi 1500 Ml Bergamut,8690105014617,49.50,99.90,103487,https://iyas.com.tr/caykur-didi-1500-ml-bergamut-103487-p-580784
Caykur Didi 1500 Ml Seftali,8690105014631,49.50,99.90,102025,https://iyas.com.tr/caykur-didi-1500-ml-seftali-102025-p-575537
Caykur Didi 250 Ml Bergamut,8690105004823,25.00,99.90,61504,https://iyas.com.tr/caykur-didi-250-ml-bergamut-61504-p-122687
Caykur Didi 250 Ml Cilek,8690105014747,25.00,99.90,102508,https://iyas.com.tr/caykur-didi-250-ml-cilek-102508-p-580960
Caykur Didi 250 Ml Seftali,8690105014716,25.00,99.90,102032,https://iyas.com.tr/caykur-didi-250-ml-seftali-102032-p-575514
Caykur Didi 2500 Ml Limon,8690105015348,69.50,57.50,112803,https://iyas.com.tr/caykur-didi-2500-ml-limon-112803-p-596653
Caykur Didi 330 Ml Seftali,8690105014969,26.50,20.00,102031,https://iyas.com.tr/caykur-didi-330-ml-seftali-102031-p-575576
Caykur Didi 500 Ml Seftali,8690105014532,34.50,99.90,102027,https://iyas.com.tr/caykur-didi-500-ml-seftali-102027-p-575513
Caykur Filiz Cay 1000 Gr,8690105004045,459.50,389.50,96701,https://iyas.com.tr/caykur-filiz-cay-1000-gr-96701-p-138561
Caykur Filiz Cay 200 Gr,8690105000863,105.00,389.50,38845,https://iyas.com.tr/caykur-filiz-cay-200-gr-38845-p-114230
Caykur Filiz Cay 500 Gr,8690105003703,239.50,389.50,96702,https://iyas.com.tr/caykur-filiz-cay-500-gr-96702-p-138562
Caykur Kamelya Cay 500 Gr,8690105000184,216.00,389.50,3700,https://iyas.com.tr/caykur-kamelya-cay-500-gr-3700-p-114231
Caykur Mezopotamya Cayi 400 Gr,8690105012750,185.00,389.50,81104,https://iyas.com.tr/caykur-mezopotamya-cayi-400-gr-81104-p-123475
Caykur Poset 200 Gr B P Siyah Suzme Cay,8690105001044,289.50,389.50,27084,https://iyas.com.tr/caykur-poset-200-gr-b-p-siyah-suzme-cay-27084-p-114241
Caykur Poset 50 Gr Siyah Suzme,8690105000979,77.00,389.50,3703,https://iyas.com.tr/caykur-poset-50-gr-siyah-suzme-3703-p-114259
Caykur Rize Turist 1000 Gr,8690105000115,399.50,369.50,3704,https://iyas.com.tr/caykur-rize-turist-1000-gr-3704-p-118009
Caykur Rize Turist 500 Gr,8690105000122,227.50,389.50,3705,https://iyas.com.tr/caykur-rize-turist-500-gr-3705-p-114233
Caykur Rize Turist Cayi 200 Gr,8690105000924,102.00,389.50,38846,https://iyas.com.tr/caykur-rize-turist-cayi-200-gr-38846-p-114232
Caykur Tiryaki Cayi 1000 Gr,8690105000436,389.50,359.50,3706,https://iyas.com.tr/caykur-tiryaki-cayi-1000-gr-3706-p-118008
Caykur Tiryaki Cayi 500 Gr,8690105000719,225.00,389.50,3707,https://iyas.com.tr/caykur-tiryaki-cayi-500-gr-3707-p-114234
Caykur Tomurcuk Cay 125 Gr Teneke,8690105000429,120.00,105.00,3694,https://iyas.com.tr/caykur-tomurcuk-cay-125-gr-teneke-3694-p-143719
Caykur Yaprak Yesil Cay Naneli 200 Gr,8690105001075,215.00,389.50,3708,https://iyas.com.tr/caykur-yaprak-yesil-cay-naneli-200-gr-3708-p-118824
Caykur Yesil Cay Suzme Sade 24x40,8690105001341,59.50,389.50,3714,https://iyas.com.tr/caykur-yesil-cay-suzme-sade-24x40-3714-p-143744
Cebel 1000 Gr Siyah Zeytin,8690100000875,399.00,369.00,113667,https://iyas.com.tr/cebel-1000-gr-siyah-zeytin-113667-p-596318
Cebel 1000 Gr Sofralik Siyah Zeytin,8690100001018,245.00,219.00,110203,https://iyas.com.tr/cebel-1000-gr-sofralik-siyah-zeytin-110203-p-597107
Cebel 1000 Gr Sofralik Siyah Zeytin,8690100000165,319.00,299.00,110204,https://iyas.com.tr/cebel-1000-gr-sofralik-siyah-zeytin-110204-p-597153
Cebel Az Yagli Beyaz Peynir 800 Gr Pls,8697432732795,189.00,379.00,102211,https://iyas.com.tr/cebel-az-yagli-beyaz-peynir-800-gr-pls-102211-p-579636
Cebel Bez Tulum Peyniri T Y 700 Gr,8697432731682,289.00,379.00,80050,https://iyas.com.tr/cebel-bez-tulum-peyniri-t-y-700-gr-80050-p-144213
Cebel Cecil Peyniri 200 Gr,8697432732764,169.00,379.00,95190,https://iyas.com.tr/cebel-cecil-peyniri-200-gr-95190-p-121481
Cebel Cizik Zeytin Acik Kilo,2201026,245.00,229.00,5716,https://iyas.com.tr/cebel-cizik-zeytin-acik-kilo-5716-p-114447
Cebel Kahvaltilik Kasar Peyniri 200 Gr,8697432732399,99.90,379.00,85511,https://iyas.com.tr/cebel-kahvaltilik-kasar-peyniri-200-gr-85511-p-144758
Cebel Kahvaltilik Peynir 600 Gr,8697432732061,249.00,379.00,76205,https://iyas.com.tr/cebel-kahvaltilik-peynir-600-gr-76205-p-139766
Cebel Kasar Peyniri 400 Gr,8691566300028,199.00,189.00,29308,https://iyas.com.tr/cebel-kasar-peyniri-400-gr-29308-p-131515
Cebel Klasik Beyaz Peynir 1 Kg,2203019,299.00,259.00,3723,https://iyas.com.tr/cebel-klasik-beyaz-peynir-1-kg-3723-p-144875
Cebel Klasik Beyaz Peynir 350 Gr,8697432731361,199.00,379.00,56051,https://iyas.com.tr/cebel-klasik-beyaz-peynir-350-gr-56051-p-139779
Cebel Klasik Peynir Kilo,2202019,445.00,379.00,9121,https://iyas.com.tr/cebel-klasik-peynir-kilo-9121-p-139708
Cebel Krem Peynir 200 Gr,8697432732733,84.90,379.00,99614,https://iyas.com.tr/cebel-krem-peynir-200-gr-99614-p-134657
Cebel Krem Peynir 400 Gr,8697432731514,149.00,379.00,61855,https://iyas.com.tr/cebel-krem-peynir-400-gr-61855-p-143975
Cebel Lor Peyniri 500 Gr Vakumlu,8697432731583,59.90,379.00,74945,https://iyas.com.tr/cebel-lor-peyniri-500-gr-vakumlu-74945-p-139719
Cebel Mega Siyah Sele Zeytin Kilo,2201012,395.00,195.00,15273,https://iyas.com.tr/cebel-mega-siyah-sele-zeytin-kilo-15273-p-114463
Cebel Suzme Beyaz Peynir 450 Gr,8697432732665,149.00,139.00,90118,https://iyas.com.tr/cebel-suzme-beyaz-peynir-450-gr-90118-p-133452
Cebel Suzme Yogurt Tam Yagli 900 Gr,8697432730760,174.90,149.00,41918,https://iyas.com.tr/cebel-suzme-yogurt-tam-yagli-900-gr-41918-p-122950
Cebel Tam Yagli Beyaz Peynir 800 Gr Pls,8697432732085,239.00,379.00,76207,https://iyas.com.tr/cebel-tam-yagli-beyaz-peynir-800-gr-pls-76207-p-139735
Cebel Tandir Peyniri 500 Gr,8697432730869,249.00,239.00,3743,https://iyas.com.tr/cebel-tandir-peyniri-500-gr-3743-p-135676
Cebel Tereyagi 1 Kg,8690100200022,759.00,729.00,3745,https://iyas.com.tr/cebel-tereyagi-1-kg-3745-p-118772
Cebel Tereyagi 250 Gr,8690100200046,199.00,599.00,3746,https://iyas.com.tr/cebel-tereyagi-250-gr-3746-p-118779
Cebel Tereyagi 500 Gr,8690100200015,399.00,599.00,3747,https://iyas.com.tr/cebel-tereyagi-500-gr-3747-p-118778
Cebel Tulum Peyniri Corekotlu T Y 800 Gr,8697432732306,349.00,379.00,78525,https://iyas.com.tr/cebel-tulum-peyniri-corekotlu-t-y-800-gr-78525-p-135675
Cebel Tulum Peyniri Kilo,2203021,445.00,379.00,1189,https://iyas.com.tr/cebel-tulum-peyniri-kilo-1189-p-139724
Cebel Tulum Peyniri T Y 400 Gr Corek Otlu,8697432732689,189.00,379.00,92228,https://iyas.com.tr/cebel-tulum-peyniri-t-y-400-gr-corek-otlu-92228-p-121098
Cebel Tulum Peyniri T Y 400 Gr Sade,8697432732672,189.00,379.00,92229,https://iyas.com.tr/cebel-tulum-peyniri-t-y-400-gr-sade-92229-p-121099
Cebel Tulum Peyniri T Y 800 Gr,8697432732283,349.00,379.00,78524,https://iyas.com.tr/cebel-tulum-peyniri-t-y-800-gr-78524-p-135674
Cecile Iris Kadin Deodorant 150 Ml,8698438607681,129.90,149.90,96886,https://iyas.com.tr/cecile-iris-kadin-deodorant-150-ml-96886-p-142881
Cem Kalamata Kirma Yesil Zeytin 900 Gr 110 140,8697409147331,189.00,229.00,103075,https://iyas.com.tr/cem-kalamata-kirma-yesil-zeytin-900-gr-110-140-103075-p-580959
Cem Yesil Kirma Zeytin Kilo,2201004,145.00,59.90,5705,https://iyas.com.tr/cem-yesil-kirma-zeytin-kilo-5705-p-144892
Cerezza Popcorn Super Boy 80 Gr,8690624303490,45.00,74.90,92339,https://iyas.com.tr/cerezza-popcorn-super-boy-80-gr-92339-p-121131
Cevher 10 Kg Iyotlu Tuz,8690292000103,89.00,29.95,111867,https://iyas.com.tr/cevher-10-kg-iyotlu-tuz-111867-p-596467
Cevher 1500 Gr Iyotlu Tuz,8690292000035,24.90,29.95,63253,https://iyas.com.tr/cevher-1500-gr-iyotlu-tuz-63253-p-143757
Cevher 250 Gr Tuzluklu,8690292000561,39.90,29.95,63256,https://iyas.com.tr/cevher-250-gr-tuzluklu-63256-p-131177
Cevher 3000 Gr Iri Salamura Tuz,8690292000059,49.90,29.95,63255,https://iyas.com.tr/cevher-3000-gr-iri-salamura-tuz-63255-p-117936
Cevher 3000 Gr Iyotlu Tuz,8690292000066,49.90,29.95,63254,https://iyas.com.tr/cevher-3000-gr-iyotlu-tuz-63254-p-143758
Cevher 500 Gr Tuzluklu,8690292000554,59.90,29.95,63257,https://iyas.com.tr/cevher-500-gr-tuzluklu-63257-p-143761
Cevher 750 Gr Iyotlu Paket Tuz,8690292020101,12.95,29.95,30226,https://iyas.com.tr/cevher-750-gr-iyotlu-paket-tuz-30226-p-131178
Cheeseburger,2183000551456,290.00,290.00,99691,https://iyas.com.tr/cheeseburger-99691-p-134734
Chupa Chups 15 Gr Fizzy Drinks Portakal,6921211115779,17.50,79.50,114155,https://iyas.com.tr/chupa-chups-15-gr-fizzy-drinks-portakal-114155-p-596743
Chupa Chups 15 Gr Melody Pops Cilek,84196842,17.50,79.50,69078,https://iyas.com.tr/chupa-chups-15-gr-melody-pops-cilek-69078-p-130844
Chupa Chups 15 Gr Melody Pops Cola,6921211117148,17.50,79.50,98844,https://iyas.com.tr/chupa-chups-15-gr-melody-pops-cola-98844-p-138910
Chupa Chups 29 Gr Xxl Trio,8935001723479,20.00,79.50,69083,https://iyas.com.tr/chupa-chups-29-gr-xxl-trio-69083-p-136196
Cif Amonyak Cok Amacli Konsantre Sprey Serum 70 Ml,8683130058053,39.90,32.90,96235,https://iyas.com.tr/cif-amonyak-cok-amacli-konsantre-sprey-serum-70-ml-96235-p-121627
Cif Krem 1500 Ml Amonyakli,8690521048111,189.90,69.90,96704,https://iyas.com.tr/cif-krem-1500-ml-amonyakli-96704-p-138564
Cif Krem 450 Ml Mavi Cam Ferahligi,8690637866081,69.90,69.90,72048,https://iyas.com.tr/cif-krem-450-ml-mavi-cam-ferahligi-72048-p-135051
Cif Krem 500 Ml Amonyakli,8690637068768,59.90,69.90,96707,https://iyas.com.tr/cif-krem-500-ml-amonyakli-96707-p-138567
Cif Krem 500 Ml Gold Amber Kokusu,8683130078501,59.90,69.90,100902,https://iyas.com.tr/cif-krem-500-ml-gold-amber-kokusu-100902-p-580430
Cif Krem 500 Ml Limonlu,8690637069864,59.90,69.90,96710,https://iyas.com.tr/cif-krem-500-ml-limonlu-96710-p-138570
Cif Krem 70 Ml Konsantre Ultra Yag Coz,8683130058046,39.90,32.90,96234,https://iyas.com.tr/cif-krem-70-ml-konsantre-ultra-yag-coz-96234-p-121626
Cif Krem 750 Ml Amonyakli,8690637069826,94.90,69.90,96715,https://iyas.com.tr/cif-krem-750-ml-amonyakli-96715-p-138575
Cif Krem 750 Ml Limonlu,8690637069840,94.90,69.90,96716,https://iyas.com.tr/cif-krem-750-ml-limonlu-96716-p-138576
Cif Krem 750 Ml Sprey Limon Ultra Yag Cozucu,8683130049013,129.90,69.90,92812,https://iyas.com.tr/cif-krem-750-ml-sprey-limon-ultra-yag-cozucu-92812-p-133824
Cif Krem 750 Ml Sprey Yag Kir Leke Cikarici,8683130015537,129.90,69.90,86554,https://iyas.com.tr/cif-krem-750-ml-sprey-yag-kir-leke-cikarici-86554-p-120765
Cif Powershine 750 Ml Banyo,8690637626883,119.90,69.90,47089,https://iyas.com.tr/cif-powershine-750-ml-banyo-47089-p-122294
Cif Powershine 750 Ml Mutfak,8690637626869,119.90,69.90,47090,https://iyas.com.tr/cif-powershine-750-ml-mutfak-47090-p-122295
Cif Tum Yuzeyler 750 Ml Jel Bahar Ferahligi,8690521042805,94.90,69.90,3948,https://iyas.com.tr/cif-tum-yuzeyler-750-ml-jel-bahar-ferahligi-3948-p-122287
Cif Tum Yuzeyler 750 Ml Jel Cicek Ferahligi,8690521042751,94.90,74.90,3925,https://iyas.com.tr/cif-tum-yuzeyler-750-ml-jel-cicek-ferahligi-3925-p-122286
Cif Ultra Guc 750 Ml Aninda Etki,8683130104392,69.90,129.90,106788,https://iyas.com.tr/cif-ultra-guc-750-ml-aninda-etki-106788-p-587402
Cif Ultra Hiz Guc 1000 Ml Kirec Sokucu Banyo,8690637674600,104.90,69.90,94952,https://iyas.com.tr/cif-ultra-hiz-guc-1000-ml-kirec-sokucu-banyo-94952-p-146786
Cif Ultra Hiz Guc 1000 Ml Sprey Mutfak,8690637674570,104.90,69.90,94544,https://iyas.com.tr/cif-ultra-hiz-guc-1000-ml-sprey-mutfak-94544-p-117251
Cif Ultra Hiz Sprey 750 Ml Kirmizi Heryer,8690637901010,99.90,69.90,74562,https://iyas.com.tr/cif-ultra-hiz-sprey-750-ml-kirmizi-heryer-74562-p-139192
Cif Zemin Temizleyici 1 5 Lt Limon,8683130117835,94.90,69.90,109075,https://iyas.com.tr/cif-zemin-temizleyici-1-5-lt-limon-109075-p-597969
Cif Zemin Temizleyici 1 5 Lt Lotus,8683130117828,94.90,69.90,109430,https://iyas.com.tr/cif-zemin-temizleyici-1-5-lt-lotus-109430-p-597899
Ciftci Bakliyat Bulgur 1000 Gr Cig Koftelik,8693374190952,34.90,299.50,114191,https://iyas.com.tr/ciftci-bakliyat-bulgur-1000-gr-cig-koftelik-114191-p-595752
Ciftci Bakliyat Bulgur 1000 Gr Pilavlik,8693374190143,34.90,299.50,105083,https://iyas.com.tr/ciftci-bakliyat-bulgur-1000-gr-pilavlik-105083-p-586967
Ciftci Bakliyat Dermason Fasulye 1000 Gr,8693374190235,75.90,299.50,105082,https://iyas.com.tr/ciftci-bakliyat-dermason-fasulye-1000-gr-105082-p-587112
Ciftci Bakliyat Kirmizi Mercimek 1000 Gr,8693374190556,49.50,299.50,105077,https://iyas.com.tr/ciftci-bakliyat-kirmizi-mercimek-1000-gr-105077-p-586952
Ciftci Bakliyat Kocbasi Nohut 8 Mm 1000 Gr,8693374190242,62.90,299.50,105079,https://iyas.com.tr/ciftci-bakliyat-kocbasi-nohut-8-mm-1000-gr-105079-p-595754
Ciftci Bakliyat Pirinc 1000 Gr Osmancik,8693374190259,79.90,299.50,113787,https://iyas.com.tr/ciftci-bakliyat-pirinc-1000-gr-osmancik-113787-p-596779
Ciftci Bakliyat Yesil Mercimek 1000 Gr,8693374190112,66.90,299.50,105078,https://iyas.com.tr/ciftci-bakliyat-yesil-mercimek-1000-gr-105078-p-586916
Ciftci Koftelik Bulgur 1000 G,8693374190549,34.90,299.50,105084,https://iyas.com.tr/ciftci-koftelik-bulgur-1000-g-105084-p-595753
Cig Koftelik Kiyma Kilo,2204022,1290.00,795.00,15272,https://iyas.com.tr/cig-koftelik-kiyma-kilo-15272-p-114757
Cigkofte 1 Kg Garnitursuz Sos,2183000550350,320.00,160.00,105866,https://iyas.com.tr/cigkofte-1-kg-garnitursuz-sos-105866-p-586635
Cigkoftem Ogrenci Menu,2183000550794,120.00,160.00,105915,https://iyas.com.tr/cigkoftem-ogrenci-menu-105915-p-586648
Cikolatali Buyuk Saray Helvasi 350 Gr,2183000555164,199.90,129.90,114685,https://iyas.com.tr/cikolatali-buyuk-saray-helvasi-350-gr-114685-p-595631
Cikolatali Kucuk Saray Helvasi 170 Gr,2183000555157,99.90,129.90,114684,https://iyas.com.tr/cikolatali-kucuk-saray-helvasi-170-gr-114684-p-595630
Cikolatali Saray Helvasi 1 Kg,2183000555102,379.90,129.90,114679,https://iyas.com.tr/cikolatali-saray-helvasi-1-kg-114679-p-595625
Cikolatali Saray Helvasi 300 Gr,2183000555041,119.90,129.90,114673,https://iyas.com.tr/cikolatali-saray-helvasi-300-gr-114673-p-595619
Cikolatali Saray Helvasi 500 Gr,2183000555072,179.90,129.90,114676,https://iyas.com.tr/cikolatali-saray-helvasi-500-gr-114676-p-595622
Cilek Kilo,2209055,229.90,84.90,4004,https://iyas.com.tr/cilek-kilo-4004-p-127184
Cillit Bang 750 Ml Mutfak Dezenfektan Sprey,8682539002209,159.90,69.90,85966,https://iyas.com.tr/cillit-bang-750-ml-mutfak-dezenfektan-sprey-85966-p-144801
Cillit Bang Kir Sokucu Sprey 750 Ml,8690570522297,119.90,89.90,4012,https://iyas.com.tr/cillit-bang-kir-sokucu-sprey-750-ml-4012-p-143480
Cillit Bang Lavabo Acici Hijyenik Jel 1000 Ml,8682539004135,129.90,74.90,112358,https://iyas.com.tr/cillit-bang-lavabo-acici-hijyenik-jel-1000-ml-112358-p-595839
Cillit Bang Yag Sokucu Sprey 750 Ml,8690570522556,99.90,89.90,4018,https://iyas.com.tr/cillit-bang-yag-sokucu-sprey-750-ml-4018-p-143411
Cin Marul Adet,2301485,119.90,25.00,115300,https://iyas.com.tr/cin-marul-adet-115300-p-597242
Cinar Aci Toz Biber 200 Gr Eko,8691386400533,159.00,29.95,114004,https://iyas.com.tr/cinar-aci-toz-biber-200-gr-eko-114004-p-596514
Cinar Aci Toz Biber 50 Gr,8691386500950,49.90,29.95,69561,https://iyas.com.tr/cinar-aci-toz-biber-50-gr-69561-p-118904
Cinar Adacayi 25 Gr,8691386300154,34.90,389.50,4063,https://iyas.com.tr/cinar-adacayi-25-gr-4063-p-114212
Cinar Cig Kofte Pratik 420 Gr,8691386507850,54.90,29.95,46058,https://iyas.com.tr/cinar-cig-kofte-pratik-420-gr-46058-p-118900
Cinar Cig Kofte Seti 500 Gr Anadolu Usulu,8691386507522,99.00,29.95,44203,https://iyas.com.tr/cinar-cig-kofte-seti-500-gr-anadolu-usulu-44203-p-123102
Cinar Cig Kofte Seti 600 Gr Sark Usulu,8691386507515,119.00,29.95,44202,https://iyas.com.tr/cinar-cig-kofte-seti-600-gr-sark-usulu-44202-p-123091
Cinar Cig Kofte Seti 700 Gr,8691386504729,159.00,29.95,4104,https://iyas.com.tr/cinar-cig-kofte-seti-700-gr-4104-p-123104
Cinar Eko Galete Unu Eko Poset 250 Gr,8691386502237,24.90,169.00,4057,https://iyas.com.tr/cinar-eko-galete-unu-eko-poset-250-gr-4057-p-139928
Cinar Eko Hindistan Cevizi 175 Gr,8691386101126,159.00,29.95,4047,https://iyas.com.tr/cinar-eko-hindistan-cevizi-175-gr-4047-p-123078
Cinar Eko Karabiber 200 Gr,8691386101225,279.00,29.95,4048,https://iyas.com.tr/cinar-eko-karabiber-200-gr-4048-p-118890
Cinar Eko Kekik Yaprak 60 Gr,8691386101911,99.90,29.95,4056,https://iyas.com.tr/cinar-eko-kekik-yaprak-60-gr-4056-p-123076
Cinar Eko Kimyon 200 Gr,8691386101423,169.00,29.95,4049,https://iyas.com.tr/cinar-eko-kimyon-200-gr-4049-p-123061
Cinar Eko Limon Tuzu 200 Gr,8691386515831,89.90,69.90,91006,https://iyas.com.tr/cinar-eko-limon-tuzu-200-gr-91006-p-142060
Cinar Eko Misir Unu Poset 250 Gr,8691386502244,19.90,169.00,4059,https://iyas.com.tr/cinar-eko-misir-unu-poset-250-gr-4059-p-139936
Cinar Eko Nane 70 Gr,8691386101515,49.90,29.95,4050,https://iyas.com.tr/cinar-eko-nane-70-gr-4050-p-123059
Cinar Eko Pul Biber 200 Gr,8691386101621,159.00,29.95,4051,https://iyas.com.tr/cinar-eko-pul-biber-200-gr-4051-p-123060
Cinar Eko Pul Biber 500 Gr,8691386503142,199.00,29.95,57411,https://iyas.com.tr/cinar-eko-pul-biber-500-gr-57411-p-131913
Cinar Eko Susam 200 Gr,8691386101829,84.90,29.95,4055,https://iyas.com.tr/cinar-eko-susam-200-gr-4055-p-118887
Cinar Eko Urfa Isot Biber 200 Gr,8691386400656,159.00,29.95,4053,https://iyas.com.tr/cinar-eko-urfa-isot-biber-200-gr-4053-p-123079
Cinar Extra Poset Aci Biber 70 Gr,8691386400014,64.90,29.95,4027,https://iyas.com.tr/cinar-extra-poset-aci-biber-70-gr-4027-p-118902
Cinar Extra Poset Corek Otu 70 Gr,8691386501360,54.90,29.95,4040,https://iyas.com.tr/cinar-extra-poset-corek-otu-70-gr-4040-p-123090
Cinar Extra Poset Helvalik Fistik 80 Gr,8691386507997,64.90,29.95,53006,https://iyas.com.tr/cinar-extra-poset-helvalik-fistik-80-gr-53006-p-123083
Cinar Extra Poset Hindistan Cevizi 50 Gr,8691386501377,54.95,29.95,4045,https://iyas.com.tr/cinar-extra-poset-hindistan-cevizi-50-gr-4045-p-123070
Cinar Extra Poset Isot Pul Biber 70 Gr,8691386400694,59.90,29.95,4060,https://iyas.com.tr/cinar-extra-poset-isot-pul-biber-70-gr-4060-p-118892
Cinar Extra Poset Kekik Toz 60 Gr,8691386400069,94.90,29.95,4028,https://iyas.com.tr/cinar-extra-poset-kekik-toz-60-gr-4028-p-123088
Cinar Extra Poset Kekik Yaprak 20 Gr,8691386400663,54.90,29.95,4037,https://iyas.com.tr/cinar-extra-poset-kekik-yaprak-20-gr-4037-p-118891
Cinar Extra Poset Kimyon 70 Gr,8691386501384,74.90,29.95,4046,https://iyas.com.tr/cinar-extra-poset-kimyon-70-gr-4046-p-118883
Cinar Extra Poset Kus Uzumu 70 Gr,8691386400090,119.00,29.95,4030,https://iyas.com.tr/cinar-extra-poset-kus-uzumu-70-gr-4030-p-118897
Cinar Extra Poset Limon Tuzu 110 Gr,8691386501391,49.95,29.95,4042,https://iyas.com.tr/cinar-extra-poset-limon-tuzu-110-gr-4042-p-123081
Cinar Extra Poset Mavi Hashas 70 Gr,8691386507881,59.90,29.95,47602,https://iyas.com.tr/cinar-extra-poset-mavi-hashas-70-gr-47602-p-123071
Cinar Extra Poset Nane 25 Gr,8691386400113,24.95,29.95,4031,https://iyas.com.tr/cinar-extra-poset-nane-25-gr-4031-p-123066
Cinar Extra Poset Pasta Susu 70 Gr,8691386400243,29.95,29.95,4036,https://iyas.com.tr/cinar-extra-poset-pasta-susu-70-gr-4036-p-118901
Cinar Extra Poset Pul Biber 70 Gr,8691386400120,64.90,29.95,4032,https://iyas.com.tr/cinar-extra-poset-pul-biber-70-gr-4032-p-118881
Cinar Extra Poset Sumak 80 Gr,8691386501407,124.90,29.95,4043,https://iyas.com.tr/cinar-extra-poset-sumak-80-gr-4043-p-123063
Cinar Extra Poset Susam 70 Gr,8691386501414,34.95,29.95,4044,https://iyas.com.tr/cinar-extra-poset-susam-70-gr-4044-p-118889
Cinar Extra Poset Tarcin 70 Gr,8691386400168,49.95,29.95,4034,https://iyas.com.tr/cinar-extra-poset-tarcin-70-gr-4034-p-123093
Cinar Extra Poset Tatli Biber 70 Gr,8691386400151,74.90,29.95,4033,https://iyas.com.tr/cinar-extra-poset-tatli-biber-70-gr-4033-p-123096
Cinar Extra Poset Tatli Pul Biber 70 Gr,8691386501612,74.90,29.95,110153,https://iyas.com.tr/cinar-extra-poset-tatli-pul-biber-70-gr-110153-p-596747
Cinar Furu 30 Gr Nar,8691386502329,12.95,99.90,103025,https://iyas.com.tr/cinar-furu-30-gr-nar-103025-p-580776
Cinar Furu 30 Gr Portakal,8691386501094,12.95,99.90,103024,https://iyas.com.tr/cinar-furu-30-gr-portakal-103024-p-580172
Cinar Furu 30 Gr Seftali,8691386501124,12.95,99.90,103023,https://iyas.com.tr/cinar-furu-30-gr-seftali-103023-p-579727
Cinar Furu 30 Gr Visne,8691386501117,12.95,99.90,103022,https://iyas.com.tr/cinar-furu-30-gr-visne-103022-p-580264
Cinar Harc Acili Sis Kebap 75 Gr,8691386505092,54.90,29.95,4097,https://iyas.com.tr/cinar-harc-acili-sis-kebap-75-gr-4097-p-119149
Cinar Harc Cig Kofte 100 Gr,8691386501278,74.90,29.95,4102,https://iyas.com.tr/cinar-harc-cig-kofte-100-gr-4102-p-119158
Cinar Harc Citir Pane 95 Gr,8691386501254,34.90,29.95,4103,https://iyas.com.tr/cinar-harc-citir-pane-95-gr-4103-p-119151
Cinar Harc Inegol Kofte 90 Gr,8691386501285,34.90,29.95,4100,https://iyas.com.tr/cinar-harc-inegol-kofte-90-gr-4100-p-119152
Cinar Harc Kofte 90 Gr,8691386400779,34.90,29.95,4099,https://iyas.com.tr/cinar-harc-kofte-90-gr-4099-p-119150
Cinar Harc Mangal Tavuk 60 Gr,8691386501667,34.90,29.95,4096,https://iyas.com.tr/cinar-harc-mangal-tavuk-60-gr-4096-p-119153
Cinar Harc Tavuk 80 Gr,8691386400731,34.90,29.95,4098,https://iyas.com.tr/cinar-harc-tavuk-80-gr-4098-p-119155
Cinar Harc Tekirdag Kofte 95 Gr,8691386501292,34.90,29.95,4101,https://iyas.com.tr/cinar-harc-tekirdag-kofte-95-gr-4101-p-119154
Cinar Icimlik Salep 18 Gr,8691386500622,6.95,89.50,16944,https://iyas.com.tr/cinar-icimlik-salep-18-gr-16944-p-118382
Cinar Ihlamur 50 Gr,8691386200041,169.00,389.50,4064,https://iyas.com.tr/cinar-ihlamur-50-gr-4064-p-114248
Cinar Kakao 50 Gr,8691386506143,69.90,49.90,100985,https://iyas.com.tr/cinar-kakao-50-gr-100985-p-568405
Cinar Pastalik Bugday Nisastasi 500 Gr,8691386502688,69.90,49.90,4091,https://iyas.com.tr/cinar-pastalik-bugday-nisastasi-500-gr-4091-p-118875
Cinar Pastalik Misir Nisastasi Poset 500 Gr,8691386502671,34.90,49.90,4090,https://iyas.com.tr/cinar-pastalik-misir-nisastasi-poset-500-gr-4090-p-123098
Cinar Poset Hindistan Cevizi 25 Gr,8691386500936,29.95,29.95,44217,https://iyas.com.tr/cinar-poset-hindistan-cevizi-25-gr-44217-p-123085
Cinar Poset Karabiber 50 Gr,8691386500899,84.90,29.95,4071,https://iyas.com.tr/cinar-poset-karabiber-50-gr-4071-p-118884
Cinar Poset Karanfil 15 Gr,8691386500998,39.90,29.95,4073,https://iyas.com.tr/cinar-poset-karanfil-15-gr-4073-p-123065
Cinar Poset Karbonat 70 Gr,8691386500981,14.90,29.95,4072,https://iyas.com.tr/cinar-poset-karbonat-70-gr-4072-p-118899
Cinar Poset Kekik Yaprak 15 Gr,8691386501063,39.90,29.95,44215,https://iyas.com.tr/cinar-poset-kekik-yaprak-15-gr-44215-p-123067
Cinar Poset Kimyon 40 Gr,8691386500912,39.95,29.95,4074,https://iyas.com.tr/cinar-poset-kimyon-40-gr-4074-p-123086
Cinar Poset Kori 40 Gr,8691386400830,26.90,29.95,4079,https://iyas.com.tr/cinar-poset-kori-40-gr-4079-p-118882
Cinar Poset Pasta Susu 40 Gr,8691386501070,21.90,29.95,4078,https://iyas.com.tr/cinar-poset-pasta-susu-40-gr-4078-p-123094
Cinar Poset Pul Biber 50 Gr,8691386500905,49.90,29.95,4076,https://iyas.com.tr/cinar-poset-pul-biber-50-gr-4076-p-118903
Cinar Poset Sumak 200 Gr,8691386301090,219.00,29.95,81130,https://iyas.com.tr/cinar-poset-sumak-200-gr-81130-p-131914
Cinar Poset Sumak 40 Gr,8691386500943,64.90,29.95,4077,https://iyas.com.tr/cinar-poset-sumak-40-gr-4077-p-123089
Cinar Poset Susam 40 Gr,8691386501032,24.90,29.95,44220,https://iyas.com.tr/cinar-poset-susam-40-gr-44220-p-118888
Cinar Poset Tarcin 50 Gr,8691386501056,44.90,29.95,44221,https://iyas.com.tr/cinar-poset-tarcin-50-gr-44221-p-118894
Cinar Poset Tatli Biber 50 Gr,8691386501049,54.90,29.95,44216,https://iyas.com.tr/cinar-poset-tatli-biber-50-gr-44216-p-118898
Cinar Poset Tatli Pul Biber 50 Gr,8691386515503,54.90,29.95,96503,https://iyas.com.tr/cinar-poset-tatli-pul-biber-50-gr-96503-p-130116
Cinar Poset Yenibahar 50 Gr,8691386501087,110.00,29.95,4026,https://iyas.com.tr/cinar-poset-yenibahar-50-gr-4026-p-123073
Cinar Poset Zencefil 35 Gr,8691386508000,39.90,29.95,53991,https://iyas.com.tr/cinar-poset-zencefil-35-gr-53991-p-123068
Cinar Salep Kutulu 150 Gr,8691386302172,59.90,89.50,26648,https://iyas.com.tr/cinar-salep-kutulu-150-gr-26648-p-123489
Cinar Sari Hashas 70 Gr,8691386517590,49.90,299.50,103668,https://iyas.com.tr/cinar-sari-hashas-70-gr-103668-p-580100
Cinar Sebzeli Baharatli Aci Cesni 250 Gr,8691386500172,24.95,29.95,70564,https://iyas.com.tr/cinar-sebzeli-baharatli-aci-cesni-250-gr-70564-p-118842
Cinar Sebzeli Tuzlu Ot Normal 250 Gr,8691386500165,24.95,29.95,37501,https://iyas.com.tr/cinar-sebzeli-tuzlu-ot-normal-250-gr-37501-p-123084
Cinar Sicak Cikolata Kutulu 150 Gr,8691386502718,110.00,89.50,16934,https://iyas.com.tr/cinar-sicak-cikolata-kutulu-150-gr-16934-p-122680
Cinar Zerdecal 40 Gr,8691386508055,29.90,29.95,64154,https://iyas.com.tr/cinar-zerdecal-40-gr-64154-p-118896
Cipura Kg Temizlenmis,2209980,550.00,399.00,102881,https://iyas.com.tr/cipura-kg-temizlenmis-102881-p-573390
Cire Aseptine 150 Ml Klasik Teneke,8681410000358,199.90,239.90,114483,https://iyas.com.tr/cire-aseptine-150-ml-klasik-teneke-114483-p-597069
Cire Aseptine 30 Ml Soft Krem Gul Ozlu,8682276602526,39.90,21.00,114956,https://iyas.com.tr/cire-aseptine-30-ml-soft-krem-gul-ozlu-114956-p-597225
Cire Aseptine Bebek Kolonyasi 150 Ml Cream,8682276605886,54.90,139.90,114957,https://iyas.com.tr/cire-aseptine-bebek-kolonyasi-150-ml-cream-114957-p-597059
Cire Aseptine Bebek Kolonyasi 150 Ml Lucky,8682276605909,54.90,139.90,114874,https://iyas.com.tr/cire-aseptine-bebek-kolonyasi-150-ml-lucky-114874-p-597022
Cire Aseptine Bebek Kolonyasi 150 Ml Rose Garden,8682276607040,54.90,149.90,114876,https://iyas.com.tr/cire-aseptine-bebek-kolonyasi-150-ml-rose-garden-114876-p-598371
Cire Aseptine Lip Care 4 5 Gr Madberry Avokado 30,8682276608481,99.90,239.90,114882,https://iyas.com.tr/cire-aseptine-lip-care-4-5-gr-madberry-avokado-30-114882-p-597068
Cire Aseptine Lip Care 4 5 Gr Spf Aloe Vera 30 Ml,8682276608498,99.90,21.00,114879,https://iyas.com.tr/cire-aseptine-lip-care-4-5-gr-spf-aloe-vera-30-ml-114879-p-597061
Citir Benda Gofret 600 Gr Vanilyali,8680539880599,99.90,84.90,64300,https://iyas.com.tr/citir-benda-gofret-600-gr-vanilyali-64300-p-122526
Citir Benda Kurabiye 270 Gr,8680539880582,69.50,,63273,https://iyas.com.tr/citir-benda-kurabiye-270-gr-63273-p-122767
Citir Kaplamali Etli Icli Kofte 8 Adet 40gr8,2183000550831,400.00,160.00,106049,https://iyas.com.tr/citir-kaplamali-etli-icli-kofte-8-adet-40gr8-106049-p-586706
Clear Sampuan Men 350 Ml Cool Sport Menthol,8683130040829,149.90,149.90,102229,https://iyas.com.tr/clear-sampuan-men-350-ml-cool-sport-menthol-102229-p-580353
Clear Sampuan Men 350 Ml Cr7 Kepege Karsi,8683130040874,149.90,149.90,102230,https://iyas.com.tr/clear-sampuan-men-350-ml-cr7-kepege-karsi-102230-p-579801
Clear Sampuan Men 350 Ml Gunluk Arinma Ferah,8683130040836,149.90,149.90,103097,https://iyas.com.tr/clear-sampuan-men-350-ml-gunluk-arinma-ferah-103097-p-580173
Clear Sampuan Men 350 Ml Hizli Stil 2 In1,8683130040867,149.90,149.90,102228,https://iyas.com.tr/clear-sampuan-men-350-ml-hizli-stil-2-in1-102228-p-580870
Clear Sampuan Men 350 Ml Kenan Yildiz,8683130125748,149.90,59.90,111810,https://iyas.com.tr/clear-sampuan-men-350-ml-kenan-yildiz-111810-p-596936
Clear Sampuan Men 350 Ml Maksimum Ferahlik,8683130040881,149.90,149.90,102661,https://iyas.com.tr/clear-sampuan-men-350-ml-maksimum-ferahlik-102661-p-580777
Clear Sampuan Men 350 Ml Sac Dokulmesine Karsi,8683130040843,149.90,149.90,102231,https://iyas.com.tr/clear-sampuan-men-350-ml-sac-dokulmesine-karsi-102231-p-580871
Clear Sampuan Men Ozl 350 Ml 3 In 1 Deep Clean Arin,8683130067314,199.90,149.90,102569,https://iyas.com.tr/clear-sampuan-men-ozl-350-ml-3-in-1-deep-clean-arin-102569-p-581024
Clear Sampuan Women 350 Ml Bitki Sentez,8683130040805,149.90,149.90,103666,https://iyas.com.tr/clear-sampuan-women-350-ml-bitki-sentez-103666-p-579732
Clear Sampuan Women 350 Ml Kil Terapisi,8683130040782,149.90,149.90,102232,https://iyas.com.tr/clear-sampuan-women-350-ml-kil-terapisi-102232-p-580438
Clear Sampuan Women 350 Ml Komple Bakim,8683130040799,149.90,149.90,102233,https://iyas.com.tr/clear-sampuan-women-350-ml-komple-bakim-102233-p-580262
Clear Sampuan Women 350 Ml Sac Dokulmesine Karsi,8683130040775,149.90,149.90,102234,https://iyas.com.tr/clear-sampuan-women-350-ml-sac-dokulmesine-karsi-102234-p-580692
Clear Sampuan Women 350 Ml Yumusak Ve Parlak,8683130040812,149.90,149.90,102663,https://iyas.com.tr/clear-sampuan-women-350-ml-yumusak-ve-parlak-102663-p-580609
Cleyn Kopuk Sabun 2 Lt Japon Kiraz Cicegi,8682704996548,199.90,119.00,109984,https://iyas.com.tr/cleyn-kopuk-sabun-2-lt-japon-kiraz-cicegi-109984-p-595849
Cleyn Kopuk Sabun 2 Lt Lavanta,8682704996524,199.90,119.00,109983,https://iyas.com.tr/cleyn-kopuk-sabun-2-lt-lavanta-109983-p-595848
Cleyn Kopuk Sabun 2 Lt Okyanus,8682704996517,199.90,119.00,113680,https://iyas.com.tr/cleyn-kopuk-sabun-2-lt-okyanus-113680-p-595843
Cleyn Kopuk Sabun 2 Lt Zeytinyagli,8682704996555,199.90,99.90,109985,https://iyas.com.tr/cleyn-kopuk-sabun-2-lt-zeytinyagli-109985-p-595850
Cleyn Pet 60 Li Tuy Toplayici Rulo,8684779490938,49.90,99.90,113678,https://iyas.com.tr/cleyn-pet-60-li-tuy-toplayici-rulo-113678-p-596912
Coban Salatasi Buyuk Boy,2183000551531,230.00,290.00,99698,https://iyas.com.tr/coban-salatasi-buyuk-boy-99698-p-134741
Coban Salatasi Kucuk Boy,2183000551548,120.00,290.00,99697,https://iyas.com.tr/coban-salatasi-kucuk-boy-99697-p-134740
Coca Cola 1 5 Lt,5000112672039,75.00,81.00,102683,https://iyas.com.tr/coca-cola-1-5-lt-102683-p-578729
Coca Cola 1 5 Lt Light,5000112664928,75.00,81.00,104067,https://iyas.com.tr/coca-cola-1-5-lt-light-104067-p-584355
Coca Cola 1 5 Lt Zero Sugar,5000112664904,75.00,81.00,100117,https://iyas.com.tr/coca-cola-1-5-lt-zero-sugar-100117-p-578733
Coca Cola 1000 Ml,5000112664492,69.50,59.50,101265,https://iyas.com.tr/coca-cola-1000-ml-101265-p-568316
Coca Cola 1000 Ml Light,5000112664898,69.50,81.00,101663,https://iyas.com.tr/coca-cola-1000-ml-light-101663-p-578744
Coca Cola 1000 Ml Zero,5000112664881,69.50,81.00,101235,https://iyas.com.tr/coca-cola-1000-ml-zero-101235-p-578736
Coca Cola 2 5 Lt,5000112664553,89.50,81.00,101266,https://iyas.com.tr/coca-cola-2-5-lt-101266-p-568311
Coca Cola 2 5 Lt Zero,5000112664959,89.50,74.50,102686,https://iyas.com.tr/coca-cola-2-5-lt-zero-102686-p-580364
Coca Cola 2 Lt,5000112665116,79.90,69.90,102540,https://iyas.com.tr/coca-cola-2-lt-102540-p-578740
Coca Cola 250 Ml Kutu,5000112664867,54.00,81.00,102719,https://iyas.com.tr/coca-cola-250-ml-kutu-102719-p-580780
Coca Cola 250 Ml Kutu Light,5000112664850,54.00,81.00,103428,https://iyas.com.tr/coca-cola-250-ml-kutu-light-103428-p-580527
Coca Cola 250 Ml Kutu Zero,5000112664843,54.00,81.00,103427,https://iyas.com.tr/coca-cola-250-ml-kutu-zero-103427-p-580176
Coca Cola 250 Ml Sise,54492509,60.00,81.00,4197,https://iyas.com.tr/coca-cola-250-ml-sise-4197-p-118380
Coca Cola 250 Ml Sise Sekersiz,90338120,60.00,81.00,4187,https://iyas.com.tr/coca-cola-250-ml-sise-sekersiz-4187-p-122599
Coca Cola 450 Ml,54023567,55.00,81.00,99886,https://iyas.com.tr/coca-cola-450-ml-99886-p-581015
Coca Cola 450 Ml Zero,54023550,55.00,81.00,102208,https://iyas.com.tr/coca-cola-450-ml-zero-102208-p-578743
Cocuk Menu Kucuk Pizza Kola Cips,2183000551265,360.00,290.00,106248,https://iyas.com.tr/cocuk-menu-kucuk-pizza-kola-cips-106248-p-586873
Cografi Katmer 370 Gr,8683052384018,649.00,279.00,114255,https://iyas.com.tr/cografi-katmer-370-gr-114255-p-595407
Cola Turka 1 5 Lt,8697520101083,57.90,81.00,98269,https://iyas.com.tr/cola-turka-1-5-lt-98269-p-121873
Cola Turka 1 Lt,8690504511212,52.50,81.00,24459,https://iyas.com.tr/cola-turka-1-lt-24459-p-122700
Cola Turka 200 Ml Cam,8690504511106,26.90,81.00,24460,https://iyas.com.tr/cola-turka-200-ml-cam-24460-p-118459
Cola Turka 25 Litre,8697520101021,59.90,81.00,101878,https://iyas.com.tr/cola-turka-25-litre-101878-p-585793
Cola Turka 3 Lt,8690504514701,79.90,81.00,24465,https://iyas.com.tr/cola-turka-3-lt-24465-p-122702
Cola Turka 330 Ml,8697520105043,39.90,81.00,100725,https://iyas.com.tr/cola-turka-330-ml-100725-p-583945
Cola Turka 330 Ml Sekersiz,8697520401480,39.90,81.00,115374,https://iyas.com.tr/cola-turka-330-ml-sekersiz-115374-p-596566
Colgate 125125 Ml Uclu Etki,6920354835407,225.00,179.90,93610,https://iyas.com.tr/colgate-125125-ml-uclu-etki-93610-p-138148
Colgate 150 Ml Uclu Etki,8718951717299,165.00,179.90,114584,https://iyas.com.tr/colgate-150-ml-uclu-etki-114584-p-597141
Colgate 50 Ml Kids Minions 6,8718951628809,230.00,179.90,101577,https://iyas.com.tr/colgate-50-ml-kids-minions-6-101577-p-579411
Colgate 50 Ml Optik White Cay Kahve,8718951516496,85.00,69.90,91686,https://iyas.com.tr/colgate-50-ml-optik-white-cay-kahve-91686-p-120961
Colgate 75 Ml 3 Lu Etki,6920354835803,95.00,179.90,99717,https://iyas.com.tr/colgate-75-ml-3-lu-etki-99717-p-134760
Colgate 75 Ml Maxwhite Kalici Beyazlik,8718951366367,190.00,179.90,98112,https://iyas.com.tr/colgate-75-ml-maxwhite-kalici-beyazlik-98112-p-117679
Colgate 75 Ml Optik Beyaz Parildayan Beyazlik,6920354829918,399.00,280.00,98401,https://iyas.com.tr/colgate-75-ml-optik-beyaz-parildayan-beyazlik-98401-p-126114
Colgate Dis Fircasi 360 Advanced Optik Beyaz Yumus,6001067001485,85.00,79.00,80900,https://iyas.com.tr/colgate-dis-fircasi-360-advanced-optik-beyaz-yumus-80900-p-127593
Colgate Dis Fircasi 360 Charcoal Orta Siyah,6910021100204,85.00,79.00,92185,https://iyas.com.tr/colgate-dis-fircasi-360-charcoal-orta-siyah-92185-p-121080
Colgate Dis Fircasi 360 Optik Beyaz Orta 11,8693495036702,450.00,340.00,48657,https://iyas.com.tr/colgate-dis-fircasi-360-optik-beyaz-orta-11-48657-p-131747
Colgate Dis Fircasi 360 Orta 11,8693495036764,450.00,340.00,46600,https://iyas.com.tr/colgate-dis-fircasi-360-orta-11-46600-p-126894
Colgate Dis Fircasi Extraclean 11 40026,8714789732244,165.00,179.90,96751,https://iyas.com.tr/colgate-dis-fircasi-extraclean-11-40026-96751-p-138611
Colgate Dis Fircasi Extraclean 21 Color,8718951598959,210.00,179.90,100306,https://iyas.com.tr/colgate-dis-fircasi-extraclean-21-color-100306-p-147526
Colgate Dis Fircasi Jungle Kids 2 5 Yas,6001067018049,170.00,150.00,4237,https://iyas.com.tr/colgate-dis-fircasi-jungle-kids-2-5-yas-4237-p-143752
Colgate Dis Fircasi Mikro Hassas Siyah1 1 Slimsoft,8693495041461,310.00,179.90,55004,https://iyas.com.tr/colgate-dis-fircasi-mikro-hassas-siyah1-1-slimsoft-55004-p-131149
Colgate Dis Fircasi Neo Tekli,8718951486201,225.00,179.90,99409,https://iyas.com.tr/colgate-dis-fircasi-neo-tekli-99409-p-126229
Colgate Dis Fircasi Smiles Cocuk 5,5900273150042,285.00,179.90,4235,https://iyas.com.tr/colgate-dis-fircasi-smiles-cocuk-5-4235-p-126900
Colgate Dis Fircasi Zigzag,8718951549593,250.00,110.00,100513,https://iyas.com.tr/colgate-dis-fircasi-zigzag-100513-p-147529
Colgate Dis Fircasi Zigzag 11 Li Siyah,8718951549616,210.00,179.90,94230,https://iyas.com.tr/colgate-dis-fircasi-zigzag-11-li-siyah-94230-p-146683
Colgate Dis Ipi Nane 50 Mt,8718951496262,460.00,390.00,96096,https://iyas.com.tr/colgate-dis-ipi-nane-50-mt-96096-p-117458
Colgate Gentle Clean 21,8718951690332,99.90,179.90,107472,https://iyas.com.tr/colgate-gentle-clean-21-107472-p-596887
Colgate Plax Cay Ve Limon Plaga Karsi Agiz Bakim Suyu 500 Ml,8718951006188,310.00,179.90,78155,https://iyas.com.tr/colgate-plax-cay-ve-limon-plaga-karsi-agiz-bakim-suyu-500-ml-78155-p-139563
Collection Naturel 60 Ml Peroksit 20 Vol,8680057420369,9.90,149.90,112170,https://iyas.com.tr/collection-naturel-60-ml-peroksit-20-vol-112170-p-596969
Corega Dis Protez Yapistirici 40 Gr Ferahlik,8681291004124,199.90,179.90,94776,https://iyas.com.tr/corega-dis-protez-yapistirici-40-gr-ferahlik-94776-p-142562
Corega Dis Protez Yapistirici 40 Gr Tatsiz,5202217004054,199.90,179.90,65342,https://iyas.com.tr/corega-dis-protez-yapistirici-40-gr-tatsiz-65342-p-131119
Corega Temizleyici Tablet 30 Lu,4047400011003,199.90,179.90,98362,https://iyas.com.tr/corega-temizleyici-tablet-30-lu-98362-p-126075
Corega Temizleyici Tablet 30lu Beyazlatici,8681291000713,199.90,179.90,77283,https://iyas.com.tr/corega-temizleyici-tablet-30lu-beyazlatici-77283-p-139549
Cornetto 120 Ml Cilek Matcha,8721274646818,60.00,100.00,115144,https://iyas.com.tr/cornetto-120-ml-cilek-matcha-115144-p-596728
Cornetto Classik 120 Ml Cilek 4339,8683130067994,50.00,100.00,100759,https://iyas.com.tr/cornetto-classik-120-ml-cilek-4339-100759-p-579963
Cornetto Classik 125 Ml Cikolata,8690637820021,50.00,100.00,68384,https://iyas.com.tr/cornetto-classik-125-ml-cikolata-68384-p-122195
Cornetto Disc 130 Ml Duble Antepfistik,8683130125809,75.00,100.00,114313,https://iyas.com.tr/cornetto-disc-130-ml-duble-antepfistik-114313-p-596620
Cornetto Disc 130 Ml Max Cikolata,8683130097045,75.00,100.00,106324,https://iyas.com.tr/cornetto-disc-130-ml-max-cikolata-106324-p-596684
Cornetto Disc 130 Ml Normal Oreo,8683130038161,75.00,100.00,98784,https://iyas.com.tr/cornetto-disc-130-ml-normal-oreo-98784-p-138850
Cornetto Disc 150 Ml Cornetto Askina,8683130130629,70.00,60.00,114365,https://iyas.com.tr/cornetto-disc-150-ml-cornetto-askina-114365-p-596636
Cornetto Disk 130 Ml Norma L Antep Fistikli Cikolatali,8683130038178,75.00,100.00,98783,https://iyas.com.tr/cornetto-disk-130-ml-norma-l-antep-fistikli-cikolatali-98783-p-138849
Cornetto Disk 130 Ml Normal Van Karamel,8683130038185,75.00,100.00,98782,https://iyas.com.tr/cornetto-disk-130-ml-normal-van-karamel-98782-p-138848
Cornetto Milka 130 Ml,8683130038154,75.00,100.00,99084,https://iyas.com.tr/cornetto-milka-130-ml-99084-p-147393
Cosby Candy Toys Sek Kapli Kok Draje 5g9,8690146059561,120.00,99.90,93635,https://iyas.com.tr/cosby-candy-toys-sek-kapli-kok-draje-5g9-93635-p-138157
Cosby Fun Barbie Yumurta,86944830,29.90,9.90,100002,https://iyas.com.tr/cosby-fun-barbie-yumurta-100002-p-580427
Cosby Fun Hotwheels Yumurta,86944847,29.90,9.90,100001,https://iyas.com.tr/cosby-fun-hotwheels-yumurta-100001-p-580859
Cottoni Makyaj Temizleme Sungeri 50 Li,7503014279682,22.50,20.00,114786,https://iyas.com.tr/cottoni-makyaj-temizleme-sungeri-50-li-114786-p-597102
Cr Me Supreme 1 1 Soguk Siyah,4015100861846,469.90,149.90,108955,https://iyas.com.tr/cr-me-supreme-1-1-soguk-siyah-108955-p-597276
Cr Me Supreme 7 16 Kullu Soguk Kumral,4015100862126,469.90,149.90,108958,https://iyas.com.tr/cr-me-supreme-7-16-kullu-soguk-kumral-108958-p-597295
Crn Leva Tutusturucu Jel 500 Mllv 3525,8698657103995,75.00,99.90,108183,https://iyas.com.tr/crn-leva-tutusturucu-jel-500-mllv-3525-108183-p-596834
Cumhuriyet Dogal Kangal Sucuk Kilo,2202010,1395.00,895.00,16216,https://iyas.com.tr/cumhuriyet-dogal-kangal-sucuk-kilo-16216-p-139817
Cumhuriyet Kangal Sucuk 100 Dana 180 Gr,8697980768482,299.00,895.00,93170,https://iyas.com.tr/cumhuriyet-kangal-sucuk-100-dana-180-gr-93170-p-142287
Cumhuriyet Kuvet Sucuk 300 Gr,8697980767737,399.00,895.00,98535,https://iyas.com.tr/cumhuriyet-kuvet-sucuk-300-gr-98535-p-130355
Cvs Dn 91018 16 Inc Ayakli Yuvarlak Vantilator,2183000555928,1890.00,1790.00,117410,https://iyas.com.tr/cvs-dn-91018-16-inc-ayakli-yuvarlak-vantilator-117410-p-599107
Dagcioglu Biber Gunes Kurusu Salca Kilo,2202028,199.00,59.90,100539,https://iyas.com.tr/dagcioglu-biber-gunes-kurusu-salca-kilo-100539-p-581799
Dagcioglu Domates Gunes Kurusu Salca Kilo,2201053,129.00,59.90,100538,https://iyas.com.tr/dagcioglu-domates-gunes-kurusu-salca-kilo-100538-p-568586
Dalan Banyo Gliserinli 4x150 Gr Organik Mineral,8690529527366,129.00,99.90,102533,https://iyas.com.tr/dalan-banyo-gliserinli-4x150-gr-organik-mineral-102533-p-580089
Dalan Glis Fresh 150x4 Gr Pembe Greyfurt,8690529527878,139.00,99.90,111508,https://iyas.com.tr/dalan-glis-fresh-150x4-gr-pembe-greyfurt-111508-p-597009
Dalan Granul Sabun 1000 Gr,8690529521609,249.00,99.90,4416,https://iyas.com.tr/dalan-granul-sabun-1000-gr-4416-p-122657
Dalan Granul Sabun 1000 Gr Lavanta Esintisi,8690529525218,249.00,99.90,81002,https://iyas.com.tr/dalan-granul-sabun-1000-gr-lavanta-esintisi-81002-p-140149
Dalan Guz Sabun 4x75 Gr Bahar Cic,8690529525812,59.90,99.90,85178,https://iyas.com.tr/dalan-guz-sabun-4x75-gr-bahar-cic-85178-p-140437
Dalan Guz Sabun 4x75 Gr Leylak Buketi,8690529525829,59.90,99.90,85179,https://iyas.com.tr/dalan-guz-sabun-4x75-gr-leylak-buketi-85179-p-140438
Dalan Guz Sabun 4x75 Gr Meyve Soleni,8690529525805,59.90,99.90,85181,https://iyas.com.tr/dalan-guz-sabun-4x75-gr-meyve-soleni-85181-p-140440
Dalan Guz Sabun 4x75 Gr Okyanus,8690529525836,59.90,99.90,85180,https://iyas.com.tr/dalan-guz-sabun-4x75-gr-okyanus-85180-p-140439
Dalan Guz Sabun 4x75 Gr Zeytin Muc,8690529525799,59.90,99.90,85177,https://iyas.com.tr/dalan-guz-sabun-4x75-gr-zeytin-muc-85177-p-140436
Dalan Krem 300 Ml Organik Argan,8690529009794,89.90,239.90,112953,https://iyas.com.tr/dalan-krem-300-ml-organik-argan-112953-p-598409
Dalan Krem 60 Ml Argan El Kremi,8690529009763,64.90,239.90,96359,https://iyas.com.tr/dalan-krem-60-ml-argan-el-kremi-96359-p-125863
Dalan Krem 60 Ml Uzum Cekirdegi El Kremi,8690529009817,64.90,239.90,96360,https://iyas.com.tr/dalan-krem-60-ml-uzum-cekirdegi-el-kremi-96360-p-125864
Dalan Krem 60 Ml Zeytin Yagli Besleyici Tup,8690529009718,64.90,239.90,94730,https://iyas.com.tr/dalan-krem-60-ml-zeytin-yagli-besleyici-tup-94730-p-138387
Dalan S Antik Kokulu 900 Gr Beyaz,8690529238606,139.00,129.00,4397,https://iyas.com.tr/dalan-s-antik-kokulu-900-gr-beyaz-4397-p-131004
Dalan S Antik Kokulu 900 Gr Prina Yesil,8690529517985,99.90,99.90,49291,https://iyas.com.tr/dalan-s-antik-kokulu-900-gr-prina-yesil-49291-p-117993
Dalan S Banyo 4x150 Gr Beyaz 600 Gr Gul,8690529520503,119.90,99.90,98315,https://iyas.com.tr/dalan-s-banyo-4x150-gr-beyaz-600-gr-gul-98315-p-121919
Dalan S Banyo 4x150 Gr Beyaz 600 Gr Klasik,8690529520497,119.90,99.90,98314,https://iyas.com.tr/dalan-s-banyo-4x150-gr-beyaz-600-gr-klasik-98314-p-121918
Dalan S Banyo 4x150 Gr Beyaz 600 Gr Lavanta,8690529520480,119.90,99.90,98316,https://iyas.com.tr/dalan-s-banyo-4x150-gr-beyaz-600-gr-lavanta-98316-p-121920
Dalan S Banyo 4x150 Gr Prina 600 Gr Kokulu,8690529520473,119.90,99.90,98312,https://iyas.com.tr/dalan-s-banyo-4x150-gr-prina-600-gr-kokulu-98312-p-121916
Dalan S Roxy 800 Gr Matik Bio Clean Aloe Vera,8690529526017,134.90,44.90,86584,https://iyas.com.tr/dalan-s-roxy-800-gr-matik-bio-clean-aloe-vera-86584-p-129070
Dalan S Roxy 800 Gr Matik Lavanta,8690529518012,134.90,44.90,61837,https://iyas.com.tr/dalan-s-roxy-800-gr-matik-lavanta-61837-p-126319
Dalan S Roxy 800 Gr Matik Sabun Bahar Cicekleri,8690529676910,134.90,44.90,4427,https://iyas.com.tr/dalan-s-roxy-800-gr-matik-sabun-bahar-cicekleri-4427-p-126325
Dalan S Roxy Sabun 4x70 Gr Klasik,8690529521869,44.90,99.90,93027,https://iyas.com.tr/dalan-s-roxy-sabun-4x70-gr-klasik-93027-p-142325
Dalan S Roxy Sabun 4x70 Gr Yasemin,8690529521852,44.90,99.90,93028,https://iyas.com.tr/dalan-s-roxy-sabun-4x70-gr-yasemin-93028-p-142326
Dalan S Sabun Family 400 Ml Bahar Cicekleri,8690529010646,44.90,99.90,111985,https://iyas.com.tr/dalan-s-sabun-family-400-ml-bahar-cicekleri-111985-p-596888
Dalan S Sabun Family 400 Ml Leylak Buketi,8690529010660,44.90,99.90,111984,https://iyas.com.tr/dalan-s-sabun-family-400-ml-leylak-buketi-111984-p-596894
Dalan S Sabun Family 400 Ml Zeytin Mucizesi,8690529010653,44.90,99.90,111983,https://iyas.com.tr/dalan-s-sabun-family-400-ml-zeytin-mucizesi-111983-p-596930
Dalan S Sivi Sabun 3 Lt Bahar Cicekleri,8690529010127,99.90,99.90,91131,https://iyas.com.tr/dalan-s-sivi-sabun-3-lt-bahar-cicekleri-91131-p-142113
Dalan S Sivi Sabun 3 Lt Leylak Buketi,8690529010141,99.90,99.90,91133,https://iyas.com.tr/dalan-s-sivi-sabun-3-lt-leylak-buketi-91133-p-142115
Dalan S Sivi Sabun 3 Lt Natural,8690529010165,99.90,99.90,91134,https://iyas.com.tr/dalan-s-sivi-sabun-3-lt-natural-91134-p-142116
Dalan S Sivi Sabun 3 Lt Okyanus,8690529010189,99.90,119.90,91291,https://iyas.com.tr/dalan-s-sivi-sabun-3-lt-okyanus-91291-p-146312
Dalan S Sivi Sabun 3 Lt Zeytin Mucizesi,8690529010103,99.90,99.90,91132,https://iyas.com.tr/dalan-s-sivi-sabun-3-lt-zeytin-mucizesi-91132-p-142114
Dalan Sabun Pvc 4x110 Gr Aloe Vera,8690529526437,89.90,99.90,92931,https://iyas.com.tr/dalan-sabun-pvc-4x110-gr-aloe-vera-92931-p-138045
Dalan Sabun Pvc 4x110 Gr Deniz Tuzu,8690529526444,89.90,99.90,92515,https://iyas.com.tr/dalan-sabun-pvc-4x110-gr-deniz-tuzu-92515-p-129604
Dalan Sac Kremi 200 Ml Onarici,8690529001934,99.90,149.90,45408,https://iyas.com.tr/dalan-sac-kremi-200-ml-onarici-45408-p-123300
Dalan Sac Kremi 200ml Boya Koruma,8690529004744,99.90,149.90,63134,https://iyas.com.tr/dalan-sac-kremi-200ml-boya-koruma-63134-p-135306
Dalan Sampuan 400 Ml Hacim,8690529004768,134.90,149.90,62351,https://iyas.com.tr/dalan-sampuan-400-ml-hacim-62351-p-123294
Dalan Sampuan 400ml Boya Koruma,8690529004775,134.90,149.90,63132,https://iyas.com.tr/dalan-sampuan-400ml-boya-koruma-63132-p-131046
Dalan Sampuan 400ml Kepek,8690529004782,134.90,149.90,63133,https://iyas.com.tr/dalan-sampuan-400ml-kepek-63133-p-123288
Dalin Bebe Sabunu 100 Gr,8690605063115,59.90,59.90,96775,https://iyas.com.tr/dalin-bebe-sabunu-100-gr-96775-p-138635
Dalin Bebe Yagi 200 Ml Sprey,8690605066239,169.90,139.90,96888,https://iyas.com.tr/dalin-bebe-yagi-200-ml-sprey-96888-p-142883
Dalin Bebe Yagi Nemlendirici Ve Koruma 300 Ml,8690605066215,189.90,139.90,80330,https://iyas.com.tr/dalin-bebe-yagi-nemlendirici-ve-koruma-300-ml-80330-p-127406
Dalin Bebek Sabunu Avokadolu 100 Gr,8690605062767,59.90,59.90,80336,https://iyas.com.tr/dalin-bebek-sabunu-avokadolu-100-gr-80336-p-136079
Dalin Bebek Yumusatici 1500 Ml Bahar Ninnisi,8690605080686,199.90,229.90,107482,https://iyas.com.tr/dalin-bebek-yumusatici-1500-ml-bahar-ninnisi-107482-p-596994
Dalin Bebek Yumusatici Kons 1200 Ml Dus Bahcesi,8690605080747,209.90,229.90,112643,https://iyas.com.tr/dalin-bebek-yumusatici-kons-1200-ml-dus-bahcesi-112643-p-596954
Dalin Kids Kolay Tara Sprey Badem Yagli 200 Ml,8690605062194,199.90,159.90,80331,https://iyas.com.tr/dalin-kids-kolay-tara-sprey-badem-yagli-200-ml-80331-p-115187
Dalin Kids Kolay Tarama Sprey 50 Ml,8690605062170,79.90,149.90,86670,https://iyas.com.tr/dalin-kids-kolay-tarama-sprey-50-ml-86670-p-124961
Dalin Kolonya 150 Ml Bahar Tazeligi,8690605065973,109.90,94.90,84310,https://iyas.com.tr/dalin-kolonya-150-ml-bahar-tazeligi-84310-p-115153
Dalin Kolonya 150 Ml Deniz Esintisi,8690605074821,109.90,94.90,94501,https://iyas.com.tr/dalin-kolonya-150-ml-deniz-esintisi-94501-p-117231
Dalin Kolonya 150 Ml Limon Cicegi,8690605081607,109.90,94.90,104144,https://iyas.com.tr/dalin-kolonya-150-ml-limon-cicegi-104144-p-583798
Dalin Kolonya 50 Ml Bici Bici Kokusu,8690605055219,54.90,239.90,86671,https://iyas.com.tr/dalin-kolonya-50-ml-bici-bici-kokusu-86671-p-124999
Dalin Kulak Cubugu Stopperli 56li,8690605035211,79.90,32.90,4493,https://iyas.com.tr/dalin-kulak-cubugu-stopperli-56li-4493-p-130692
Dalin Kulak Temizleme Cubugu 100l,8690605036751,79.90,32.90,4494,https://iyas.com.tr/dalin-kulak-temizleme-cubugu-100l-4494-p-130689
Dalin Sampuan 200 Ml,8690605061050,74.90,149.90,96778,https://iyas.com.tr/dalin-sampuan-200-ml-96778-p-138638
Dalin Sampuan 200 Ml Kolay Tarama,8690605062118,79.90,149.90,80675,https://iyas.com.tr/dalin-sampuan-200-ml-kolay-tarama-80675-p-119051
Dalin Sampuan 500 Ml,8690605061036,139.90,149.90,96779,https://iyas.com.tr/dalin-sampuan-500-ml-96779-p-138639
Dalin Sampuan 700 Ml Rahat Ve Mutlu,8690605073848,174.90,149.90,91121,https://iyas.com.tr/dalin-sampuan-700-ml-rahat-ve-mutlu-91121-p-142110
Dalin Vazelin 100 Ml Avakado,8690605062057,139.90,139.90,86672,https://iyas.com.tr/dalin-vazelin-100-ml-avakado-86672-p-124956
Dalin Vazelin 100 Ml Beyaz,8690605035228,139.90,64.90,6328,https://iyas.com.tr/dalin-vazelin-100-ml-beyaz-6328-p-113776
Dalin Vazelin 100 Ml Hindistan Cevizi Yagli,8690605055899,139.90,139.90,93601,https://iyas.com.tr/dalin-vazelin-100-ml-hindistan-cevizi-yagli-93601-p-134011
Damla Gummy 1000 Gr Solucan,8690997021243,189.90,129.00,107654,https://iyas.com.tr/damla-gummy-1000-gr-solucan-107654-p-596453
Damla Su 0 5 Lt,5449000137173,15.00,36.50,4511,https://iyas.com.tr/damla-su-0-5-lt-4511-p-130591
Damla Su 1 Lt,5000112666380,30.00,36.50,103093,https://iyas.com.tr/damla-su-1-lt-103093-p-579130
Damla Su 5 Lt,5449000137197,59.50,36.50,4513,https://iyas.com.tr/damla-su-5-lt-4513-p-130597
Damla Su Cam 330 Ml Y,54022515,39.50,36.50,101507,https://iyas.com.tr/damla-su-cam-330-ml-y-101507-p-580351
Damla Su Cam Minera 750 Ml,5449000184887,77.50,36.50,68427,https://iyas.com.tr/damla-su-cam-minera-750-ml-68427-p-113814
Dana Antrikot Kilo,2204005,1590.00,895.00,4519,https://iyas.com.tr/dana-antrikot-kilo-4519-p-114755
Dana Biftek Kilo,2204006,1590.00,895.00,4520,https://iyas.com.tr/dana-biftek-kilo-4520-p-114761
Dana Bonfile Kilo,2204009,1990.00,895.00,4521,https://iyas.com.tr/dana-bonfile-kilo-4521-p-114756
Dana Dallas Kilo,2204020,825.00,895.00,100709,https://iyas.com.tr/dana-dallas-kilo-100709-p-568590
Dana Iskembe Kilo,2209724,445.00,795.00,28619,https://iyas.com.tr/dana-iskembe-kilo-28619-p-114767
Dana Julyen Kilo,2204007,1100.00,895.00,100448,https://iyas.com.tr/dana-julyen-kilo-100448-p-568595
Dana Kaburga Haslamalik Kilo,2204012,895.00,745.00,112880,https://iyas.com.tr/dana-kaburga-haslamalik-kilo-112880-p-596408
Dana Karaciger Sakadat Kilo,2204024,895.00,795.00,13065,https://iyas.com.tr/dana-karaciger-sakadat-kilo-13065-p-114766
Dana Kiyma Kilo,2204001,795.00,1290.00,4524,https://iyas.com.tr/dana-kiyma-kilo-4524-p-139866
Dana Kofteburger 90 Gr,2183000551463,300.00,290.00,99690,https://iyas.com.tr/dana-kofteburger-90-gr-99690-p-134733
Dana Kontrfile Kilo,2204008,1590.00,795.00,4525,https://iyas.com.tr/dana-kontrfile-kilo-4525-p-114762
Dana Kusbasi Kilo,2204003,895.00,1100.00,4526,https://iyas.com.tr/dana-kusbasi-kilo-4526-p-139814
Dana Lopet Kilo,2204016,1100.00,895.00,4527,https://iyas.com.tr/dana-lopet-kilo-4527-p-114753
Dana Osso Buco Kilo,2204014,895.00,745.00,100447,https://iyas.com.tr/dana-osso-buco-kilo-100447-p-568591
Dana Rosto Kilo,2204004,945.00,795.00,4530,https://iyas.com.tr/dana-rosto-kilo-4530-p-114754
Dana Rule Kilo,2204010,895.00,895.00,4531,https://iyas.com.tr/dana-rule-kilo-4531-p-139812
Dana Sote Kilo,2204011,1100.00,895.00,4533,https://iyas.com.tr/dana-sote-kilo-4533-p-114763
Dana T Bone Kilo,2204019,825.00,895.00,100450,https://iyas.com.tr/dana-t-bone-kilo-100450-p-568596
Dana Zebra Sis Kilo,2204018,990.00,895.00,13008,https://iyas.com.tr/dana-zebra-sis-kilo-13008-p-114768
Danet Cemensiz Dilimli Pastirma 70 Gr,8697403891865,349.00,895.00,91080,https://iyas.com.tr/danet-cemensiz-dilimli-pastirma-70-gr-91080-p-142102
Danet Dana Jambon Acik Kilo,2209808,1450.00,895.00,38713,https://iyas.com.tr/danet-dana-jambon-acik-kilo-38713-p-115029
Danet Dana Kavurma Acik Kilo,2207042,1995.00,895.00,4561,https://iyas.com.tr/danet-dana-kavurma-acik-kilo-4561-p-115021
Danet Fermente Kangal Sucuk Acik Extra Kilo,2207041,995.00,895.00,4542,https://iyas.com.tr/danet-fermente-kangal-sucuk-acik-extra-kilo-4542-p-139816
Danet Fume Hindi Dilimli 60 Gr,8697403890509,49.90,895.00,91081,https://iyas.com.tr/danet-fume-hindi-dilimli-60-gr-91081-p-142103
Danet Fume Hindi Kilo,2201083,749.00,795.00,99994,https://iyas.com.tr/danet-fume-hindi-kilo-99994-p-147514
Danet Fume Kaburga 70 Gr,8697446370129,219.00,895.00,91082,https://iyas.com.tr/danet-fume-kaburga-70-gr-91082-p-142104
Danet Fume Kaburga Kilo,2201084,3150.00,2490.00,99995,https://iyas.com.tr/danet-fume-kaburga-kilo-99995-p-147511
Danet Iklim Kokteyl Sosis 250 Gr,8697403890493,104.90,895.00,4560,https://iyas.com.tr/danet-iklim-kokteyl-sosis-250-gr-4560-p-139924
Danet Iklim Salam 200 Gr,8697403890332,59.90,895.00,47532,https://iyas.com.tr/danet-iklim-salam-200-gr-47532-p-139844
Danet Iklim Salam 700 Gr,8697403890998,189.90,895.00,47531,https://iyas.com.tr/danet-iklim-salam-700-gr-47531-p-139845
Danet Iklim Uzun Sosis 250 Gr,8697403890486,104.90,895.00,91074,https://iyas.com.tr/danet-iklim-uzun-sosis-250-gr-91074-p-142099
Danet Jambon Dilimli 60 Gr,8697403890929,69.90,895.00,91079,https://iyas.com.tr/danet-jambon-dilimli-60-gr-91079-p-142101
Danet Kangal Ferman Sucuk 300 Gr,8697403890882,429.00,895.00,91163,https://iyas.com.tr/danet-kangal-ferman-sucuk-300-gr-91163-p-142117
Danet Kangal Ferman Yarim Kangal 180 Gr,8697403891049,269.00,199.00,93757,https://iyas.com.tr/danet-kangal-ferman-yarim-kangal-180-gr-93757-p-121387
Danet Kangal Manda Ferman Sucuk 300 Gr,8697403890196,399.00,895.00,99996,https://iyas.com.tr/danet-kangal-manda-ferman-sucuk-300-gr-99996-p-579791
Danet Kavurma Dilimli 100 Gr,8697403890547,279.00,249.00,92760,https://iyas.com.tr/danet-kavurma-dilimli-100-gr-92760-p-146527
Danet Pizzalik Dilimli Sucuk 250 Gr,8697403891186,89.90,895.00,85898,https://iyas.com.tr/danet-pizzalik-dilimli-sucuk-250-gr-85898-p-144767
Danet Salam Extra Macar Acik Kilo,2207060,1395.00,895.00,4547,https://iyas.com.tr/danet-salam-extra-macar-acik-kilo-4547-p-123457
Danet Salam Fistikli Baton Acik Kilo,2207065,1395.00,895.00,4550,https://iyas.com.tr/danet-salam-fistikli-baton-acik-kilo-4550-p-123463
Danet Salam Fistikli Dilimli 50 Gr,8697403890981,59.90,895.00,91794,https://iyas.com.tr/danet-salam-fistikli-dilimli-50-gr-91794-p-121005
Danet Salam Hindi Acik Kilo,2207028,459.00,895.00,4555,https://iyas.com.tr/danet-salam-hindi-acik-kilo-4555-p-123461
Danet Salam Hindi Dilimli 60 Gr,8697403891872,29.90,895.00,55996,https://iyas.com.tr/danet-salam-hindi-dilimli-60-gr-55996-p-140387
Danet Salam Macar Dilimli 50 Gr,8697403891841,59.90,895.00,60228,https://iyas.com.tr/danet-salam-macar-dilimli-50-gr-60228-p-139865
Danet Sirt Antrikot Pastirma Acik Kilo,2207081,2900.00,895.00,4562,https://iyas.com.tr/danet-sirt-antrikot-pastirma-acik-kilo-4562-p-123462
Danet Sucuk Extra Vakumlu Kangal 200 Gr,8697403890028,319.00,895.00,4541,https://iyas.com.tr/danet-sucuk-extra-vakumlu-kangal-200-gr-4541-p-139822
Danet Sucuk Iklim Bufe Baton 350 Gr,8697403890103,124.90,895.00,4546,https://iyas.com.tr/danet-sucuk-iklim-bufe-baton-350-gr-4546-p-115034
Danet Sucuk Iklim Vak Kangal 200 Gr,8697403890363,104.90,895.00,4557,https://iyas.com.tr/danet-sucuk-iklim-vak-kangal-200-gr-4557-p-115035
Danet Tavuk Sebzeli Jambon Kilo,2207048,349.00,895.00,4538,https://iyas.com.tr/danet-tavuk-sebzeli-jambon-kilo-4538-p-123465
Dardanel Ayagli Ton 475 Gr,8690559019824,299.00,259.00,96396,https://iyas.com.tr/dardanel-ayagli-ton-475-gr-96396-p-125900
Dardanel Norvec Karides Haslanmi 200 Gr,8690559021001,319.00,279.00,105511,https://iyas.com.tr/dardanel-norvec-karides-haslanmi-200-gr-105511-p-587171
Dardanel Ton 160 Gr 4 Tahilli,8690559022428,159.00,59.90,95696,https://iyas.com.tr/dardanel-ton-160-gr-4-tahilli-95696-p-138454
Dardanel Ton 3x75 Gr,8690559015208,279.00,59.90,78914,https://iyas.com.tr/dardanel-ton-3x75-gr-78914-p-135870
Dardanel Ton 3x75 Gr Zeytinyagli,8690559015239,310.00,299.00,78919,https://iyas.com.tr/dardanel-ton-3x75-gr-zeytinyagli-78919-p-135851
Dardanel Ton Eko 3x75 Gr,8690559018995,279.00,59.90,90608,https://iyas.com.tr/dardanel-ton-eko-3x75-gr-90608-p-133535
Dardanel Ton Fasulyeli 160 Gr,8690559022411,159.00,59.90,103258,https://iyas.com.tr/dardanel-ton-fasulyeli-160-gr-103258-p-579982
Dardanel Ton Kuskuslu 160 Gr,8690559022435,159.00,59.90,95283,https://iyas.com.tr/dardanel-ton-kuskuslu-160-gr-95283-p-125686
Dates Hurma 300 Gr,8683649195201,59.90,29.90,101205,https://iyas.com.tr/dates-hurma-300-gr-101205-p-245569
Deep Tel Dikisli Pp Kapak Defter A4,8682484504599,75.00,20.00,110367,https://iyas.com.tr/deep-tel-dikisli-pp-kapak-defter-a4-110367-p-588272
Deep Tel Dikisli Pp Kapak Defter A4,8682484504605,75.00,20.00,110368,https://iyas.com.tr/deep-tel-dikisli-pp-kapak-defter-a4-110368-p-588273
Deep Tel Dikisli Pp Kapak Defter A4 604,8682484504544,59.00,20.00,110364,https://iyas.com.tr/deep-tel-dikisli-pp-kapak-defter-a4-604-110364-p-588280
Deep Tel Dikisli Pp Kapak Defter A4 801,8682484504568,75.00,20.00,110365,https://iyas.com.tr/deep-tel-dikisli-pp-kapak-defter-a4-801-110365-p-588254
Deep Tel Dikisli Pp Kapak Defter A4 804,8682484504575,75.00,20.00,110366,https://iyas.com.tr/deep-tel-dikisli-pp-kapak-defter-a4-804-110366-p-588228
Deep Tel Dikisli Pp Kapak Defter A5 604,8682484504742,35.00,20.00,110362,https://iyas.com.tr/deep-tel-dikisli-pp-kapak-defter-a5-604-110362-p-588249
Defans Y Su Bazli Sinek Kovucu Losyon 100 Ml,8690530048737,109.90,69.90,101953,https://iyas.com.tr/defans-y-su-bazli-sinek-kovucu-losyon-100-ml-101953-p-580869
Deina Lasting Performance Fondoten 30 Ml 04,8697458975046,209.90,21.00,115479,https://iyas.com.tr/deina-lasting-performance-fondoten-30-ml-04-115479-p-597286
Deina X Max Mascara Black 3 In 1,8697458976067,94.90,89.90,115482,https://iyas.com.tr/deina-x-max-mascara-black-3-in-1-115482-p-597291
Deniz 425 Gr Deniz Borulcesi,8685043580034,329.00,59.90,113369,https://iyas.com.tr/deniz-425-gr-deniz-borulcesi-113369-p-597160
Deniz Borulcesi Adet,2306003,39.90,25.00,75850,https://iyas.com.tr/deniz-borulcesi-adet-75850-p-114714
Deotak Roll On Invs Formen 35 Ml,8692255001806,274.90,149.90,69727,https://iyas.com.tr/deotak-roll-on-invs-formen-35-ml-69727-p-130700
Derby Tiras Bicagi 3 Lu Lady Samurai 2 Blister,8690885205434,159.90,114.90,114295,https://iyas.com.tr/derby-tiras-bicagi-3-lu-lady-samurai-2-blister-114295-p-596901
Derby Tiras Bicagi 3 Lu Samurai 3 Platinium Blister,8690885205847,129.90,89.90,114300,https://iyas.com.tr/derby-tiras-bicagi-3-lu-samurai-3-platinium-blister-114300-p-596840
Derby Tiras Bicagi 3 Poset 10 Lu,8690885223445,169.90,89.90,114289,https://iyas.com.tr/derby-tiras-bicagi-3-poset-10-lu-114289-p-596861
Derby Tiras Bicagi 5 Li Samurai 3,8690885224534,129.90,89.90,114297,https://iyas.com.tr/derby-tiras-bicagi-5-li-samurai-3-114297-p-596863
Derby Tiras Bicagi Tekli 13 Lu,8690885230627,127.50,89.90,114288,https://iyas.com.tr/derby-tiras-bicagi-tekli-13-lu-114288-p-596842
Derby Tiras Kolonyasi 250 Ml Amber,8690885009667,84.90,79.90,114309,https://iyas.com.tr/derby-tiras-kolonyasi-250-ml-amber-114309-p-596934
Derby Tiras Kolonyasi 250 Ml Doga,8690885009650,84.90,79.90,114308,https://iyas.com.tr/derby-tiras-kolonyasi-250-ml-doga-114308-p-596865
Derby Tiras Kopugu 200 Ml Okyanus Esintisi,8690885206448,149.90,119.90,114301,https://iyas.com.tr/derby-tiras-kopugu-200-ml-okyanus-esintisi-114301-p-596889
Dere Otu Adet,2306008,25.00,25.00,4717,https://iyas.com.tr/dere-otu-adet-4717-p-127185
Dermaroller,6902540752583,74.90,21.00,94896,https://iyas.com.tr/dermaroller-94896-p-142643
Dermokil 280 Ml Avakado Ve Kil Maske,8697916008606,99.90,21.00,95393,https://iyas.com.tr/dermokil-280-ml-avakado-ve-kil-maske-95393-p-129905
Dermokil 370 Gr Okaliptus Banyo Tuzu,8697916014089,72.50,99.90,95400,https://iyas.com.tr/dermokil-370-gr-okaliptus-banyo-tuzu-95400-p-129912
Dermokil Kagit Maske 20 Gr Yogurt,8697916017554,39.90,99.90,115070,https://iyas.com.tr/dermokil-kagit-maske-20-gr-yogurt-115070-p-597015
Dermokil Kagit Maske 23 Gr Kil Ve Kolejen Serum,8697916011675,39.90,99.90,115069,https://iyas.com.tr/dermokil-kagit-maske-23-gr-kil-ve-kolejen-serum-115069-p-597066
Dermokil Lavanta Banyo Tuzu,8697916014096,72.50,99.90,95398,https://iyas.com.tr/dermokil-lavanta-banyo-tuzu-95398-p-129910
Dermokil Sampuan 1000 Ml Collagen Black Garlic,8697916019657,159.90,99.90,110915,https://iyas.com.tr/dermokil-sampuan-1000-ml-collagen-black-garlic-110915-p-596953
Detan 30 Gece Elektro Likit Cihaz Yedek,8690530022973,269.90,69.90,98948,https://iyas.com.tr/detan-30-gece-elektro-likit-cihaz-yedek-98948-p-143150
Detan 60 Gece Eletro Likit Yedek,8693239238003,339.90,69.90,65274,https://iyas.com.tr/detan-60-gece-eletro-likit-yedek-65274-p-114186
Detan Bocek Kiran Kopuk 275 Ml,8690530030381,164.90,144.90,98141,https://iyas.com.tr/detan-bocek-kiran-kopuk-275-ml-98141-p-117708
Detan Elektrolikit Yedegi 30 Gece,8699753283482,164.90,69.90,79051,https://iyas.com.tr/detan-elektrolikit-yedegi-30-gece-79051-p-136314
Detan Hamam Bocegi Yemi Max,8690530052482,279.90,219.90,103155,https://iyas.com.tr/detan-hamam-bocegi-yemi-max-103155-p-579642
Detan Karinca Yemi Ekstra 2 Adet,8690530052543,219.90,149.90,95719,https://iyas.com.tr/detan-karinca-yemi-ekstra-2-adet-95719-p-138477
Detan Kokusuz Karincakiran 250 Ml,8690530054981,189.90,69.90,94714,https://iyas.com.tr/detan-kokusuz-karincakiran-250-ml-94714-p-121325
Detan Kokusuz Sinekkiran 275 Ml,8690530009967,159.90,69.90,98130,https://iyas.com.tr/detan-kokusuz-sinekkiran-275-ml-98130-p-117697
Detan Mat Cihaz 10 Yedek,8690530023031,199.90,179.90,98200,https://iyas.com.tr/detan-mat-cihaz-10-yedek-98200-p-117767
Detan Sinekkiran Su Bazli 275 Ml,8690530030350,149.90,109.90,98133,https://iyas.com.tr/detan-sinekkiran-su-bazli-275-ml-98133-p-117700
Detan Super Mat Tablet 20 Li,8690530023055,149.90,139.90,98329,https://iyas.com.tr/detan-super-mat-tablet-20-li-98329-p-121933
Detay Isim,2066113352410,97.50,142.50,15423,https://iyas.com.tr/detay-isim-15423-p-143645
Dilegin Elinden Icli Kofte Adet,2301156,99.90,279.00,112861,https://iyas.com.tr/dilegin-elinden-icli-kofte-adet-112861-p-596321
Dilegin Elinden Yaprak Sarma Kilo,2207007,499.00,195.00,12996,https://iyas.com.tr/dilegin-elinden-yaprak-sarma-kilo-12996-p-123452
Dimes Cool 310 Ml Berry,8690558039359,57.50,99.90,99646,https://iyas.com.tr/dimes-cool-310-ml-berry-99646-p-134689
Dimes Cool 310 Ml Karpuz,8690558040065,57.50,44.50,102495,https://iyas.com.tr/dimes-cool-310-ml-karpuz-102495-p-581866
Dimes Cool 310 Ml Lime Ozu,8690558037751,57.50,99.90,94373,https://iyas.com.tr/dimes-cool-310-ml-lime-ozu-94373-p-117186
Dimes Cool 310 Ml Lime Ozu Sekersiz,8690558040027,57.50,44.50,102496,https://iyas.com.tr/dimes-cool-310-ml-lime-ozu-sekersiz-102496-p-586375
Dimes Meyve Aromali Icecek 11 Ananas,8690558014776,75.00,99.90,80139,https://iyas.com.tr/dimes-meyve-aromali-icecek-11-ananas-80139-p-140135
Dimes Meyve Aromali Icecek 11 Karpuz Cilek,8690558031605,75.00,99.90,91009,https://iyas.com.tr/dimes-meyve-aromali-icecek-11-karpuz-cilek-91009-p-142076
Dimes Meyve Aromali Icecek 11 Kirmizi Meyveler,8690558020210,75.00,99.90,32747,https://iyas.com.tr/dimes-meyve-aromali-icecek-11-kirmizi-meyveler-32747-p-140118
Dimes Meyve Aromali Icecek 11 Mango,8690558031957,75.00,99.90,80138,https://iyas.com.tr/dimes-meyve-aromali-icecek-11-mango-80138-p-140134
Dimes Meyve Aromali Icecek 11 Tahilli 724,8690558026274,75.00,99.90,49375,https://iyas.com.tr/dimes-meyve-aromali-icecek-11-tahilli-724-49375-p-140125
Dimes Meyve Suyu 11 Eksi Elma,8690558023921,75.00,99.90,45173,https://iyas.com.tr/dimes-meyve-suyu-11-eksi-elma-45173-p-144291
Dimes Meyve Suyu 11 Karisik,8690558013236,75.00,99.90,96781,https://iyas.com.tr/dimes-meyve-suyu-11-karisik-96781-p-138641
Dimes Meyve Suyu 11 Kayisi,8690558010013,75.00,99.90,4799,https://iyas.com.tr/dimes-meyve-suyu-11-kayisi-4799-p-140120
Dimes Meyve Suyu 11 Seftali,8690558010020,75.00,99.90,4805,https://iyas.com.tr/dimes-meyve-suyu-11-seftali-4805-p-140121
Dimes Meyve Suyu 11 Visneli Icecek,8690558027554,75.00,99.90,49715,https://iyas.com.tr/dimes-meyve-suyu-11-visneli-icecek-49715-p-140122
Dimes Meyve Suyu 200 Ml Karisik,8690558013229,15.00,99.90,4808,https://iyas.com.tr/dimes-meyve-suyu-200-ml-karisik-4808-p-140143
Dimes Meyve Suyu 200 Ml Kayisi,86900195,15.00,99.90,4809,https://iyas.com.tr/dimes-meyve-suyu-200-ml-kayisi-4809-p-140142
Dimes Meyve Suyu 200 Ml Seftali,86900201,15.00,99.90,4812,https://iyas.com.tr/dimes-meyve-suyu-200-ml-seftali-4812-p-140141
Dimes Meyve Suyu 200 Ml Visne,86900188,15.00,99.90,4813,https://iyas.com.tr/dimes-meyve-suyu-200-ml-visne-4813-p-140140
Dimes Milk Shake 310 Ml Antepfistikli,8690558038628,57.50,99.90,99647,https://iyas.com.tr/dimes-milk-shake-310-ml-antepfistikli-99647-p-134690
Dimes Milk Shake 310 Ml Browni,8690558036174,57.50,99.90,84996,https://iyas.com.tr/dimes-milk-shake-310-ml-browni-84996-p-144673
Dimes Milk Shake 310 Ml Cilek,8690558033418,57.50,99.90,80137,https://iyas.com.tr/dimes-milk-shake-310-ml-cilek-80137-p-140058
Dimes Milk Shake 310 Ml Muz,8690558033395,57.50,99.90,80136,https://iyas.com.tr/dimes-milk-shake-310-ml-muz-80136-p-140133
Dogadan B Ozel Cay Rahat Hisset 18 Li,8699432216138,114.50,66.00,85275,https://iyas.com.tr/dogadan-b-ozel-cay-rahat-hisset-18-li-85275-p-115260
Dogadan B Ozel Cay Uyku Saati 18 Li,8699432216114,114.50,66.00,85276,https://iyas.com.tr/dogadan-b-ozel-cay-uyku-saati-18-li-85276-p-115261
Dogadan Beyaz Cay 18 Li 25 20 Gr Portakal Cicegi,8699432214875,119.50,389.50,94546,https://iyas.com.tr/dogadan-beyaz-cay-18-li-25-20-gr-portakal-cicegi-94546-p-117252
Dogadan Beyaz Cay 18 Li 25 20 Gr Sade,8699432214851,119.50,389.50,98456,https://iyas.com.tr/dogadan-beyaz-cay-18-li-25-20-gr-sade-98456-p-126169
Dogadan Bitki Cayi Adacayi 20 Li,8699432210921,114.50,66.00,96792,https://iyas.com.tr/dogadan-bitki-cayi-adacayi-20-li-96792-p-138652
Dogadan Bitki Cayi Ayvali Ihlamur 18 Li,8699432216916,114.50,66.00,86476,https://iyas.com.tr/dogadan-bitki-cayi-ayvali-ihlamur-18-li-86476-p-120787
Dogadan Bitki Cayi Ihlamur 18 Li,8699432216930,114.50,66.00,86475,https://iyas.com.tr/dogadan-bitki-cayi-ihlamur-18-li-86475-p-120785
Dogadan Bitki Cayi Kusburnu 20 Li,8699432210952,114.50,66.00,96807,https://iyas.com.tr/dogadan-bitki-cayi-kusburnu-20-li-96807-p-142802
Dogadan Bitki Cayi Papatya Relax 20 Li,8699432211164,114.50,66.00,96810,https://iyas.com.tr/dogadan-bitki-cayi-papatya-relax-20-li-96810-p-142805
Dogadan Bitki Cayi Rezene Cayi 20 Li,8699432211218,114.50,66.00,96812,https://iyas.com.tr/dogadan-bitki-cayi-rezene-cayi-20-li-96812-p-142807
Dogadan Bitki Cayi Zencefil Limonlu 18 Li,8699432216954,114.50,66.00,86209,https://iyas.com.tr/dogadan-bitki-cayi-zencefil-limonlu-18-li-86209-p-119564
Dogadan Form Cayi Kayisili 20 Li,8699432211980,114.50,66.00,96799,https://iyas.com.tr/dogadan-form-cayi-kayisili-20-li-96799-p-142794
Dogadan Form Cayi Kiraz Sapli 20li,8699432202179,114.50,66.00,46422,https://iyas.com.tr/dogadan-form-cayi-kiraz-sapli-20li-46422-p-143698
Dogadan Gizli Bahce 1000 Gr,8699432220692,294.50,389.50,73896,https://iyas.com.tr/dogadan-gizli-bahce-1000-gr-73896-p-143703
Dogadan Keyif Cayi Bogurtlen 20 Li,8699432211133,114.50,66.00,96794,https://iyas.com.tr/dogadan-keyif-cayi-bogurtlen-20-li-96794-p-138654
Dogadan Keyif Cayi Elma 20 Li,8699432210983,114.50,389.50,96798,https://iyas.com.tr/dogadan-keyif-cayi-elma-20-li-96798-p-142793
Dogadan Matcha 25 Gr Mango Aromali,8699432220876,325.00,389.50,113157,https://iyas.com.tr/dogadan-matcha-25-gr-mango-aromali-113157-p-596499
Dogadan Matcha 25 Gr Yumusak Icimli,8699432220890,325.00,389.50,113158,https://iyas.com.tr/dogadan-matcha-25-gr-yumusak-icimli-113158-p-596455
Dogadan Yesil 50 Gr Bergamot,8699432218095,119.50,389.50,95758,https://iyas.com.tr/dogadan-yesil-50-gr-bergamot-95758-p-138514
Dogadan Yesil Cay Limonlu 20li,8699432212185,114.50,66.00,98091,https://iyas.com.tr/dogadan-yesil-cay-limonlu-20li-98091-p-117658
Dogadan Yesil Cay Sade 20 Li,8699432211249,114.50,66.00,96817,https://iyas.com.tr/dogadan-yesil-cay-sade-20-li-96817-p-142812
Dogadan Yesil Cay Yumusak Icim 20li,8699432205972,114.50,389.50,69167,https://iyas.com.tr/dogadan-yesil-cay-yumusak-icim-20li-69167-p-114213
Doganay Beyaz Sirke 1000 Ml,8693354006686,39.90,59.90,74546,https://iyas.com.tr/doganay-beyaz-sirke-1000-ml-74546-p-139464
Doganay Elma Sirkesi 500 Ml Pet,8693354003555,49.90,59.90,5158,https://iyas.com.tr/doganay-elma-sirkesi-500-ml-pet-5158-p-114558
Doganay Kvass 750 Ml Pancar Icecegi,8693354001827,229.00,99.90,112620,https://iyas.com.tr/doganay-kvass-750-ml-pancar-icecegi-112620-p-596427
Doganay Limon Suyu 500 Ml 100,8693354002565,84.90,59.90,5180,https://iyas.com.tr/doganay-limon-suyu-500-ml-100-5180-p-115101
Doganay Lita Limonata 1000 Ml Sekersiz,8693354003852,54.90,99.90,5163,https://iyas.com.tr/doganay-lita-limonata-1000-ml-sekersiz-5163-p-115530
Doganay Nar Eksisi 100 250 Gr,8693354004316,234.90,59.90,55839,https://iyas.com.tr/doganay-nar-eksisi-100-250-gr-55839-p-119127
Doganay Salgam 1000 Ml Acili,8693354001223,49.90,99.90,5169,https://iyas.com.tr/doganay-salgam-1000-ml-acili-5169-p-135229
Doganay Salgam 2000 Ml Acili,8693354001230,129.00,99.90,5171,https://iyas.com.tr/doganay-salgam-2000-ml-acili-5171-p-126772
Doganay Salgam 2000 Ml Sade,8693354001032,129.00,99.90,5172,https://iyas.com.tr/doganay-salgam-2000-ml-sade-5172-p-126773
Doganay Salgam 250 Ml Sade Cam,8693354007324,59.90,99.90,86724,https://iyas.com.tr/doganay-salgam-250-ml-sade-cam-86724-p-125035
Doganay Salgam 250 Ml Suyu Acili Cam,8693354007317,59.90,99.90,86723,https://iyas.com.tr/doganay-salgam-250-ml-suyu-acili-cam-86723-p-125050
Doganay Salgam 300 Ml Acili,8693354000585,29.90,99.90,96819,https://iyas.com.tr/doganay-salgam-300-ml-acili-96819-p-142814
Doganay Salgam 750 Ml Acili Cam,8693354008468,114.90,99.90,101808,https://iyas.com.tr/doganay-salgam-750-ml-acili-cam-101808-p-582448
Doganay Salgam 750 Ml Gurme Acili Cam,8693354008017,124.90,99.90,94328,https://iyas.com.tr/doganay-salgam-750-ml-gurme-acili-cam-94328-p-117176
Doganay Salgam 750 Ml Gurme Sade Cam,8693354008024,124.90,99.90,94330,https://iyas.com.tr/doganay-salgam-750-ml-gurme-sade-cam-94330-p-117177
Dogus C Siyah Cay 1000 Gr,8690719047308,329.50,299.50,30153,https://iyas.com.tr/dogus-c-siyah-cay-1000-gr-30153-p-114221
Dogus Parti Boy Cipso 160 Gr Orjinal,8681506001320,74.90,74.90,70334,https://iyas.com.tr/dogus-parti-boy-cipso-160-gr-orjinal-70334-p-131594
Dogus Parti Boy Cipso 160 Gr Peynir Sogan,8681506020895,74.90,74.90,107809,https://iyas.com.tr/dogus-parti-boy-cipso-160-gr-peynir-sogan-107809-p-588114
Dogus Parti Boy Patos 195 Gr Aci,8681506021007,74.90,74.90,108990,https://iyas.com.tr/dogus-parti-boy-patos-195-gr-aci-108990-p-596701
Dogus Parti Boy Patos 195 Gr Rolls Aci,8681506021083,74.90,74.90,108988,https://iyas.com.tr/dogus-parti-boy-patos-195-gr-rolls-aci-108988-p-587921
Dogus Super Plas Cipso 104 Gr Clasik,8681506018021,59.90,74.90,96506,https://iyas.com.tr/dogus-super-plas-cipso-104-gr-clasik-96506-p-130119
Dogus Super Plas Cipso 104 Gr Orjinal,8680782529221,59.90,74.90,70330,https://iyas.com.tr/dogus-super-plas-cipso-104-gr-orjinal-70330-p-135018
Dogus Super Plas Cipso 104 Gr Tirtik Ketcap,8680782529245,59.90,74.90,70332,https://iyas.com.tr/dogus-super-plas-cipso-104-gr-tirtik-ketcap-70332-p-135020
Dogus Super Plas Cipso 104 Gr Yog Mev Yesil,8681506018038,59.90,74.90,96507,https://iyas.com.tr/dogus-super-plas-cipso-104-gr-yog-mev-yesil-96507-p-130120
Dogus Super Plas Cipso 104 Gr Yogmev Yesilik,8680782529269,59.90,74.90,70331,https://iyas.com.tr/dogus-super-plas-cipso-104-gr-yogmev-yesilik-70331-p-135019
Dogus Super Plas Patos 109 Gr Rolls Aci,7622300379414,59.90,74.90,32215,https://iyas.com.tr/dogus-super-plas-patos-109-gr-rolls-aci-32215-p-130872
Dogus Super Plas Patos 115 Gr Critos Acili,7622300167660,59.90,74.90,27485,https://iyas.com.tr/dogus-super-plas-patos-115-gr-critos-acili-27485-p-144617
Dogus Super Plas Patos 115 Gr Critos Peynir,8681506019417,59.90,74.90,97537,https://iyas.com.tr/dogus-super-plas-patos-115-gr-critos-peynir-97537-p-130248
Dogus Super Plas Peynir Sogan Aromali Cipso 104 Gr,8681506020017,59.90,74.90,107808,https://iyas.com.tr/dogus-super-plas-peynir-sogan-aromali-cipso-104-gr-107808-p-588117
Dogus Tube Cipso 160 Gr Aci Baharat,8681506020611,110.00,74.90,110869,https://iyas.com.tr/dogus-tube-cipso-160-gr-aci-baharat-110869-p-593861
Dogus Tube Cipso 160 Gr Eksi Krema Sogan Aromali,8681506020598,110.00,74.90,110510,https://iyas.com.tr/dogus-tube-cipso-160-gr-eksi-krema-sogan-aromali-110510-p-593862
Dogus Tube Cipso 160 Gr Ketcap,8681506020635,110.00,74.90,114998,https://iyas.com.tr/dogus-tube-cipso-160-gr-ketcap-114998-p-596555
Doktorum Dogal Organik Keci Boynuzu Ozu 630 Gr,8680905007049,229.00,249.00,77624,https://iyas.com.tr/doktorum-dogal-organik-keci-boynuzu-ozu-630-gr-77624-p-144404
Doktorum Dogal Organik Keci Boynuzu Ozu 800 Gr,8680905007032,229.00,249.00,105617,https://iyas.com.tr/doktorum-dogal-organik-keci-boynuzu-ozu-800-gr-105617-p-586931
Doktorum Dogal Organik Keci Boynuzu Prop 630 Gr,8680905007131,229.00,249.00,80642,https://iyas.com.tr/doktorum-dogal-organik-keci-boynuzu-prop-630-gr-80642-p-144407
Dolce Classic Edt Deodorant Set,8690644012044,779.90,149.90,92673,https://iyas.com.tr/dolce-classic-edt-deodorant-set-92673-p-142319
Domates 1 Sinif Kilo,2209002,64.90,59.90,5227,https://iyas.com.tr/domates-1-sinif-kilo-5227-p-144131
Domates Frenk Kilo,2209092,120.00,99.90,5225,https://iyas.com.tr/domates-frenk-kilo-5225-p-127186
Domates Kebap,2183000551029,440.00,290.00,99675,https://iyas.com.tr/domates-kebap-99675-p-134718
Domates Pembe Kilo,2209024,74.90,59.90,5226,https://iyas.com.tr/domates-pembe-kilo-5226-p-144130
Domates Yildiz Kilo,2209003,99.90,79.90,5228,https://iyas.com.tr/domates-yildiz-kilo-5228-p-127187
Domestos 1850 Ml Kotu Koku Avcisi,8683130082393,134.90,74.90,102905,https://iyas.com.tr/domestos-1850-ml-kotu-koku-avcisi-102905-p-582757
Domestos 1955 Gr Okaliptus,8690637895258,134.90,74.90,96828,https://iyas.com.tr/domestos-1955-gr-okaliptus-96828-p-142823
Domestos 3240 Ml Ultra Beyaz,8683130123928,169.90,74.90,110618,https://iyas.com.tr/domestos-3240-ml-ultra-beyaz-110618-p-590021
Domestos 806 Gr Dag Esintisi,8690637895166,74.90,169.90,96836,https://iyas.com.tr/domestos-806-gr-dag-esintisi-96836-p-142831
Domestos 806 Gr Kar Beyazi Ul Ko,8690637895838,74.90,74.90,96833,https://iyas.com.tr/domestos-806-gr-kar-beyazi-ul-ko-96833-p-142828
Domestos 806 Gr Limon Ferahligi,8690637895180,74.90,74.90,96838,https://iyas.com.tr/domestos-806-gr-limon-ferahligi-96838-p-142833
Domestos 806 Gr Okaliptus,8690637895159,74.90,74.90,96834,https://iyas.com.tr/domestos-806-gr-okaliptus-96834-p-142829
Domestos 810 Gr Kotu Koku Avcisi,8683130078532,74.90,74.90,101744,https://iyas.com.tr/domestos-810-gr-kotu-koku-avcisi-101744-p-582156
Domestos Dual Action Kirec Karsiti Camasir Suyu 750 Ml,8683130143186,89.90,84.90,117679,https://iyas.com.tr/domestos-dual-action-kirec-karsiti-camasir-suyu-750-ml-117679-p-599120
Domestos Dual Action Kotu Koku Karsiti Camasir Suyu 750 Ml,8683130143209,84.90,74.90,117680,https://iyas.com.tr/domestos-dual-action-kotu-koku-karsiti-camasir-suyu-750-ml-117680-p-599119
Domestos Wc Blok 50 Gr Cam Ferah,8683130029862,64.90,69.90,95174,https://iyas.com.tr/domestos-wc-blok-50-gr-cam-ferah-95174-p-121465
Domestos Wc Blok 50 Gr Okyanus,8683130029886,64.90,69.90,95175,https://iyas.com.tr/domestos-wc-blok-50-gr-okyanus-95175-p-121466
Domestos Wc Blok Duopack 2x50 Gr Cam Fer,8683130030691,99.90,69.90,98904,https://iyas.com.tr/domestos-wc-blok-duopack-2x50-gr-cam-fer-98904-p-143106
Domestos Wc Blok Duopack 2x50 Gr Limon Fer,8683130087343,99.90,69.90,103940,https://iyas.com.tr/domestos-wc-blok-duopack-2x50-gr-limon-fer-103940-p-585592
Domestos Wc Blok Duopack 2x50 Gr Manolya,8683130030004,99.90,69.90,95601,https://iyas.com.tr/domestos-wc-blok-duopack-2x50-gr-manolya-95601-p-134228
Domestos Wc Blok Duopack 2x50 Gr Okyns Fer,8683130029985,99.90,69.90,98905,https://iyas.com.tr/domestos-wc-blok-duopack-2x50-gr-okyns-fer-98905-p-143107
Domestos Wc Blok Lux 5 Li Guc 2x50 Gr Ejder M,8683130080849,129.90,69.90,102903,https://iyas.com.tr/domestos-wc-blok-lux-5-li-guc-2x50-gr-ejder-m-102903-p-584600
Domestos Wc Blok Lux 5 Li Guc 2x50 Gr Seftali Cice,8683130122440,129.90,129.90,111521,https://iyas.com.tr/domestos-wc-blok-lux-5-li-guc-2x50-gr-seftali-cice-111521-p-597896
Domestos Wc Blok Lux 5 Li Guc Duopack Aromatik,8683130080856,129.90,69.90,102904,https://iyas.com.tr/domestos-wc-blok-lux-5-li-guc-duopack-aromatik-102904-p-584278
Domestos Yuzey Temizleyici 15 Lt Bahar Cic,8683130051009,94.90,69.90,94168,https://iyas.com.tr/domestos-yuzey-temizleyici-15-lt-bahar-cic-94168-p-117140
Domestos Yuzey Temizleyici 15 Lt Cam,8683130000052,94.90,69.90,84680,https://iyas.com.tr/domestos-yuzey-temizleyici-15-lt-cam-84680-p-144716
Domestos Yuzey Temizleyici 15 Lt Okyanus,8683130000014,94.90,69.90,84679,https://iyas.com.tr/domestos-yuzey-temizleyici-15-lt-okyanus-84679-p-144715
Doner Durum,2183000551197,470.00,290.00,99684,https://iyas.com.tr/doner-durum-99684-p-134727
Doritos Extreme Mexicano Aci Baharatli Misir Cipsi 113 Gr,8690624202977,59.90,74.90,56085,https://iyas.com.tr/doritos-extreme-mexicano-aci-baharatli-misir-cipsi-113-gr-56085-p-122484
Doritoslu Mega Torpilli Durum 150gr,2183000550367,150.00,160.00,105862,https://iyas.com.tr/doritoslu-mega-torpilli-durum-150gr-105862-p-586633
Doritoslu Mega Torpilli Durum Menu,2183000550275,150.00,160.00,105854,https://iyas.com.tr/doritoslu-mega-torpilli-durum-menu-105854-p-586629
Doritoslu Standart Durum 100 Gr,2183000550374,135.00,160.00,105860,https://iyas.com.tr/doritoslu-standart-durum-100-gr-105860-p-586632
Dove Cream Bar 90 Gr Beauty Cream Bar,8720182255716,39.90,99.90,91177,https://iyas.com.tr/dove-cream-bar-90-gr-beauty-cream-bar-91177-p-142140
Dove Cream Bar 90 Gr Fresh Touch,8720181219467,39.90,99.90,91343,https://iyas.com.tr/dove-cream-bar-90-gr-fresh-touch-91343-p-146334
Dove Cream Bar 90 Gr Gentle Exfoliating,8720181219443,39.90,99.90,91299,https://iyas.com.tr/dove-cream-bar-90-gr-gentle-exfoliating-91299-p-146319
Dove Cream Bar 90 Gr Sabun Pink,8720181219450,39.90,99.90,91176,https://iyas.com.tr/dove-cream-bar-90-gr-sabun-pink-91176-p-142139
Dove Cream Bar 90 Gr Sensitive Etk,8720181219979,39.90,99.90,103512,https://iyas.com.tr/dove-cream-bar-90-gr-sensitive-etk-103512-p-582496
Dove Deodorant 150 Ml Lotus Cicegi Isil Bkm,8690637983665,239.90,149.90,57962,https://iyas.com.tr/dove-deodorant-150-ml-lotus-cicegi-isil-bkm-57962-p-123624
Dove Dus Jeli 450 Ml Avokado Yagi Kal Ozu,8683130048719,214.90,99.90,95844,https://iyas.com.tr/dove-dus-jeli-450-ml-avokado-yagi-kal-ozu-95844-p-142734
Dove Dus Jeli 450 Ml Hindistan Cevz Badem Ozu,8683130048696,214.90,99.90,95845,https://iyas.com.tr/dove-dus-jeli-450-ml-hindistan-cevz-badem-ozu-95845-p-142735
Dove Likid Sabun 450 Ml Hindistan Cevizi Yagi Ve Badem S,8683130036099,164.90,99.90,100901,https://iyas.com.tr/dove-likid-sabun-450-ml-hindistan-cevizi-yagi-ve-badem-s-100901-p-586128
Dove Likid Sabun 450 Ml Lotus Cicegi Ve Pirinc,8683130036068,164.90,99.90,95748,https://iyas.com.tr/dove-likid-sabun-450-ml-lotus-cicegi-ve-pirinc-95748-p-138504
Dove Likid Sabun 450 Ml Nemlendirici Caring,8683130052129,164.90,99.90,99843,https://iyas.com.tr/dove-likid-sabun-450-ml-nemlendirici-caring-99843-p-147482
Dove Sac Kremi 350 Ml Argan Yagi Onarici Bkm,8683130013021,149.90,149.90,91298,https://iyas.com.tr/dove-sac-kremi-350-ml-argan-yagi-onarici-bkm-91298-p-146318
Dove Sac Kremi 350 Ml Uzun Sac Terapisi,8690637506079,149.90,149.90,89352,https://iyas.com.tr/dove-sac-kremi-350-ml-uzun-sac-terapisi-89352-p-133347
Doyfarm 1000 Gr Kokteyl Sosis,8696415319794,129.90,895.00,106534,https://iyas.com.tr/doyfarm-1000-gr-kokteyl-sosis-106534-p-596008
Doyfarm Sosis 800 Gr,8696415313457,114.90,895.00,106533,https://iyas.com.tr/doyfarm-sosis-800-gr-106533-p-596009
Dp Daily Set 425 Ml Sampuan 180ml S Kremi Bond Repair,8694965552197,189.90,149.90,110133,https://iyas.com.tr/dp-daily-set-425-ml-sampuan-180ml-s-kremi-bond-repair-110133-p-597214
Dp Sac Bakim Yagi 100 Ml Argan Vitamin,8694965552579,199.90,149.90,114082,https://iyas.com.tr/dp-sac-bakim-yagi-100-ml-argan-vitamin-114082-p-597292
Dp Sac Kremi 350 Ml Moringa Yagi,8694965549548,119.90,79.90,104210,https://iyas.com.tr/dp-sac-kremi-350-ml-moringa-yagi-104210-p-584676
Dp Sampuan 200 Ml Cam Terabisi,8694965552593,49.90,149.90,109444,https://iyas.com.tr/dp-sampuan-200-ml-cam-terabisi-109444-p-598356
Dp Sampuan 200 Ml Karanfil,8694965552609,49.90,149.90,109445,https://iyas.com.tr/dp-sampuan-200-ml-karanfil-109445-p-597013
Dp Sampuan 200 Ml Pamuk Sutlu,8694965552586,79.90,49.90,109443,https://iyas.com.tr/dp-sampuan-200-ml-pamuk-sutlu-109443-p-597182
Dp Sampuan 425 Ml Cam Terebentin,8694965540644,139.90,149.90,104225,https://iyas.com.tr/dp-sampuan-425-ml-cam-terebentin-104225-p-585625
Dp Sampuan 425 Ml Kantaron Yagi,8694965546356,139.90,149.90,104227,https://iyas.com.tr/dp-sampuan-425-ml-kantaron-yagi-104227-p-585286
Dp Sampuan 425 Ml Karanfil Ozlu,8694965546363,139.90,149.90,104230,https://iyas.com.tr/dp-sampuan-425-ml-karanfil-ozlu-104230-p-582827
Dp Sampuan 425 Ml Mentol,8694965546370,139.90,149.90,104229,https://iyas.com.tr/dp-sampuan-425-ml-mentol-104229-p-581644
Dp Sampuan 425 Ml Moringa Oil,8694965546387,139.90,149.90,104228,https://iyas.com.tr/dp-sampuan-425-ml-moringa-oil-104228-p-584979
Dp Sampuan 425 Ml Pamuk Sutu,8694965546325,139.90,149.90,104226,https://iyas.com.tr/dp-sampuan-425-ml-pamuk-sutu-104226-p-585894
Dp Sampuan 800 Ml Cam Terabentin,8694965538122,189.90,129.90,115305,https://iyas.com.tr/dp-sampuan-800-ml-cam-terabentin-115305-p-597081
Dp Sampuan 800 Ml Pamuk Sutlu,8694965538108,189.90,129.90,115303,https://iyas.com.tr/dp-sampuan-800-ml-pamuk-sutlu-115303-p-598274
Dr Bee Pastil 30 Gr Bal Propolis C,8690764103394,64.90,249.00,114348,https://iyas.com.tr/dr-bee-pastil-30-gr-bal-propolis-c-114348-p-596570
Dr Bee Pastil 30 Gr Bal Propolis Karamurver Zerd,8690764103387,64.90,79.50,114350,https://iyas.com.tr/dr-bee-pastil-30-gr-bal-propolis-karamurver-zerd-114350-p-596583
Dr Fuat Balci Karakovan Bali Kilo,2209953,819.00,249.00,42930,https://iyas.com.tr/dr-fuat-balci-karakovan-bali-kilo-42930-p-118606
Dr Oetker Airfryer 167 Gr Pratik Kazandibi,8690629451134,99.90,39.90,114331,https://iyas.com.tr/dr-oetker-airfryer-167-gr-pratik-kazandibi-114331-p-596442
Dr Oetker Airfryer 196 Gr Cikolatali Kek,8690629450663,99.90,49.90,114330,https://iyas.com.tr/dr-oetker-airfryer-196-gr-cikolatali-kek-114330-p-596578
Dr Oetker Airfryer 485 Gr Cikolatali Muffin,8690629450496,99.90,49.90,113299,https://iyas.com.tr/dr-oetker-airfryer-485-gr-cikolatali-muffin-113299-p-596573
Dr Oetker Asure 222 Gr,8690629219673,79.90,64.90,30806,https://iyas.com.tr/dr-oetker-asure-222-gr-30806-p-127172
Dr Oetker Bitkisel Jel Cilek Aromali 100 Gr,8690629432553,39.90,49.90,30818,https://iyas.com.tr/dr-oetker-bitkisel-jel-cilek-aromali-100-gr-30818-p-114552
Dr Oetker Bugday Nisastasi 150 Gr,8690629440572,39.90,49.90,61378,https://iyas.com.tr/dr-oetker-bugday-nisastasi-150-gr-61378-p-127166
Dr Oetker Cheesecake Yap 222 Gr,8690629446475,99.90,49.90,98536,https://iyas.com.tr/dr-oetker-cheesecake-yap-222-gr-98536-p-130356
Dr Oetker Cikolata Parcalar Bitter 70 Gr,8690629445096,144.90,49.90,80213,https://iyas.com.tr/dr-oetker-cikolata-parcalar-bitter-70-gr-80213-p-114936
Dr Oetker Cikolata Parcalar Sutlu 70 Gr,8690629445133,144.90,49.90,84541,https://iyas.com.tr/dr-oetker-cikolata-parcalar-sutlu-70-gr-84541-p-137219
Dr Oetker Dekor Gumus Inciler 10 Gr,8690629442507,29.90,49.90,70019,https://iyas.com.tr/dr-oetker-dekor-gumus-inciler-10-gr-70019-p-144039
Dr Oetker Dekor Kalpler 10 Gr,8690629442361,29.90,49.90,70020,https://iyas.com.tr/dr-oetker-dekor-kalpler-10-gr-70020-p-114955
Dr Oetker Dekor Kelebekler 10 Gr,8690629442460,29.90,49.90,70021,https://iyas.com.tr/dr-oetker-dekor-kelebekler-10-gr-70021-p-127937
Dr Oetker Dekor Konfeti 10 Gr,8690629442484,29.90,49.90,70022,https://iyas.com.tr/dr-oetker-dekor-konfeti-10-gr-70022-p-144023
Dr Oetker Dekor Pasta Susu Cubuk 10 Gr,8690629442422,29.90,49.90,70023,https://iyas.com.tr/dr-oetker-dekor-pasta-susu-cubuk-10-gr-70023-p-127156
Dr Oetker Dekor Pasta Susu Sekerli Cubuk 10 Gr,8690629442408,29.90,49.90,70024,https://iyas.com.tr/dr-oetker-dekor-pasta-susu-sekerli-cubuk-10-gr-70024-p-127139
Dr Oetker Dekor Yildizlar 10 Gr,8690629442385,29.90,49.90,70025,https://iyas.com.tr/dr-oetker-dekor-yildizlar-10-gr-70025-p-144001
Dr Oetker Eksi Maya 35 Gr,8690629440336,32.90,49.90,59470,https://iyas.com.tr/dr-oetker-eksi-maya-35-gr-59470-p-127141
Dr Oetker G Tensiz Misir Nisasta 150 Gr,8690629443696,29.90,49.90,71795,https://iyas.com.tr/dr-oetker-g-tensiz-misir-nisasta-150-gr-71795-p-135393
Dr Oetker Glutensiz Kakao 70 Gr,8690629443658,104.90,49.90,71792,https://iyas.com.tr/dr-oetker-glutensiz-kakao-70-gr-71792-p-118541
Dr Oetker Glutensiz Kakaolu Puding 147 Gr,8690629443849,54.90,49.90,71793,https://iyas.com.tr/dr-oetker-glutensiz-kakaolu-puding-147-gr-71793-p-135391
Dr Oetker Gourmet Kakao 50 Gr,8690629435042,69.90,49.90,30715,https://iyas.com.tr/dr-oetker-gourmet-kakao-50-gr-30715-p-127075
Dr Oetker Gulutensiz Cikolatali Sos 123 Gr,8690629443887,69.90,49.90,71791,https://iyas.com.tr/dr-oetker-gulutensiz-cikolatali-sos-123-gr-71791-p-135390
Dr Oetker Gulutensiz Pirinc Unu 175 Gr,8690629443863,54.90,49.90,71796,https://iyas.com.tr/dr-oetker-gulutensiz-pirinc-unu-175-gr-71796-p-135394
Dr Oetker Gulutensiz Sade Un Karisimi 250 Gr,8690629443597,64.90,49.90,71790,https://iyas.com.tr/dr-oetker-gulutensiz-sade-un-karisimi-250-gr-71790-p-135389
Dr Oetker Hamur Kabartma Tozu 10li 100 Gr,8690629310417,34.90,29.90,30693,https://iyas.com.tr/dr-oetker-hamur-kabartma-tozu-10li-100-gr-30693-p-122939
Dr Oetker Hamur Kabartma Tozu 15li 150 Gr,8690629431181,49.90,49.90,30694,https://iyas.com.tr/dr-oetker-hamur-kabartma-tozu-15li-150-gr-30694-p-122777
Dr Oetker Hamur Kabartma Tozu 5 Li 50 Gr,8690629301026,17.90,14.90,30684,https://iyas.com.tr/dr-oetker-hamur-kabartma-tozu-5-li-50-gr-30684-p-122943
Dr Oetker Instnat Maya 3li 30 Gr,8690629300203,29.90,24.90,30701,https://iyas.com.tr/dr-oetker-instnat-maya-3li-30-gr-30701-p-127071
Dr Oetker Jel Cilek Aromali 100 Gr,8690629321000,39.90,49.90,30814,https://iyas.com.tr/dr-oetker-jel-cilek-aromali-100-gr-30814-p-144045
Dr Oetker Jel Renklendirici 10 Gr Sari,8690629440312,54.90,49.90,64397,https://iyas.com.tr/dr-oetker-jel-renklendirici-10-gr-sari-64397-p-114944
Dr Oetker Jel Visne Aromali 100 Gr,8690629321406,39.90,49.90,30815,https://iyas.com.tr/dr-oetker-jel-visne-aromali-100-gr-30815-p-144047
Dr Oetker Jelatin 6 Gr,8690629445010,14.90,49.90,79413,https://iyas.com.tr/dr-oetker-jelatin-6-gr-79413-p-132000
Dr Oetker Kakao 100 Gr,8690629219574,129.00,49.90,30713,https://iyas.com.tr/dr-oetker-kakao-100-gr-30713-p-127121
Dr Oetker Kakao 25 Gr,8690629229665,34.90,49.90,5396,https://iyas.com.tr/dr-oetker-kakao-25-gr-5396-p-127079
Dr Oetker Kakao 50 Gr,8690629431426,64.90,49.90,30714,https://iyas.com.tr/dr-oetker-kakao-50-gr-30714-p-114947
Dr Oetker Kakaolu Kek Karisimi 350 Gr,8690629101107,89.90,49.90,30735,https://iyas.com.tr/dr-oetker-kakaolu-kek-karisimi-350-gr-30735-p-122818
Dr Oetker Karbonat 5li Poset 25 Gr,8690629310370,9.90,49.90,5397,https://iyas.com.tr/dr-oetker-karbonat-5li-poset-25-gr-5397-p-127117
Dr Oetker Kostebek Pasta 450 Gr,8690629310400,184.90,49.90,30745,https://iyas.com.tr/dr-oetker-kostebek-pasta-450-gr-30745-p-114557
Dr Oetker Krepp 177 Gr,8690629440183,29.90,49.90,58606,https://iyas.com.tr/dr-oetker-krepp-177-gr-58606-p-114566
Dr Oetker Kucuk Ikramlar Cikola Muffin 345 Gr,8690629430238,169.00,49.90,30751,https://iyas.com.tr/dr-oetker-kucuk-ikramlar-cikola-muffin-345-gr-30751-p-115380
Dr Oetker Limonlu Kek Karisimi 440 Gr,8690629101206,99.90,49.90,30737,https://iyas.com.tr/dr-oetker-limonlu-kek-karisimi-440-gr-30737-p-122927
Dr Oetker Maya Aktif 90 Gr,8690629441203,69.90,49.90,62439,https://iyas.com.tr/dr-oetker-maya-aktif-90-gr-62439-p-127099
Dr Oetker Milkshake Cikolatali 24 Gr,8690629446598,12.90,49.90,97998,https://iyas.com.tr/dr-oetker-milkshake-cikolatali-24-gr-97998-p-147199
Dr Oetker Milkshake Cikolatali Cilekli 24 Gr,8690629446659,12.90,49.90,98003,https://iyas.com.tr/dr-oetker-milkshake-cikolatali-cilekli-24-gr-98003-p-147204
Dr Oetker Milkshake Cilekli 22 Gr,8690629446611,12.90,49.90,98001,https://iyas.com.tr/dr-oetker-milkshake-cilekli-22-gr-98001-p-147202
Dr Oetker Milkshake Muzlu 20 Gr,8690629446635,12.90,49.90,93687,https://iyas.com.tr/dr-oetker-milkshake-muzlu-20-gr-93687-p-138176
Dr Oetker Misir Nisastasi 150 Gr,8690629437329,26.90,49.90,45864,https://iyas.com.tr/dr-oetker-misir-nisastasi-150-gr-45864-p-127131
Dr Oetker Pancake 134 Gr,8690629440169,29.90,49.90,58308,https://iyas.com.tr/dr-oetker-pancake-134-gr-58308-p-144027
Dr Oetker Pastaci Kremasi Pisirmeli 156 Gr,8690629443191,34.90,49.90,70027,https://iyas.com.tr/dr-oetker-pastaci-kremasi-pisirmeli-156-gr-70027-p-127150
Dr Oetker Pirinc Unu 5li 175 Gr,8690629310943,49.90,49.90,30830,https://iyas.com.tr/dr-oetker-pirinc-unu-5li-175-gr-30830-p-144036
Dr Oetker Pizza 325 Gr Mozzarella,8690629310202,225.00,279.00,109618,https://iyas.com.tr/dr-oetker-pizza-325-gr-mozzarella-109618-p-596776
Dr Oetker Pizza 560 Gr Mozzarella,8690629499860,349.00,279.00,109620,https://iyas.com.tr/dr-oetker-pizza-560-gr-mozzarella-109620-p-596538
Dr Oetker Pizza 600 Gr Karisik,8690629499853,349.00,279.00,109619,https://iyas.com.tr/dr-oetker-pizza-600-gr-karisik-109619-p-596649
Dr Oetker Pizza Guseppe 312 Gr Mini Margarita,8690629451448,219.00,279.00,115194,https://iyas.com.tr/dr-oetker-pizza-guseppe-312-gr-mini-margarita-115194-p-596699
Dr Oetker Pizza Guseppe 344 Gr Mini Karisik,8690629451424,219.00,279.00,115193,https://iyas.com.tr/dr-oetker-pizza-guseppe-344-gr-mini-karisik-115193-p-596765
Dr Oetker Pizza Guseppe 358 Gr Dort Peynirli,8690629445034,229.00,279.00,109625,https://iyas.com.tr/dr-oetker-pizza-guseppe-358-gr-dort-peynirli-109625-p-596788
Dr Oetker Pizza Guseppe 402 Gr Sucuklu,8690629441241,229.00,279.00,109623,https://iyas.com.tr/dr-oetker-pizza-guseppe-402-gr-sucuklu-109623-p-596667
Dr Oetker Pizza Guseppe 412 Gr Mozzarella,8690629441265,229.00,279.00,109624,https://iyas.com.tr/dr-oetker-pizza-guseppe-412-gr-mozzarella-109624-p-596513
Dr Oetker Pizza Guseppe 415 Gr Karisik Ekstra,8690629443450,229.00,279.00,109622,https://iyas.com.tr/dr-oetker-pizza-guseppe-415-gr-karisik-ekstra-109622-p-591705
Dr Oetker Pogaca 252 Gr,8690629437367,59.90,49.90,45865,https://iyas.com.tr/dr-oetker-pogaca-252-gr-45865-p-114593
Dr Oetker Puding Antep Fistigi Aromali 91 Gr,8690629435493,49.90,49.90,37020,https://iyas.com.tr/dr-oetker-puding-antep-fistigi-aromali-91-gr-37020-p-122616
Dr Oetker Puding Bitter Cikolatali 111 Gr,8690629433574,49.90,49.90,30774,https://iyas.com.tr/dr-oetker-puding-bitter-cikolatali-111-gr-30774-p-122617
Dr Oetker Puding Cikolata Antepfistik 100 Gr,8690629437831,49.90,49.90,52004,https://iyas.com.tr/dr-oetker-puding-cikolata-antepfistik-100-gr-52004-p-131202
Dr Oetker Puding Cikolata Parcali 115 Gr,8690629430290,49.90,49.90,30773,https://iyas.com.tr/dr-oetker-puding-cikolata-parcali-115-gr-30773-p-122618
Dr Oetker Puding Cikolatali Bademli 104 Gr,8690629310622,49.90,49.90,30777,https://iyas.com.tr/dr-oetker-puding-cikolatali-bademli-104-gr-30777-p-122619
Dr Oetker Puding Cikolatali Findik Aro 102 Gr,8690629229832,49.90,49.90,30776,https://iyas.com.tr/dr-oetker-puding-cikolatali-findik-aro-102-gr-30776-p-127055
Dr Oetker Puding Cilek Aromali 120 Gr,8690629444853,49.90,49.90,98004,https://iyas.com.tr/dr-oetker-puding-cilek-aromali-120-gr-98004-p-147205
Dr Oetker Puding Kakaolu 147 Gr,8690629201104,49.90,29.90,30771,https://iyas.com.tr/dr-oetker-puding-kakaolu-147-gr-30771-p-122938
Dr Oetker Puding Muz Aromali 120 Gr,8690629444884,49.90,49.90,98006,https://iyas.com.tr/dr-oetker-puding-muz-aromali-120-gr-98006-p-147207
Dr Oetker Puding Orman Meyveli 81 Gr,8690629445379,49.90,49.90,85007,https://iyas.com.tr/dr-oetker-puding-orman-meyveli-81-gr-85007-p-127754
Dr Oetker Puding Vanilya Aromali 120 Gr,8690629444914,49.90,49.90,96848,https://iyas.com.tr/dr-oetker-puding-vanilya-aromali-120-gr-96848-p-142843
Dr Oetker Pudra Sekeri 150 Gr,8690629436353,34.90,142.50,55180,https://iyas.com.tr/dr-oetker-pudra-sekeri-150-gr-55180-p-127153
Dr Oetker Pudra Sekeri 250 Gr,8690629499815,59.90,142.50,30716,https://iyas.com.tr/dr-oetker-pudra-sekeri-250-gr-30716-p-143998
Dr Oetker Revani 500 Gr,8690629219680,89.90,49.90,30748,https://iyas.com.tr/dr-oetker-revani-500-gr-30748-p-122854
Dr Oetker Ristorante Pizza 340 Gr Karisik,8690629300401,225.00,279.00,109617,https://iyas.com.tr/dr-oetker-ristorante-pizza-340-gr-karisik-109617-p-591706
Dr Oetker Salep 1 Kg,8690629449919,229.00,89.50,112206,https://iyas.com.tr/dr-oetker-salep-1-kg-112206-p-596567
Dr Oetker Sekerli Vanilin 10li 50 Gr,8690629310424,24.90,19.90,30699,https://iyas.com.tr/dr-oetker-sekerli-vanilin-10li-50-gr-30699-p-122940
Dr Oetker Sekerli Vanilin 15li 75 Gr,8690629431204,34.90,49.90,30700,https://iyas.com.tr/dr-oetker-sekerli-vanilin-15li-75-gr-30700-p-126979
Dr Oetker Sekerli Vanilin 5li 25 Gr,8690629302528,14.90,12.90,30696,https://iyas.com.tr/dr-oetker-sekerli-vanilin-5li-25-gr-30696-p-122942
Dr Oetker Susleme Glazuru 76 Gr,8690629434823,110.00,49.90,30723,https://iyas.com.tr/dr-oetker-susleme-glazuru-76-gr-30723-p-127022
Dr Oetker Tavada Bazlama 440 Gr Sade,8690629450809,74.90,279.00,113296,https://iyas.com.tr/dr-oetker-tavada-bazlama-440-gr-sade-113296-p-596587
Dr Oetker Tel Kadayif Sakizli Muhallebi 155 Gr,8690629451226,59.90,49.90,114332,https://iyas.com.tr/dr-oetker-tel-kadayif-sakizli-muhallebi-155-gr-114332-p-596569
Dr Oetker Trilece 315 Gr,8690629440930,114.90,49.90,61374,https://iyas.com.tr/dr-oetker-trilece-315-gr-61374-p-115772
Dr Oetker Trilece Bogurtlen Soslu 315 Gr,8690629441777,114.90,49.90,64998,https://iyas.com.tr/dr-oetker-trilece-bogurtlen-soslu-315-gr-64998-p-122810
Dr Oetker Vitallis Knusper Plus Musli 450 Gr,4000521021917,259.00,49.90,78692,https://iyas.com.tr/dr-oetker-vitallis-knusper-plus-musli-450-gr-78692-p-114946
Dr Oetker Waffle 210 Gr,8690629440145,39.90,49.90,58307,https://iyas.com.tr/dr-oetker-waffle-210-gr-58307-p-114599
Dr Oetker Wolke Cikolatali 455 Gr,8690629438487,129.00,49.90,49266,https://iyas.com.tr/dr-oetker-wolke-cikolatali-455-gr-49266-p-122916
Dr Oetker Wolke Limonlu,8690629438500,129.00,49.90,49265,https://iyas.com.tr/dr-oetker-wolke-limonlu-49265-p-122832
Dr Oetker Wolke Vanilya Kek 430 Gr,8690629438524,129.00,49.90,49264,https://iyas.com.tr/dr-oetker-wolke-vanilya-kek-430-gr-49264-p-114951
Dr Oetker Yogotella Cilekmuz Meyve 68 Gr,8690629447168,39.90,49.90,94949,https://iyas.com.tr/dr-oetker-yogotella-cilekmuz-meyve-68-gr-94949-p-146866
Dr Oetker Yogotella Kayisiliseftali 77 Gr,8690629447205,39.90,49.90,94947,https://iyas.com.tr/dr-oetker-yogotella-kayisiliseftali-77-gr-94947-p-146864
Dreamies Sigirli Ve Peynirli Kedi Odul Mamasi 60 Gr,4008429055331,69.90,69.90,99837,https://iyas.com.tr/dreamies-sigirli-ve-peynirli-kedi-odul-mamasi-60-gr-99837-p-147429
Dreamies Somonlu Kedi Odul Mamasi 60 Gr,5998749130483,69.90,69.90,99833,https://iyas.com.tr/dreamies-somonlu-kedi-odul-mamasi-60-gr-99833-p-147427
Duble Kunefe 125 Gr,8682530232100,49.90,99.90,77828,https://iyas.com.tr/duble-kunefe-125-gr-77828-p-138954
Duracell 9 Volt Pil,5000394077201,269.90,42.50,96851,https://iyas.com.tr/duracell-9-volt-pil-96851-p-142846
Duracell Buyuk D Pil 2li,5000394076716,349.90,42.50,96849,https://iyas.com.tr/duracell-buyuk-d-pil-2li-96849-p-142844
Duracell Orta C Pil 2li,5000394076747,289.90,42.50,96850,https://iyas.com.tr/duracell-orta-c-pil-2li-96850-p-142845
Durex Chill 10 Lu,5052197053104,229.90,32.90,84880,https://iyas.com.tr/durex-chill-10-lu-84880-p-115425
Durex Classic 16li,5052197057737,259.90,32.90,114850,https://iyas.com.tr/durex-classic-16li-114850-p-596908
Durex Extreme 50 Ml Jel,5052197058451,469.90,32.90,110162,https://iyas.com.tr/durex-extreme-50-ml-jel-110162-p-596977
Durex Gel 50 Ml Strawberry,5011417592625,379.90,32.90,56478,https://iyas.com.tr/durex-gel-50-ml-strawberry-56478-p-119213
Durex Intense 10 Lu,5052197058024,369.90,32.90,98938,https://iyas.com.tr/durex-intense-10-lu-98938-p-143140
Durex Maraton 10 Lu,5052197058086,224.90,32.90,99027,https://iyas.com.tr/durex-maraton-10-lu-99027-p-147336
Durex Maraton 20li,5052197058109,399.90,32.90,114853,https://iyas.com.tr/durex-maraton-20li-114853-p-596831
Durex Marigold Nude 16li,8858693803116,569.90,32.90,114854,https://iyas.com.tr/durex-marigold-nude-16li-114854-p-596859
Durex Yok Otesi Ekstra His 20li,5052197052671,549.90,32.90,114852,https://iyas.com.tr/durex-yok-otesi-ekstra-his-20li-114852-p-596967
Durex Yok Otesi Extra His 10 Lu,5052197052794,324.90,32.90,98750,https://iyas.com.tr/durex-yok-otesi-extra-his-10-lu-98750-p-138816
Durex Yok Otesi Slim Fit 10 Lu,5052197059786,369.90,32.90,89737,https://iyas.com.tr/durex-yok-otesi-slim-fit-10-lu-89737-p-146164
Durex Yok Otesi Xl 10 Lu,5052197059809,369.90,32.90,99355,https://iyas.com.tr/durex-yok-otesi-xl-10-lu-99355-p-126175
Duru Bakliyat Borulce 1000 Gr,8691440309086,153.00,299.50,106407,https://iyas.com.tr/duru-bakliyat-borulce-1000-gr-106407-p-596648
Duru Bakliyat Bugday Asurelik 1000 Gr,8691440710332,57.00,299.50,5544,https://iyas.com.tr/duru-bakliyat-bugday-asurelik-1000-gr-5544-p-114364
Duru Bakliyat Bulgur 1 Kg Basbasi,8691440601005,69.90,54.90,5550,https://iyas.com.tr/duru-bakliyat-bulgur-1-kg-basbasi-5550-p-118013
Duru Bakliyat Bulgur 1 Kg Esmer Cig Koftelik,8691440503002,69.90,54.90,32905,https://iyas.com.tr/duru-bakliyat-bulgur-1-kg-esmer-cig-koftelik-32905-p-143831
Duru Bakliyat Bulgur 1 Kg Iri,8691440401001,69.90,54.90,5552,https://iyas.com.tr/duru-bakliyat-bulgur-1-kg-iri-5552-p-143835
Duru Bakliyat Bulgur 1 Kg Koftelik,8691440200109,69.90,54.90,5553,https://iyas.com.tr/duru-bakliyat-bulgur-1-kg-koftelik-5553-p-114321
Duru Bakliyat Bulgur 1 Kg Midyat Ince Plavlik 107m,8691440710172,69.90,54.90,38575,https://iyas.com.tr/duru-bakliyat-bulgur-1-kg-midyat-ince-plavlik-107m-38575-p-143834
Duru Bakliyat Bulgur 1 Kg Pilavlik,8691440101000,69.90,54.90,5554,https://iyas.com.tr/duru-bakliyat-bulgur-1-kg-pilavlik-5554-p-114324
Duru Bakliyat Bulgur 1 Kg Sefer Kitel,8691440306245,69.90,54.90,68699,https://iyas.com.tr/duru-bakliyat-bulgur-1-kg-sefer-kitel-68699-p-114325
Duru Bakliyat Bulgur 1 Kg Tel Sehriyeli,8691440305439,69.90,54.90,52368,https://iyas.com.tr/duru-bakliyat-bulgur-1-kg-tel-sehriyeli-52368-p-114326
Duru Bakliyat Bulgur 2 Kg Koftelik,8691440309536,125.00,299.50,105697,https://iyas.com.tr/duru-bakliyat-bulgur-2-kg-koftelik-105697-p-587095
Duru Bakliyat Bulgur 5 Kg Pilavlik,8691440500018,285.00,299.50,5558,https://iyas.com.tr/duru-bakliyat-bulgur-5-kg-pilavlik-5558-p-114330
Duru Bakliyat Fasulye 1000 Gr 6 Mm,8691440710424,124.50,299.50,40373,https://iyas.com.tr/duru-bakliyat-fasulye-1000-gr-6-mm-40373-p-114336
Duru Bakliyat Fasulye 1000 Gr 7 Mm,8691440710394,129.90,299.50,5560,https://iyas.com.tr/duru-bakliyat-fasulye-1000-gr-7-mm-5560-p-114337
Duru Bakliyat Fasulye Dermason 1000 Gr,8691440710387,135.00,299.50,36388,https://iyas.com.tr/duru-bakliyat-fasulye-dermason-1000-gr-36388-p-114335
Duru Bakliyat Haslanmis Pratik 250 Gr Asurelik Bugday,8691440307723,35.00,299.50,76796,https://iyas.com.tr/duru-bakliyat-haslanmis-pratik-250-gr-asurelik-bugday-76796-p-114386
Duru Bakliyat Hy Pratik 250 Gr Kisir,8691440308638,59.50,142.50,90054,https://iyas.com.tr/duru-bakliyat-hy-pratik-250-gr-kisir-90054-p-146217
Duru Bakliyat Hy Pratik 400 Gr Barbunya Plaki,8691440308621,79.50,142.50,90055,https://iyas.com.tr/duru-bakliyat-hy-pratik-400-gr-barbunya-plaki-90055-p-146218
Duru Bakliyat Hy Pratik Humus 250 Gr,8691440309444,56.00,445.00,109844,https://iyas.com.tr/duru-bakliyat-hy-pratik-humus-250-gr-109844-p-596588
Duru Bakliyat Lival 250 Gr Mas Fasulye,8691440305989,29.90,299.50,64810,https://iyas.com.tr/duru-bakliyat-lival-250-gr-mas-fasulye-64810-p-143327
Duru Bakliyat Lival Ciya 250 Gr,8691440305965,87.50,299.50,64807,https://iyas.com.tr/duru-bakliyat-lival-ciya-250-gr-64807-p-143322
Duru Bakliyat Mercimek 1000 Gr Kirmizi Futbol,8691440710349,129.50,299.50,96859,https://iyas.com.tr/duru-bakliyat-mercimek-1000-gr-kirmizi-futbol-96859-p-142854
Duru Bakliyat Mercimek 1000 Gr Kirmizi Yaprak,8691440710356,149.90,129.50,69779,https://iyas.com.tr/duru-bakliyat-mercimek-1000-gr-kirmizi-yaprak-69779-p-114360
Duru Bakliyat Mercimek 1000 Gr Yesil,8691440710363,152.50,299.50,5575,https://iyas.com.tr/duru-bakliyat-mercimek-1000-gr-yesil-5575-p-114339
Duru Bakliyat Nohut Iri 1000 Gr 12 Mm,8691440720003,169.50,299.50,28905,https://iyas.com.tr/duru-bakliyat-nohut-iri-1000-gr-12-mm-28905-p-114363
Duru Bakliyat Nohut Kocbasi 1000 Gr 8 Mm,8691440710448,119.90,299.50,70296,https://iyas.com.tr/duru-bakliyat-nohut-kocbasi-1000-gr-8-mm-70296-p-114341
Duru Bakliyat Patlayan Misir 1000 Gr,8691440710455,75.00,299.50,5569,https://iyas.com.tr/duru-bakliyat-patlayan-misir-1000-gr-5569-p-114343
Duru Bakliyat Patlayan Misir 500 Gr,8691440305668,39.50,299.50,73076,https://iyas.com.tr/duru-bakliyat-patlayan-misir-500-gr-73076-p-114344
Duru Bakliyat Pirinc Baldo 1000 Gr,8691440710301,149.90,129.90,96857,https://iyas.com.tr/duru-bakliyat-pirinc-baldo-1000-gr-96857-p-142852
Duru Bakliyat Pirinc Baldo 2000 Gr,8691440308928,299.50,255.00,93252,https://iyas.com.tr/duru-bakliyat-pirinc-baldo-2000-gr-93252-p-125453
Duru Bakliyat Pirinc Basmati 1 Kg,8691440710615,149.90,129.90,40374,https://iyas.com.tr/duru-bakliyat-pirinc-basmati-1-kg-40374-p-114361
Duru Bakliyat Pirinc Osmancik 1000 Gr,8691440710578,134.90,299.50,5566,https://iyas.com.tr/duru-bakliyat-pirinc-osmancik-1000-gr-5566-p-114351
Duru Bakliyat Pirinc Pilavlik 2000 Gr,8691440309369,209.00,169.90,100015,https://iyas.com.tr/duru-bakliyat-pirinc-pilavlik-2000-gr-100015-p-580945
Duru Bakliyat Pratik 400 Gr Garnitur,8691440309031,62.50,59.90,93432,https://iyas.com.tr/duru-bakliyat-pratik-400-gr-garnitur-93432-p-129742
Duru Bakliyat Pratik 400 Gr Haslanmis Barbunya,8691440307778,57.50,59.90,79212,https://iyas.com.tr/duru-bakliyat-pratik-400-gr-haslanmis-barbunya-79212-p-114776
Duru Bakliyat Pratik 400 Gr Haslanmis Borulce,8691440307457,47.90,59.90,73606,https://iyas.com.tr/duru-bakliyat-pratik-400-gr-haslanmis-borulce-73606-p-143337
Duru Bakliyat Pratik 400 Gr Haslanmis Fasulye,8691440307426,44.90,34.90,73605,https://iyas.com.tr/duru-bakliyat-pratik-400-gr-haslanmis-fasulye-73605-p-143336
Duru Bakliyat Pratik 400 Gr Haslanmis Nohut,8691440307433,44.90,34.90,73603,https://iyas.com.tr/duru-bakliyat-pratik-400-gr-haslanmis-nohut-73603-p-143335
Duru Bakliyat Pratik 450 Gr Haslanmis Bezelye,8691440308102,76.50,55.00,80592,https://iyas.com.tr/duru-bakliyat-pratik-450-gr-haslanmis-bezelye-80592-p-114771
Duru Bakliyat Pratik Basmati Pirinc Pilav 250 Gr Tavuk,8691440776550,75.00,142.50,113088,https://iyas.com.tr/duru-bakliyat-pratik-basmati-pirinc-pilav-250-gr-tavuk-113088-p-596565
Duru Bakliyat Pratik Basmati Pirinc Pilavi 250 Gr,8691440776505,62.50,299.50,109694,https://iyas.com.tr/duru-bakliyat-pratik-basmati-pirinc-pilavi-250-gr-109694-p-596585
Duru Bakliyat Pratik Bulgur Pilavi 250 Gr Mercimekli,8691440308331,56.00,299.50,86921,https://iyas.com.tr/duru-bakliyat-pratik-bulgur-pilavi-250-gr-mercimekli-86921-p-129155
Duru Bakliyat Pratik Bulgur Pilavi 250 Gr Sebzeli,8691440308355,56.00,142.50,86923,https://iyas.com.tr/duru-bakliyat-pratik-bulgur-pilavi-250-gr-sebzeli-86923-p-133322
Duru Bakliyat Pratik Haslanmis Misir 3x235 Gr,8691440308164,135.00,99.90,90053,https://iyas.com.tr/duru-bakliyat-pratik-haslanmis-misir-3x235-gr-90053-p-133445
Duru Bakliyat Yulaf Ezmesi 20 Gr 10 Lu Paket,8691440777199,87.50,65.00,114713,https://iyas.com.tr/duru-bakliyat-yulaf-ezmesi-20-gr-10-lu-paket-114713-p-596605
Duru Banyo Sabunu 150 Gr Cicek Tazeligi,8690506494599,59.90,99.90,98964,https://iyas.com.tr/duru-banyo-sabunu-150-gr-cicek-tazeligi-98964-p-143166
Duru Banyo Sabunu 150 Gr Yagmur Ormani,8690506541392,59.90,99.90,96180,https://iyas.com.tr/duru-banyo-sabunu-150-gr-yagmur-ormani-96180-p-121572
Duru Banyo Sabunu 150 Gr Zeytinyagli,8690506494551,59.90,99.90,98613,https://iyas.com.tr/duru-banyo-sabunu-150-gr-zeytinyagli-98613-p-134549
Duru Beyaz Sabun 600 Gr,8690506160029,129.90,99.90,5582,https://iyas.com.tr/duru-beyaz-sabun-600-gr-5582-p-130935
Duru Beyaz Sabun 600 Gr Gul,8690506393687,129.90,99.90,5579,https://iyas.com.tr/duru-beyaz-sabun-600-gr-gul-5579-p-130933
Duru Beyaz Sabun 600 Gr Lavanta,8690506393670,129.90,99.90,5580,https://iyas.com.tr/duru-beyaz-sabun-600-gr-lavanta-5580-p-136088
Duru Beyaz Sabun 600 Gr Zeytinyagli,8690506499655,129.90,99.90,98714,https://iyas.com.tr/duru-beyaz-sabun-600-gr-zeytinyagli-98714-p-134650
Duru Dus Jeli 450 Ml Avokado Beyaz Kil,8690506523596,99.90,99.90,90793,https://iyas.com.tr/duru-dus-jeli-450-ml-avokado-beyaz-kil-90793-p-133637
Duru Dus Jeli 450 Ml Body Scrub Dj Crystal,8690506548254,199.90,149.90,104079,https://iyas.com.tr/duru-dus-jeli-450-ml-body-scrub-dj-crystal-104079-p-583178
Duru Dus Jeli 450 Ml Body Scrub Dj Gold,8690506548247,199.90,149.90,104080,https://iyas.com.tr/duru-dus-jeli-450-ml-body-scrub-dj-gold-104080-p-586432
Duru Dus Jeli 450 Ml Body Scrub Dj Ice Light,8690506563202,199.90,149.90,110843,https://iyas.com.tr/duru-dus-jeli-450-ml-body-scrub-dj-ice-light-110843-p-596946
Duru Dus Jeli 450 Ml Body Scrub Dj Pink Delight,8690506563196,199.90,149.90,110842,https://iyas.com.tr/duru-dus-jeli-450-ml-body-scrub-dj-pink-delight-110842-p-596879
Duru Dus Jeli 450 Ml Eneryg Bomb,8690506556853,149.90,99.90,115076,https://iyas.com.tr/duru-dus-jeli-450-ml-eneryg-bomb-115076-p-596880
Duru Dus Jeli 450 Ml Kaktus Cicegi,8690506523534,149.90,99.90,90791,https://iyas.com.tr/duru-dus-jeli-450-ml-kaktus-cicegi-90791-p-133635
Duru Dus Jeli 450 Ml Kalici Parfum,8690506524630,149.90,99.90,90792,https://iyas.com.tr/duru-dus-jeli-450-ml-kalici-parfum-90792-p-133636
Duru Dus Jeli 450 Ml Lotus Cicegi,8690506523619,149.90,99.90,75553,https://iyas.com.tr/duru-dus-jeli-450-ml-lotus-cicegi-75553-p-119112
Duru Dus Jeli 450 Ml Moods Deniz Mineral Aloevera,8690506528775,99.90,99.90,91436,https://iyas.com.tr/duru-dus-jeli-450-ml-moods-deniz-mineral-aloevera-91436-p-146393
Duru Dus Jeli 450 Ml Moods Lavanta Ve Yasemin,8690506528768,99.90,99.90,91435,https://iyas.com.tr/duru-dus-jeli-450-ml-moods-lavanta-ve-yasemin-91435-p-146392
Duru Dus Jeli Mineral 450 Ml Okyanus Ferahligi,8690506524852,149.90,99.90,93662,https://iyas.com.tr/duru-dus-jeli-mineral-450-ml-okyanus-ferahligi-93662-p-138242
Duru Dus Jeli Perfume 450 Ml Orkide Ozleri,8690506523626,149.90,99.90,98352,https://iyas.com.tr/duru-dus-jeli-perfume-450-ml-orkide-ozleri-98352-p-126065
Duru Fresh 4x100 Cicek Tazeligi,8690506517960,99.90,99.90,99022,https://iyas.com.tr/duru-fresh-4x100-cicek-tazeligi-99022-p-147331
Duru Fresh 4x100 Oceon Sabun,8690506517977,99.90,99.90,96866,https://iyas.com.tr/duru-fresh-4x100-oceon-sabun-96866-p-142861
Duru Fresh Dus Sabunu 4 X 150 Okyanus,8690506494605,179.90,159.90,98742,https://iyas.com.tr/duru-fresh-dus-sabunu-4-x-150-okyanus-98742-p-138808
Duru Fresh Dus Sabunu 4x150 Cicek Tazeligi,8690506494582,179.90,159.90,98744,https://iyas.com.tr/duru-fresh-dus-sabunu-4x150-cicek-tazeligi-98744-p-138810
Duru Fresh Dus Sabunu 4x150 Gr Yagmur Ormani,8690506536442,179.90,159.90,96181,https://iyas.com.tr/duru-fresh-dus-sabunu-4x150-gr-yagmur-ormani-96181-p-121573
Duru Fresh Dus Sabunu 4x150 Okyanus,8690506513771,179.90,99.90,98743,https://iyas.com.tr/duru-fresh-dus-sabunu-4x150-okyanus-98743-p-138809
Duru Fresh Dus Sabunu 4x150 Zeytin Yagi Oz,8690506494575,179.90,159.90,96875,https://iyas.com.tr/duru-fresh-dus-sabunu-4x150-zeytin-yagi-oz-96875-p-142870
Duru Fresh Dus Sabunu 5x150 Yagmur Ormani,8690506552152,179.90,99.90,104851,https://iyas.com.tr/duru-fresh-dus-sabunu-5x150-yagmur-ormani-104851-p-596938
Duru Fresh Dus Sabunu 5x150 Zeytin Yagi Oz,8690506513948,179.90,99.90,96876,https://iyas.com.tr/duru-fresh-dus-sabunu-5x150-zeytin-yagi-oz-96876-p-142871
Duru Granul Sabun 1000 Gr Klasik,8690506490133,299.90,99.90,5637,https://iyas.com.tr/duru-granul-sabun-1000-gr-klasik-5637-p-130922
Duru Granul Sabun 1000 Gr Lavanta,8690506490157,299.90,99.90,5636,https://iyas.com.tr/duru-granul-sabun-1000-gr-lavanta-5636-p-130923
Duru Hindistan Cevizi Organik Icerikli Sivi Sabun 500 Ml,8690506520397,99.90,99.90,91678,https://iyas.com.tr/duru-hindistan-cevizi-organik-icerikli-sivi-sabun-500-ml-91678-p-120954
Duru Kiraz Cicegi Organik Icerikli Sivi Sabun 500 Ml,8690506523442,99.90,99.90,91679,https://iyas.com.tr/duru-kiraz-cicegi-organik-icerikli-sivi-sabun-500-ml-91679-p-120955
Duru Kol Y 200 Ml Cam Sise Bodrum Mandalina,8690506549831,149.90,239.90,101840,https://iyas.com.tr/duru-kol-y-200-ml-cam-sise-bodrum-mandalina-101840-p-579035
Duru Kol Y 200 Ml Cam Sise Kiraz Cicegi,8690506549817,149.90,239.90,101838,https://iyas.com.tr/duru-kol-y-200-ml-cam-sise-kiraz-cicegi-101838-p-579034
Duru Kol Y 200 Ml Cam Sise Limon Cicegi,8690506549800,149.90,239.90,101837,https://iyas.com.tr/duru-kol-y-200-ml-cam-sise-limon-cicegi-101837-p-579041
Duru Kol Y 200 Ml Cam Sise Okyanus,8690506549824,149.90,239.90,101839,https://iyas.com.tr/duru-kol-y-200-ml-cam-sise-okyanus-101839-p-579037
Duru Kol Y 400 Ml Pvc Sise Bodrum Mandalinasi,8690506549725,149.90,99.90,100317,https://iyas.com.tr/duru-kol-y-400-ml-pvc-sise-bodrum-mandalinasi-100317-p-579039
Duru Kol Y 400 Ml Pvc Sise Kiraz Cicegi,8690506549756,149.90,99.90,100316,https://iyas.com.tr/duru-kol-y-400-ml-pvc-sise-kiraz-cicegi-100316-p-579042
Duru Kol Y 400 Ml Pvc Sise Limon Cicegi,8690506549749,149.90,99.90,100319,https://iyas.com.tr/duru-kol-y-400-ml-pvc-sise-limon-cicegi-100319-p-579038
Duru Kol Y 400 Ml Pvc Sise Okyanus Ferahligi,8690506549732,149.90,99.90,100318,https://iyas.com.tr/duru-kol-y-400-ml-pvc-sise-okyanus-ferahligi-100318-p-579036
Duru Limon Kol 900 Ml Bidon,8690506517663,249.90,239.90,96870,https://iyas.com.tr/duru-limon-kol-900-ml-bidon-96870-p-142865
Duru Limon Kolonya150 Ml Sprey Sise,8690506549794,99.90,149.90,101836,https://iyas.com.tr/duru-limon-kolonya150-ml-sprey-sise-101836-p-583666
Duru Prina Kokulu 800 Gr Sabun,8690506448509,159.90,99.90,5578,https://iyas.com.tr/duru-prina-kokulu-800-gr-sabun-5578-p-136082
Duru S Sabun 1 5 Lt Avakado,8690506527655,199.90,99.90,91671,https://iyas.com.tr/duru-s-sabun-1-5-lt-avakado-91671-p-120947
Duru S Sabun 1 5 Lt Hindistan Cevizi,8690506523497,199.90,99.90,91667,https://iyas.com.tr/duru-s-sabun-1-5-lt-hindistan-cevizi-91667-p-120943
Duru S Sabun 1 5 Lt Kiraz Cicegi,8690506523459,199.90,99.90,91666,https://iyas.com.tr/duru-s-sabun-1-5-lt-kiraz-cicegi-91666-p-120942
Duru S Sabun 1 5 Lt Okyanus,8690506523473,199.90,99.90,91665,https://iyas.com.tr/duru-s-sabun-1-5-lt-okyanus-91665-p-120941
Duru S Sabun 1 5 Lt Zeytinyagli,8690506523480,199.90,99.90,91669,https://iyas.com.tr/duru-s-sabun-1-5-lt-zeytinyagli-91669-p-120945
Duru S Sabun 500 Ml Avokado,8690506520380,99.90,99.90,91681,https://iyas.com.tr/duru-s-sabun-500-ml-avokado-91681-p-120957
Duru S Sabun 500 Ml Zeytinyagli,8690506520373,99.90,99.90,91885,https://iyas.com.tr/duru-s-sabun-500-ml-zeytinyagli-91885-p-125173
Duru Sabun Diaomond 4x90 Gr Mavi,8690506541712,99.90,99.90,96404,https://iyas.com.tr/duru-sabun-diaomond-4x90-gr-mavi-96404-p-125908
Duru Sabun Diaomond 4x90 Gr Relax,8690506541552,99.90,79.90,101350,https://iyas.com.tr/duru-sabun-diaomond-4x90-gr-relax-101350-p-582440
Duru Sabun Diaomond 4x90 Gr Yesil,8690506541729,99.90,99.90,96405,https://iyas.com.tr/duru-sabun-diaomond-4x90-gr-yesil-96405-p-125909
Duru Sac Kremi 385 Ml Tum Saclar,8690506564612,79.90,149.90,112504,https://iyas.com.tr/duru-sac-kremi-385-ml-tum-saclar-112504-p-596868
Duru Saf Dogal 4x70 Gr Klasik,8690506535117,89.90,49.90,96867,https://iyas.com.tr/duru-saf-dogal-4x70-gr-klasik-96867-p-142862
Duru Saf Dogal 4x70 Gr Zeytinyagli,8690506507114,89.90,49.90,78029,https://iyas.com.tr/duru-saf-dogal-4x70-gr-zeytinyagli-78029-p-131003
Duru Saf Dogal 4x70 Gr Zeytinyagli,8690506535124,89.90,49.90,95032,https://iyas.com.tr/duru-saf-dogal-4x70-gr-zeytinyagli-95032-p-117294
Duru Saf Dogal Klasilk Sabun 4x200 Gr,8690506160036,149.90,99.90,95756,https://iyas.com.tr/duru-saf-dogal-klasilk-sabun-4x200-gr-95756-p-138512
Duru Sakura Cicegi Sabun 2x135 Gr,8690506528898,74.90,59.90,94093,https://iyas.com.tr/duru-sakura-cicegi-sabun-2x135-gr-94093-p-142507
Duru Sampuan 400 Ml Arindirici Hacim Verici,8690506565213,94.90,79.90,112385,https://iyas.com.tr/duru-sampuan-400-ml-arindirici-hacim-verici-112385-p-596043
Duru Sampuan 400 Ml Dokulme Karisiti,8690506565206,94.90,79.90,112505,https://iyas.com.tr/duru-sampuan-400-ml-dokulme-karisiti-112505-p-596042
Duru Sampuan 400 Ml Guclu Parlak,8690506565183,94.90,79.90,112388,https://iyas.com.tr/duru-sampuan-400-ml-guclu-parlak-112388-p-596041
Duru Sampuan 400 Ml Kepege Karsi,8690506565220,94.90,79.90,112387,https://iyas.com.tr/duru-sampuan-400-ml-kepege-karsi-112387-p-596040
Duru Sampuan 400 Ml Onarim Nemlendirme,8690506565190,94.90,79.90,112386,https://iyas.com.tr/duru-sampuan-400-ml-onarim-nemlendirme-112386-p-596044
Duru Sivi Sabun Okyanus Tazeligi 500 Ml,8690506520366,99.90,99.90,91680,https://iyas.com.tr/duru-sivi-sabun-okyanus-tazeligi-500-ml-91680-p-120956
Dvl Burun Makasi,8698794077319,54.90,21.00,92069,https://iyas.com.tr/dvl-burun-makasi-92069-p-121041
Dvl Cimbiz 123 Kalin,8698794071072,59.90,54.90,100292,https://iyas.com.tr/dvl-cimbiz-123-kalin-100292-p-581485
Dvl Lazer Torpu Kucuk,8698794070815,46.00,21.00,95443,https://iyas.com.tr/dvl-lazer-torpu-kucuk-95443-p-129955
Dvl S 25 Yuz Temizlik Sungeri,8698794070570,26.00,24.90,95392,https://iyas.com.tr/dvl-s-25-yuz-temizlik-sungeri-95392-p-129904
Dvl Takma Tirnak Sivri Desenli Fd54,8698794076381,59.90,21.00,100272,https://iyas.com.tr/dvl-takma-tirnak-sivri-desenli-fd54-100272-p-586335
Dvl Tirnak Makasi Tm 103 Buyuk,8698794078293,59.90,54.90,92076,https://iyas.com.tr/dvl-tirnak-makasi-tm-103-buyuk-92076-p-121048
Dvl Tirnak Pensi,8698794072086,187.00,169.90,95441,https://iyas.com.tr/dvl-tirnak-pensi-95441-p-129953
Dvl Yuz Tasi,6955458264860,49.90,21.00,95442,https://iyas.com.tr/dvl-yuz-tasi-95442-p-129954
Dvlcimbiz,8698794071010,59.90,21.00,105767,https://iyas.com.tr/dvlcimbiz-105767-p-597272
Ece Az Tuzlu Dogal Salamura Zeytin 800 Gr,8690738008335,259.00,229.00,110892,https://iyas.com.tr/ece-az-tuzlu-dogal-salamura-zeytin-800-gr-110892-p-596579
Ece Light Siyah Zeytin Kilo,2201069,189.00,195.00,62927,https://iyas.com.tr/ece-light-siyah-zeytin-kilo-62927-p-118697
Ece Yesil Zeytin Izgara Cekirdeksiz 350 Gr,8690738011687,149.00,99.90,117740,https://iyas.com.tr/ece-yesil-zeytin-izgara-cekirdeksiz-350-gr-117740-p-599118
Efsane Ikili Cigkofte Durum Menu,2183000550282,145.00,160.00,105851,https://iyas.com.tr/efsane-ikili-cigkofte-durum-menu-105851-p-586627
Efsane Menu Doritoslu Cigkofte Durum Menu,2183000550299,150.00,160.00,105852,https://iyas.com.tr/efsane-menu-doritoslu-cigkofte-durum-menu-105852-p-586628
Efsina 110 Gr Deniz Tuzu Sof Ogutme,8690292000875,199.90,29.95,56875,https://iyas.com.tr/efsina-110-gr-deniz-tuzu-sof-ogutme-56875-p-143775
Efsina 600 Gr Kaya Tuzu Iyotlu,8690292000868,199.90,29.95,56882,https://iyas.com.tr/efsina-600-gr-kaya-tuzu-iyotlu-56882-p-143766
Efsina Baharatli Kaya Tuzu Degirmenli 55 Gr,8690292002053,289.90,29.95,86713,https://iyas.com.tr/efsina-baharatli-kaya-tuzu-degirmenli-55-gr-86713-p-129076
Efsina Deniz Tuzu 750 Gr,8690292001179,29.90,29.95,62507,https://iyas.com.tr/efsina-deniz-tuzu-750-gr-62507-p-143772
Efsina Himalaya Tuzu Iyotlu Ince 250 Gr,8690292001209,189.90,29.95,63248,https://iyas.com.tr/efsina-himalaya-tuzu-iyotlu-ince-250-gr-63248-p-143765
Efsina Iyotsuz Ince Deniz Tuzu 250 Gr,8690292001193,164.90,29.95,63246,https://iyas.com.tr/efsina-iyotsuz-ince-deniz-tuzu-250-gr-63246-p-143770
Efsina Kaya Tuzu Iyotlu Ince 250 Gr,8690292001216,139.00,29.95,63247,https://iyas.com.tr/efsina-kaya-tuzu-iyotlu-ince-250-gr-63247-p-143776
Efsina Ogutulmus Sarimsakli Kaya Tuzu 80 Gr,8690292002039,219.00,29.95,86711,https://iyas.com.tr/efsina-ogutulmus-sarimsakli-kaya-tuzu-80-gr-86711-p-125019
Efsina Sodyumu 50 Azaltilmis 250 Gr,8690292001223,229.00,29.95,63249,https://iyas.com.tr/efsina-sodyumu-50-azaltilmis-250-gr-63249-p-143781
Efsina Sofrada Ogutme Deniz Tuzu 500 Gr,8690292000820,229.00,29.95,56879,https://iyas.com.tr/efsina-sofrada-ogutme-deniz-tuzu-500-gr-56879-p-143768
Efsina Sofrada Ogutme Himalaya Tuzu 110 Gr,8690292000882,209.90,29.95,56876,https://iyas.com.tr/efsina-sofrada-ogutme-himalaya-tuzu-110-gr-56876-p-143767
Efsina Sofrada Ogutme Himalaya Tuzu 500 Gr,8690292000844,229.00,29.95,56881,https://iyas.com.tr/efsina-sofrada-ogutme-himalaya-tuzu-500-gr-56881-p-118830
Efsina Sofrada Ogutme Kaya Tuzu 110 Gr,8690292001063,199.90,29.95,62900,https://iyas.com.tr/efsina-sofrada-ogutme-kaya-tuzu-110-gr-62900-p-143780
Efsina Sofrada Ogutme Kaya Tuzu 500 Gr,8690292001056,199.90,29.95,61468,https://iyas.com.tr/efsina-sofrada-ogutme-kaya-tuzu-500-gr-61468-p-131187
Efsina Violet Kaya Tuzu Degirmenli 100 Gr,8690292002022,219.00,29.95,86710,https://iyas.com.tr/efsina-violet-kaya-tuzu-degirmenli-100-gr-86710-p-129074
Egos Jole 250 Extra Sert Ultra Guclu,8690530027060,144.90,149.90,98104,https://iyas.com.tr/egos-jole-250-extra-sert-ultra-guclu-98104-p-117671
Egos Jole 250 Islak,8690530024007,169.90,149.90,98103,https://iyas.com.tr/egos-jole-250-islak-98103-p-117670
Egos Wax 100 Ml Islak Sert,8690530041578,229.90,149.90,98106,https://iyas.com.tr/egos-wax-100-ml-islak-sert-98106-p-117673
Eker Ayran 170 Gr,8691316521079,13.99,99.90,67591,https://iyas.com.tr/eker-ayran-170-gr-67591-p-122975
Eker Kasar Peyniri 400 Gr,8691316521772,265.00,379.00,72201,https://iyas.com.tr/eker-kasar-peyniri-400-gr-72201-p-139765
Eker Kaymak 100 Gr,8691316521154,85.00,249.00,63316,https://iyas.com.tr/eker-kaymak-100-gr-63316-p-123422
Eker Kefir 1 Lt,8691316521208,99.90,99.90,40335,https://iyas.com.tr/eker-kefir-1-lt-40335-p-114656
Eker Kefir Ananasli 200 Ml,8691316522885,29.90,99.90,79476,https://iyas.com.tr/eker-kefir-ananasli-200-ml-79476-p-136257
Eker Kefir Cilek 200 Ml,8691316521628,29.90,99.90,68911,https://iyas.com.tr/eker-kefir-cilek-200-ml-68911-p-135657
Eker Kefir Hav Zer Manda 290 Ml,8691316523714,55.00,99.90,92491,https://iyas.com.tr/eker-kefir-hav-zer-manda-290-ml-92491-p-146555
Eker Kefir Orman Meyve 200 Ml,8691316523554,29.90,99.90,90699,https://iyas.com.tr/eker-kefir-orman-meyve-200-ml-90699-p-133591
Eker Kefir Pan Lim Zenc 290 Ml,8691316523684,55.00,99.90,92492,https://iyas.com.tr/eker-kefir-pan-lim-zenc-290-ml-92492-p-146556
Eker Kefir Prebiyotik Cilekli 1 Lt,8691316523615,139.90,99.90,90871,https://iyas.com.tr/eker-kefir-prebiyotik-cilekli-1-lt-90871-p-137847
Eker Kefir Prebiyotik Orman Meyveli 1 Lt,8691316523622,139.90,99.90,90870,https://iyas.com.tr/eker-kefir-prebiyotik-orman-meyveli-1-lt-90870-p-137846
Eker Kefir Sade200 Ml,8691316521642,45.00,29.90,69674,https://iyas.com.tr/eker-kefir-sade200-ml-69674-p-136764
Eker Kefir Seftali Kayisi 200 Ml,8691316521635,29.90,99.90,68912,https://iyas.com.tr/eker-kefir-seftali-kayisi-200-ml-68912-p-135656
Eker Klasik Beyaz Peynir Kg,2202017,395.00,379.00,9123,https://iyas.com.tr/eker-klasik-beyaz-peynir-kg-9123-p-139709
Eker Probiyotik Yogurt 400 Gr Cilek,8691316523257,79.90,139.00,80807,https://iyas.com.tr/eker-probiyotik-yogurt-400-gr-cilek-80807-p-144469
Eker Probiyotik Yogurt 4x100 Gr Cilek,8691316523158,79.90,139.00,80803,https://iyas.com.tr/eker-probiyotik-yogurt-4x100-gr-cilek-80803-p-144472
Eker Probiyotik Yogurt 4x100 Gr Kayisi,8691316523165,79.90,139.00,80804,https://iyas.com.tr/eker-probiyotik-yogurt-4x100-gr-kayisi-80804-p-131953
Eker Probiyotik Yogurt 900 Gr,8691316522946,125.00,139.00,99732,https://iyas.com.tr/eker-probiyotik-yogurt-900-gr-99732-p-134778
Eker Probiyotik Yogurt Orman Meyve 4x100 Gr,8691316523561,79.90,139.00,90731,https://iyas.com.tr/eker-probiyotik-yogurt-orman-meyve-4x100-gr-90731-p-133617
Eker Suzme Seftali Cilek 80 Gr,8691316521826,32.00,139.00,73494,https://iyas.com.tr/eker-suzme-seftali-cilek-80-gr-73494-p-119182
Eker Suzme Seftali Kayisi 65 Gr,8691316521833,32.00,139.00,73493,https://iyas.com.tr/eker-suzme-seftali-kayisi-65-gr-73493-p-119175
Eker Suzme Yogurt Acik Kilo,2209804,159.90,139.00,38624,https://iyas.com.tr/eker-suzme-yogurt-acik-kilo-38624-p-119172
Eker Tatli Kazandibi 150 Gr,8691316525022,39.90,39.90,42815,https://iyas.com.tr/eker-tatli-kazandibi-150-gr-42815-p-126967
Eker Tatli Keskul 150 Gr,8691316522007,39.90,49.90,93524,https://iyas.com.tr/eker-tatli-keskul-150-gr-93524-p-133936
Eker Tatli Profiterol 100 Gr,8691316522236,39.90,39.90,63309,https://iyas.com.tr/eker-tatli-profiterol-100-gr-63309-p-122816
Eker Tatli Sakizli Muhallebi 150 Gr,8691316522038,39.90,39.90,40328,https://iyas.com.tr/eker-tatli-sakizli-muhallebi-150-gr-40328-p-127165
Eker Tatli Supangle 150 Gr,8691316522052,39.90,49.90,40325,https://iyas.com.tr/eker-tatli-supangle-150-gr-40325-p-122868
Eker Tatli Sutlac 150 Gr,8691316522014,39.90,39.90,40327,https://iyas.com.tr/eker-tatli-sutlac-150-gr-40327-p-122873
Eker Tatli Tavuk Gogsu 150 Gr,8691316522021,39.90,49.90,92317,https://iyas.com.tr/eker-tatli-tavuk-gogsu-150-gr-92317-p-125394
Eker Tost Peyniri Kilo,2202060,425.00,379.00,26245,https://iyas.com.tr/eker-tost-peyniri-kilo-26245-p-139716
Eker Ucgen Peynir 12 5 Gr8,8691316523998,65.00,379.00,109563,https://iyas.com.tr/eker-ucgen-peynir-12-5-gr8-109563-p-598019
Eker Yayik Ayran 1 5 Lt,8691316520416,89.90,99.90,40337,https://iyas.com.tr/eker-yayik-ayran-1-5-lt-40337-p-123654
Eker Yayik Ayran 1 Lt,8691316520119,70.00,99.90,40336,https://iyas.com.tr/eker-yayik-ayran-1-lt-40336-p-123042
Eker Yogurt 1500 Gr Homojen,8691316520379,115.00,139.00,69671,https://iyas.com.tr/eker-yogurt-1500-gr-homojen-69671-p-144463
Eker Yogurt Kova 2000 Gr,8691316521550,144.99,139.00,63306,https://iyas.com.tr/eker-yogurt-kova-2000-gr-63306-p-135658
Eker Yogurt Suzme 900 Gr,8691316520973,169.90,139.00,63304,https://iyas.com.tr/eker-yogurt-suzme-900-gr-63304-p-118782
Eker Yogurt Tava 1000 Gr,8691316521666,139.90,139.00,68916,https://iyas.com.tr/eker-yogurt-tava-1000-gr-68916-p-119183
Eker Yogurt Yarim Yagli 500 Gr,8691316520447,59.90,139.00,40323,https://iyas.com.tr/eker-yogurt-yarim-yagli-500-gr-40323-p-128084
Ekici Bergama Tulum Peyniri Kilo,2202003,695.00,379.00,9126,https://iyas.com.tr/ekici-bergama-tulum-peyniri-kilo-9126-p-139714
Ekici Cubuk Peynir Tam Yagli 200 Gr,8697403873687,144.90,379.00,73694,https://iyas.com.tr/ekici-cubuk-peynir-tam-yagli-200-gr-73694-p-143980
Ekici Hellim Peyniri 225 Gr,8697403874202,144.90,379.00,90033,https://iyas.com.tr/ekici-hellim-peyniri-225-gr-90033-p-129267
Ekici Izmir Tulum Peyniri 300 Gr,8697403873762,279.00,379.00,85478,https://iyas.com.tr/ekici-izmir-tulum-peyniri-300-gr-85478-p-144759
Ekici Kasar Peyniri 600 Gr,8697403873847,324.90,299.00,75412,https://iyas.com.tr/ekici-kasar-peyniri-600-gr-75412-p-139732
Ekici Krem Peyniri 400 Gr,8697403871867,159.00,379.00,91366,https://iyas.com.tr/ekici-krem-peyniri-400-gr-91366-p-146362
Ekici Lor Peyniri 500 Gr,8697403871799,99.90,379.00,40789,https://iyas.com.tr/ekici-lor-peyniri-500-gr-40789-p-143964
Ekici Luks Klasik Peynir Kilo,2202075,595.00,379.00,1540,https://iyas.com.tr/ekici-luks-klasik-peynir-kilo-1540-p-139689
Ekici Suzme Beyaz Peynir 250 Gr,8697403872451,99.90,154.90,52927,https://iyas.com.tr/ekici-suzme-beyaz-peynir-250-gr-52927-p-144208
Ekici Suzme Beyaz Peynir 400 Gr,8697403874134,159.00,119.00,84807,https://iyas.com.tr/ekici-suzme-beyaz-peynir-400-gr-84807-p-115118
Ekici Tam Yagli Beyaz Peynir 250 Gr,8697403871317,110.00,379.00,42148,https://iyas.com.tr/ekici-tam-yagli-beyaz-peynir-250-gr-42148-p-143984
Ekici Tam Yagli Beyaz Peynir 500 Gr,8697403871454,210.00,379.00,38463,https://iyas.com.tr/ekici-tam-yagli-beyaz-peynir-500-gr-38463-p-143987
Ekici Tam Yagli Beyaz Peynir 800 Gr,8697403870105,299.00,379.00,71919,https://iyas.com.tr/ekici-tam-yagli-beyaz-peynir-800-gr-71919-p-143962
Ekici Tam Yagli Beyaz Peynir Acik Kilo,2209801,395.00,379.00,38464,https://iyas.com.tr/ekici-tam-yagli-beyaz-peynir-acik-kilo-38464-p-139706
Ekici Tam Yagli Klasik Beyaz Peynir 250 Gr,8697403874813,210.00,379.00,103682,https://iyas.com.tr/ekici-tam-yagli-klasik-beyaz-peynir-250-gr-103682-p-584613
Ekici Tam Yagli Klasik Beyaz Peynir 450 Gr,8697403871584,329.00,379.00,91881,https://iyas.com.tr/ekici-tam-yagli-klasik-beyaz-peynir-450-gr-91881-p-125222
Ekici Tel Peynir Tam Yagli 200 Gr,8697403874639,139.90,379.00,90049,https://iyas.com.tr/ekici-tel-peynir-tam-yagli-200-gr-90049-p-129268
Ekici Tereyagi 700 Gr,8697403871515,669.00,599.00,61923,https://iyas.com.tr/ekici-tereyagi-700-gr-61923-p-122993
Ekici Top Peynir Tam Yagli 200 Gr,8697403871300,144.90,379.00,66563,https://iyas.com.tr/ekici-top-peynir-tam-yagli-200-gr-66563-p-139723
Ekici Ucgen Peynir Kutu 100 Gr,8697403871478,59.90,379.00,38473,https://iyas.com.tr/ekici-ucgen-peynir-kutu-100-gr-38473-p-119187
Ekinciler Dana Kokorec Rulo 500 Gr,8682560479223,179.00,795.00,77675,https://iyas.com.tr/ekinciler-dana-kokorec-rulo-500-gr-77675-p-128019
Ekinciler Dogranmis Dana Kokorec 500 Gr,8682560479216,179.00,795.00,77672,https://iyas.com.tr/ekinciler-dogranmis-dana-kokorec-500-gr-77672-p-120210
Eksi Kulak Adet,2309602,25.00,25.00,38850,https://iyas.com.tr/eksi-kulak-adet-38850-p-127189
Ekstra Gobek Marul Iceberg Cigkoftem,2183000550725,73.00,70.00,105899,https://iyas.com.tr/ekstra-gobek-marul-iceberg-cigkoftem-105899-p-586614
Ekstra Lavas Cigkoftem,2183000550695,5.00,160.00,105896,https://iyas.com.tr/ekstra-lavas-cigkoftem-105896-p-586625
Ekstra Yesillik Tabagi,2183000550718,70.00,160.00,105898,https://iyas.com.tr/ekstra-yesillik-tabagi-105898-p-586626
El Roza Ceylon Tea 500 Gr Opa,8682466437099,299.90,389.50,107467,https://iyas.com.tr/el-roza-ceylon-tea-500-gr-opa-107467-p-595771
Elidor 80 Ml Serum Ipek Terapisi,8683130111093,299.90,149.90,114555,https://iyas.com.tr/elidor-80-ml-serum-ipek-terapisi-114555-p-596823
Elidor 90 Ml Serum Ultra Isilti,8683130095812,179.90,149.90,106321,https://iyas.com.tr/elidor-90-ml-serum-ultra-isilti-106321-p-596827
Elidor Sac Kremi 350 Ml Aninda Onarici,8683130045961,129.90,149.90,93406,https://iyas.com.tr/elidor-sac-kremi-350-ml-aninda-onarici-93406-p-129644
Elidor Sac Kremi 350 Ml Guclu Ve Parlak,8683130111987,129.90,149.90,99345,https://iyas.com.tr/elidor-sac-kremi-350-ml-guclu-ve-parlak-99345-p-122056
Elidor Sac Kremi Ozl 350 Ml Ipek Terapisi,8683130111833,154.90,149.90,114552,https://iyas.com.tr/elidor-sac-kremi-ozl-350-ml-ipek-terapisi-114552-p-596890
Elidor Sampuan 200 Ml Keratin Terapisi,8683130076187,89.90,64.90,112952,https://iyas.com.tr/elidor-sampuan-200-ml-keratin-terapisi-112952-p-592984
Elidor Sampuan 400 Ml B Bukleler,8683130108598,129.90,149.90,114412,https://iyas.com.tr/elidor-sampuan-400-ml-b-bukleler-114412-p-596904
Elidor Sampuan 400 Ml Guclu Parlak,8683130049433,129.90,149.90,94205,https://iyas.com.tr/elidor-sampuan-400-ml-guclu-parlak-94205-p-146674
Elidor Sampuan 400 Ml Kepege Karsi Etk 21 Arada,8683130049402,129.90,149.90,94202,https://iyas.com.tr/elidor-sampuan-400-ml-kepege-karsi-etk-21-arada-94202-p-146671
Elidor Sampuan 650 Ml Aninda Onarici,8683130108505,189.90,159.90,109995,https://iyas.com.tr/elidor-sampuan-650-ml-aninda-onarici-109995-p-589198
Elidor Sampuan 650 Ml Guclu Parlak Seramid Parlaklik,8683130108642,189.90,159.90,77634,https://iyas.com.tr/elidor-sampuan-650-ml-guclu-parlak-seramid-parlaklik-77634-p-139460
Elidor Sampuan Ozl 400 Ml Biberiye,8683130127032,129.90,149.90,114549,https://iyas.com.tr/elidor-sampuan-ozl-400-ml-biberiye-114549-p-596864
Elidor Sivi Sac K 200 Ml Aninda Onarici,8683130060506,189.90,149.90,101766,https://iyas.com.tr/elidor-sivi-sac-k-200-ml-aninda-onarici-101766-p-581845
Elidor Sivi Sac K 200 Ml Keratin Terapisi,8683130111192,189.90,149.90,115351,https://iyas.com.tr/elidor-sivi-sac-k-200-ml-keratin-terapisi-115351-p-596867
Elit Kuru Sele Zeytin Acik Kilo,2201056,245.00,195.00,5717,https://iyas.com.tr/elit-kuru-sele-zeytin-acik-kilo-5717-p-114446
Elit Megastar Siyah Sele Zeytin Kilo,2201113,345.00,229.00,112221,https://iyas.com.tr/elit-megastar-siyah-sele-zeytin-kilo-112221-p-595366
Elit Sampiyon Sele Zeytin Kilo,2201112,395.00,229.00,112220,https://iyas.com.tr/elit-sampiyon-sele-zeytin-kilo-112220-p-595352
Elit Super Siyah Sele Zeytin Kilo,2201114,225.00,229.00,112222,https://iyas.com.tr/elit-super-siyah-sele-zeytin-kilo-112222-p-596331
Elma Granismiht Kilo,2209077,149.90,84.90,9010,https://iyas.com.tr/elma-granismiht-kilo-9010-p-144132
Elma Kilo,2209031,129.90,84.90,3133,https://iyas.com.tr/elma-kilo-3133-p-127182
Elmatas Citir Elma Kurusu Butun 50 Gr,8699490850084,59.90,30.00,51712,https://iyas.com.tr/elmatas-citir-elma-kurusu-butun-50-gr-51712-p-143505
Elmatas Citir Elma Kurusu Sade 18 Gr,8699490850015,34.90,30.00,32771,https://iyas.com.tr/elmatas-citir-elma-kurusu-sade-18-gr-32771-p-139328
Elmatas Citir Elma Kurusu Sade 45 Gr,8699490850022,54.90,30.00,33090,https://iyas.com.tr/elmatas-citir-elma-kurusu-sade-45-gr-33090-p-143512
Elmatas Citir Elma Kurusu Sade 90 Gr,8699490850039,89.90,30.00,33091,https://iyas.com.tr/elmatas-citir-elma-kurusu-sade-90-gr-33091-p-143523
Elmatas Katkisiz Yesil Paket 50 Gr,8699490850206,59.90,30.00,102010,https://iyas.com.tr/elmatas-katkisiz-yesil-paket-50-gr-102010-p-585502
Elsa Aret Mucizevi Tarak,8680211091411,49.90,149.90,113720,https://iyas.com.tr/elsa-aret-mucizevi-tarak-113720-p-598256
Elseve 200 Ml Dream Long Bye Makas Sac Bk Krem,3600523763863,329.90,149.90,76682,https://iyas.com.tr/elseve-200-ml-dream-long-bye-makas-sac-bk-krem-76682-p-132032
Elseve Color Vive Purple Silver Mor Maske 150 Ml,3600523913350,559.90,149.90,93814,https://iyas.com.tr/elseve-color-vive-purple-silver-mor-maske-150-ml-93814-p-138233
Elseve Sac Bkm Kremi 250 Ml Glik Parlaklik,3600524237219,214.90,149.90,112754,https://iyas.com.tr/elseve-sac-bkm-kremi-250-ml-glik-parlaklik-112754-p-597000
Elseve Sac Guzellestirici Krem 150 Ml Kuru Ve Sert,3600523036332,414.90,149.90,61916,https://iyas.com.tr/elseve-sac-guzellestirici-krem-150-ml-kuru-ve-sert-61916-p-123350
Elseve Sac Guzellestirici Krem 150 Ml Tum Sac Tipi,3600523036349,414.90,149.90,61915,https://iyas.com.tr/elseve-sac-guzellestirici-krem-150-ml-tum-sac-tipi-61915-p-123289
Elseve Sac Kremi 250 Ml Mucizevi Yag,3600524223229,174.90,149.90,109300,https://iyas.com.tr/elseve-sac-kremi-250-ml-mucizevi-yag-109300-p-596933
Elseve Sac Kremi Laminasyon Durulanan 200 Ml,3600524144210,624.90,149.90,103403,https://iyas.com.tr/elseve-sac-kremi-laminasyon-durulanan-200-ml-103403-p-582818
Elseve Sac Maskesi 300 Ml 6 Mucizevi Yag,3600523076215,579.90,149.90,61777,https://iyas.com.tr/elseve-sac-maskesi-300-ml-6-mucizevi-yag-61777-p-130945
Elseve Sampuan 200 Ml Mukemmel Parlaklik,3600524144227,454.90,149.90,103402,https://iyas.com.tr/elseve-sampuan-200-ml-mukemmel-parlaklik-103402-p-581636
Elseve Sampuan 300 Ml Hydra Hyalu Nemlendirici Dolduran,3600524223182,214.90,149.90,108723,https://iyas.com.tr/elseve-sampuan-300-ml-hydra-hyalu-nemlendirici-dolduran-108723-p-588586
Elseve Sampuan 300 Ml Komple Onarici 5,3600524223298,174.90,149.90,108722,https://iyas.com.tr/elseve-sampuan-300-ml-komple-onarici-5-108722-p-596876
Elseve Sampuan 400 Ml Dokulme Karsiti,3600524223335,119.90,104.90,109777,https://iyas.com.tr/elseve-sampuan-400-ml-dokulme-karsiti-109777-p-588587
Elseve Yag Onarici Sac Dream Lang 100 Ml,3600523970926,444.90,149.90,91612,https://iyas.com.tr/elseve-yag-onarici-sac-dream-lang-100-ml-91612-p-116876
Emotion Deodorant 150 Ml Aqua Kiss,8690586016995,119.90,99.90,68897,https://iyas.com.tr/emotion-deodorant-150-ml-aqua-kiss-68897-p-134987
Emotion Deodorant 150 Ml Detox Fresh,8690586018807,119.90,99.90,89417,https://iyas.com.tr/emotion-deodorant-150-ml-detox-fresh-89417-p-137580
Emotion Deodorant 150 Ml Invisible Fresh,8690506494131,119.90,99.90,75786,https://iyas.com.tr/emotion-deodorant-150-ml-invisible-fresh-75786-p-144306
Emotion Deodorant 150 Ml Natural Bloom,8690586018593,119.90,99.90,84319,https://iyas.com.tr/emotion-deodorant-150-ml-natural-bloom-84319-p-119342
Emotion Deodorant 150 Ml Natural Breeze,8690586018586,119.90,99.90,84320,https://iyas.com.tr/emotion-deodorant-150-ml-natural-breeze-84320-p-119343
Emotion Deodorant 150 Ml Ocean Clean Fresh,8690506473648,119.90,99.90,61283,https://iyas.com.tr/emotion-deodorant-150-ml-ocean-clean-fresh-61283-p-134939
Emotion Deodorant 150 Ml Romance,8690586257602,119.90,99.90,6464,https://iyas.com.tr/emotion-deodorant-150-ml-romance-6464-p-144318
Emotion Deodorant 150 Ml Tropical Love,8690586004572,119.90,99.90,6466,https://iyas.com.tr/emotion-deodorant-150-ml-tropical-love-6466-p-144315
Emotion Deodorant 150 Ml Violet,8690586301671,119.90,99.90,96899,https://iyas.com.tr/emotion-deodorant-150-ml-violet-96899-p-142894
Enfes Antrikot Pastirma Kilo,2207009,2495.00,895.00,43457,https://iyas.com.tr/enfes-antrikot-pastirma-kilo-43457-p-139829
Enfes Dana Dilimli Fistikli Salam 100 Gr,8682644298757,124.90,895.00,96509,https://iyas.com.tr/enfes-dana-dilimli-fistikli-salam-100-gr-96509-p-130122
Enfes Dana Dilimli Fume Et 70 Gr,8682644298955,209.90,895.00,96510,https://iyas.com.tr/enfes-dana-dilimli-fume-et-70-gr-96510-p-130123
Enfes Dana Dilimli Macar Salam 100 Gr,8682644298764,124.90,895.00,96508,https://iyas.com.tr/enfes-dana-dilimli-macar-salam-100-gr-96508-p-130121
Enfes Dana Jambon Kilo,2207012,1095.00,895.00,230,https://iyas.com.tr/enfes-dana-jambon-kilo-230-p-115038
Enfes Dogal Kangal Sucuk Kilo,2207005,895.00,995.00,226,https://iyas.com.tr/enfes-dogal-kangal-sucuk-kilo-226-p-139815
Enfes Fermante Sucuk 300 Gr,8682644299211,399.00,895.00,106449,https://iyas.com.tr/enfes-fermante-sucuk-300-gr-106449-p-595339
Enfes Fume Et Anrikot Kilo,2207080,2295.00,795.00,14327,https://iyas.com.tr/enfes-fume-et-anrikot-kilo-14327-p-119672
Enfes Fume Hindi Kilo,2201007,895.00,249.00,566,https://iyas.com.tr/enfes-fume-hindi-kilo-566-p-114451
Enfes Kavurma Kilo,2207018,2350.00,895.00,48235,https://iyas.com.tr/enfes-kavurma-kilo-48235-p-135885
Enfes Osmanli Sucuk Kilo,2201061,1175.00,895.00,45880,https://iyas.com.tr/enfes-osmanli-sucuk-kilo-45880-p-114543
Enfes Pastirma Cemenli 100 Gr,8682644298184,329.00,895.00,80730,https://iyas.com.tr/enfes-pastirma-cemenli-100-gr-80730-p-119546
Enfes Pastirma Cemensiz 100 Gr,8682644298207,429.00,895.00,80731,https://iyas.com.tr/enfes-pastirma-cemensiz-100-gr-80731-p-119545
Enfes Salam Cesitleri Kilo,2207017,1145.00,895.00,4536,https://iyas.com.tr/enfes-salam-cesitleri-kilo-4536-p-123459
Enfes Tavuk Sebzeli Jambon Kilo,2207016,499.00,895.00,13051,https://iyas.com.tr/enfes-tavuk-sebzeli-jambon-kilo-13051-p-115037
Enjoy 15 Kg Yetiskin Kopek Mamasi Biftekli,8698995036535,849.90,299.90,112757,https://iyas.com.tr/enjoy-15-kg-yetiskin-kopek-mamasi-biftekli-112757-p-596847
Equal Deodorant 150 Ml Bayan,8690973050212,89.90,149.90,6480,https://iyas.com.tr/equal-deodorant-150-ml-bayan-6480-p-143308
Equal Deodorant 150 Ml Formen,8690973030252,89.90,149.90,6481,https://iyas.com.tr/equal-deodorant-150-ml-formen-6481-p-122382
Equal Kofre Bayan Edt 75mldeo,8690973028723,499.90,149.90,41674,https://iyas.com.tr/equal-kofre-bayan-edt-75mldeo-41674-p-122378
Equal Roll On 50 Ml Classic Erkek,8690973507839,89.90,149.90,95770,https://iyas.com.tr/equal-roll-on-50-ml-classic-erkek-95770-p-138526
Equal Roll On 50 Ml Classic Kadin,8690973507846,89.90,149.90,95771,https://iyas.com.tr/equal-roll-on-50-ml-classic-kadin-95771-p-138527
Equal Set Bayram Edt 75mldeo,8690973028778,499.90,149.90,41266,https://iyas.com.tr/equal-set-bayram-edt-75mldeo-41266-p-126524
Erbaa Haslanmis Kuru Biber Dolma 750 Gr,8699182820050,629.00,59.90,108337,https://iyas.com.tr/erbaa-haslanmis-kuru-biber-dolma-750-gr-108337-p-596771
Erbaa Haslanmis Kuru Patlican Dolma 750 Gr,8699182829947,629.00,142.50,108339,https://iyas.com.tr/erbaa-haslanmis-kuru-patlican-dolma-750-gr-108339-p-596764
Erbaa Haslanmis Sogan Dolma 750 Gr,8699182820074,529.00,279.00,108336,https://iyas.com.tr/erbaa-haslanmis-sogan-dolma-750-gr-108336-p-596523
Erbaa Hasyaprak Asma Yapragi 500 Gr,8699182820012,269.00,59.90,61731,https://iyas.com.tr/erbaa-hasyaprak-asma-yapragi-500-gr-61731-p-139831
Erguven Mihalic Peyniri Kilo,2201089,775.00,379.00,100432,https://iyas.com.tr/erguven-mihalic-peyniri-kilo-100432-p-586333
Erguven Sepet Peyniri Kilo,2201093,775.00,379.00,100430,https://iyas.com.tr/erguven-sepet-peyniri-kilo-100430-p-580249
Erik Ancelika Kilo,2209061,149.90,99.90,9131,https://iyas.com.tr/erik-ancelika-kilo-9131-p-127191
Erikli 05 Lt Su,8690793010052,19.90,36.50,9134,https://iyas.com.tr/erikli-05-lt-su-9134-p-130594
Erikli 1 Lt Su,8690793010106,34.90,36.50,9135,https://iyas.com.tr/erikli-1-lt-su-9135-p-130600
Erikli 15 Lt Su,8690793010151,39.90,36.50,9137,https://iyas.com.tr/erikli-15-lt-su-9137-p-130609
Erikli 330 Ml Su Premium,8690793601434,19.90,36.50,84461,https://iyas.com.tr/erikli-330-ml-su-premium-84461-p-123505
Erikli 5 Lt Su,8690793010502,49.90,36.50,9138,https://iyas.com.tr/erikli-5-lt-su-9138-p-130592
Ernet 750 Ml Sprey Banyo,8690546129291,89.90,69.90,4682,https://iyas.com.tr/ernet-750-ml-sprey-banyo-4682-p-139200
Ernet 750 Ml Sprey Firin Temiz,8690546614360,114.90,69.90,93906,https://iyas.com.tr/ernet-750-ml-sprey-firin-temiz-93906-p-142477
Ernet 750 Ml Sprey Mutfak,8690546120243,89.90,69.90,4693,https://iyas.com.tr/ernet-750-ml-sprey-mutfak-4693-p-139201
Ernet Camasir Sodasi 500 Gr,8691014109043,59.90,74.90,74753,https://iyas.com.tr/ernet-camasir-sodasi-500-gr-74753-p-139194
Ernet Karbonat Cok Amacli Temizlik 15 Kg,8690546610898,129.90,69.90,71012,https://iyas.com.tr/ernet-karbonat-cok-amacli-temizlik-15-kg-71012-p-143483
Ernet Lavabo Acici Aktif Granullu 2 X 50 Gr,8691014102815,49.90,69.90,46693,https://iyas.com.tr/ernet-lavabo-acici-aktif-granullu-2-x-50-gr-46693-p-114149
Ernet Lavabo Acici Toz 4x50 Gr,8690546614353,94.90,69.90,93366,https://iyas.com.tr/ernet-lavabo-acici-toz-4x50-gr-93366-p-125511
Ernet Limon Tuzu 100 Gr,8690546610966,74.90,69.90,71013,https://iyas.com.tr/ernet-limon-tuzu-100-gr-71013-p-143606
Ernet Mutfak Sprey 750 Ml Banyo Sprey 750 Ml,8690546128027,169.90,69.90,38735,https://iyas.com.tr/ernet-mutfak-sprey-750-ml-banyo-sprey-750-ml-38735-p-143420
Ernet Naftalin Tablet 100 Gr Kutu,8690546420046,69.90,69.90,3836,https://iyas.com.tr/ernet-naftalin-tablet-100-gr-kutu-3836-p-114047
Ernet Sirkeli Temizleyici 2 Lt,8690546611345,124.90,69.90,76953,https://iyas.com.tr/ernet-sirkeli-temizleyici-2-lt-76953-p-143413
Ernet Super Kirec Ve Kir Sokucu 750 Ml,8690546128119,94.90,69.90,39551,https://iyas.com.tr/ernet-super-kirec-ve-kir-sokucu-750-ml-39551-p-114140
Ernet Super Likit Lavabo Acici 1 Kg,8690546120199,119.90,69.90,39421,https://iyas.com.tr/ernet-super-likit-lavabo-acici-1-kg-39421-p-143607
Ernet Super Pas Kirec Sokucu 1000 Ml,8690546120182,79.90,69.90,53978,https://iyas.com.tr/ernet-super-pas-kirec-sokucu-1000-ml-53978-p-143449
Ernet Tuz Ruhu 1 Lt,8690546120175,74.90,69.90,4694,https://iyas.com.tr/ernet-tuz-ruhu-1-lt-4694-p-143598
Ernet Tuz Ruhu 25 Lt,8690546430199,149.90,69.90,39426,https://iyas.com.tr/ernet-tuz-ruhu-25-lt-39426-p-143432
Ernet Ultra Hijyen Wc Blok 2x50 Gr Cam Suyu Kat,8690546613837,114.90,74.90,90706,https://iyas.com.tr/ernet-ultra-hijyen-wc-blok-2x50-gr-cam-suyu-kat-90706-p-133598
Ernet Ultra Hijyen Wc Blok 2x50 Gr Limon Bah,8690546613820,114.90,69.90,90705,https://iyas.com.tr/ernet-ultra-hijyen-wc-blok-2x50-gr-limon-bah-90705-p-133597
Ernet Ultra Hijyen Wc Blok 2x50 Gr Okaliptus,8690546613844,114.90,69.90,90704,https://iyas.com.tr/ernet-ultra-hijyen-wc-blok-2x50-gr-okaliptus-90704-p-133596
Ernet Ultra Hijyen Wc Blok 4x50 Gr Limon Bah,8690546613868,199.90,69.90,90709,https://iyas.com.tr/ernet-ultra-hijyen-wc-blok-4x50-gr-limon-bah-90709-p-133601
Ernet Ultra Hijyen Wc Blok 50 Gr Cam Suyu Kat,8690546613790,59.90,74.90,90702,https://iyas.com.tr/ernet-ultra-hijyen-wc-blok-50-gr-cam-suyu-kat-90702-p-133594
Ernet Ultra Hijyen Wc Blok 50 Gr Cicek Karn,8690546613776,59.90,69.90,90703,https://iyas.com.tr/ernet-ultra-hijyen-wc-blok-50-gr-cicek-karn-90703-p-133595
Ernet Ultra Hijyen Wc Blok 50 Gr Limon Bah,8690546613783,59.90,69.90,90701,https://iyas.com.tr/ernet-ultra-hijyen-wc-blok-50-gr-limon-bah-90701-p-133593
Ernet Ultra Hijyen Wc Blok 50 Gr Okaliptus,8690546613806,59.90,69.90,90700,https://iyas.com.tr/ernet-ultra-hijyen-wc-blok-50-gr-okaliptus-90700-p-133592
Ernet Wc Blok 2x40 Gr Limon Cicegi,8690546220028,59.90,69.90,9987,https://iyas.com.tr/ernet-wc-blok-2x40-gr-limon-cicegi-9987-p-144330
Ernet Yag Cozucu 750 Ml,8690546129246,94.90,69.90,59175,https://iyas.com.tr/ernet-yag-cozucu-750-ml-59175-p-144511
Eroglu Yumurta 15 Li,8697874930032,99.90,139.00,9994,https://iyas.com.tr/eroglu-yumurta-15-li-9994-p-144287
Eroglu Yumurta 30 Lu,8697874930018,169.00,139.00,9995,https://iyas.com.tr/eroglu-yumurta-30-lu-9995-p-118752
Eroglu Yumurta 6li,8697874930025,39.90,139.00,36610,https://iyas.com.tr/eroglu-yumurta-6li-36610-p-115411
Erpilic Kuru Yolum Poset Kilo,2205008,119.00,214.90,9092,https://iyas.com.tr/erpilic-kuru-yolum-poset-kilo-9092-p-114729
Erpilic Tabakli Baget Kilo,2807258,99.90,94.90,56134,https://iyas.com.tr/erpilic-tabakli-baget-kilo-56134-p-114730
Erpilic Tabakli Bonfile Kilo,2807210,229.00,214.90,56137,https://iyas.com.tr/erpilic-tabakli-bonfile-kilo-56137-p-139875
Erpilic Tabakli But Kilo,2807268,114.00,214.90,56130,https://iyas.com.tr/erpilic-tabakli-but-kilo-56130-p-114723
Erpilic Tabakli Derili But Pirzola Kilo,2809352,225.00,214.90,56139,https://iyas.com.tr/erpilic-tabakli-derili-but-pirzola-kilo-56139-p-114724
Erpilic Tabakli Kanat Izgara Kilo,2807194,389.00,214.90,56138,https://iyas.com.tr/erpilic-tabakli-kanat-izgara-kilo-56138-p-114732
Erpilic Tabakli Kelebek Pirzola Kilo,2809388,249.00,214.90,56132,https://iyas.com.tr/erpilic-tabakli-kelebek-pirzola-kilo-56132-p-114722
Erzincan Lux Akarepe Tulum Peyniri Acik Kilo,2202004,795.00,379.00,756,https://iyas.com.tr/erzincan-lux-akarepe-tulum-peyniri-acik-kilo-756-p-139711
Estuz Himalaife Himalaya Tuzu Ince 500 Gr,8690292001667,99.90,29.95,78164,https://iyas.com.tr/estuz-himalaife-himalaya-tuzu-ince-500-gr-78164-p-131190
Estuz Himalaife Himalaya Tuzu Sof Ogutme 500 Gr,8690292001674,99.90,29.95,78163,https://iyas.com.tr/estuz-himalaife-himalaya-tuzu-sof-ogutme-500-gr-78163-p-131189
Estuz Himalaife Kaya Tuzu Ince 500 Gr,8690292001681,89.90,29.95,78165,https://iyas.com.tr/estuz-himalaife-kaya-tuzu-ince-500-gr-78165-p-131191
Estuz Himalaife Kaya Tuzu Sof Ogutme 500 Gr,8690292001698,89.90,29.95,78166,https://iyas.com.tr/estuz-himalaife-kaya-tuzu-sof-ogutme-500-gr-78166-p-131192
Et Cekimi Kilo,2204002,20.00,895.00,4528,https://iyas.com.tr/et-cekimi-kilo-4528-p-114760
Eti Alaska Frigo Bitter Cikolatali Kapli 60 Gr,8690526099613,54.00,9.90,61365,https://iyas.com.tr/eti-alaska-frigo-bitter-cikolatali-kapli-60-gr-61365-p-127348
Eti Alaska Frigo Karamelli 47 Gr,8690526069722,54.00,9.90,85091,https://iyas.com.tr/eti-alaska-frigo-karamelli-47-gr-85091-p-127821
Eti Alaska Frigo Mozaik Cikolata Bar 50 Gr,8690526099644,54.00,9.90,65431,https://iyas.com.tr/eti-alaska-frigo-mozaik-cikolata-bar-50-gr-65431-p-127349
Eti Benim O 80 Gr Bitter,8690526063201,35.00,69.90,69264,https://iyas.com.tr/eti-benim-o-80-gr-bitter-69264-p-131218
Eti Benimo 80 Gr Lokmalik Cikolata Biskuvi,8690526643298,35.00,69.90,76239,https://iyas.com.tr/eti-benimo-80-gr-lokmalik-cikolata-biskuvi-76239-p-122726
Eti Benimo Lokmalik Cikolata Biskuvi 3x80 Gr,8690526743295,102.00,69.90,98823,https://iyas.com.tr/eti-benimo-lokmalik-cikolata-biskuvi-3x80-gr-98823-p-138889
Eti Bidolu Yer Fistik Par 81gr Findik Gofret,8690526035444,40.00,30.00,76409,https://iyas.com.tr/eti-bidolu-yer-fistik-par-81gr-findik-gofret-76409-p-139301
Eti Bidolu Yer Fistik Par 81gr Kakaolu Gofret,8690526035512,40.00,30.00,76410,https://iyas.com.tr/eti-bidolu-yer-fistik-par-81gr-kakaolu-gofret-76410-p-139302
Eti Browni Gold 180 Gr Kakaolu,8690526073736,69.50,15.00,10076,https://iyas.com.tr/eti-browni-gold-180-gr-kakaolu-10076-p-131219
Eti Browni Gold Kakaolu 45 Gr,8690526053738,15.00,25.00,72417,https://iyas.com.tr/eti-browni-gold-kakaolu-45-gr-72417-p-122494
Eti Browni Gold Visneli 45 Gr,8690526063744,15.00,15.00,72418,https://iyas.com.tr/eti-browni-gold-visneli-45-gr-72418-p-122495
Eti Browni Intense 160 Gr Mini,8690526076522,85.00,15.00,68886,https://iyas.com.tr/eti-browni-intense-160-gr-mini-68886-p-135025
Eti Browni Intense 160 Gr Mini Kahveli 6600,8690526066004,85.00,15.00,70462,https://iyas.com.tr/eti-browni-intense-160-gr-mini-kahveli-6600-70462-p-135026
Eti Browni Intense 40 Gr Findikli,8690526784755,15.00,15.00,99958,https://iyas.com.tr/eti-browni-intense-40-gr-findikli-99958-p-583329
Eti Browni Intense 50 Gr,8690526076379,25.00,15.00,63325,https://iyas.com.tr/eti-browni-intense-50-gr-63325-p-130826
Eti Browni Intense Gold 48 Gr,8690526069920,25.00,15.00,84505,https://iyas.com.tr/eti-browni-intense-gold-48-gr-84505-p-127827
Eti Browni Mousse 48 Gr 19650 Soguk,8690526096506,30.00,15.00,54958,https://iyas.com.tr/eti-browni-mousse-48-gr-19650-soguk-54958-p-127353
Eti Browni Selection 285 Gr,8690526663418,120.00,15.00,113924,https://iyas.com.tr/eti-browni-selection-285-gr-113924-p-596796
Eti Bumbo 42 Gr Biskuvi,8690526051314,15.00,69.90,96219,https://iyas.com.tr/eti-bumbo-42-gr-biskuvi-96219-p-121611
Eti Burcak 114 Gr Sutlu Cikolatali,8690526063508,40.00,69.90,64229,https://iyas.com.tr/eti-burcak-114-gr-sutlu-cikolatali-64229-p-131225
Eti Burcak 123 Gr Sultani Uzumlu Kepekli,8690526071152,25.00,69.90,42729,https://iyas.com.tr/eti-burcak-123-gr-sultani-uzumlu-kepekli-42729-p-131226
Eti Burcak 125 Gr Yulafli,8690526051222,25.00,69.90,42744,https://iyas.com.tr/eti-burcak-125-gr-yulafli-42744-p-131227
Eti Burcak 131 Gr Biskuvi,8690526061108,25.00,69.90,42748,https://iyas.com.tr/eti-burcak-131-gr-biskuvi-42748-p-131228
Eti Burcak 3x123 Gr Sultani Uzumlu Kepekli,8690526671154,73.00,69.90,42742,https://iyas.com.tr/eti-burcak-3x123-gr-sultani-uzumlu-kepekli-42742-p-131229
Eti Burcak 3x125 Gr Yulafli,8690526651224,73.00,69.90,42745,https://iyas.com.tr/eti-burcak-3x125-gr-yulafli-42745-p-131230
Eti Burcak Bitter Cikolatali Biskuvi 114 Gr,8690526023830,40.00,69.90,77193,https://iyas.com.tr/eti-burcak-bitter-cikolatali-biskuvi-114-gr-77193-p-122769
Eti Burcak Findik Ezmeli Kremali Proteinli Biskuvi 158 Gr,8690526205687,60.00,69.90,93149,https://iyas.com.tr/eti-burcak-findik-ezmeli-kremali-proteinli-biskuvi-158-gr-93149-p-125414
Eti Burcak Kremali 100 Gr Hindistan Cevizi,8690526029443,25.00,69.90,84901,https://iyas.com.tr/eti-burcak-kremali-100-gr-hindistan-cevizi-84901-p-123686
Eti Burcak Kremali 100 Gr Limon,8690526001531,25.00,69.90,81113,https://iyas.com.tr/eti-burcak-kremali-100-gr-limon-81113-p-131966
Eti Burcak Kremali 100 Gr Sutlu,8690526083360,25.00,69.90,61814,https://iyas.com.tr/eti-burcak-kremali-100-gr-sutlu-61814-p-131223
Eti Burcak Kremali 300 Gr Sutlu,8690526733364,74.50,69.90,61813,https://iyas.com.tr/eti-burcak-kremali-300-gr-sutlu-61813-p-131224
Eti Burcak Kurabiye 198 Gr Findikli,8690526073477,68.00,69.90,75998,https://iyas.com.tr/eti-burcak-kurabiye-198-gr-findikli-75998-p-122753
Eti Burcak Kurabiye 198 Gr Kakaolu,8690526073460,68.00,69.90,69236,https://iyas.com.tr/eti-burcak-kurabiye-198-gr-kakaolu-69236-p-131222
Eti Burcak Sutlu Kakao Kremali 100 Gr,8690526023281,25.00,69.90,80032,https://iyas.com.tr/eti-burcak-sutlu-kakao-kremali-100-gr-80032-p-123130
Eti Burcak Tuzlu Biskuvi 3x91 Gr Corekotlu,8690526032955,70.00,69.90,86343,https://iyas.com.tr/eti-burcak-tuzlu-biskuvi-3x91-gr-corekotlu-86343-p-132117
Eti Burcak Tuzlu Biskuvi 3x91 Gr Zeytinli,8690526031712,70.00,69.90,86344,https://iyas.com.tr/eti-burcak-tuzlu-biskuvi-3x91-gr-zeytinli-86344-p-132118
Eti Burcak Tuzlu Biskuvi 91 Gr Corekotlu,8690526012957,24.00,69.90,85905,https://iyas.com.tr/eti-burcak-tuzlu-biskuvi-91-gr-corekotlu-85905-p-123819
Eti Burcak Tuzlu Biskuvi 91 Gr Zeytinli,8690526011714,24.00,69.90,85904,https://iyas.com.tr/eti-burcak-tuzlu-biskuvi-91-gr-zeytinli-85904-p-144768
Eti Burcak Yer Fistigi Ezmeli Kremali Proteinli Biskuvi 158 Gr,8690526316901,60.00,69.90,93148,https://iyas.com.tr/eti-burcak-yer-fistigi-ezmeli-kremali-proteinli-biskuvi-158-gr-93148-p-125413
Eti Cicibebe 700 Gr Kutu,8690526001135,165.50,52.00,91505,https://iyas.com.tr/eti-cicibebe-700-gr-kutu-91505-p-116814
Eti Cicibebe Biskuvi 800 Gr,8690526051130,192.00,165.50,51811,https://iyas.com.tr/eti-cicibebe-biskuvi-800-gr-51811-p-131194
Eti Cicibebe Eko 400 Gr,8690533081137,97.50,165.50,10090,https://iyas.com.tr/eti-cicibebe-eko-400-gr-10090-p-131232
Eti Cicibebe Paket 172 Gr,8690533091136,52.00,165.50,74780,https://iyas.com.tr/eti-cicibebe-paket-172-gr-74780-p-139466
Eti Cikolata 30 Gr 27 Findikli Sutlu,8690526078175,37.50,9.90,62538,https://iyas.com.tr/eti-cikolata-30-gr-27-findikli-sutlu-62538-p-122443
Eti Cikolata Ahenk Gofret Gurme 50 Gr,8690526018935,30.00,30.00,77257,https://iyas.com.tr/eti-cikolata-ahenk-gofret-gurme-50-gr-77257-p-143544
Eti Cikolata Bol Antep Fistikli 30 Gr,8690526097725,55.00,9.90,10264,https://iyas.com.tr/eti-cikolata-bol-antep-fistikli-30-gr-10264-p-135029
Eti Cikolata Canga 34 Gr Gofret,8690526015781,22.00,9.90,76000,https://iyas.com.tr/eti-cikolata-canga-34-gr-gofret-76000-p-126729
Eti Cikolata Canga 45 Gr Cookie Karamel,8690526940649,25.00,9.90,100543,https://iyas.com.tr/eti-cikolata-canga-45-gr-cookie-karamel-100543-p-568450
Eti Cikolata Canga 45 Gr Gold,8690526012704,28.50,9.90,84669,https://iyas.com.tr/eti-cikolata-canga-45-gr-gold-84669-p-127825
Eti Cikolata Canga 45 Gr Yer Fistikli,8690526047256,25.00,9.90,98259,https://iyas.com.tr/eti-cikolata-canga-45-gr-yer-fistikli-98259-p-121863
Eti Cikolata Gold Sutlu Antep Fistikli 60 Gr,8690526011639,102.00,9.90,80095,https://iyas.com.tr/eti-cikolata-gold-sutlu-antep-fistikli-60-gr-80095-p-127360
Eti Cikolata Kare 60 Gr Antep Fistikli,8690526067537,102.00,9.90,79764,https://iyas.com.tr/eti-cikolata-kare-60-gr-antep-fistikli-79764-p-127299
Eti Cikolata Kare 60 Gr Cifte Kavrulmus Findik,8690526047515,70.00,9.90,79916,https://iyas.com.tr/eti-cikolata-kare-60-gr-cifte-kavrulmus-findik-79916-p-127376
Eti Cikolata Kare Karam Bitter 60 Gr 54 Kakao,8690526027593,67.00,9.90,79917,https://iyas.com.tr/eti-cikolata-kare-karam-bitter-60-gr-54-kakao-79917-p-127365
Eti Cikolata Kare Karam Bitter 60 Gr 70 Kakao,8690526028040,67.00,9.90,79807,https://iyas.com.tr/eti-cikolata-kare-karam-bitter-60-gr-70-kakao-79807-p-127314
Eti Cikolata Kare Karam Bitter 60 Gr,8690526028057,67.00,9.90,79808,https://iyas.com.tr/eti-cikolata-kare-karam-bitter-60-gr-79808-p-131907
Eti Cikolata Kare Karam Bitter 60 Gr Antep Fistikli,8690526047768,102.00,9.90,79765,https://iyas.com.tr/eti-cikolata-kare-karam-bitter-60-gr-antep-fistikli-79765-p-127300
Eti Cikolata Maximus 36 Gr,8690526087351,17.00,9.90,80835,https://iyas.com.tr/eti-cikolata-maximus-36-gr-80835-p-131905
Eti Cikolata Maximus 50 Gr Loading,8690526067438,22.50,9.90,71106,https://iyas.com.tr/eti-cikolata-maximus-50-gr-loading-71106-p-122440
Eti Cikolata Uzun 17 Gr Antepfistikli,8690526028811,22.00,9.90,89972,https://iyas.com.tr/eti-cikolata-uzun-17-gr-antepfistikli-89972-p-129190
Eti Cikolata Uzun 17 Gr Sutlu,8690526037974,17.50,9.90,89973,https://iyas.com.tr/eti-cikolata-uzun-17-gr-sutlu-89973-p-133489
Eti Cikolata Uzun 34 Gr Antepfistikli,8690526097985,43.00,9.90,35486,https://iyas.com.tr/eti-cikolata-uzun-34-gr-antepfistikli-35486-p-122437
Eti Cikolata Uzun 34 Gr Sutlu,8690526097978,35.00,9.90,35485,https://iyas.com.tr/eti-cikolata-uzun-34-gr-sutlu-35485-p-122442
Eti Cikolata Wanted 32 Gr Bumba,8690526028729,20.00,9.90,84476,https://iyas.com.tr/eti-cikolata-wanted-32-gr-bumba-84476-p-127828
Eti Cikolata Wanted 32 Gr Karamelli,8690526057231,20.00,9.90,76267,https://iyas.com.tr/eti-cikolata-wanted-32-gr-karamelli-76267-p-126702
Eti Cikolatali Gofret 29 Gr Gold,8690526019222,15.00,30.00,86345,https://iyas.com.tr/eti-cikolatali-gofret-29-gr-gold-86345-p-141404
Eti Cikolatali Gofret Karam Gurme 50 Gr,8690526095417,30.00,17.90,48954,https://iyas.com.tr/eti-cikolatali-gofret-karam-gurme-50-gr-48954-p-135033
Eti Cin 114 Gr Lokmalik Portakalli,8690533003177,25.00,69.90,70465,https://iyas.com.tr/eti-cin-114-gr-lokmalik-portakalli-70465-p-135333
Eti Cin 25 Gr Cilek Joleli Biskuvi,86920292,7.00,30.00,63967,https://iyas.com.tr/eti-cin-25-gr-cilek-joleli-biskuvi-63967-p-135401
Eti Cin 25 Gr Portakal Joleli Biskuvi,86900478,7.00,69.90,10156,https://iyas.com.tr/eti-cin-25-gr-portakal-joleli-biskuvi-10156-p-135402
Eti Cin 325 Gr Portakalli,8690526063140,70.00,69.90,10057,https://iyas.com.tr/eti-cin-325-gr-portakalli-10057-p-135334
Eti Cin Lokmalik 3x114 Gr,8690533013176,75.00,69.90,70464,https://iyas.com.tr/eti-cin-lokmalik-3x114-gr-70464-p-135332
Eti Crax 175 Gr Daha Baharatli,8690533004235,40.00,7.90,69030,https://iyas.com.tr/eti-crax-175-gr-daha-baharatli-69030-p-135342
Eti Crax 175 Gr Peynirli,8690533724140,40.00,7.90,68767,https://iyas.com.tr/eti-crax-175-gr-peynirli-68767-p-135343
Eti Crax Cubuk Kraker 40 Gr,8690533034010,7.50,7.90,98827,https://iyas.com.tr/eti-crax-cubuk-kraker-40-gr-98827-p-138893
Eti Crax K 80 Gr Baharatli,8690533014234,20.50,7.90,68769,https://iyas.com.tr/eti-crax-k-80-gr-baharatli-68769-p-135340
Eti Crax K 80 Gr Peynirli,8690533714141,20.50,7.90,68768,https://iyas.com.tr/eti-crax-k-80-gr-peynirli-68768-p-135341
Eti Crax Kpatlayan 50 Gr Peynirli Soganli,8690533014869,20.00,7.90,68770,https://iyas.com.tr/eti-crax-kpatlayan-50-gr-peynirli-soganli-68770-p-135338
Eti Crax Patlayan 50 Gr Aci Baharatli,8690526044873,20.00,7.90,98826,https://iyas.com.tr/eti-crax-patlayan-50-gr-aci-baharatli-98826-p-138892
Eti Crax Patlayan 50 Gr Acimisket Limon,8690526064499,20.00,7.90,73820,https://iyas.com.tr/eti-crax-patlayan-50-gr-acimisket-limon-73820-p-135408
Eti Crax Thins 110 Gr Meksika Chili,8690526422282,40.00,7.90,112089,https://iyas.com.tr/eti-crax-thins-110-gr-meksika-chili-112089-p-596544
Eti Crax Thins 110 Gr Tatli Biber Eksi Krema,8690526511160,40.00,7.90,114337,https://iyas.com.tr/eti-crax-thins-110-gr-tatli-biber-eksi-krema-114337-p-596611
Eti Etibor 400 Gr,8690526061146,62.00,69.90,10055,https://iyas.com.tr/eti-etibor-400-gr-10055-p-135345
Eti Etimek 143 Gr Klasik Yeni,8690526057019,56.00,64.90,77991,https://iyas.com.tr/eti-etimek-143-gr-klasik-yeni-77991-p-122932
Eti Etimek 143 Gr Tuzsuz Yeni,8690526037028,56.00,56.00,77992,https://iyas.com.tr/eti-etimek-143-gr-tuzsuz-yeni-77992-p-122933
Eti Finger 900 Gr,8690533771021,147.50,69.90,97367,https://iyas.com.tr/eti-finger-900-gr-97367-p-125970
Eti Form 40 Gr Corek Otlu,8690526011905,15.50,69.90,93461,https://iyas.com.tr/eti-form-40-gr-corek-otlu-93461-p-129765
Eti Form 40 Gr Domates Zeytin,8690526011929,15.50,69.90,93460,https://iyas.com.tr/eti-form-40-gr-domates-zeytin-93460-p-129764
Eti Form 50 Gr Hurma Incir Ciya,8690526094205,21.00,69.90,85364,https://iyas.com.tr/eti-form-50-gr-hurma-incir-ciya-85364-p-144626
Eti Form 50 Gr Limon Lifli,86926249,19.50,69.90,10092,https://iyas.com.tr/eti-form-50-gr-limon-lifli-10092-p-135355
Eti Form Cikolata Kapli 50 Gr 9354,8690526093543,40.00,69.90,10170,https://iyas.com.tr/eti-form-cikolata-kapli-50-gr-9354-10170-p-135347
Eti Form Tahilli Bugday Patlagi 41 Gr,8690526064741,26.00,69.90,70942,https://iyas.com.tr/eti-form-tahilli-bugday-patlagi-41-gr-70942-p-135353
Eti Form Tam Cavdar Eksi Maya 45 Gr,8690526023526,15.50,69.90,75987,https://iyas.com.tr/eti-form-tam-cavdar-eksi-maya-45-gr-75987-p-122724
Eti Gong 64 Gr Klasik,8690526084671,26.00,69.90,51887,https://iyas.com.tr/eti-gong-64-gr-klasik-51887-p-135357
Eti Gong 68 Gr Baharat Peynirli Aci,8690526074474,32.50,69.90,67456,https://iyas.com.tr/eti-gong-68-gr-baharat-peynirli-aci-67456-p-135359
Eti Gong 68 Gr Bal Ve Hardal,8690526074825,32.50,69.90,67457,https://iyas.com.tr/eti-gong-68-gr-bal-ve-hardal-67457-p-135356
Eti Gong Pops 80 Gr Baharatli,8690526064789,52.50,69.90,74670,https://iyas.com.tr/eti-gong-pops-80-gr-baharatli-74670-p-139483
Eti Gong Pops 80 Gr Peynirli Acili,8690526069487,52.50,69.90,86540,https://iyas.com.tr/eti-gong-pops-80-gr-peynirli-acili-86540-p-124949
Eti Hosbes Gofret 142 Gr Cilek Kremali,8690526095264,59.90,30.00,27106,https://iyas.com.tr/eti-hosbes-gofret-142-gr-cilek-kremali-27106-p-122444
Eti Hosbes Gofret 142 Gr Findik Kremali,8690526095226,59.90,30.00,27107,https://iyas.com.tr/eti-hosbes-gofret-142-gr-findik-kremali-27107-p-135021
Eti Hosbes Gofret 142 Gr Hindistan Cevizi,8690526065533,59.90,30.00,62796,https://iyas.com.tr/eti-hosbes-gofret-142-gr-hindistan-cevizi-62796-p-122445
Eti Hosbes Gofret 142 Gr Kakaolu,8690526095202,59.90,30.00,43152,https://iyas.com.tr/eti-hosbes-gofret-142-gr-kakaolu-43152-p-122446
Eti Hosbes Gofret 66 Gr Misket Limon,8690526045252,34.00,30.00,51960,https://iyas.com.tr/eti-hosbes-gofret-66-gr-misket-limon-51960-p-143532
Eti Hosbes Gofret 66 Gr Misket Visne,8690526075457,34.00,30.00,54991,https://iyas.com.tr/eti-hosbes-gofret-66-gr-misket-visne-54991-p-122451
Eti Hosbes Gofret 70 Gr Findik,8690526745220,34.00,30.00,67087,https://iyas.com.tr/eti-hosbes-gofret-70-gr-findik-67087-p-122452
Eti Hosbes Gofret 70 Gr Kakaolu,8690526035208,34.00,30.00,67086,https://iyas.com.tr/eti-hosbes-gofret-70-gr-kakaolu-67086-p-122453
Eti Hosbes Gofret 70 Gr Sutlu Hc,8690526045535,34.00,30.00,67085,https://iyas.com.tr/eti-hosbes-gofret-70-gr-sutlu-hc-67085-p-122454
Eti Kakaolu Biskuvi 125 Gr,8690526061092,25.00,69.90,43179,https://iyas.com.tr/eti-kakaolu-biskuvi-125-gr-43179-p-135360
Eti Kakaolu Petibor Biskuvi 370 Gr,8690526081199,62.00,69.90,10091,https://iyas.com.tr/eti-kakaolu-petibor-biskuvi-370-gr-10091-p-135374
Eti Kombo 56 Gr Hindistan Cikolata Kapli Biskuvi Stick,8690526962115,28.00,69.90,114266,https://iyas.com.tr/eti-kombo-56-gr-hindistan-cikolata-kapli-biskuvi-stick-114266-p-596451
Eti Kraker Balik 40 Gr,8690533024035,11.00,7.90,58421,https://iyas.com.tr/eti-kraker-balik-40-gr-58421-p-135362
Eti Kraker Balik 40 Gr Mini Baliklar,8690526024899,14.00,7.90,74929,https://iyas.com.tr/eti-kraker-balik-40-gr-mini-baliklar-74929-p-139467
Eti Kraker Balik 70 Gr Mini Baliklar,8690526004891,22.00,7.90,74930,https://iyas.com.tr/eti-kraker-balik-70-gr-mini-baliklar-74930-p-139468
Eti Kraker Balik 85 Gr,8690526094038,21.00,7.90,10190,https://iyas.com.tr/eti-kraker-balik-85-gr-10190-p-135363
Eti Kremali Biskuvi 61 Gr Cilkeli,8690526043319,15.00,69.90,91218,https://iyas.com.tr/eti-kremali-biskuvi-61-gr-cilkeli-91218-p-125184
Eti Kremali Biskuvi 61 Gr Findikli,8690526032207,15.00,69.90,90797,https://iyas.com.tr/eti-kremali-biskuvi-61-gr-findikli-90797-p-137844
Eti Kremali Biskuvi 61 Gr Muzlu,8690526043814,15.00,69.90,91397,https://iyas.com.tr/eti-kremali-biskuvi-61-gr-muzlu-91397-p-125187
Eti Kremali Biskuvi 61 Gr Sade,8690526643014,15.00,69.90,90931,https://iyas.com.tr/eti-kremali-biskuvi-61-gr-sade-90931-p-121027
Eti Lifalif Yulaf Ezmesi 350 Gr Ince,8690526039503,99.90,249.00,79054,https://iyas.com.tr/eti-lifalif-yulaf-ezmesi-350-gr-ince-79054-p-131982
Eti Lifalif Yulaf Ezmesi 500 Gr,8690526069500,99.90,249.00,10064,https://iyas.com.tr/eti-lifalif-yulaf-ezmesi-500-gr-10064-p-135367
Eti Nero Kakaolu Biskuvi 110 Gr,8690526793184,30.00,69.90,86470,https://iyas.com.tr/eti-nero-kakaolu-biskuvi-110-gr-86470-p-120790
Eti Nero Kakaolu Biskuvi 300 Gr,8690526778433,81.00,69.90,90645,https://iyas.com.tr/eti-nero-kakaolu-biskuvi-300-gr-90645-p-133577
Eti Pastamia 27 5 Gr Sut Bal Ceviz Soguk,8690526029733,30.00,15.00,79805,https://iyas.com.tr/eti-pastamia-27-5-gr-sut-bal-ceviz-soguk-79805-p-131565
Eti Paykek Kakaolu 200 Gr 1630 2,8690533096308,57.00,15.00,10225,https://iyas.com.tr/eti-paykek-kakaolu-200-gr-1630-2-10225-p-122457
Eti Petit Beurre 270 Gr Kakao Kremali,8690526740744,70.00,30.00,102573,https://iyas.com.tr/eti-petit-beurre-270-gr-kakao-kremali-102573-p-586171
Eti Petit Beurre 400 Gr,8690526031019,62.00,69.90,10043,https://iyas.com.tr/eti-petit-beurre-400-gr-10043-p-135375
Eti Petit Beurre 800 Gr,8690526081014,119.00,69.90,86541,https://iyas.com.tr/eti-petit-beurre-800-gr-86541-p-120751
Eti Petito Ayicik 15 Gr Cubuk,8690526098098,17.00,9.90,55753,https://iyas.com.tr/eti-petito-ayicik-15-gr-cubuk-55753-p-135377
Eti Petito Ayicik 16 Gr Citir Toplu,8690526078229,17.00,9.90,58680,https://iyas.com.tr/eti-petito-ayicik-16-gr-citir-toplu-58680-p-135378
Eti Petito Ayicik 32 Gr,8690526098081,42.50,9.90,54902,https://iyas.com.tr/eti-petito-ayicik-32-gr-54902-p-135379
Eti Petito Ayicik 72 Gr,8690526088082,98.00,9.90,53730,https://iyas.com.tr/eti-petito-ayicik-72-gr-53730-p-135380
Eti Petito Ayicik 8 Gr,8690526047881,9.00,9.90,75602,https://iyas.com.tr/eti-petito-ayicik-8-gr-75602-p-122756
Eti Petito Gofret 26 Gr,8690526061825,13.50,30.00,80518,https://iyas.com.tr/eti-petito-gofret-26-gr-80518-p-123150
Eti Petito Pati Sut Beyaz Cikolata Ayicik 18 Gr,8690526097893,17.00,9.90,52660,https://iyas.com.tr/eti-petito-pati-sut-beyaz-cikolata-ayicik-18-gr-52660-p-135381
Eti Pizza Kraker 76 Gr Poset,8690526094045,15.00,7.90,10191,https://iyas.com.tr/eti-pizza-kraker-76-gr-poset-10191-p-135364
Eti Popkek 55 Gr Bitter Cikolatali,8690526069906,15.00,15.00,84902,https://iyas.com.tr/eti-popkek-55-gr-bitter-cikolatali-84902-p-140464
Eti Popkek 60 Gr Hindistan Cevizli,8690526066233,15.00,15.00,69181,https://iyas.com.tr/eti-popkek-60-gr-hindistan-cevizli-69181-p-122466
Eti Popkek 60 Gr Kakaolu 5837100,8690526083711,15.00,15.00,68061,https://iyas.com.tr/eti-popkek-60-gr-kakaolu-5837100-68061-p-122467
Eti Popkek 60 Gr Limonlu,8690526083704,15.00,15.00,68062,https://iyas.com.tr/eti-popkek-60-gr-limonlu-68062-p-122468
Eti Popkek 60 Gr Muzlu 4837200,8690526083728,15.00,15.00,68063,https://iyas.com.tr/eti-popkek-60-gr-muzlu-4837200-68063-p-122469
Eti Popkek 60 Gr Portakalli 3937700,8690526073774,15.00,15.00,68064,https://iyas.com.tr/eti-popkek-60-gr-portakalli-3937700-68064-p-122470
Eti Popkek 60 Gr Visneli,8690526073873,15.00,15.00,68060,https://iyas.com.tr/eti-popkek-60-gr-visneli-68060-p-122471
Eti Popkek Mini 162 Gr 9 Lu Bitter Cikolata,8690526063515,59.50,15.00,85363,https://iyas.com.tr/eti-popkek-mini-162-gr-9-lu-bitter-cikolata-85363-p-144625
Eti Popkek Mini 180 Gr 10li Hindistancevizi,8690526066257,59.50,15.00,69224,https://iyas.com.tr/eti-popkek-mini-180-gr-10li-hindistancevizi-69224-p-122462
Eti Popkek Mini 180 Gr 10li Kakaolu,8690526096469,59.50,15.00,27520,https://iyas.com.tr/eti-popkek-mini-180-gr-10li-kakaolu-27520-p-122463
Eti Popkek Mini 180 Gr 10li Limonlu,8690526076423,59.50,15.00,64160,https://iyas.com.tr/eti-popkek-mini-180-gr-10li-limonlu-64160-p-122464
Eti Popkek Mini 180 Gr 10li Muzlu,8690526096476,59.50,15.00,27521,https://iyas.com.tr/eti-popkek-mini-180-gr-10li-muzlu-27521-p-122465
Eti Puf Hindistan Cevizli 16 Gr,86920117,6.00,69.90,10155,https://iyas.com.tr/eti-puf-hindistan-cevizli-16-gr-10155-p-135403
Eti Puf Kakaolu 18 Gr,86920124,6.00,69.90,10153,https://iyas.com.tr/eti-puf-kakaolu-18-gr-10153-p-118543
Eti Puf Renkli Biskuvi 18 Gr,86920131,6.00,69.90,10072,https://iyas.com.tr/eti-puf-renkli-biskuvi-18-gr-10072-p-135404
Eti Susamli Cubuk Kraker 120 Gr,8690533734064,30.00,7.90,78908,https://iyas.com.tr/eti-susamli-cubuk-kraker-120-gr-78908-p-123116
Eti Susamli Cubuk Kraker 56 Gr,8690533634067,15.00,7.90,78907,https://iyas.com.tr/eti-susamli-cubuk-kraker-56-gr-78907-p-123115
Eti Sut Burger 35 Gr Muzlu,86925006,8.00,30.00,62506,https://iyas.com.tr/eti-sut-burger-35-gr-muzlu-62506-p-122475
Eti Sut Burger 35 Gr Muzlu,8690526522647,19.50,9.90,98696,https://iyas.com.tr/eti-sut-burger-35-gr-muzlu-98696-p-134632
Eti Sut Burger Cilekli Krema Dolgulu Balli Kek 35 Gr,8690526076843,19.50,9.90,69896,https://iyas.com.tr/eti-sut-burger-cilekli-krema-dolgulu-balli-kek-35-gr-69896-p-122473
Eti Tartini 114 Gr 6 Li Frambuazliturta,8690526288758,43.00,30.00,99782,https://iyas.com.tr/eti-tartini-114-gr-6-li-frambuazliturta-99782-p-583332
Eti Topkek 35 Gr Kakaolu Findikli,8690526056135,13.00,15.00,97373,https://iyas.com.tr/eti-topkek-35-gr-kakaolu-findikli-97373-p-125976
Eti Topkek 40 Gr Cilekli,8690526086118,13.00,15.00,97371,https://iyas.com.tr/eti-topkek-40-gr-cilekli-97371-p-125974
Eti Topkek 40 Gr Hindistan Cevizi,8690526092072,13.00,15.00,86346,https://iyas.com.tr/eti-topkek-40-gr-hindistan-cevizi-86346-p-141405
Eti Topkek 40 Gr Meyveli,8690526056128,13.00,15.00,97372,https://iyas.com.tr/eti-topkek-40-gr-meyveli-97372-p-125975
Eti Topkek 40 Gr Portakalli,8690526086095,13.00,15.00,97370,https://iyas.com.tr/eti-topkek-40-gr-portakalli-97370-p-125973
Eti Tutku 100 Gr,8690526083254,25.00,69.90,41864,https://iyas.com.tr/eti-tutku-100-gr-41864-p-135385
Eti Tutku Bold 138 Gr,8690526011073,36.00,69.90,80031,https://iyas.com.tr/eti-tutku-bold-138-gr-80031-p-123129
Eti Tutku Tart 45 Gr,8690526164267,23.00,20.00,112286,https://iyas.com.tr/eti-tutku-tart-45-gr-112286-p-596645
Eti Tutku Torba 210 Gr,8690533093352,52.00,69.90,71818,https://iyas.com.tr/eti-tutku-torba-210-gr-71818-p-135384
Etli Icli Kofte 75 Gr,2183000550602,90.00,160.00,105889,https://iyas.com.tr/etli-icli-kofte-75-gr-105889-p-586609
Evony Mesane Pedi Uzun 24lu,8690536821464,99.90,179.90,92188,https://iyas.com.tr/evony-mesane-pedi-uzun-24lu-92188-p-121082
Evony Yetiskin Bezi 30 Lu Medium,8690536849192,659.90,179.90,99352,https://iyas.com.tr/evony-yetiskin-bezi-30-lu-medium-99352-p-122063
Evony Yetiskin Bezi K 8 Li Ext Buyuk Ext Larg,8690536841011,229.90,179.90,79862,https://iyas.com.tr/evony-yetiskin-bezi-k-8-li-ext-buyuk-ext-larg-79862-p-136066
Evony Yetiskin Bezi K 8li Buyuk Large,8690536804078,199.90,179.90,79861,https://iyas.com.tr/evony-yetiskin-bezi-k-8li-buyuk-large-79861-p-136065
Extory Cobalt Edt 100 Ml Deodorant 150 Ml,8690973028853,499.90,149.90,44793,https://iyas.com.tr/extory-cobalt-edt-100-ml-deodorant-150-ml-44793-p-122351
Extory Ocra Edt Erkek Parfumu 100 Ml Deodorant 150 Ml,8690973028846,499.90,149.90,44796,https://iyas.com.tr/extory-ocra-edt-erkek-parfumu-100-ml-deodorant-150-ml-44796-p-126536
Eylul Minel 450 Gr Gul Yaprakli,8681619380190,169.00,79.50,100198,https://iyas.com.tr/eylul-minel-450-gr-gul-yaprakli-100198-p-581184
Eylul Minel 750 Gr Gul Sade Limon Lokumu,8681619380435,139.00,79.50,99810,https://iyas.com.tr/eylul-minel-750-gr-gul-sade-limon-lokumu-99810-p-147475
Eylul Minel 750 Gr Muska Gul Lokumu,8681619380411,139.00,79.50,99809,https://iyas.com.tr/eylul-minel-750-gr-muska-gul-lokumu-99809-p-584526
Eylul Minel Gul Yaprakli 250 Gr,8681619380206,119.00,79.50,100200,https://iyas.com.tr/eylul-minel-gul-yaprakli-250-gr-100200-p-583610
Eyup 60 Ml Dis Macunu Karadut Ozlu,8691685024393,179.00,179.90,99618,https://iyas.com.tr/eyup-60-ml-dis-macunu-karadut-ozlu-99618-p-134661
Eyup 90 Ml Dis Macunu Akt Bam Karbon,8691685024386,179.00,179.90,99617,https://iyas.com.tr/eyup-90-ml-dis-macunu-akt-bam-karbon-99617-p-134660
Eyup 90 Ml Dis Macunu Aloevera Ozlu,8691685024409,179.00,179.90,99628,https://iyas.com.tr/eyup-90-ml-dis-macunu-aloevera-ozlu-99628-p-134671
Eyup 90 Ml Dis Macunu Cam Ozlu,8691685024775,179.00,179.90,99622,https://iyas.com.tr/eyup-90-ml-dis-macunu-cam-ozlu-99622-p-134665
Eyup 90 Ml Dis Macunu Ceviz Ve Ceviz Kabug Oz,8691685024416,179.00,179.90,99621,https://iyas.com.tr/eyup-90-ml-dis-macunu-ceviz-ve-ceviz-kabug-oz-99621-p-134664
Eyup 90 Ml Dis Macunu Hindistan Cevizi Ozlu,8691685026823,179.00,179.90,114430,https://iyas.com.tr/eyup-90-ml-dis-macunu-hindistan-cevizi-ozlu-114430-p-596884
Eyup 90 Ml Dis Macunu Kakao Ve Kahve Ozlu,8691685024430,179.00,179.90,99624,https://iyas.com.tr/eyup-90-ml-dis-macunu-kakao-ve-kahve-ozlu-99624-p-134667
Eyup 90 Ml Dis Macunu Karabas Otu Lavan Kek,8691685024447,179.00,179.90,99625,https://iyas.com.tr/eyup-90-ml-dis-macunu-karabas-otu-lavan-kek-99625-p-134668
Eyup 90 Ml Dis Macunu Karanfil Ozlu,8691685024379,179.00,179.90,99619,https://iyas.com.tr/eyup-90-ml-dis-macunu-karanfil-ozlu-99619-p-134662
Eyup 90 Ml Dis Macunu Misvak Ozlu,8691685024362,179.00,179.90,99620,https://iyas.com.tr/eyup-90-ml-dis-macunu-misvak-ozlu-99620-p-134663
Eyup 90 Ml Dis Macunu Nane Ozlu,8691685024454,179.00,179.90,99626,https://iyas.com.tr/eyup-90-ml-dis-macunu-nane-ozlu-99626-p-134669
Eyup 90 Ml Dis Macunu Zencefil Ozlu,8691685024461,179.00,179.90,99627,https://iyas.com.tr/eyup-90-ml-dis-macunu-zencefil-ozlu-99627-p-134670
Eyup Body Splash 250 Ml Blue Moon,8691685019122,264.90,239.90,91294,https://iyas.com.tr/eyup-body-splash-250-ml-blue-moon-91294-p-146314
Eyup Body Splash 250 Ml Deep Charm,8691685019078,254.90,239.90,90946,https://iyas.com.tr/eyup-body-splash-250-ml-deep-charm-90946-p-137869
Eyup Body Splash 250 Ml Silky Touch,8691685016558,264.90,239.90,90948,https://iyas.com.tr/eyup-body-splash-250-ml-silky-touch-90948-p-137871
Eyup Kolonya 400 Ml Japon Kiraz Cicegi,8691685012871,199.90,239.90,86583,https://iyas.com.tr/eyup-kolonya-400-ml-japon-kiraz-cicegi-86583-p-125040
Eyup Kolonya 400 Ml Limon Kolonyasi,8691685006344,199.90,239.90,80144,https://iyas.com.tr/eyup-kolonya-400-ml-limon-kolonyasi-80144-p-114904
Eyup Kolonya 400 Ml Okyanus Kolonyasi,8691685012314,199.90,239.90,86331,https://iyas.com.tr/eyup-kolonya-400-ml-okyanus-kolonyasi-86331-p-132115
Eyup S T 1000 Ml Bodrum Mandalina,8691685026526,239.90,149.90,102821,https://iyas.com.tr/eyup-s-t-1000-ml-bodrum-mandalina-102821-p-581265
Eyup S T 1000 Ml Japon Kiraz Cicegi,8691685022290,239.90,239.90,84364,https://iyas.com.tr/eyup-s-t-1000-ml-japon-kiraz-cicegi-84364-p-115162
Eyup S T 1000 Ml Limon Kolonyasi,8691685000496,239.90,249.90,10443,https://iyas.com.tr/eyup-s-t-1000-ml-limon-kolonyasi-10443-p-144370
Eyup S T 1000 Ml Okyanus Kolonya,8691685022283,239.90,239.90,84378,https://iyas.com.tr/eyup-s-t-1000-ml-okyanus-kolonya-84378-p-140583
Eyup S T 1000 Ml Pompali Limon Kolonyasi,8691685021446,259.90,239.90,80597,https://iyas.com.tr/eyup-s-t-1000-ml-pompali-limon-kolonyasi-80597-p-144363
Eyup Sabri Tuncer Body Splash Pure Love 250 Ml,8691685016602,264.90,239.90,90947,https://iyas.com.tr/eyup-sabri-tuncer-body-splash-pure-love-250-ml-90947-p-137870
Eyup Sabri Tuncer Perfume Jewels Warm Sugar Vucut Spreyi 250 Ml,8691685016534,264.90,239.90,90950,https://iyas.com.tr/eyup-sabri-tuncer-perfume-jewels-warm-sugar-vucut-spreyi-250-ml-90950-p-137873
Eyup Sabri Tuncer Summer Dream Vucut Spreyi 250 Ml,8691685019115,254.90,239.90,90949,https://iyas.com.tr/eyup-sabri-tuncer-summer-dream-vucut-spreyi-250-ml-90949-p-137872
Eyup Sac Tonigi 500 Ml Frambuazli Sirke,8691685023433,229.90,239.90,90607,https://iyas.com.tr/eyup-sac-tonigi-500-ml-frambuazli-sirke-90607-p-129397
Eyup Sivi Sabun 1500 Ml Amber,8691685017586,369.90,99.90,113907,https://iyas.com.tr/eyup-sivi-sabun-1500-ml-amber-113907-p-596931
Eyup Sivi Sabun 1500 Ml Ayvalik Zeytin Cicegi,8691685017616,369.90,99.90,113908,https://iyas.com.tr/eyup-sivi-sabun-1500-ml-ayvalik-zeytin-cicegi-113908-p-596955
Eyup Sivi Sabun 1500 Ml Bodrum Mandalinasi,8691685017593,369.90,99.90,113909,https://iyas.com.tr/eyup-sivi-sabun-1500-ml-bodrum-mandalinasi-113909-p-596960
Eyup Sivi Sabun 1500 Ml Okyanus,8691685017630,369.90,99.90,113911,https://iyas.com.tr/eyup-sivi-sabun-1500-ml-okyanus-113911-p-596959
Eyup Sprey Kolonya 150 Ml Amber Kilo,,94.90,239.90,92125,https://iyas.com.tr/eyup-sprey-kolonya-150-ml-amber-kilo-92125-p-116980
Eyup Sprey Kolonya 150 Ml Gardenya Kilo,,94.90,239.90,106517,https://iyas.com.tr/eyup-sprey-kolonya-150-ml-gardenya-kilo-106517-p-597191
Eyup Sprey Kolonya 150 Ml Japon Kiraz Cic Kilo,,94.90,239.90,97375,https://iyas.com.tr/eyup-sprey-kolonya-150-ml-japon-kiraz-cic-kilo-97375-p-125978
Eyup Sprey Kolonya 150 Ml Limon Kilo,,94.90,239.90,97374,https://iyas.com.tr/eyup-sprey-kolonya-150-ml-limon-kilo-97374-p-125977
Eyup Sprey Kolonya 150 Ml Okyanus Kilo,,94.90,239.90,10440,https://iyas.com.tr/eyup-sprey-kolonya-150-ml-okyanus-kilo-10440-p-144368
Fa Deo 150 Ml Freshly Free Men,8690572791257,134.90,149.90,78669,https://iyas.com.tr/fa-deo-150-ml-freshly-free-men-78669-p-134901
Fa Deo 150 Ml Soft Control Byn,8690572805343,134.90,149.90,68631,https://iyas.com.tr/fa-deo-150-ml-soft-control-byn-68631-p-143284
Fa Deodorant Bayan 150 Ml Pink Passion,8690572805305,134.90,149.90,96904,https://iyas.com.tr/fa-deodorant-bayan-150-ml-pink-passion-96904-p-142899
Fa Deodorant Men 150 Ml Aqua,8690572805183,134.90,149.90,99117,https://iyas.com.tr/fa-deodorant-men-150-ml-aqua-99117-p-117792
Fa Deodorant Men 150 Ml Sport,8690572805428,134.90,149.90,96910,https://iyas.com.tr/fa-deodorant-men-150-ml-sport-96910-p-142905
Fa Roll On 50 Ml Bayan Soft Control Jasmine Tr,8690572800935,134.90,149.90,92575,https://iyas.com.tr/fa-roll-on-50-ml-bayan-soft-control-jasmine-tr-92575-p-133863
Fa Roll On 50 Ml Men Aqua,8690572800690,134.90,149.90,96911,https://iyas.com.tr/fa-roll-on-50-ml-men-aqua-96911-p-142906
Fa Roll On 50 Ml Men Fresh Pulse Tr,8690572800850,134.90,149.90,92577,https://iyas.com.tr/fa-roll-on-50-ml-men-fresh-pulse-tr-92577-p-133860
Fa Roll On 50 Ml Men Insivible Power,8690572800799,134.90,149.90,98943,https://iyas.com.tr/fa-roll-on-50-ml-men-insivible-power-98943-p-143145
Fa Roll On 50 Ml Men Invisible Power,8690572800652,119.90,149.90,107616,https://iyas.com.tr/fa-roll-on-50-ml-men-invisible-power-107616-p-597116
Fa Roll On 50 Ml Men Sport,8690572800812,134.90,149.90,96913,https://iyas.com.tr/fa-roll-on-50-ml-men-sport-96913-p-142908
Faber Castel Mercanli Kalem,8690826216017,290.00,20.00,110407,https://iyas.com.tr/faber-castel-mercanli-kalem-110407-p-588195
Fairy 500 Ml Sprey Bulasik Ve Mutfak,8001090570208,99.90,219.90,91465,https://iyas.com.tr/fairy-500-ml-sprey-bulasik-ve-mutfak-91465-p-116787
Fairy 800 Ml Sprey Portakal Kokulu,8700216586504,199.90,69.90,105272,https://iyas.com.tr/fairy-800-ml-sprey-portakal-kokulu-105272-p-587028
Fairy Bulasik Deterjani 1500 Ml Elma,8006540507186,149.90,219.90,86460,https://iyas.com.tr/fairy-bulasik-deterjani-1500-ml-elma-86460-p-120789
Fairy Bulasik Deterjani 1500 Ml Limon,8001841780818,149.90,219.90,79262,https://iyas.com.tr/fairy-bulasik-deterjani-1500-ml-limon-79262-p-120223
Fairy Bulasik Deterjani 2600 Ml Limon,8006540335925,289.90,219.90,86156,https://iyas.com.tr/fairy-bulasik-deterjani-2600-ml-limon-86156-p-127885
Fairy Bulasik Deterjani 650 Ml Elma,5413149799035,99.90,219.90,31679,https://iyas.com.tr/fairy-bulasik-deterjani-650-ml-elma-31679-p-135744
Fairy Bulasik Deterjani 650 Ml Limon,5413149798854,99.90,219.90,31678,https://iyas.com.tr/fairy-bulasik-deterjani-650-ml-limon-31678-p-123627
Fairy Bulasik Makarna Hepsi Bir Arada 60 Li Sari,8001090587206,449.90,399.90,98576,https://iyas.com.tr/fairy-bulasik-makarna-hepsi-bir-arada-60-li-sari-98576-p-130396
Fairy Bulasik Makarna Platinum Plus 22 Li Tablet,8001090983336,399.90,249.90,74115,https://iyas.com.tr/fairy-bulasik-makarna-platinum-plus-22-li-tablet-74115-p-114819
Fairy Bulasik Makarna Platinum Plus 40 Li Tablet,8001090983381,499.90,249.90,74116,https://iyas.com.tr/fairy-bulasik-makarna-platinum-plus-40-li-tablet-74116-p-118929
Fairy Bulasik Makarna Platinum Plus 50 Li Tablet,8001841911410,459.90,249.90,99107,https://iyas.com.tr/fairy-bulasik-makarna-platinum-plus-50-li-tablet-99107-p-117782
Fairy Bulasik Makarna Platium 72 Li,4015400876380,679.00,249.90,69626,https://iyas.com.tr/fairy-bulasik-makarna-platium-72-li-69626-p-119516
Fairy Bulasik Makinesi Platinum Plus Ultra 32li Tablet,8006540698372,589.90,249.90,100322,https://iyas.com.tr/fairy-bulasik-makinesi-platinum-plus-ultra-32li-tablet-100322-p-581807
Fairy Limonlu Sivi Bulasik Deterjani 1000 Ml,8001090565792,179.90,219.90,86080,https://iyas.com.tr/fairy-limonlu-sivi-bulasik-deterjani-1000-ml-86080-p-119501
Fairy Spray 800 Ml,8700216432719,199.90,69.90,101434,https://iyas.com.tr/fairy-spray-800-ml-101434-p-581221
Falafel Salatasi 6 Adet Falafel 150 Gr,2183000550480,190.00,160.00,105874,https://iyas.com.tr/falafel-salatasi-6-adet-falafel-150-gr-105874-p-586639
Falim 5x5li Damla Sakizli,8690515593801,67.50,50.00,42060,https://iyas.com.tr/falim-5x5li-damla-sakizli-42060-p-131561
Falim 5x5li Isil Nane,8690515593764,67.50,50.00,42057,https://iyas.com.tr/falim-5x5li-isil-nane-42057-p-127750
Falim 5x5li Karpuz,7622202396304,67.50,50.00,65005,https://iyas.com.tr/falim-5x5li-karpuz-65005-p-127751
Falim 5x5li Nane,8690515593795,67.50,50.00,42059,https://iyas.com.tr/falim-5x5li-nane-42059-p-122802
Familia Havlu 16 Li Havlu Natural,8690536026173,209.90,199.90,95558,https://iyas.com.tr/familia-havlu-16-li-havlu-natural-95558-p-134185
Familia Havlu 6 Li Natural,8690536026159,99.90,369.90,95147,https://iyas.com.tr/familia-havlu-6-li-natural-95147-p-121438
Familia Havlu 6li Yag Emici,8690536026524,99.90,369.90,103095,https://iyas.com.tr/familia-havlu-6li-yag-emici-103095-p-582464
Familia Havlu Deterjanli 2li,8690536025442,59.90,47.50,90545,https://iyas.com.tr/familia-havlu-deterjanli-2li-90545-p-129335
Familia Islak Havlu 90 Li,8690536808380,64.90,369.90,86009,https://iyas.com.tr/familia-islak-havlu-90-li-86009-p-115337
Familia Islak Havlu 90 Li Lavanta,8690536808373,64.90,369.90,86010,https://iyas.com.tr/familia-islak-havlu-90-li-lavanta-86010-p-115338
Familia Islak Havlu 90 Li Minarelli,8690536808397,64.90,369.90,86008,https://iyas.com.tr/familia-islak-havlu-90-li-minarelli-86008-p-115336
Familia Mendil 150li Kolay Cek,8690536026555,39.90,369.90,101771,https://iyas.com.tr/familia-mendil-150li-kolay-cek-101771-p-586140
Familia Pecete 100 Luk,8690536012220,54.90,369.90,13781,https://iyas.com.tr/familia-pecete-100-luk-13781-p-114531
Familia Pecete 100lu Desenli,8690536012282,54.90,369.90,40310,https://iyas.com.tr/familia-pecete-100lu-desenli-40310-p-135452
Familia Pecete 100lu Hazir Katlanmis,8690536012268,54.90,369.90,35501,https://iyas.com.tr/familia-pecete-100lu-hazir-katlanmis-35501-p-114534
Familia Pecete 200 Luk,8690536012237,69.90,369.90,13782,https://iyas.com.tr/familia-pecete-200-luk-13782-p-117992
Familia Perfum Tuvalet Kagidi 32li,8690536016648,299.90,279.90,55912,https://iyas.com.tr/familia-perfum-tuvalet-kagidi-32li-55912-p-114788
Familia Tuvalet Kagidi 32li,8690536010165,299.90,279.90,13786,https://iyas.com.tr/familia-tuvalet-kagidi-32li-13786-p-131287
Familia Tuvalet Kagidi 40li,8690536026166,369.90,299.90,100837,https://iyas.com.tr/familia-tuvalet-kagidi-40li-100837-p-568301
Fanta 2 5 Lt Pet Portakal,5000112665154,79.90,81.00,100877,https://iyas.com.tr/fanta-2-5-lt-pet-portakal-100877-p-568393
Fanta Kutu 250 Ml Portakal,5000112664805,54.00,81.00,103089,https://iyas.com.tr/fanta-kutu-250-ml-portakal-103089-p-578742
Fanta Pet 1 5 Lt Portakal,5000112665130,75.00,81.00,102983,https://iyas.com.tr/fanta-pet-1-5-lt-portakal-102983-p-578746
Fanta Pet 1 Lt,5000112664980,69.50,81.00,101267,https://iyas.com.tr/fanta-pet-1-lt-101267-p-578741
Fasulye Filizi Konserve 400 Gr,6972018110306,149.90,59.90,112942,https://iyas.com.tr/fasulye-filizi-konserve-400-gr-112942-p-597289
Fasulye Yesil Kilo,2209036,149.90,59.90,11157,https://iyas.com.tr/fasulye-yesil-kilo-11157-p-144121
Fatih Ilk Kalem Jumbo Ucgen,8690216120405,35.00,20.00,85564,https://iyas.com.tr/fatih-ilk-kalem-jumbo-ucgen-85564-p-119458
Fatih Kirmizi Kalem,8690216250102,110.00,20.00,110406,https://iyas.com.tr/fatih-kirmizi-kalem-110406-p-588178
Fatih Kursun Kalem Koseli Mercanli,8690216120122,120.00,20.00,104172,https://iyas.com.tr/fatih-kursun-kalem-koseli-mercanli-104172-p-581354
Fax Ecopack 4x70 Gr Klasik Saf Sabun,8690506551797,59.90,39.90,105502,https://iyas.com.tr/fax-ecopack-4x70-gr-klasik-saf-sabun-105502-p-596885
Fax Okyanus Ferahligi Sivi Sabun 3 Lt,8690506526535,119.90,99.90,90552,https://iyas.com.tr/fax-okyanus-ferahligi-sivi-sabun-3-lt-90552-p-129342
Fax Sivi Sabun 3000 Ml Lavanta,8690506526528,119.90,99.90,90776,https://iyas.com.tr/fax-sivi-sabun-3000-ml-lavanta-90776-p-133632
Fax Sivi Sabun Lavanta Yasemin 500 Ml,8690506526443,59.90,99.90,94236,https://iyas.com.tr/fax-sivi-sabun-lavanta-yasemin-500-ml-94236-p-146693
Fb Fiskokrem Sutlu Krema 400 Gr,8691641130212,109.90,249.00,66021,https://iyas.com.tr/fb-fiskokrem-sutlu-krema-400-gr-66021-p-144015
Fb Fiskorella Kakaolu Findik Krem 400 Gr,8691641090219,99.90,249.00,66379,https://iyas.com.tr/fb-fiskorella-kakaolu-findik-krem-400-gr-66379-p-135411
Fb Nuga Kakaolu Findik Kremasi 350 Gr Cam,8691641529009,169.90,249.00,68099,https://iyas.com.tr/fb-nuga-kakaolu-findik-kremasi-350-gr-cam-68099-p-122901
Fb Nuga Kakaolu Findik Kremasi 700 Gr Cam,8691641529016,329.90,249.90,68098,https://iyas.com.tr/fb-nuga-kakaolu-findik-kremasi-700-gr-cam-68098-p-122905
Fbfindik Ezmesi 300 Gr Seker Ilavesiz,8691641770647,289.50,249.00,86142,https://iyas.com.tr/fbfindik-ezmesi-300-gr-seker-ilavesiz-86142-p-123781
Fbfindik Ezmesi 300 Gr Sekerli,8691641080036,224.50,249.00,67139,https://iyas.com.tr/fbfindik-ezmesi-300-gr-sekerli-67139-p-122740
Fbnuga Sutlu Findik Kremasi 350 Gr Cam,8691641130281,219.90,249.00,72043,https://iyas.com.tr/fbnuga-sutlu-findik-kremasi-350-gr-cam-72043-p-123727
Fbyer Fistik Ezmesi 300 Gr Sekerli,8691641545672,109.90,249.00,92181,https://iyas.com.tr/fbyer-fistik-ezmesi-300-gr-sekerli-92181-p-121076
Fe 125 In Style Ultra Tarama Fircasi,8693203210738,369.90,144.90,84931,https://iyas.com.tr/fe-125-in-style-ultra-tarama-fircasi-84931-p-119278
Fe 201 In Style Firca Tarak,8693203210813,264.90,94.90,84929,https://iyas.com.tr/fe-201-in-style-firca-tarak-84929-p-119276
Fe 209 Acma Tarak,8693203210899,84.90,149.90,84935,https://iyas.com.tr/fe-209-acma-tarak-84935-p-119282
Fe Burun Ve Biyik Makasi,8693203021181,299.90,21.00,84978,https://iyas.com.tr/fe-burun-ve-biyik-makasi-84978-p-119308
Fe Cimbiz Klasik,8693203014008,89.90,21.00,6560,https://iyas.com.tr/fe-cimbiz-klasik-6560-p-119273
Fe Dis Pastasi Naneli Smokers 90 Ml,8693203015159,94.90,21.00,90459,https://iyas.com.tr/fe-dis-pastasi-naneli-smokers-90-ml-90459-p-125129
Fe Dis Pastasi Naturel Herbal 90 Ml,8693203015005,94.90,21.00,11201,https://iyas.com.tr/fe-dis-pastasi-naturel-herbal-90-ml-11201-p-140382
Fe Dis Tozu Naneli Smokers 50 Gr,8693203015050,109.90,21.00,11202,https://iyas.com.tr/fe-dis-tozu-naneli-smokers-50-gr-11202-p-140381
Fe Dus Lifi 015 Parmakli Banyo Eldiveni,8693203040267,164.90,99.90,84949,https://iyas.com.tr/fe-dus-lifi-015-parmakli-banyo-eldiveni-84949-p-119295
Fe Dus Lifi 023 Sapli Sirt Kemeri,8693203040342,239.90,99.90,84957,https://iyas.com.tr/fe-dus-lifi-023-sapli-sirt-kemeri-84957-p-119300
Fe In Style Afro Tarak,8693203210912,59.90,149.90,84941,https://iyas.com.tr/fe-in-style-afro-tarak-84941-p-119288
Fe In Style Firca 3d Esnek,8693203211315,219.90,149.90,104082,https://iyas.com.tr/fe-in-style-firca-3d-esnek-104082-p-581646
Fe Kulak Cubugu 100 Luk,8693203014350,29.90,32.90,11205,https://iyas.com.tr/fe-kulak-cubugu-100-luk-11205-p-132207
Fe Lip Balm 5 Gr Pantenol Gunes,8693203018198,79.90,44.90,107607,https://iyas.com.tr/fe-lip-balm-5-gr-pantenol-gunes-107607-p-596877
Fe Makyaj Pamugu 70li Disk,8693203050037,39.90,32.90,11209,https://iyas.com.tr/fe-makyaj-pamugu-70li-disk-11209-p-136301
Fe Manikur Aks Et Siyirici Torpu,8693203019553,124.90,21.00,6570,https://iyas.com.tr/fe-manikur-aks-et-siyirici-torpu-6570-p-119309
Fe Nasir Torpu,8693203014183,169.90,21.00,6572,https://iyas.com.tr/fe-nasir-torpu-6572-p-119324
Fe Perma Tarak,8693203210929,84.90,149.90,84936,https://iyas.com.tr/fe-perma-tarak-84936-p-119283
Fe S Fondoten Sungeri,8693203020757,44.90,21.00,86103,https://iyas.com.tr/fe-s-fondoten-sungeri-86103-p-132941
Fe S Makyaj Sungeri,8693203020429,110.00,21.00,86104,https://iyas.com.tr/fe-s-makyaj-sungeri-86104-p-132942
Fe Sac Fircasi Style,8693203210868,84.90,149.90,84928,https://iyas.com.tr/fe-sac-fircasi-style-84928-p-140416
Fe Sac Fircasi Style,8693203210820,264.90,99.90,84930,https://iyas.com.tr/fe-sac-fircasi-style-84930-p-119277
Fe Tarak 215 Capa,8693203210950,84.90,149.90,84937,https://iyas.com.tr/fe-tarak-215-capa-84937-p-119284
Fe Tarak 216 Ultra Acma,8693203210967,69.90,149.90,84942,https://iyas.com.tr/fe-tarak-216-ultra-acma-84942-p-119289
Fe Tirnak Torpusu Celik 20 Cm,8693203019621,139.90,21.00,85127,https://iyas.com.tr/fe-tirnak-torpusu-celik-20-cm-85127-p-144640
Fe Tirnak Torpusu Orta Boy,8693203014046,119.90,21.00,6580,https://iyas.com.tr/fe-tirnak-torpusu-orta-boy-6580-p-119325
Feast 1000 Gr Churros Kesim Patates,8697343111689,299.00,279.00,110491,https://iyas.com.tr/feast-1000-gr-churros-kesim-patates-110491-p-588653
Feast 1000 Gr Elma Dilimli Patates,8697343600022,269.00,279.00,110451,https://iyas.com.tr/feast-1000-gr-elma-dilimli-patates-110451-p-596781
Feast 250 Gr Yaban Mersini,8697343112402,329.00,279.00,110455,https://iyas.com.tr/feast-250-gr-yaban-mersini-110455-p-588638
Feast 2500 Gr Churros Kesim Patates,8697343111658,359.00,279.00,110640,https://iyas.com.tr/feast-2500-gr-churros-kesim-patates-110640-p-588655
Feast 300 Gr Karisik Orman Meyveleri,8697343112549,399.00,9.90,114951,https://iyas.com.tr/feast-300-gr-karisik-orman-meyveleri-114951-p-596662
Feast 350 Gr Bogurtlen,8697343550143,319.00,279.00,109932,https://iyas.com.tr/feast-350-gr-bogurtlen-109932-p-588647
Feast 350 Gr Frambuaz,8697343550136,419.00,279.00,109929,https://iyas.com.tr/feast-350-gr-frambuaz-109929-p-588644
Feast 350 Gr Karisik Orman Meyveleri,8697343111870,419.00,279.00,109933,https://iyas.com.tr/feast-350-gr-karisik-orman-meyveleri-109933-p-588648
Feast 400 Gr Cilek,8697343550150,259.00,279.00,109930,https://iyas.com.tr/feast-400-gr-cilek-109930-p-588645
Feast 450 Gr Acili Sogan Halkasi,8697343112334,139.00,279.00,110457,https://iyas.com.tr/feast-450-gr-acili-sogan-halkasi-110457-p-588662
Feast 450 Gr Bamya,8697343550037,219.00,279.00,109926,https://iyas.com.tr/feast-450-gr-bamya-109926-p-588656
Feast 450 Gr Bezelye,8697343550013,149.00,279.00,109924,https://iyas.com.tr/feast-450-gr-bezelye-109924-p-588641
Feast 450 Gr Hashbrown,8697343112228,119.00,279.00,110460,https://iyas.com.tr/feast-450-gr-hashbrown-110460-p-588665
Feast 450 Gr Ispanak,8697343550075,119.00,279.00,109925,https://iyas.com.tr/feast-450-gr-ispanak-109925-p-588643
Feast 450 Gr Misir,8697343550006,129.00,279.00,110453,https://iyas.com.tr/feast-450-gr-misir-110453-p-588661
Feast 500 Gr Brokoli,8697343550129,169.00,279.00,109928,https://iyas.com.tr/feast-500-gr-brokoli-109928-p-588657
Feast Cheesecake Frambuaz 650 Gr,8699952636492,429.00,279.00,110468,https://iyas.com.tr/feast-cheesecake-frambuaz-650-gr-110468-p-588649
Feast Cheesecake Kalpli 480 Gr,8697343700203,379.00,279.00,109934,https://iyas.com.tr/feast-cheesecake-kalpli-480-gr-109934-p-588658
Feast Cheesecake Limonlu 650 Gr,8699952636478,429.00,279.00,110469,https://iyas.com.tr/feast-cheesecake-limonlu-650-gr-110469-p-588650
Feast Cheesecake San Sebastian 600 Gr,8699952637826,449.00,279.00,110472,https://iyas.com.tr/feast-cheesecake-san-sebastian-600-gr-110472-p-588660
Feast Pasta 650 Gr Cikolatali,8699952637864,439.00,279.00,110470,https://iyas.com.tr/feast-pasta-650-gr-cikolatali-110470-p-588651
Feast Pasta Tiramisu 600 Gr,8699952637840,399.00,279.00,110471,https://iyas.com.tr/feast-pasta-tiramisu-600-gr-110471-p-588659
Feast Peynirli Cubuk 300 Gr,8697343111764,299.00,279.00,110462,https://iyas.com.tr/feast-peynirli-cubuk-300-gr-110462-p-588666
Febreze Aerosol Dag Esintisi 8x185 Ml,8700216258821,199.90,69.90,101463,https://iyas.com.tr/febreze-aerosol-dag-esintisi-8x185-ml-101463-p-578792
Febreze Aerosol Japon Kiraz Cicekleri 8x185 Ml,8700216258944,199.90,69.90,101464,https://iyas.com.tr/febreze-aerosol-japon-kiraz-cicekleri-8x185-ml-101464-p-578820
Febreze Aerosol Lavanta Konf 185 Ml8,8700216258890,199.90,69.90,101465,https://iyas.com.tr/febreze-aerosol-lavanta-konf-185-ml8-101465-p-578793
Febreze Banyo Lavanta,8001841441610,199.90,69.90,77126,https://iyas.com.tr/febreze-banyo-lavanta-77126-p-114045
Febreze Banyo Temiz Carsaf Fer,8001841235776,199.90,69.90,77127,https://iyas.com.tr/febreze-banyo-temiz-carsaf-fer-77127-p-114046
Felix Etli Konserve Kedi Mamasi 400 G,7613287520845,214.90,69.90,114418,https://iyas.com.tr/felix-etli-konserve-kedi-mamasi-400-g-114418-p-597835
Felix Somonlu Konserve 400 G,7613287520760,214.90,69.90,114416,https://iyas.com.tr/felix-somonlu-konserve-400-g-114416-p-597863
Felix Tavuklu Konserve 400 G,7613287520814,214.90,69.90,114417,https://iyas.com.tr/felix-tavuklu-konserve-400-g-114417-p-597862
Fellas Granola Bar 23 Gr Kirmizi Meyveli,8684802317102,39.95,249.00,113939,https://iyas.com.tr/fellas-granola-bar-23-gr-kirmizi-meyveli-113939-p-596642
Fellas Nohut Cipsi 50 Gr Deniz Tuzlu,8684207695973,74.95,74.90,113948,https://iyas.com.tr/fellas-nohut-cipsi-50-gr-deniz-tuzlu-113948-p-596568
Fellas Nohut Cipsi 50 Gr Mevsim Yesillikleri,8681185086007,74.95,142.50,113946,https://iyas.com.tr/fellas-nohut-cipsi-50-gr-mevsim-yesillikleri-113946-p-596522
Fellas Nohut Cipsi 50 Gr Paprika,8684207695959,74.95,74.90,113947,https://iyas.com.tr/fellas-nohut-cipsi-50-gr-paprika-113947-p-596610
Fellas Vegan Protein Granola 270 Gr Karisik Kuruye,8684207695805,239.95,249.00,113944,https://iyas.com.tr/fellas-vegan-protein-granola-270-gr-karisik-kuruye-113944-p-596656
Fem Tuy Dokucu Krem Hassas Gul 110 Gr,8690937007306,119.90,149.90,92977,https://iyas.com.tr/fem-tuy-dokucu-krem-hassas-gul-110-gr-92977-p-142406
Fem Tuy Dokucu Krem Normal Kiraz 110 Gr,8690937007313,119.90,169.90,92978,https://iyas.com.tr/fem-tuy-dokucu-krem-normal-kiraz-110-gr-92978-p-138079
Fenomen Circir 23 Gr,8681480315222,49.90,79.50,103673,https://iyas.com.tr/fenomen-circir-23-gr-103673-p-586200
Fenomen Cleaning Robot 40 Gr,8681480315147,49.90,79.50,100118,https://iyas.com.tr/fenomen-cleaning-robot-40-gr-100118-p-581190
Fenomen Ice Cream Pop 27 Gr,8681480314645,49.90,100.00,93556,https://iyas.com.tr/fenomen-ice-cream-pop-27-gr-93556-p-133966
Fenomen Zip Zip Tavsan 23 Gr,8681480315192,35.50,79.50,103672,https://iyas.com.tr/fenomen-zip-zip-tavsan-23-gr-103672-p-585829
Feride Bebek Pudrasi,8695357010202,64.90,139.90,103313,https://iyas.com.tr/feride-bebek-pudrasi-103313-p-584912
Ferit Beyaz Isli Peynir Kilo,2201185,1095.00,795.00,115127,https://iyas.com.tr/ferit-beyaz-isli-peynir-kilo-115127-p-597189
Ferrero Raffaello 150 Gr T15,8000500023976,159.90,30.00,42835,https://iyas.com.tr/ferrero-raffaello-150-gr-t15-42835-p-143513
Ferrero Raffaello T416 40 Gr,5413548040639,44.90,30.00,46516,https://iyas.com.tr/ferrero-raffaello-t416-40-gr-46516-p-143509
Ferrero Rocher 16li,8000500037874,329.00,30.00,104651,https://iyas.com.tr/ferrero-rocher-16li-104651-p-586682
Ferrero Rocher 3li,80050278,64.90,30.00,11266,https://iyas.com.tr/ferrero-rocher-3li-11266-p-143534
Fersan Elma Sirkesi 1000 Ml Pet,8690816040028,139.00,59.90,11272,https://iyas.com.tr/fersan-elma-sirkesi-1000-ml-pet-11272-p-119119
Fersan Elma Sirkesi 2000 Ml Pet,8690816040042,199.00,59.90,32646,https://iyas.com.tr/fersan-elma-sirkesi-2000-ml-pet-32646-p-131316
Fersan Elma Sirkesi 500 Ml Cam,8690816050010,104.90,59.90,11291,https://iyas.com.tr/fersan-elma-sirkesi-500-ml-cam-11291-p-122944
Fersan Elma Sirkesi 500 Ml Pet,8690816040134,79.90,59.90,11273,https://iyas.com.tr/fersan-elma-sirkesi-500-ml-pet-11273-p-144026
Fersan Ferfresh Beyaz Sirke 1000 Ml Pet,8690816980195,34.90,59.90,57913,https://iyas.com.tr/fersan-ferfresh-beyaz-sirke-1000-ml-pet-57913-p-139518
Fersan Ferfresh Beyaz Sirke 2000 Ml Pet,8690816980423,69.90,59.90,98945,https://iyas.com.tr/fersan-ferfresh-beyaz-sirke-2000-ml-pet-98945-p-143147
Fersan Kozlenmis Biber 680 Cc,8690816984216,189.90,179.00,89703,https://iyas.com.tr/fersan-kozlenmis-biber-680-cc-89703-p-146094
Fersan Kozlenmis Patlican 650 Cc,8690816984186,99.90,59.90,89704,https://iyas.com.tr/fersan-kozlenmis-patlican-650-cc-89704-p-146089
Fersan Nar Eksisi 330 Gr 100,8690816980331,199.00,129.00,64301,https://iyas.com.tr/fersan-nar-eksisi-330-gr-100-64301-p-115096
Fersan Sirke 500 Ml Uzum 301 Cam,8690816010014,129.00,99.90,11292,https://iyas.com.tr/fersan-sirke-500-ml-uzum-301-cam-11292-p-131315
Fersan Tursu Biberiye 335 Cc,8690816981307,119.00,59.90,89701,https://iyas.com.tr/fersan-tursu-biberiye-335-cc-89701-p-146086
Fersan Tursu Jalapeno Aci Biber Cam 720 Gr,8690816440118,119.90,114.90,11293,https://iyas.com.tr/fersan-tursu-jalapeno-aci-biber-cam-720-gr-11293-p-127567
Fersan Tursu Kornison 370 Cc,8690816984193,109.90,104.90,89702,https://iyas.com.tr/fersan-tursu-kornison-370-cc-89702-p-146098
Fersan Tursu Yakan Biber 335 Cc,8690816981284,129.90,119.00,89700,https://iyas.com.tr/fersan-tursu-yakan-biber-335-cc-89700-p-146092
Fersan Tursu Yap 3 Lt,8690816320052,239.00,199.00,11295,https://iyas.com.tr/fersan-tursu-yap-3-lt-11295-p-123313
Fersan Tursu Yap 5000 Ml,8690816320069,329.00,279.00,11296,https://iyas.com.tr/fersan-tursu-yap-5000-ml-11296-p-123317
Fersan Uzum Sirkesi 1000 Ml,8690816000022,129.00,99.90,11297,https://iyas.com.tr/fersan-uzum-sirkesi-1000-ml-11297-p-127015
Fersan Uzum Sirkesi 2000 Ml,8690816000046,199.00,149.00,11298,https://iyas.com.tr/fersan-uzum-sirkesi-2000-ml-11298-p-122909
Fersan Uzum Sirkesi 5 Lt,8690816000060,489.00,379.00,11300,https://iyas.com.tr/fersan-uzum-sirkesi-5-lt-11300-p-122906
Fersan Uzum Sirkesi 500 Ml Pet,8690816000015,89.90,69.90,50088,https://iyas.com.tr/fersan-uzum-sirkesi-500-ml-pet-50088-p-143994
Filiz Bulgur 800 Gr Koftelik,8690579773218,59.90,299.50,92833,https://iyas.com.tr/filiz-bulgur-800-gr-koftelik-92833-p-138036
Filiz Bulgur 800 Gr Pilavlik,8690579773201,59.90,299.50,92832,https://iyas.com.tr/filiz-bulgur-800-gr-pilavlik-92832-p-138035
Filiz Irmik 500 Gr,8690579116619,39.90,49.90,11315,https://iyas.com.tr/filiz-irmik-500-gr-11315-p-136325
Filiz Makarna 350 Gr Tam Bugday Kalem,8690579772334,34.90,28.90,84746,https://iyas.com.tr/filiz-makarna-350-gr-tam-bugday-kalem-84746-p-144671
Filiz Makarna 350 Gr Yumurtali Bukle,8690579161213,43.50,28.90,97389,https://iyas.com.tr/filiz-makarna-350-gr-yumurtali-bukle-97389-p-125992
Filiz Makarna 350 Gr Yumurtali Kirpik,8690579224109,43.50,28.90,45474,https://iyas.com.tr/filiz-makarna-350-gr-yumurtali-kirpik-45474-p-139576
Filiz Makarna 350 Gr Yumurtali Uzun Eriste,8690579161206,43.50,28.90,97388,https://iyas.com.tr/filiz-makarna-350-gr-yumurtali-uzun-eriste-97388-p-125991
Filiz Makarna 500 Gr Arpa Sehriye,8690579024938,34.50,26.90,11332,https://iyas.com.tr/filiz-makarna-500-gr-arpa-sehriye-11332-p-139598
Filiz Makarna 500 Gr Boncuk,8690579048934,34.50,26.90,11333,https://iyas.com.tr/filiz-makarna-500-gr-boncuk-11333-p-139599
Filiz Makarna 500 Gr Burgu,8690579081931,34.50,26.90,11334,https://iyas.com.tr/filiz-makarna-500-gr-burgu-11334-p-139600
Filiz Makarna 500 Gr Dirsek,8690579140454,34.50,26.90,11335,https://iyas.com.tr/filiz-makarna-500-gr-dirsek-11335-p-139601
Filiz Makarna 500 Gr Eriste,8690579051934,34.50,26.90,11336,https://iyas.com.tr/filiz-makarna-500-gr-eriste-11336-p-139602
Filiz Makarna 500 Gr Firin,8690579140010,34.50,26.90,11337,https://iyas.com.tr/filiz-makarna-500-gr-firin-11337-p-139603
Filiz Makarna 500 Gr Fiyonk,8690579018937,34.50,26.90,11338,https://iyas.com.tr/filiz-makarna-500-gr-fiyonk-11338-p-139604
Filiz Makarna 500 Gr Ince Uzun,8690579054935,34.50,26.90,11339,https://iyas.com.tr/filiz-makarna-500-gr-ince-uzun-11339-p-139605
Filiz Makarna 500 Gr Kelebek,8690579993128,34.50,26.90,11340,https://iyas.com.tr/filiz-makarna-500-gr-kelebek-11340-p-139606
Filiz Makarna 500 Gr Kisa Kalem,8690579140485,34.50,26.90,11341,https://iyas.com.tr/filiz-makarna-500-gr-kisa-kalem-11341-p-139607
Filiz Makarna 500 Gr Kuskus,8690579057936,34.50,26.90,11342,https://iyas.com.tr/filiz-makarna-500-gr-kuskus-11342-p-122136
Filiz Makarna 500 Gr Manti,8690579060936,34.50,26.90,11343,https://iyas.com.tr/filiz-makarna-500-gr-manti-11343-p-135515
Filiz Makarna 500 Gr Spaghetti,8690579003339,34.50,26.90,97387,https://iyas.com.tr/filiz-makarna-500-gr-spaghetti-97387-p-125990
Filiz Makarna 500 Gr Tel Sehriye,8690579027939,34.50,26.90,11346,https://iyas.com.tr/filiz-makarna-500-gr-tel-sehriye-11346-p-135517
Filiz Makarna 500 Gr Yassi Spagett,8690579140508,34.50,26.90,11347,https://iyas.com.tr/filiz-makarna-500-gr-yassi-spagett-11347-p-135518
Filiz Makarna 500 Gr Yildiz Sehriy,8690579140492,34.50,26.90,11348,https://iyas.com.tr/filiz-makarna-500-gr-yildiz-sehriy-11348-p-135519
Filiz Makarna 500 Gr Yuksuk,8690579063937,34.50,26.90,11349,https://iyas.com.tr/filiz-makarna-500-gr-yuksuk-11349-p-135520
Finefood 2500 Gr Misir,8692259002908,279.00,279.00,110220,https://iyas.com.tr/finefood-2500-gr-misir-110220-p-596773
Finish Bulasik Makarna Temizlik Sivi 2 X 250 Ml,8690570526363,289.90,249.90,53021,https://iyas.com.tr/finish-bulasik-makarna-temizlik-sivi-2-x-250-ml-53021-p-127230
Finish Bulasik Makarna Temizlik Sivi 250 Ml,8000580215025,149.90,114.90,3451,https://iyas.com.tr/finish-bulasik-makarna-temizlik-sivi-250-ml-3451-p-117921
Finish Bulasik Makarna Temizlik Sivi 250 Ml Limonlu,8690570526493,149.90,114.90,29475,https://iyas.com.tr/finish-bulasik-makarna-temizlik-sivi-250-ml-limonlu-29475-p-127229
Finish Deodorant Tekli Fresh Limon,3141360054405,199.90,249.90,3456,https://iyas.com.tr/finish-deodorant-tekli-fresh-limon-3456-p-127231
Finish Ka Jel 1000 Ml Limon,8690570549522,439.90,219.90,75299,https://iyas.com.tr/finish-ka-jel-1000-ml-limon-75299-p-135716
Finish Parlatici 400 Ml,8690570120004,139.90,119.90,96680,https://iyas.com.tr/finish-parlatici-400-ml-96680-p-138540
Finish Parlatici 400 Ml Limon,8690570120202,139.90,119.90,96682,https://iyas.com.tr/finish-parlatici-400-ml-limon-96682-p-138542
Finish Parlatici 800 Ml,8690570518436,249.90,199.90,3439,https://iyas.com.tr/finish-parlatici-800-ml-3439-p-127233
Finish Parlatici 800 Ml Limon,8690570526714,249.90,199.90,29474,https://iyas.com.tr/finish-parlatici-800-ml-limon-29474-p-127241
Finish Quantum 36 Li Tablet,8682539004173,219.90,249.90,103952,https://iyas.com.tr/finish-quantum-36-li-tablet-103952-p-582789
Finish Quantum 50 Li Tablet Ozel Seri,8682539004180,429.90,249.90,95608,https://iyas.com.tr/finish-quantum-50-li-tablet-ozel-seri-95608-p-134235
Finish Temizlik Ve Bakim Seti,8690570551839,299.90,269.90,97988,https://iyas.com.tr/finish-temizlik-ve-bakim-seti-97988-p-147189
Finish Tuz 1 5 Kg,8690570532067,89.90,249.90,49325,https://iyas.com.tr/finish-tuz-1-5-kg-49325-p-139902
Finish Ultimate Deep Clean 30lu,8682539005774,274.90,249.90,107327,https://iyas.com.tr/finish-ultimate-deep-clean-30lu-107327-p-597968
Finish Ultimate Hepsi Bir Arada 58li,8682539004678,609.90,129.90,106451,https://iyas.com.tr/finish-ultimate-hepsi-bir-arada-58li-106451-p-597894
Firin Sutlac,2183000551579,180.00,290.00,99706,https://iyas.com.tr/firin-sutlac-99706-p-134749
First 60 Dakika Ahududu Limon,7622202007040,67.50,50.00,93177,https://iyas.com.tr/first-60-dakika-ahududu-limon-93177-p-125433
First 60 Dakika Karpuz Seftali,7622202007002,67.50,50.00,93178,https://iyas.com.tr/first-60-dakika-karpuz-seftali-93178-p-125434
First 60 Dakika Nane Aromali,7622201691219,67.50,50.00,89640,https://iyas.com.tr/first-60-dakika-nane-aromali-89640-p-133456
First 60 Dakika Yesil Nane Aromali,7622201691257,67.50,50.00,89641,https://iyas.com.tr/first-60-dakika-yesil-nane-aromali-89641-p-133458
First Class Edt 100 Ml Kofre,8690586016452,649.90,449.90,90443,https://iyas.com.tr/first-class-edt-100-ml-kofre-90443-p-133487
First Sensations Cilek 27 Gr,8690524164931,67.50,50.00,11358,https://iyas.com.tr/first-sensations-cilek-27-gr-11358-p-118538
First Sensations Damla 27 Gr,8690524162739,67.50,50.00,11390,https://iyas.com.tr/first-sensations-damla-27-gr-11390-p-118548
First Sensations Karadut 27 Gr,8690524000147,67.50,50.00,46828,https://iyas.com.tr/first-sensations-karadut-27-gr-46828-p-118551
First Sensations Karpuz 27 Gr,8690524165235,67.50,50.00,11367,https://iyas.com.tr/first-sensations-karpuz-27-gr-11367-p-118549
First Sensations Keskin Nane 27 Gr,8690524165136,67.50,50.00,11366,https://iyas.com.tr/first-sensations-keskin-nane-27-gr-11366-p-118550
First Sensations Tropikal 27 Gr,8690524164832,67.50,50.00,11357,https://iyas.com.tr/first-sensations-tropikal-27-gr-11357-p-118552
First Sensations Yesil Nane 27 Gr,8690524161534,67.50,50.00,11380,https://iyas.com.tr/first-sensations-yesil-nane-27-gr-11380-p-118553
Fixpoint Versati Kalem 0 7 Mm,8682118147925,45.00,20.00,110402,https://iyas.com.tr/fixpoint-versati-kalem-0-7-mm-110402-p-588184
Flodex 100lu Yuzey Temizlik Havlusu 3 In 1,8682560441268,79.90,69.90,100085,https://iyas.com.tr/flodex-100lu-yuzey-temizlik-havlusu-3-in-1-100085-p-147522
Flodex Sivi Bulasik 4000 Gr,8682560443767,129.90,109.90,101274,https://iyas.com.tr/flodex-sivi-bulasik-4000-gr-101274-p-568329
Flodex Sivi Sabun 3 Lt Bahar Esintisi,8682560444337,99.90,89.90,101271,https://iyas.com.tr/flodex-sivi-sabun-3-lt-bahar-esintisi-101271-p-568476
Flodex Sivi Sabun 3 Lt Gul Kokulu,8682560444177,99.90,89.90,101270,https://iyas.com.tr/flodex-sivi-sabun-3-lt-gul-kokulu-101270-p-568484
Flodex Sivi Sabun 3 Lt Lavanta,8682560444597,99.90,89.90,101272,https://iyas.com.tr/flodex-sivi-sabun-3-lt-lavanta-101272-p-568456
Flodex Sivi Sabun 3 Lt Tropikal,8682560444757,99.90,89.90,101273,https://iyas.com.tr/flodex-sivi-sabun-3-lt-tropikal-101273-p-568395
Fonex Briyantin 150 Ml,8691988141025,119.90,149.90,6626,https://iyas.com.tr/fonex-briyantin-150-ml-6626-p-123676
Frambuazli Beyaz Cikolatali Lokum 1 Kg,2183000554853,439.90,129.90,114654,https://iyas.com.tr/frambuazli-beyaz-cikolatali-lokum-1-kg-114654-p-595575
Frambuazli Beyaz Cikolatali Lokum 300 Gr,2183000554556,129.90,129.90,114624,https://iyas.com.tr/frambuazli-beyaz-cikolatali-lokum-300-gr-114624-p-595545
Frambuazli Beyaz Cikolatali Lokum 500 Gr,2183000554709,219.90,129.90,114639,https://iyas.com.tr/frambuazli-beyaz-cikolatali-lokum-500-gr-114639-p-595560
Freshlife 30 Lu Klt Xl,8682241217335,599.90,519.90,110534,https://iyas.com.tr/freshlife-30-lu-klt-xl-110534-p-597952
Freshmaker 90li Islak Havlu,8697817871262,25.90,369.90,106908,https://iyas.com.tr/freshmaker-90li-islak-havlu-106908-p-587401
Frico Gouda Peynir Kimyonlu Kilo,2201187,1095.00,379.00,115129,https://iyas.com.tr/frico-gouda-peynir-kimyonlu-kilo-115129-p-597220
Frico Gouda Peynir Sade Kilo,2201186,1095.00,379.00,115128,https://iyas.com.tr/frico-gouda-peynir-sade-kilo-115128-p-597208
Friggy 320 Gr Antepfistigi Kremasi,8697427874172,595.00,249.00,114086,https://iyas.com.tr/friggy-320-gr-antepfistigi-kremasi-114086-p-596819
Frita Doritos Orta 50 Gr Nako,8690624203721,35.00,74.90,91903,https://iyas.com.tr/frita-doritos-orta-50-gr-nako-91903-p-116904
Frita Lays Super 100 Gr Klasik Sade Patates Cipsi,8690624103533,59.90,74.90,97543,https://iyas.com.tr/frita-lays-super-100-gr-klasik-sade-patates-cipsi-97543-p-130254
Frita Lays Super 92 Gr Tuz Ve Sirke Arom Cipsi,8690624103298,59.90,74.90,94795,https://iyas.com.tr/frita-lays-super-92-gr-tuz-ve-sirke-arom-cipsi-94795-p-142580
Frita Mega Boy Doritos 218 Gr Taco,8690624201659,90.00,74.90,65509,https://iyas.com.tr/frita-mega-boy-doritos-218-gr-taco-65509-p-128890
Frita Mega Boy Doritos Ruffles 2 Li Paket,8690624005851,135.00,119.90,107584,https://iyas.com.tr/frita-mega-boy-doritos-ruffles-2-li-paket-107584-p-588080
Frita Parti Paket Cerezza 145 Gr Yer Fistikli,8690624305180,74.90,74.90,94101,https://iyas.com.tr/frita-parti-paket-cerezza-145-gr-yer-fistikli-94101-p-142515
Frita Parti Paket Doritos 162 Gr Hotc Aci Bib,8690624203622,74.90,74.90,85954,https://iyas.com.tr/frita-parti-paket-doritos-162-gr-hotc-aci-bib-85954-p-144778
Frita Parti Paket Doritos 175 Gr Naco,8690624202281,74.90,74.90,38641,https://iyas.com.tr/frita-parti-paket-doritos-175-gr-naco-38641-p-139351
Frita Parti Paket Doritos 175 Gr Taco,8690624201222,74.90,74.90,51187,https://iyas.com.tr/frita-parti-paket-doritos-175-gr-taco-51187-p-126633
Frita Parti Paket Lays 134 Gr Firin Mev Yes,8690624103694,74.90,74.90,75267,https://iyas.com.tr/frita-parti-paket-lays-134-gr-firin-mev-yes-75267-p-126697
Frita Parti Paket Lays 150 Gr Yogurt Mev Yes,8690624105407,74.90,74.90,85106,https://iyas.com.tr/frita-parti-paket-lays-150-gr-yogurt-mev-yes-85106-p-140469
Frita Parti Paket Lays 160 Gr Baharat,8690624103069,74.90,74.90,38640,https://iyas.com.tr/frita-parti-paket-lays-160-gr-baharat-38640-p-126636
Frita Parti Paket Lays 160 Gr Klasik Patates,8690624101874,74.90,74.90,17590,https://iyas.com.tr/frita-parti-paket-lays-160-gr-klasik-patates-17590-p-126637
Frita Parti Paket Ruffles 150 Gr Ketcap,8690624103175,74.90,74.90,43439,https://iyas.com.tr/frita-parti-paket-ruffles-150-gr-ketcap-43439-p-126635
Frita Parti Paket Ruffles 150 Gr Original,8690624101881,74.90,74.90,21981,https://iyas.com.tr/frita-parti-paket-ruffles-150-gr-original-21981-p-126634
Frita Parti Paket Ruffles 160 Gr Peynir Sogan,8690624105391,74.90,74.90,85105,https://iyas.com.tr/frita-parti-paket-ruffles-160-gr-peynir-sogan-85105-p-140468
Frita Rufles Orta 50 Gr Original,8690624105650,35.00,74.90,91898,https://iyas.com.tr/frita-rufles-orta-50-gr-original-91898-p-116944
Frita Super Boy Cerezza 109 Gr Kokteyl,8690624303506,59.90,74.90,53211,https://iyas.com.tr/frita-super-boy-cerezza-109-gr-kokteyl-53211-p-122482
Frita Super Boy Doritos 109 Gr Nacho,8690624202762,59.90,74.90,96840,https://iyas.com.tr/frita-super-boy-doritos-109-gr-nacho-96840-p-142835
Frita Super Boy Doritos 115 Gr Twist,8690624305470,59.90,74.90,115010,https://iyas.com.tr/frita-super-boy-doritos-115-gr-twist-115010-p-596749
Frita Super Boy Lays 104 Gr Yogurt Ve Mevs Yes,8690624102017,59.90,74.90,17593,https://iyas.com.tr/frita-super-boy-lays-104-gr-yogurt-ve-mevs-yes-17593-p-122490
Frita Super Boy Lays 104 Gr Yogurt Ve Mevs Yes,8690624103557,59.90,74.90,97544,https://iyas.com.tr/frita-super-boy-lays-104-gr-yogurt-ve-mevs-yes-97544-p-130255
Frita Super Boy Ruffles 100 Gr Original,8690624100846,59.90,74.90,21982,https://iyas.com.tr/frita-super-boy-ruffles-100-gr-original-21982-p-122493
Frita Super Boy Ruffles 100 Gr Peynir Sogan,8690624103588,59.90,74.90,97791,https://iyas.com.tr/frita-super-boy-ruffles-100-gr-peynir-sogan-97791-p-138749
Frita Super Boy Ruffles 105 Gr Ketcap,8690624103571,59.90,74.90,49227,https://iyas.com.tr/frita-super-boy-ruffles-105-gr-ketcap-49227-p-122491
Frita Super Boy Ruffles 105 Gr Original,8690624103564,59.90,74.90,97793,https://iyas.com.tr/frita-super-boy-ruffles-105-gr-original-97793-p-138751
Frita Superboy Doritos Ruffles 2 Li Paket,8690624003246,80.00,74.90,115007,https://iyas.com.tr/frita-superboy-doritos-ruffles-2-li-paket-115007-p-596679
Frosch 750 Ml Bulasik Deterjan Balsam Limonlu,4009175945808,169.90,219.90,99082,https://iyas.com.tr/frosch-750-ml-bulasik-deterjan-balsam-limonlu-99082-p-147391
Frosch 750 Ml Bulasik Deterjan Limonlu,4009175924445,169.90,129.90,99081,https://iyas.com.tr/frosch-750-ml-bulasik-deterjan-limonlu-99081-p-147390
Fruko 25 Lt Gazoz,8690574950218,67.00,81.00,12280,https://iyas.com.tr/fruko-25-lt-gazoz-12280-p-118414
Fumo Bigudi Sunger 10lu,8692576004029,69.90,21.00,92067,https://iyas.com.tr/fumo-bigudi-sunger-10lu-92067-p-117006
Fumo Lastikli Kalin Kese,8692576006603,64.90,99.90,106584,https://iyas.com.tr/fumo-lastikli-kalin-kese-106584-p-598254
Fumo Topuk Torpusu,8692576003121,49.90,21.00,95836,https://iyas.com.tr/fumo-topuk-torpusu-95836-p-142726
Fuse Tea 1 5 Lt Karpuz,5000112666229,75.00,62.50,102204,https://iyas.com.tr/fuse-tea-1-5-lt-karpuz-102204-p-584007
Fuse Tea 1 5 Lt Limon,5000112666144,75.00,62.50,103674,https://iyas.com.tr/fuse-tea-1-5-lt-limon-103674-p-584285
Fuse Tea 1 5 Lt Mango Ananas,5000112666182,75.00,62.50,100710,https://iyas.com.tr/fuse-tea-1-5-lt-mango-ananas-100710-p-584830
Fuse Tea 1 5 Lt Seftali,5000112666137,75.00,62.50,101664,https://iyas.com.tr/fuse-tea-1-5-lt-seftali-101664-p-581541
Fuse Tea 1 Lt Ejder Carkifelek,5449000301895,62.50,57.50,85549,https://iyas.com.tr/fuse-tea-1-lt-ejder-carkifelek-85549-p-144782
Fuse Tea 1 Lt Karpuz,5000112666090,62.50,57.50,102205,https://iyas.com.tr/fuse-tea-1-lt-karpuz-102205-p-582746
Fuse Tea 1 Lt Kavun Cilek,5449000200853,62.50,57.50,76541,https://iyas.com.tr/fuse-tea-1-lt-kavun-cilek-76541-p-136292
Fuse Tea 1 Lt Limon,5000112664607,62.50,57.50,103222,https://iyas.com.tr/fuse-tea-1-lt-limon-103222-p-585543
Fuse Tea 1 Lt Mango Ananas,5000112666175,62.50,57.50,101237,https://iyas.com.tr/fuse-tea-1-lt-mango-ananas-101237-p-582131
Fuse Tea 1 Lt Seftali,5000112666076,62.50,57.50,101665,https://iyas.com.tr/fuse-tea-1-lt-seftali-101665-p-584867
Fuse Tea 200 Ml Mango Ananas,5000112666199,47.50,99.90,100738,https://iyas.com.tr/fuse-tea-200-ml-mango-ananas-100738-p-584495
Fuse Tea 200 Ml Seftali,5449000095169,47.50,99.90,100867,https://iyas.com.tr/fuse-tea-200-ml-seftali-100867-p-584178
Fuse Tea 330 Ml Karpuz,5000112664690,55.00,99.90,100120,https://iyas.com.tr/fuse-tea-330-ml-karpuz-100120-p-583616
Fuse Tea 330 Ml Kavun Cilek,5000112670035,55.00,99.90,103415,https://iyas.com.tr/fuse-tea-330-ml-kavun-cilek-103415-p-584274
Fuse Tea 330 Ml Mango Ananas,5000112664683,55.00,99.90,100713,https://iyas.com.tr/fuse-tea-330-ml-mango-ananas-100713-p-583597
Fuse Tea 330 Ml Seftali,5000112664713,55.00,99.90,100139,https://iyas.com.tr/fuse-tea-330-ml-seftali-100139-p-586109
Fusion Makina Manuel 2 Bicakli 1455,7702018866946,634.90,89.90,97394,https://iyas.com.tr/fusion-makina-manuel-2-bicakli-1455-97394-p-125997
Fusion Makina Proglide 2up Flexball,7702018390816,719.90,89.90,98285,https://iyas.com.tr/fusion-makina-proglide-2up-flexball-98285-p-121889
Fusion Proglide Bicak 2li,7702018085897,519.90,89.90,44002,https://iyas.com.tr/fusion-proglide-bicak-2li-44002-p-131614
Fusion Proglide Bicak 4lu,7702018085514,944.90,89.90,44003,https://iyas.com.tr/fusion-proglide-bicak-4lu-44003-p-131615
Fusion Start 4lu Bicak Yedek,7702018578252,669.90,89.90,84500,https://iyas.com.tr/fusion-start-4lu-bicak-yedek-84500-p-116520
G Rose Emily Eyeliner Lipliner Kalem,8691190522018,59.90,21.00,6770,https://iyas.com.tr/g-rose-emily-eyeliner-lipliner-kalem-6770-p-122398
G Rose Emily Eyeliner Lipliner Kalem,8691190522032,64.90,21.00,96918,https://iyas.com.tr/g-rose-emily-eyeliner-lipliner-kalem-96918-p-142913
G Rose Emily Eyeliner Lipliner Kalem,8691190521103,59.90,21.00,96922,https://iyas.com.tr/g-rose-emily-eyeliner-lipliner-kalem-96922-p-142917
G Rose Emily Eyeliner Lipliner Kalem,8691190521141,64.90,21.00,96925,https://iyas.com.tr/g-rose-emily-eyeliner-lipliner-kalem-96925-p-147025
G Rose Emily Eyeliner Lipliner Kalem,8691190521011,64.90,21.00,96930,https://iyas.com.tr/g-rose-emily-eyeliner-lipliner-kalem-96930-p-147030
G Rose Emily Eyeliner Lipliner Kalem,8691190521073,64.90,21.00,96935,https://iyas.com.tr/g-rose-emily-eyeliner-lipliner-kalem-96935-p-147035
G Rose Emily Eyeliner Lipliner Kalem,8691190522056,59.90,21.00,96940,https://iyas.com.tr/g-rose-emily-eyeliner-lipliner-kalem-96940-p-147040
G Rose Emily Eyeliner Lipliner Kalem,8691190522070,59.90,21.00,96942,https://iyas.com.tr/g-rose-emily-eyeliner-lipliner-kalem-96942-p-147042
G Rose Emily Eyeliner Lipliner Kalem,8691190522216,64.90,21.00,96951,https://iyas.com.tr/g-rose-emily-eyeliner-lipliner-kalem-96951-p-147051
G Rose Emily Eyeliner Lipliner Kalem,8691190522230,64.90,21.00,96953,https://iyas.com.tr/g-rose-emily-eyeliner-lipliner-kalem-96953-p-147053
G Rose Emily Eyeliner Lipliner Kalem,8691190522247,59.90,21.00,96954,https://iyas.com.tr/g-rose-emily-eyeliner-lipliner-kalem-96954-p-147054
G Rose Emily Eyeliner Lipliner Kalem,8691190521240,64.90,21.00,96955,https://iyas.com.tr/g-rose-emily-eyeliner-lipliner-kalem-96955-p-147055
G Rose Emily Eyeliner Lipliner Kalem,8691190522254,64.90,21.00,96956,https://iyas.com.tr/g-rose-emily-eyeliner-lipliner-kalem-96956-p-147056
G Rose Emily Eyeliner Lipliner Kalem,8691190521226,59.90,21.00,96959,https://iyas.com.tr/g-rose-emily-eyeliner-lipliner-kalem-96959-p-147059
G Rose Emily Eyeliner Lipliner Kalem,8691190522179,59.90,21.00,96960,https://iyas.com.tr/g-rose-emily-eyeliner-lipliner-kalem-96960-p-147060
Gabirini Lip Balm Cocuk 5 Ml,8696814077493,54.90,21.00,92689,https://iyas.com.tr/gabirini-lip-balm-cocuk-5-ml-92689-p-117080
Gabrini 3d Silikon Maskara,8696814031839,69.90,21.00,99438,https://iyas.com.tr/gabrini-3d-silikon-maskara-99438-p-126258
Gabrini Edt 100 Ml Richmen Gold,8696814046307,349.90,239.90,96255,https://iyas.com.tr/gabrini-edt-100-ml-richmen-gold-96255-p-121647
Gabrini Edt 100 Ml Richmenret,8696814046505,349.90,149.90,103821,https://iyas.com.tr/gabrini-edt-100-ml-richmenret-103821-p-581315
Gabrini Edt 50 Ml Highheels 3,8696814044280,199.90,149.90,105136,https://iyas.com.tr/gabrini-edt-50-ml-highheels-3-105136-p-597221
Gabrini Edt 50 Ml Pretty La Belle,8696814038203,199.90,149.90,96253,https://iyas.com.tr/gabrini-edt-50-ml-pretty-la-belle-96253-p-121645
Gabrini Fruity Lipgloss,8696814067586,49.90,21.00,95233,https://iyas.com.tr/gabrini-fruity-lipgloss-95233-p-121524
Gabrini Kalem Eyeliner Siyah,8696814014665,84.90,239.90,92700,https://iyas.com.tr/gabrini-kalem-eyeliner-siyah-92700-p-133809
Gabrini Lip Balm Care 5 G 3,8696814077479,54.90,21.00,102306,https://iyas.com.tr/gabrini-lip-balm-care-5-g-3-102306-p-583081
Gabrini Lip Balm Care 5 G Vanilla,8696814077431,54.90,21.00,93839,https://iyas.com.tr/gabrini-lip-balm-care-5-g-vanilla-93839-p-142433
Gabrini Lipcare Aloe Vera 5g,8696814014702,54.90,21.00,91204,https://iyas.com.tr/gabrini-lipcare-aloe-vera-5g-91204-p-142161
Galez Etli Nohutlu Yuvalama 400 Gr,8684712170019,349.00,279.00,114254,https://iyas.com.tr/galez-etli-nohutlu-yuvalama-400-gr-114254-p-595410
Galez Icli Kofte 200 Gr Antep Usulu,8683052384506,169.00,279.00,114253,https://iyas.com.tr/galez-icli-kofte-200-gr-antep-usulu-114253-p-595404
Galez Icli Kofte 200 Gr Dana Etli,8683052384278,145.00,279.00,114251,https://iyas.com.tr/galez-icli-kofte-200-gr-dana-etli-114251-p-595403
Galez Icli Kofte 310 Gr Cografi,8683052384025,495.00,279.00,114252,https://iyas.com.tr/galez-icli-kofte-310-gr-cografi-114252-p-595412
Garnier Carpici Renkler 11 0 Extra Acikelma Sarisi,3600542384650,174.90,149.90,90494,https://iyas.com.tr/garnier-carpici-renkler-11-0-extra-acikelma-sarisi-90494-p-125164
Garnier Carpici Renkler 4 15 Buzlu Kestane,3600542384339,174.90,149.90,90482,https://iyas.com.tr/garnier-carpici-renkler-4-15-buzlu-kestane-90482-p-125152
Garnier Carpici Renkler 8 Parlak Koyu Sari,3600542384810,174.90,149.90,90497,https://iyas.com.tr/garnier-carpici-renkler-8-parlak-koyu-sari-90497-p-129287
Garnier Deodorant Termal Koruma 150 Ml,3600541928848,149.90,149.90,69103,https://iyas.com.tr/garnier-deodorant-termal-koruma-150-ml-69103-p-144309
Garnier Goz Maskesi Turuncu,3600542154840,199.90,239.90,109317,https://iyas.com.tr/garnier-goz-maskesi-turuncu-109317-p-598368
Garnier Hylr Cryojel Sogutucu Goz Maskesi 5 Gr,3600542500517,219.90,239.90,106815,https://iyas.com.tr/garnier-hylr-cryojel-sogutucu-goz-maskesi-5-gr-106815-p-598357
Garnier Kagit Maske 5 Gr Dudak Cherry,3600542413619,199.90,239.90,93816,https://iyas.com.tr/garnier-kagit-maske-5-gr-dudak-cherry-93816-p-138235
Garnier Naturals 1 10 Gece Mavisi,3600542419994,174.90,149.90,91581,https://iyas.com.tr/garnier-naturals-1-10-gece-mavisi-91581-p-116845
Garnier Naturals 110 Acik Dogal Sari,3600542485654,174.90,149.90,107987,https://iyas.com.tr/garnier-naturals-110-acik-dogal-sari-107987-p-597163
Garnier Naturals 111 Kullu Sari,3600542420006,174.90,149.90,106813,https://iyas.com.tr/garnier-naturals-111-kullu-sari-106813-p-597190
Garnier Naturals 5 Acik Kahve,3600542419802,174.90,149.90,90483,https://iyas.com.tr/garnier-naturals-5-acik-kahve-90483-p-125153
Garnier Naturals 6 Kumral,3600542419819,174.90,149.90,91586,https://iyas.com.tr/garnier-naturals-6-kumral-91586-p-116850
Garnier Naturals 7 Kumral,3600542419826,174.90,149.90,91582,https://iyas.com.tr/garnier-naturals-7-kumral-91582-p-116846
Garnier Naturals 71 Kullu Kumra,3600542419857,174.90,149.90,90507,https://iyas.com.tr/garnier-naturals-71-kullu-kumra-90507-p-129297
Garnier Roll On Bayan Lekesiz Koruma 50 Ml,3600541928954,149.90,149.90,91892,https://iyas.com.tr/garnier-roll-on-bayan-lekesiz-koruma-50-ml-91892-p-125226
Garnier Roll On Lekesiz Koruma 50 Ml,3600541928947,149.90,149.90,71336,https://iyas.com.tr/garnier-roll-on-lekesiz-koruma-50-ml-71336-p-131709
Garnier Roll On Saf 50 Ml,3600542035149,149.90,149.90,71333,https://iyas.com.tr/garnier-roll-on-saf-50-ml-71333-p-144312
Garnier Roll On Termal Koruma 50 Ml,3600541928930,149.90,149.90,71334,https://iyas.com.tr/garnier-roll-on-termal-koruma-50-ml-71334-p-144311
Garnier Roll On Ultra Kuru 50 Ml,3600541932623,149.90,149.90,71335,https://iyas.com.tr/garnier-roll-on-ultra-kuru-50-ml-71335-p-144310
Garnier Skin Naturel Yuz Maskesi Siyah Komur 28,3600542097253,209.90,99.90,109319,https://iyas.com.tr/garnier-skin-naturel-yuz-maskesi-siyah-komur-28-109319-p-597127
Garnier Yuz Maskesi Papatya 28 Gr,3600542385336,209.90,99.90,101414,https://iyas.com.tr/garnier-yuz-maskesi-papatya-28-gr-101414-p-585177
Garniturlu Cigkofte 250 Gr,2183000550411,230.00,160.00,105864,https://iyas.com.tr/garniturlu-cigkofte-250-gr-105864-p-586634
Garniturlu Cigkofte 500 Gr 2 Adet Kucuk Ayran,2183000550312,380.00,160.00,105857,https://iyas.com.tr/garniturlu-cigkofte-500-gr-2-adet-kucuk-ayran-105857-p-586593
Garniturlu Cigkofte 750 Gr,2183000550749,450.00,160.00,105867,https://iyas.com.tr/garniturlu-cigkofte-750-gr-105867-p-586598
Garnitursuz Cigkofte 1kg,2183000550381,320.00,160.00,105869,https://iyas.com.tr/garnitursuz-cigkofte-1kg-105869-p-586599
Garnitursuz Cigkofte 500 Gr,2183000550398,160.00,320.00,105870,https://iyas.com.tr/garnitursuz-cigkofte-500-gr-105870-p-586637
Garnitursuz Cigkofte 750 Gr,2183000552019,240.00,160.00,106340,https://iyas.com.tr/garnitursuz-cigkofte-750-gr-106340-p-586811
Gedik But Firinlik Kilo,2205003,179.90,159.90,15267,https://iyas.com.tr/gedik-but-firinlik-kilo-15267-p-139872
Gedik Citir Bonfile Parcalari 500 Gr,8697422942333,229.00,279.00,101867,https://iyas.com.tr/gedik-citir-bonfile-parcalari-500-gr-101867-p-585805
Gedik Donuk Acili Kebap 1000 Gr,8697422940353,259.00,279.00,63348,https://iyas.com.tr/gedik-donuk-acili-kebap-1000-gr-63348-p-134997
Gedik Donuk Kadin Budu Kofte 1000 Gr,8697422940230,259.00,279.00,63350,https://iyas.com.tr/gedik-donuk-kadin-budu-kofte-1000-gr-63350-p-114750
Gedik Donuk Misket Kofte 1000 Gr,8697422940339,259.00,279.00,65230,https://iyas.com.tr/gedik-donuk-misket-kofte-1000-gr-65230-p-114745
Gedik Izgara Tava Kilo,2205027,299.90,214.90,22389,https://iyas.com.tr/gedik-izgara-tava-kilo-22389-p-139871
Gedik Pilic Baget Kilo,2205031,85.90,79.90,15397,https://iyas.com.tr/gedik-pilic-baget-kilo-15397-p-139870
Gedik Pilic Beybi Bonfile Kilo,2205005,199.00,214.90,4757,https://iyas.com.tr/gedik-pilic-beybi-bonfile-kilo-4757-p-114744
Gedik Pilic But Kilo,2205026,119.90,214.90,15398,https://iyas.com.tr/gedik-pilic-but-kilo-15398-p-114741
Gedik Pilic Gogus Bonfile Fileto Acik Kilo,2205029,214.90,199.90,15402,https://iyas.com.tr/gedik-pilic-gogus-bonfile-fileto-acik-kilo-15402-p-139869
Gedik Pilic Kanat Kilo,2205035,299.90,214.90,15404,https://iyas.com.tr/gedik-pilic-kanat-kilo-15404-p-114752
Gedik Pilic Kelebek Kilo,2205039,179.90,214.90,15405,https://iyas.com.tr/gedik-pilic-kelebek-kilo-15405-p-114742
Gedik Pilic Kok Kanat Kilo,2205032,199.00,214.90,15413,https://iyas.com.tr/gedik-pilic-kok-kanat-kilo-15413-p-139876
Gedik Pilic Kusbasi Kilo,2205036,199.90,214.90,15407,https://iyas.com.tr/gedik-pilic-kusbasi-kilo-15407-p-139868
Gedik Pilic Parca Tavuk Kilo,2205001,74.90,214.90,15409,https://iyas.com.tr/gedik-pilic-parca-tavuk-kilo-15409-p-115537
Gedik Pilic Pirzola Kilo,2205042,209.90,189.90,15410,https://iyas.com.tr/gedik-pilic-pirzola-kilo-15410-p-114740
Gedik Pilic Posetli Kilo,2205017,119.00,214.90,22390,https://iyas.com.tr/gedik-pilic-posetli-kilo-22390-p-139873
Gedik Pilic Sosis Kokteyl 1000 Gr,8697422941220,219.00,895.00,71945,https://iyas.com.tr/gedik-pilic-sosis-kokteyl-1000-gr-71945-p-134995
Gedik Pilic Sosis Uzun 1000 Gr,8697422941237,219.00,895.00,71946,https://iyas.com.tr/gedik-pilic-sosis-uzun-1000-gr-71946-p-134993
Gedik Pilic Soslu Kanat Kilo,2205004,339.90,214.90,17161,https://iyas.com.tr/gedik-pilic-soslu-kanat-kilo-17161-p-114735
Gedik Yarma Gogus Kilo,2205006,125.00,214.90,15406,https://iyas.com.tr/gedik-yarma-gogus-kilo-15406-p-580737
Gelincik Antep Fistigi Ezmesi 1 Kg,2202059,995.00,249.00,16211,https://iyas.com.tr/gelincik-antep-fistigi-ezmesi-1-kg-16211-p-139718
Gelincik Badem Kremasi Kilo,2202006,679.00,249.00,840,https://iyas.com.tr/gelincik-badem-kremasi-kilo-840-p-139780
Gelincik Biskuvi Kremasi Kilo,2207023,295.00,445.00,101304,https://iyas.com.tr/gelincik-biskuvi-kremasi-kilo-101304-p-585487
Gelincik Findik Kremasi Kilo,2207030,445.00,249.00,21546,https://iyas.com.tr/gelincik-findik-kremasi-kilo-21546-p-123453
Gelincik Fistik Ezmesi Parcacikli Kilo,2207021,249.00,249.00,1380,https://iyas.com.tr/gelincik-fistik-ezmesi-parcacikli-kilo-1380-p-144170
Gelincik Hasesella Hashas Kremasi Kilo,2202031,325.00,249.00,23337,https://iyas.com.tr/gelincik-hasesella-hashas-kremasi-kilo-23337-p-123456
Gelincik Kakaolu Findik Kremasi Kilo,2207084,425.00,249.00,13036,https://iyas.com.tr/gelincik-kakaolu-findik-kremasi-kilo-13036-p-123455
Gelincik Parcacikli Findik Kremasi Kilo,2209807,595.00,249.00,38651,https://iyas.com.tr/gelincik-parcacikli-findik-kremasi-kilo-38651-p-140383
Gelincik Sekersiz Fistik Ezmesi Kilo,2209990,295.00,249.00,44395,https://iyas.com.tr/gelincik-sekersiz-fistik-ezmesi-kilo-44395-p-123458
Gelincik Tahin Kremasi Ceviz Parcacikli Kilo,2207025,345.00,249.00,101305,https://iyas.com.tr/gelincik-tahin-kremasi-ceviz-parcacikli-kilo-101305-p-581212
Gilaburu Meyve Nektari 1 Lt Sekersiz,8697432501292,249.00,99.90,97990,https://iyas.com.tr/gilaburu-meyve-nektari-1-lt-sekersiz-97990-p-147191
Gill Serisi Tiras Gel 200 Ml Sensitive Serinletici,7702018619672,234.90,89.90,99772,https://iyas.com.tr/gill-serisi-tiras-gel-200-ml-sensitive-serinletici-99772-p-147463
Gillette Bicak Mach3 Skinguard 4 Lu,7702018488766,869.90,89.90,76784,https://iyas.com.tr/gillette-bicak-mach3-skinguard-4-lu-76784-p-135802
Gillette Bicak Mach3 Start 2li,7702018462513,209.90,89.90,76042,https://iyas.com.tr/gillette-bicak-mach3-start-2li-76042-p-135795
Gillette Bicak Venus 4li Bicak3952,3014260262709,529.90,89.90,12478,https://iyas.com.tr/gillette-bicak-venus-4li-bicak3952-12478-p-118435
Gillette Bicak Venus Bikini Makina 1 Up,8700216480000,579.90,554.90,103949,https://iyas.com.tr/gillette-bicak-venus-bikini-makina-1-up-103949-p-583741
Gillette Bicak Venus Breze Simplyiii 4 Lu,7702018465675,299.90,89.90,98489,https://iyas.com.tr/gillette-bicak-venus-breze-simplyiii-4-lu-98489-p-130309
Gillette Bicak Venus Riviera 2li Bayan,7702018016808,299.90,89.90,41838,https://iyas.com.tr/gillette-bicak-venus-riviera-2li-bayan-41838-p-145135
Gillette Bicak Venus Simplyiii 4lu Poset Basic,7702018456758,199.90,89.90,73527,https://iyas.com.tr/gillette-bicak-venus-simplyiii-4lu-poset-basic-73527-p-135786
Gillette Charcoal Mach3 2li,8700216062664,299.90,89.90,96173,https://iyas.com.tr/gillette-charcoal-mach3-2li-96173-p-121565
Gillette Charcoal Mach3 4li,8700216062701,554.90,89.90,96177,https://iyas.com.tr/gillette-charcoal-mach3-4li-96177-p-121569
Gillette Charcoal Makina Mach3 2 Up,8700216074308,444.90,89.90,96172,https://iyas.com.tr/gillette-charcoal-makina-mach3-2-up-96172-p-121564
Gillette Charcoal Makina Mach3 6 Up,8700216399807,899.90,89.90,103948,https://iyas.com.tr/gillette-charcoal-makina-mach3-6-up-103948-p-583740
Gillette Charcoal Tiras Jeli 200 Ml,8700216206754,234.90,89.90,99771,https://iyas.com.tr/gillette-charcoal-tiras-jeli-200-ml-99771-p-147462
Gillette D Blue Ii 20li Poset,7702018552733,469.90,89.90,100989,https://iyas.com.tr/gillette-d-blue-ii-20li-poset-100989-p-579043
Gillette D Blue Ii 5li Poset Plus,3014260283254,174.90,89.90,12488,https://iyas.com.tr/gillette-d-blue-ii-5li-poset-plus-12488-p-135799
Gillette D Blue Iii 62li Paket,7702018489978,299.90,89.90,97965,https://iyas.com.tr/gillette-d-blue-iii-62li-paket-97965-p-147166
Gillette D Blue Iii 62li Paket Slalom,8006540808764,299.90,89.90,93649,https://iyas.com.tr/gillette-d-blue-iii-62li-paket-slalom-93649-p-142430
Gillette D Blue Iii 6li Comfort Gel,7702018489862,379.90,89.90,94815,https://iyas.com.tr/gillette-d-blue-iii-6li-comfort-gel-94815-p-146815
Gillette D Blue Iii 6li Paket Ice Cool,7702018457281,379.90,89.90,97983,https://iyas.com.tr/gillette-d-blue-iii-6li-paket-ice-cool-97983-p-147184
Gillette D Blue Iii 93lu Paket,7702018490622,539.90,89.90,99068,https://iyas.com.tr/gillette-d-blue-iii-93lu-paket-99068-p-147377
Gillette Dblue Ii Normal 10lu Poset,7702018467419,299.90,89.90,97414,https://iyas.com.tr/gillette-dblue-ii-normal-10lu-poset-97414-p-126017
Gillette Dblue Ii Plus 10lu 91,7702018468447,314.90,89.90,97410,https://iyas.com.tr/gillette-dblue-ii-plus-10lu-91-97410-p-126013
Gillette F Kopuk Normal 200 Ml 3562,7702018621996,149.90,99.90,97418,https://iyas.com.tr/gillette-f-kopuk-normal-200-ml-3562-97418-p-126021
Gillette Fkopuk Normal 200 Ml 3562,7702018622054,99.90,89.90,97417,https://iyas.com.tr/gillette-fkopuk-normal-200-ml-3562-97417-p-126020
Gillette Kopuk 300 Ml Hassas Sensitive,7702018094455,179.90,89.90,99853,https://iyas.com.tr/gillette-kopuk-300-ml-hassas-sensitive-99853-p-147480
Gillette Mach3 Start Makina 3 Bicak,7702018616541,484.90,89.90,96333,https://iyas.com.tr/gillette-mach3-start-makina-3-bicak-96333-p-125837
Gillette Mach3 Tiras Makinesi Yedek Tiras Bicagi,7702018020676,444.90,89.90,98137,https://iyas.com.tr/gillette-mach3-tiras-makinesi-yedek-tiras-bicagi-98137-p-117704
Gillette Makina Mach3 Start 2 Up,7702018462186,299.90,89.90,99072,https://iyas.com.tr/gillette-makina-mach3-start-2-up-99072-p-147381
Gillette Regular Tiras Jeli Normal Ciltler 200 Ml,7702018520800,169.90,89.90,97420,https://iyas.com.tr/gillette-regular-tiras-jeli-normal-ciltler-200-ml-97420-p-126023
Gillette Serisi Tiras Kopugu 200 Ml Canlandirici,8001090873590,194.90,89.90,96283,https://iyas.com.tr/gillette-serisi-tiras-kopugu-200-ml-canlandirici-96283-p-121675
Gillette Sertras Gel 200 Ml Hassas,3014260214692,249.90,89.90,12517,https://iyas.com.tr/gillette-sertras-gel-200-ml-hassas-12517-p-118427
Gillette Sertras Gel 200 Ml Nemlendir,3014260220051,249.90,89.90,12519,https://iyas.com.tr/gillette-sertras-gel-200-ml-nemlendir-12519-p-118429
Gillette Venus Dragonfruit Tiras Bicagi 3li,7702018615001,199.90,89.90,96335,https://iyas.com.tr/gillette-venus-dragonfruit-tiras-bicagi-3li-96335-p-125839
Gillette Venus Makine 4 Lu Bicak,8700216878333,379.90,169.90,107235,https://iyas.com.tr/gillette-venus-makine-4-lu-bicak-107235-p-596995
Gipta Versatil Kalem 0 7 Mm Kipling Koyu,5890165599090,130.00,20.00,110399,https://iyas.com.tr/gipta-versatil-kalem-0-7-mm-kipling-koyu-110399-p-588251
Gipta Versatil Kalem 0 7 Mm Space,8697236153888,35.00,20.00,110397,https://iyas.com.tr/gipta-versatil-kalem-0-7-mm-space-110397-p-588194
Glade Aerosol 300 Ml Cicek Fest,8690784615884,189.90,69.90,72325,https://iyas.com.tr/glade-aerosol-300-ml-cicek-fest-72325-p-118209
Glade Aerosol 300 Ml Ipeksi Vanilya,8690784718226,189.90,69.90,81123,https://iyas.com.tr/glade-aerosol-300-ml-ipeksi-vanilya-81123-p-136044
Glade Aerosol 300 Ml Lavanta,6001298988111,189.90,69.90,42544,https://iyas.com.tr/glade-aerosol-300-ml-lavanta-42544-p-118210
Glade Aerosol 300 Ml Love Askin Buyusu,8690784616331,189.90,69.90,71746,https://iyas.com.tr/glade-aerosol-300-ml-love-askin-buyusu-71746-p-118213
Glade Aerosol 300 Ml Morning,8690784616225,189.90,69.90,72326,https://iyas.com.tr/glade-aerosol-300-ml-morning-72326-p-118212
Glade Aerosol 300 Ml Okyanus Sessizligi,6001298988104,189.90,69.90,42545,https://iyas.com.tr/glade-aerosol-300-ml-okyanus-sessizligi-42545-p-118211
Glade Aerosol 300 Ml Orient,8690784615440,189.90,69.90,74801,https://iyas.com.tr/glade-aerosol-300-ml-orient-74801-p-114138
Glade Aerosol 300 Ml Tropikal Floral,8690784716116,189.90,69.90,80226,https://iyas.com.tr/glade-aerosol-300-ml-tropikal-floral-80226-p-136045
Glade Auto Parfum Sistem Mango Esintisi,8690784418553,239.90,69.90,61911,https://iyas.com.tr/glade-auto-parfum-sistem-mango-esintisi-61911-p-118216
Glade Banyo Cihazyedek 10 Ml Lavanta,8690784811118,184.90,69.90,85825,https://iyas.com.tr/glade-banyo-cihazyedek-10-ml-lavanta-85825-p-140512
Glade Elektrikli Oda Kokusu Yedek Temiz Carsaf,8690784818339,189.90,69.90,103562,https://iyas.com.tr/glade-elektrikli-oda-kokusu-yedek-temiz-carsaf-103562-p-585825
Glade Mini Jel 70 Gr Floral,8690784417112,99.90,69.90,58108,https://iyas.com.tr/glade-mini-jel-70-gr-floral-58108-p-118222
Glade Multi Sprey 500 Ml,8690784231206,169.90,69.90,15523,https://iyas.com.tr/glade-multi-sprey-500-ml-15523-p-143599
Glade Multi Sprey 500 Ml Clin Trical,8690784231107,169.90,69.90,15522,https://iyas.com.tr/glade-multi-sprey-500-ml-clin-trical-15522-p-114161
Glade Multi Sprey 500 Ml Lavender,8690784231305,169.90,69.90,15521,https://iyas.com.tr/glade-multi-sprey-500-ml-lavender-15521-p-136022
Glade Otomatik Sprey Makina 1 Yedek Okyanus,8690784312448,679.90,69.90,47480,https://iyas.com.tr/glade-otomatik-sprey-makina-1-yedek-okyanus-47480-p-143447
Gliss S Kremi 360 Ml Aqua Revive,4015100815153,179.90,149.90,103601,https://iyas.com.tr/gliss-s-kremi-360-ml-aqua-revive-103601-p-581269
Gliss S Kremi 360 Ml Full Hair Wonder,4015100862966,179.90,149.90,107609,https://iyas.com.tr/gliss-s-kremi-360-ml-full-hair-wonder-107609-p-598900
Gliss Samp400 Ml Summer,8690572814666,119.90,99.90,117401,https://iyas.com.tr/gliss-samp400-ml-summer-117401-p-598898
Gliss Sampuan 250 Ml Blonde Perf Tr,4015100812879,299.90,149.90,104014,https://iyas.com.tr/gliss-sampuan-250-ml-blonde-perf-tr-104014-p-585844
Gliss Sampuan 400 Ml Aqua Revive,8690572813799,119.90,149.90,104013,https://iyas.com.tr/gliss-sampuan-400-ml-aqua-revive-104013-p-584629
Gliss Sampuan 400 Ml Aqua Revive,8690572812969,119.90,99.90,95713,https://iyas.com.tr/gliss-sampuan-400-ml-aqua-revive-95713-p-138471
Gliss Sampuan 400 Ml Split Hair Miracle,8690572813836,119.90,99.90,104690,https://iyas.com.tr/gliss-sampuan-400-ml-split-hair-miracle-104690-p-587227
Gliss Sampuan 400 Ml Supreme Length,8690572813751,119.90,99.90,103709,https://iyas.com.tr/gliss-sampuan-400-ml-supreme-length-103709-p-585596
Gliss Sampuan 400 Ml Ultimate Repair,8690572813713,119.90,99.90,104691,https://iyas.com.tr/gliss-sampuan-400-ml-ultimate-repair-104691-p-587216
Gliss Sampuan Full Hair Wonder 400 Ml,4015100863000,119.90,99.90,107608,https://iyas.com.tr/gliss-sampuan-full-hair-wonder-400-ml-107608-p-598897
Gliss Sivi S Kremi 200 Ml Aqua Revive,3838824421414,219.90,149.90,104551,https://iyas.com.tr/gliss-sivi-s-kremi-200-ml-aqua-revive-104551-p-587223
Gliss Sivi S Kremi 200 Ml Oil Nutritive,3838824421551,219.90,149.90,101763,https://iyas.com.tr/gliss-sivi-s-kremi-200-ml-oil-nutritive-101763-p-586364
Gliss Sivi S Kremi 200 Ml Serum Deep Repair,3838824421599,219.90,149.90,102910,https://iyas.com.tr/gliss-sivi-s-kremi-200-ml-serum-deep-repair-102910-p-586180
Gliss Sivi S Kremi 200 Ml Ultimate Repair,3838824421513,219.90,149.90,101764,https://iyas.com.tr/gliss-sivi-s-kremi-200-ml-ultimate-repair-101764-p-585505
Gliss Sivi Sac Kremi 200 Ml Split Hair Miracle,3838824421377,219.90,149.90,103203,https://iyas.com.tr/gliss-sivi-sac-kremi-200-ml-split-hair-miracle-103203-p-583110
Gliss Skremi 360 Ml Split Hair Miracle,4015100815115,179.90,149.90,112391,https://iyas.com.tr/gliss-skremi-360-ml-split-hair-miracle-112391-p-598902
Gobek Marul Adet,2309598,49.90,25.00,37742,https://iyas.com.tr/gobek-marul-adet-37742-p-123056
Gobit Ekmek Arasi Et Doner,2183000551036,310.00,290.00,99659,https://iyas.com.tr/gobit-ekmek-arasi-et-doner-99659-p-134702
Gobit Menu Gobit Doner Cips Ayran,2183000551289,430.00,290.00,99662,https://iyas.com.tr/gobit-menu-gobit-doner-cips-ayran-99662-p-134705
Gol Sutlu Cikolata 125 Gr,8683417000829,149.00,30.00,93854,https://iyas.com.tr/gol-sutlu-cikolata-125-gr-93854-p-138273
Gold Beauty 100 Lu Tirnak Ep 808,6946464858082,64.90,37.90,110200,https://iyas.com.tr/gold-beauty-100-lu-tirnak-ep-808-110200-p-596989
Gold Beauty 3 Lu Makyaj Sungeri Ep 489,8682376129640,64.90,37.90,112916,https://iyas.com.tr/gold-beauty-3-lu-makyaj-sungeri-ep-489-112916-p-597133
Gold Beauty 3 Lu Makyaj Sungeri Ep 498,8682376131469,64.90,37.90,112909,https://iyas.com.tr/gold-beauty-3-lu-makyaj-sungeri-ep-498-112909-p-597058
Gold Beauty 4 Lu Parmak Makyaj Sungeri Ep 493,8682376131483,29.90,37.90,112915,https://iyas.com.tr/gold-beauty-4-lu-parmak-makyaj-sungeri-ep-493-112915-p-596961
Gold Beauty 5 Li Makyaj Sungeri Fa 42,6926641032375,64.90,37.90,112914,https://iyas.com.tr/gold-beauty-5-li-makyaj-sungeri-fa-42-112914-p-598365
Gold Beauty 5 Li Makyaj Sungeri Fa 502,8684663641064,64.90,37.90,112918,https://iyas.com.tr/gold-beauty-5-li-makyaj-sungeri-fa-502-112918-p-597031
Gold Beauty Elegant Touch Tirnak Yapis Ep 4205,6986011268827,84.90,37.90,112917,https://iyas.com.tr/gold-beauty-elegant-touch-tirnak-yapis-ep-4205-112917-p-597039
Gold Beauty Kas Usturasi Fa,8682376126670,59.90,37.90,100082,https://iyas.com.tr/gold-beauty-kas-usturasi-fa-100082-p-585458
Gold Beauty Takma Tirnak 100lu Ep 704,8682376122535,65.50,37.90,100403,https://iyas.com.tr/gold-beauty-takma-tirnak-100lu-ep-704-100403-p-581802
Gold Beauty Takma Tirnak Tak Cikolata Ep,8682376124737,42.90,37.90,99862,https://iyas.com.tr/gold-beauty-takma-tirnak-tak-cikolata-ep-99862-p-147484
Gold Beauty Tirnak Pensi Ep 201,8697406551254,129.90,37.90,111963,https://iyas.com.tr/gold-beauty-tirnak-pensi-ep-201-111963-p-597046
Gold Beauty Tirnak Pensi Ep 203,8697406551278,129.90,37.90,111964,https://iyas.com.tr/gold-beauty-tirnak-pensi-ep-203-111964-p-597105
Gold Vital 20 Ml Cay Agaci Yagi,8697890389692,259.90,209.90,108055,https://iyas.com.tr/gold-vital-20-ml-cay-agaci-yagi-108055-p-597198
Golden Rose Emily No 111 Gri Goz Kalemi,8691190521110,59.90,37.90,96936,https://iyas.com.tr/golden-rose-emily-no-111-gri-goz-kalemi-96936-p-147036
Golden Rose Emily No 120 Gri Goz Kalemi,8691190521202,59.90,37.90,96938,https://iyas.com.tr/golden-rose-emily-no-120-gri-goz-kalemi-96938-p-147038
Golden Rose Emily No 215 Dudak Kalemi,8691190522155,64.90,37.90,96920,https://iyas.com.tr/golden-rose-emily-no-215-dudak-kalemi-96920-p-142915
Golden Rose Endless Lashes Mascara Siyah,8691190440930,469.90,239.90,94189,https://iyas.com.tr/golden-rose-endless-lashes-mascara-siyah-94189-p-146662
Goodcare Yetiskin Bezi 30 Lu X Large,8690536805624,569.90,499.90,103879,https://iyas.com.tr/goodcare-yetiskin-bezi-30-lu-x-large-103879-p-582535
Goon Mutlu Bebek 3 Numara Bant Bebek Bezi 36 Adet,4902011862768,109.90,599.90,86069,https://iyas.com.tr/goon-mutlu-bebek-3-numara-bant-bebek-bezi-36-adet-86069-p-127847
Gorilla Enerji Icecegi 250 Ml Mango,1500148301445,45.00,29.50,115058,https://iyas.com.tr/gorilla-enerji-icecegi-250-ml-mango-115058-p-596805
Gorilla Enerji Icecegi 250 Ml Pomegranate,8684898754645,45.00,29.50,115057,https://iyas.com.tr/gorilla-enerji-icecegi-250-ml-pomegranate-115057-p-596755
Gorilla Enerji Icecegi 250 Ml Ultimate,8684898754669,45.00,29.50,115056,https://iyas.com.tr/gorilla-enerji-icecegi-250-ml-ultimate-115056-p-596760
Gorilla Enerji Icecegi 250 Ml Watermelon,8684898754614,45.00,29.50,115059,https://iyas.com.tr/gorilla-enerji-icecegi-250-ml-watermelon-115059-p-596768
Gorilla Enerji Icecegi 500 Ml Mango,1500148301452,60.00,39.50,115063,https://iyas.com.tr/gorilla-enerji-icecegi-500-ml-mango-115063-p-596641
Gorilla Enerji Icecegi 500 Ml Original,1500148301469,60.00,39.50,115060,https://iyas.com.tr/gorilla-enerji-icecegi-500-ml-original-115060-p-596735
Gorilla Enerji Icecegi 500 Ml Pomerranate,8684898754638,60.00,39.50,115062,https://iyas.com.tr/gorilla-enerji-icecegi-500-ml-pomerranate-115062-p-596806
Gorilla Enerji Icecegi 500 Ml Ultimate,8684898754652,60.00,39.50,115061,https://iyas.com.tr/gorilla-enerji-icecegi-500-ml-ultimate-115061-p-596754
Gorilla Enerji Icecegi 500 Ml Watermelon,8684898754607,60.00,39.50,115064,https://iyas.com.tr/gorilla-enerji-icecegi-500-ml-watermelon-115064-p-596700
Greyfurt 1sinif Kilo,2209019,69.90,84.90,12939,https://iyas.com.tr/greyfurt-1sinif-kilo-12939-p-114690
Gul Yaprakli Beyaz Cikolatali Lokum 1 Kg,2183000554822,439.90,129.90,114651,https://iyas.com.tr/gul-yaprakli-beyaz-cikolatali-lokum-1-kg-114651-p-595572
Gul Yaprakli Beyaz Cikolatali Lokum 300 Gr,2183000554525,129.90,129.90,114621,https://iyas.com.tr/gul-yaprakli-beyaz-cikolatali-lokum-300-gr-114621-p-595542
Gul Yaprakli Beyaz Cikolatali Lokum 500 Gr,2183000554679,219.90,129.90,114636,https://iyas.com.tr/gul-yaprakli-beyaz-cikolatali-lokum-500-gr-114636-p-595557
Gul Yaprakli Cikolatali Lokum 1 Kg,2183000554815,439.90,129.90,114650,https://iyas.com.tr/gul-yaprakli-cikolatali-lokum-1-kg-114650-p-595571
Gul Yaprakli Cikolatali Lokum 300 Gr,2183000554518,129.90,129.90,114620,https://iyas.com.tr/gul-yaprakli-cikolatali-lokum-300-gr-114620-p-595541
Gul Yaprakli Cikolatali Lokum 500 Gr,2183000554662,219.90,129.90,114635,https://iyas.com.tr/gul-yaprakli-cikolatali-lokum-500-gr-114635-p-595556
Gul Yumurta 15 Li Duble,8680771496800,94.90,155.00,51404,https://iyas.com.tr/gul-yumurta-15-li-duble-51404-p-118750
Gul Yumurta 15 Li Kahverengi M Boy,8680771496893,99.90,155.00,74027,https://iyas.com.tr/gul-yumurta-15-li-kahverengi-m-boy-74027-p-115315
Gul Yumurta 30 Lu Duble,8680771496817,155.00,139.00,51405,https://iyas.com.tr/gul-yumurta-30-lu-duble-51405-p-118749
Gul Yumurta 30 Lu M Boy,8680771496848,139.00,155.00,63396,https://iyas.com.tr/gul-yumurta-30-lu-m-boy-63396-p-118748
Gul Yumurta 6 Li,8680771496831,39.90,155.00,51403,https://iyas.com.tr/gul-yumurta-6-li-51403-p-118751
Gulbirlik El Kremi Tup 20 Ml,8693347003067,50.00,239.90,100148,https://iyas.com.tr/gulbirlik-el-kremi-tup-20-ml-100148-p-582695
Gulbirlik El Kremi Tup 75 Ml,8693347001773,125.00,239.90,100146,https://iyas.com.tr/gulbirlik-el-kremi-tup-75-ml-100146-p-586110
Gullu Cikolatali Saray Helvasi 1 Kg,2183000555126,379.90,129.90,114681,https://iyas.com.tr/gullu-cikolatali-saray-helvasi-1-kg-114681-p-595627
Gullu Cikolatali Saray Helvasi 300 Gr,2183000555065,119.90,129.90,114675,https://iyas.com.tr/gullu-cikolatali-saray-helvasi-300-gr-114675-p-595621
Gullu Cikolatali Saray Helvasi 500 Gr,2183000555096,179.90,129.90,114678,https://iyas.com.tr/gullu-cikolatali-saray-helvasi-500-gr-114678-p-595624
Gullu Lokum 1 Kg,2183000554990,149.90,129.90,114668,https://iyas.com.tr/gullu-lokum-1-kg-114668-p-595589
Gullu Lokum 300 Gr,2183000554877,49.90,129.90,114656,https://iyas.com.tr/gullu-lokum-300-gr-114656-p-595577
Gullu Lokum 500 Gr,2183000554938,99.90,129.90,114662,https://iyas.com.tr/gullu-lokum-500-gr-114662-p-595583
Gumus Hashas Ezmesi Acik Kilo,2209827,245.00,249.00,39933,https://iyas.com.tr/gumus-hashas-ezmesi-acik-kilo-39933-p-114440
Gungor Az Yagli Corek Otlu Taze Peynir Kilo,2202036,279.00,379.00,19179,https://iyas.com.tr/gungor-az-yagli-corek-otlu-taze-peynir-kilo-19179-p-136430
Gungor Edremit Cizik Zeytin Kilo,2201045,219.00,229.00,5719,https://iyas.com.tr/gungor-edremit-cizik-zeytin-kilo-5719-p-114437
Gungor Lux Kirma Yesil Zeytin Acik Kilo,2201017,245.00,199.00,568,https://iyas.com.tr/gungor-lux-kirma-yesil-zeytin-acik-kilo-568-p-114542
Gurdal Jumbo Siyah Sele Zeytin Kilo,2201172,495.00,229.00,114150,https://iyas.com.tr/gurdal-jumbo-siyah-sele-zeytin-kilo-114150-p-595341
Gurdal Mega Siyah Sele Zeytin Kilo,2201173,445.00,229.00,114151,https://iyas.com.tr/gurdal-mega-siyah-sele-zeytin-kilo-114151-p-595390
Gurdal Siyah Sele Zeytin Kilo,2201135,179.00,119.00,112739,https://iyas.com.tr/gurdal-siyah-sele-zeytin-kilo-112739-p-595346
Gurdal Super Siyah Sele Zeytin Kilo,2201134,199.00,229.00,112738,https://iyas.com.tr/gurdal-super-siyah-sele-zeytin-kilo-112738-p-595365
Guven Sakatat 500 Gr Pismis Dana Kelle,2183000553115,479.00,795.00,110252,https://iyas.com.tr/guven-sakatat-500-gr-pismis-dana-kelle-110252-p-596493
Habitat Mega Siyah Sele Zeytin Kilo,2201035,345.00,195.00,12329,https://iyas.com.tr/habitat-mega-siyah-sele-zeytin-kilo-12329-p-144504
Habitat Sele Siyah Zeytin 290 320 Boy 1 Kg,2201027,159.00,195.00,71047,https://iyas.com.tr/habitat-sele-siyah-zeytin-290-320-boy-1-kg-71047-p-122990
Haci Sakir 450 Ml Sac Kremi Bal Ozu,8718951307834,110.00,149.90,78865,https://iyas.com.tr/haci-sakir-450-ml-sac-kremi-bal-ozu-78865-p-123283
Haci Sakir 450 Ml Sac Kremi Matcansiz Kina 1264,8718951453951,85.00,60.00,97446,https://iyas.com.tr/haci-sakir-450-ml-sac-kremi-matcansiz-kina-1264-97446-p-130157
Haci Sakir 4x150 Gr Dogal 12176,8718951384293,199.00,140.00,97459,https://iyas.com.tr/haci-sakir-4x150-gr-dogal-12176-97459-p-130170
Haci Sakir 4x150 Gr Gul Sabun 12201,8718951384316,199.00,140.00,97461,https://iyas.com.tr/haci-sakir-4x150-gr-gul-sabun-12201-97461-p-130172
Haci Sakir 4x150 Gr Lavanta Sabun 12182,8718951384330,199.00,140.00,97463,https://iyas.com.tr/haci-sakir-4x150-gr-lavanta-sabun-12182-97463-p-130174
Haci Sakir 4x150 Gr Leylak Sabun 12611,8718951384378,199.00,140.00,97466,https://iyas.com.tr/haci-sakir-4x150-gr-leylak-sabun-12611-97466-p-130177
Haci Sakir 4x150 Gr Zeytin Yagli Balli,8718951384392,210.00,99.90,97468,https://iyas.com.tr/haci-sakir-4x150-gr-zeytin-yagli-balli-97468-p-130179
Haci Sakir 500 Ml Sampuan Badem Kuru Yip 2 1 12634,8718951533257,110.00,149.90,97451,https://iyas.com.tr/haci-sakir-500-ml-sampuan-badem-kuru-yip-2-1-12634-97451-p-130162
Haci Sakir 500 Ml Sampuan Krem 21 Adacayyi,8718951533639,110.00,149.90,95649,https://iyas.com.tr/haci-sakir-500-ml-sampuan-krem-21-adacayyi-95649-p-138407
Haci Sakir 500 Ml Sampuan Krem 21 Bal,8718951533578,110.00,149.90,95651,https://iyas.com.tr/haci-sakir-500-ml-sampuan-krem-21-bal-95651-p-138409
Haci Sakir 500 Ml Sampuan Krem 21 Limon,8718951533288,110.00,149.90,95650,https://iyas.com.tr/haci-sakir-500-ml-sampuan-krem-21-limon-95650-p-138408
Haci Sakir 500 Ml Sampuan Nar 2 Si 1 Arada,8718951533318,110.00,149.90,99122,https://iyas.com.tr/haci-sakir-500-ml-sampuan-nar-2-si-1-arada-99122-p-117797
Haci Sakir 500 Ml Sampuan Sac Krem Zeytinyagli 2in1,8718951533349,110.00,149.90,95261,https://iyas.com.tr/haci-sakir-500-ml-sampuan-sac-krem-zeytinyagli-2in1-95261-p-125664
Haci Sakir 500 Ml Sampuan Ve Krem Hindistan 2in1,8718951533608,110.00,149.90,95146,https://iyas.com.tr/haci-sakir-500-ml-sampuan-ve-krem-hindistan-2in1-95146-p-121437
Haci Sakir Banyo Sabun 150 Gr Gul,8693495054607,75.00,99.90,97427,https://iyas.com.tr/haci-sakir-banyo-sabun-150-gr-gul-97427-p-126030
Haci Sakir Banyo Sabun 150 Gr Lavanta 12178,8718951384842,75.00,99.90,97430,https://iyas.com.tr/haci-sakir-banyo-sabun-150-gr-lavanta-12178-97430-p-126033
Haci Sakir Guzellik 4x70 Gr Klasik Meyve Tazelik,8718951384781,95.00,99.90,97441,https://iyas.com.tr/haci-sakir-guzellik-4x70-gr-klasik-meyve-tazelik-97441-p-126044
Haci Sakir Guzellik 4x70 Gr Klasik Okyanus Serisi,8718951384804,135.00,99.90,97439,https://iyas.com.tr/haci-sakir-guzellik-4x70-gr-klasik-okyanus-serisi-97439-p-126042
Haci Sakir Guzellik 4x70 Gr Lavanta 12608,8718951384743,135.00,99.90,97443,https://iyas.com.tr/haci-sakir-guzellik-4x70-gr-lavanta-12608-97443-p-126046
Haci Sakir S Sabun 1 5 Lt Hindistan C 12568,8718951453654,350.00,240.00,97456,https://iyas.com.tr/haci-sakir-s-sabun-1-5-lt-hindistan-c-12568-97456-p-130167
Haci Sakir S Sabun 1 5 Lt Lavanta 12631,8718951453678,350.00,240.00,97457,https://iyas.com.tr/haci-sakir-s-sabun-1-5-lt-lavanta-12631-97457-p-130168
Haci Sakir S Sabun 300 Ml Hindistan Cevizi,8718951453791,120.00,99.90,114586,https://iyas.com.tr/haci-sakir-s-sabun-300-ml-hindistan-cevizi-114586-p-597228
Hair Plus Sac Acici Argan Yagli,8682376100052,64.90,149.90,85141,https://iyas.com.tr/hair-plus-sac-acici-argan-yagli-85141-p-140506
Hair Plus Yogun Renk Acici Bademli,8682376100038,64.90,149.90,85142,https://iyas.com.tr/hair-plus-yogun-renk-acici-bademli-85142-p-144648
Hamburger Menu Hamburger Cips Kola,2183000551296,420.00,290.00,99713,https://iyas.com.tr/hamburger-menu-hamburger-cips-kola-99713-p-134756
Haribo Chamallows 62 Gr Choco Soft,8691216106604,43.50,79.50,102085,https://iyas.com.tr/haribo-chamallows-62-gr-choco-soft-102085-p-583999
Haribo Chamallows 70 Gr Pink White,8691216014909,43.50,79.50,32736,https://iyas.com.tr/haribo-chamallows-70-gr-pink-white-32736-p-131538
Haribo Jelly 160 Gr Altin Ayicik,8691216024519,79.50,59.50,54482,https://iyas.com.tr/haribo-jelly-160-gr-altin-ayicik-54482-p-126673
Haribo Jelly 160 Gr Cola,8691216025103,79.50,59.50,78358,https://iyas.com.tr/haribo-jelly-160-gr-cola-78358-p-143555
Haribo Jelly 160 Gr Solucan,8691216025097,79.50,59.50,78361,https://iyas.com.tr/haribo-jelly-160-gr-solucan-78361-p-143556
Haribo Jelly 45 Gr Roulette Role,8691216097056,25.00,79.50,103994,https://iyas.com.tr/haribo-jelly-45-gr-roulette-role-103994-p-585842
Haribo Jelly 70 Gr Altin Ayicik Eksili,8691216098527,43.50,35.00,114362,https://iyas.com.tr/haribo-jelly-70-gr-altin-ayicik-eksili-114362-p-596746
Haribo Jelly 70 Gr Eksii Miami,8691216108561,43.50,35.00,106032,https://iyas.com.tr/haribo-jelly-70-gr-eksii-miami-106032-p-587011
Haribo Jelly 70 Gr Eksii Sound Cubes,8691216106390,43.50,35.00,102957,https://iyas.com.tr/haribo-jelly-70-gr-eksii-sound-cubes-102957-p-585527
Haribo Jelly 70 Gr Fizz Likirr,8691216102552,43.50,35.00,91775,https://iyas.com.tr/haribo-jelly-70-gr-fizz-likirr-91775-p-125197
Haribo Jelly 70 Gr Fizz Mix,8691216095519,43.50,35.00,74944,https://iyas.com.tr/haribo-jelly-70-gr-fizz-mix-74944-p-131541
Haribo Jelly 70 Gr Solucan Eksili,8691216095502,43.50,35.00,98694,https://iyas.com.tr/haribo-jelly-70-gr-solucan-eksili-98694-p-134630
Haribo Jelly 80 Gr Altin Ayicik,8691216109148,43.50,35.00,104836,https://iyas.com.tr/haribo-jelly-80-gr-altin-ayicik-104836-p-587053
Haribo Jelly 80 Gr Altin Ayicik,8691216020627,43.50,35.00,13559,https://iyas.com.tr/haribo-jelly-80-gr-altin-ayicik-13559-p-135011
Haribo Jelly 80 Gr Altin Ayicik Efsane Tatlar,8691216113435,43.50,35.00,114363,https://iyas.com.tr/haribo-jelly-80-gr-altin-ayicik-efsane-tatlar-114363-p-596748
Haribo Jelly 80 Gr Berries,8691216020672,43.50,35.00,13563,https://iyas.com.tr/haribo-jelly-80-gr-berries-13563-p-127401
Haribo Jelly 80 Gr Happy Cola,8691216109162,43.50,35.00,104837,https://iyas.com.tr/haribo-jelly-80-gr-happy-cola-104837-p-586720
Haribo Jelly 80 Gr Happy Cola,8691216022010,43.50,35.00,13560,https://iyas.com.tr/haribo-jelly-80-gr-happy-cola-13560-p-131530
Haribo Jelly 80 Gr Phantasia,8691216016972,43.50,35.00,79346,https://iyas.com.tr/haribo-jelly-80-gr-phantasia-79346-p-127380
Haribo Jelly 80 Gr Seftali,8691216108134,43.50,35.00,108832,https://iyas.com.tr/haribo-jelly-80-gr-seftali-108832-p-596706
Haribo Jelly 80 Gr Solucan,8691216020689,43.50,35.00,13556,https://iyas.com.tr/haribo-jelly-80-gr-solucan-13556-p-131534
Haribo Jelly 80 Gr Star Mix,8691216109186,43.50,35.00,105786,https://iyas.com.tr/haribo-jelly-80-gr-star-mix-105786-p-586722
Haribo Jelly 80 Gr Star Mix,8691216022027,43.50,35.00,13557,https://iyas.com.tr/haribo-jelly-80-gr-star-mix-13557-p-131536
Haribo Jelly 80 Gr Teeth,8691216080348,43.50,35.00,13552,https://iyas.com.tr/haribo-jelly-80-gr-teeth-13552-p-131537
Haribo Jelly Sahanda Yumurta 80 G,8691216107212,35.00,79.50,105768,https://iyas.com.tr/haribo-jelly-sahanda-yumurta-80-g-105768-p-586667
Hasata Pirinc 1000 Gr Basmati,8684252801152,149.90,269.50,114165,https://iyas.com.tr/hasata-pirinc-1000-gr-basmati-114165-p-596409
Hasata Pirinc 1000 Gr Gonen Baldo,8697423961821,164.90,269.50,114161,https://iyas.com.tr/hasata-pirinc-1000-gr-gonen-baldo-114161-p-595421
Hasata Pirinc 1000 Gr Osmancik,8697423961838,145.90,269.50,114163,https://iyas.com.tr/hasata-pirinc-1000-gr-osmancik-114163-p-596795
Hasata Pirinc 2000 Gr Gonen Baldo,8697423961975,325.00,239.90,114162,https://iyas.com.tr/hasata-pirinc-2000-gr-gonen-baldo-114162-p-596688
Hasata Pirinc 2000 Gr Osmancik,8697423961982,289.50,269.50,114164,https://iyas.com.tr/hasata-pirinc-2000-gr-osmancik-114164-p-596092
Haslanmis Yaprak Sarma 750 Gr,8699182829992,599.00,142.50,107633,https://iyas.com.tr/haslanmis-yaprak-sarma-750-gr-107633-p-596789
Hasmandira Eski Kasar Kilo,2207091,696.90,379.00,103901,https://iyas.com.tr/hasmandira-eski-kasar-kilo-103901-p-583424
Hasmandira Kelle Gobek Kasar Kilo,2207088,545.00,379.00,103899,https://iyas.com.tr/hasmandira-kelle-gobek-kasar-kilo-103899-p-586414
Hasmandira Klasik Inek Peyniri 300 Gr Olgun,8697623020557,219.00,379.00,106141,https://iyas.com.tr/hasmandira-klasik-inek-peyniri-300-gr-olgun-106141-p-597774
Hasmandira Mus Eski Kasar Kilo,2207090,699.00,379.00,103900,https://iyas.com.tr/hasmandira-mus-eski-kasar-kilo-103900-p-582809
Hasmandira Sade Yag 300 Gr,8697623020663,479.00,599.00,105991,https://iyas.com.tr/hasmandira-sade-yag-300-gr-105991-p-586930
Hasmandira Sade Yag 300 Gr Koyun Keci,8697623020687,479.00,599.00,105992,https://iyas.com.tr/hasmandira-sade-yag-300-gr-koyun-keci-105992-p-597772
Hasmandira Tam Yagli Kasar Peyniri Kilo,2207024,645.00,379.00,1382,https://iyas.com.tr/hasmandira-tam-yagli-kasar-peyniri-kilo-1382-p-128025
Hasmandira Tereyagi 1000 Gr,8697623020731,895.00,599.00,106812,https://iyas.com.tr/hasmandira-tereyagi-1000-gr-106812-p-597771
Hastel Buremis Gullac 400 Gr,8690877033120,259.00,99.90,45617,https://iyas.com.tr/hastel-buremis-gullac-400-gr-45617-p-138939
Hastel Buremis Kemalpasa 125 Gr,8690877020113,69.90,99.90,45612,https://iyas.com.tr/hastel-buremis-kemalpasa-125-gr-45612-p-138937
Hastel Buremis Peynir Tatlisi 150 Gr,8690877020175,99.90,99.90,55972,https://iyas.com.tr/hastel-buremis-peynir-tatlisi-150-gr-55972-p-138955
Hastel Buremis Sekerpare 200 Gr,8690877060126,59.90,99.90,45618,https://iyas.com.tr/hastel-buremis-sekerpare-200-gr-45618-p-138938
Hastel Buremis Sekerpare Findikli 200 Gr,8690877065541,69.90,99.90,98438,https://iyas.com.tr/hastel-buremis-sekerpare-findikli-200-gr-98438-p-126151
Hastel Gul Kadayif Findikli 350 Gr,8691837004266,259.00,189.00,50616,https://iyas.com.tr/hastel-gul-kadayif-findikli-350-gr-50616-p-138948
Hastel Kadayif 200 Gr,8691837001012,59.90,99.90,45619,https://iyas.com.tr/hastel-kadayif-200-gr-45619-p-138964
Hastel Kadayif 400 Gr Lux Tepsi,8691837004020,99.90,99.90,97472,https://iyas.com.tr/hastel-kadayif-400-gr-lux-tepsi-97472-p-130183
Hastel Kadayif 400 Gr Tepsi Porsiyon,8691837001111,139.00,99.90,41582,https://iyas.com.tr/hastel-kadayif-400-gr-tepsi-porsiyon-41582-p-138968
Hastel Kadayif 500 Gr Cig Vakumlu,8691837008028,149.00,99.90,41581,https://iyas.com.tr/hastel-kadayif-500-gr-cig-vakumlu-41581-p-138972
Hastel Kadayif Kare Tepsi 500 Gr,8691837003030,129.00,99.90,46057,https://iyas.com.tr/hastel-kadayif-kare-tepsi-500-gr-46057-p-138963
Hastel Kadayif Kutu 250 Gr,8691837006048,99.90,99.90,45620,https://iyas.com.tr/hastel-kadayif-kutu-250-gr-45620-p-138956
Hastel Kadayif Porsiyon Shrink 500 Gr,8691837006086,149.00,99.90,56179,https://iyas.com.tr/hastel-kadayif-porsiyon-shrink-500-gr-56179-p-138957
Hastel Kadayif Porsiyon Shrink 700 Gr,8691837006079,219.00,99.90,56180,https://iyas.com.tr/hastel-kadayif-porsiyon-shrink-700-gr-56180-p-138940
Hastel Kunefe 2x125 Gr,8691837600017,89.90,99.90,106205,https://iyas.com.tr/hastel-kunefe-2x125-gr-106205-p-595300
Hastel Manti 250 Gr,8691837010007,34.90,99.90,41583,https://iyas.com.tr/hastel-manti-250-gr-41583-p-138959
Hastel Manti 500 Gr,8691837099903,74.90,99.90,41584,https://iyas.com.tr/hastel-manti-500-gr-41584-p-138976
Hastel Muhallebilik Kadayif 200 Gr,8691837004341,64.90,99.90,72031,https://iyas.com.tr/hastel-muhallebilik-kadayif-200-gr-72031-p-138965
Hastel Pasta Keki Kakaolu 280 Gr,8691837031200,89.90,49.90,45614,https://iyas.com.tr/hastel-pasta-keki-kakaolu-280-gr-45614-p-122926
Hastel Pasta Keki Sade 280 Gr,8691837030005,89.90,49.90,45613,https://iyas.com.tr/hastel-pasta-keki-sade-280-gr-45613-p-122853
Hastel Tortilla Lavas 650 Gr 25 Cm,8691837700038,99.90,99.90,93354,https://iyas.com.tr/hastel-tortilla-lavas-650-gr-25-cm-93354-p-129651
Hastel Tortilla Lavas 850 Gr 30 Cm,8691837700045,129.00,99.90,93355,https://iyas.com.tr/hastel-tortilla-lavas-850-gr-30-cm-93355-p-129652
Hastel Tramisu Keki 280 Gr,8691837032009,119.00,49.90,65249,https://iyas.com.tr/hastel-tramisu-keki-280-gr-65249-p-114930
Hastel Yufka Baklavalik 800 Gr,8691837020013,119.00,99.90,13751,https://iyas.com.tr/hastel-yufka-baklavalik-800-gr-13751-p-138942
Hastel Yufkali Sarili Gul Kadayif Sade 350 Gr,8691837004259,119.00,99.90,50615,https://iyas.com.tr/hastel-yufkali-sarili-gul-kadayif-sade-350-gr-50615-p-138969
Hatun Hesitas Cikolatali Saray Helvasi 350 Gr,8684083140024,139.00,79.50,105904,https://iyas.com.tr/hatun-hesitas-cikolatali-saray-helvasi-350-gr-105904-p-597238
Hatun Hesitas Pismaniye 150 Gr,8684083140192,59.90,79.50,112239,https://iyas.com.tr/hatun-hesitas-pismaniye-150-gr-112239-p-597126
Havuc Seker Kilo,2209015,79.90,59.90,13754,https://iyas.com.tr/havuc-seker-kilo-13754-p-127194
Hazir Papia Decor Pecete 20li,8690536012176,49.90,369.90,13964,https://iyas.com.tr/hazir-papia-decor-pecete-20li-13964-p-144488
Hazir Papia Havlu 12 Li Decor,8690536010912,249.90,369.90,45745,https://iyas.com.tr/hazir-papia-havlu-12-li-decor-45745-p-114502
Hazir Papia Havlu 12li,8690536011001,249.90,369.90,33969,https://iyas.com.tr/hazir-papia-havlu-12li-33969-p-118002
Hazir Papia Havlu 250 Li Asmali Cek Al 3 Katli,8690536027392,159.90,139.90,114860,https://iyas.com.tr/hazir-papia-havlu-250-li-asmali-cek-al-3-katli-114860-p-597301
Hazir Papia Havlu 3 Lu,8690536011056,115.90,369.90,13966,https://iyas.com.tr/hazir-papia-havlu-3-lu-13966-p-114794
Hazir Papia Mendil,8690536013166,7.50,369.90,13974,https://iyas.com.tr/hazir-papia-mendil-13974-p-144425
Hazir Papia Mendil Platinium 125li Cek Al,8690536026548,44.90,369.90,103100,https://iyas.com.tr/hazir-papia-mendil-platinium-125li-cek-al-103100-p-584583
Hazir Papia Pecete 100li 2 Katli,8690536024810,79.90,369.90,95640,https://iyas.com.tr/hazir-papia-pecete-100li-2-katli-95640-p-134267
Hazir Papia Tuvalet Kagidi 32 Li,8690536010066,339.90,369.90,13980,https://iyas.com.tr/hazir-papia-tuvalet-kagidi-32-li-13980-p-114539
Hazir Papia Tuvalet Kagidi 32 Li Egzotik,8690536010844,339.90,369.90,62583,https://iyas.com.tr/hazir-papia-tuvalet-kagidi-32-li-egzotik-62583-p-144168
Hazir Teno Havlu 12li Cift Katli,8690536025015,129.90,109.90,98161,https://iyas.com.tr/hazir-teno-havlu-12li-cift-katli-98161-p-117728
Hazir Teno Havlu 6li,8690536025237,89.90,369.90,97478,https://iyas.com.tr/hazir-teno-havlu-6li-97478-p-130189
Hazir Teno Pecete 100 Luk,8690536012305,17.50,369.90,14173,https://iyas.com.tr/hazir-teno-pecete-100-luk-14173-p-122091
Hazir Teno Pecete 200 Luk,8690536012312,34.90,24.90,14174,https://iyas.com.tr/hazir-teno-pecete-200-luk-14174-p-122126
Hazir Teno Tuvalet Kagidi Cift Katli 32 Li,8690536024711,219.90,189.90,97982,https://iyas.com.tr/hazir-teno-tuvalet-kagidi-cift-katli-32-li-97982-p-147183
Hazir Teno Tuvalet Kagidi Cift Katli 32li Parfumlu,8690536023707,219.90,189.90,73079,https://iyas.com.tr/hazir-teno-tuvalet-kagidi-cift-katli-32li-parfumlu-73079-p-114487
Head Shoulders Derinlemesine Temiz Kasinti Giderici Sampuan 300 Ml,8700216079389,214.90,149.90,95107,https://iyas.com.tr/head-shoulders-derinlemesine-temiz-kasinti-giderici-sampuan-300-ml-95107-p-117372
Hediye Kart 1000,2183000549903,1000.00,500.00,101710,https://iyas.com.tr/hediye-kart-1000-101710-p-568321
Hediye Kart 2000,2183000555249,2000.00,500.00,114771,https://iyas.com.tr/hediye-kart-2000-114771-p-595880
Hediye Kart 500,2183000549880,500.00,1000.00,101712,https://iyas.com.tr/hediye-kart-500-101712-p-568322
Hediye Un 5 Kg,8695900100343,169.00,24.90,97474,https://iyas.com.tr/hediye-un-5-kg-97474-p-130185
Heinz Ketcap 375 Gr Acili,8696362805401,123.50,59.90,107795,https://iyas.com.tr/heinz-ketcap-375-gr-acili-107795-p-596494
Heinz Ketcap 700 Gr,87157260,184.00,59.90,56843,https://iyas.com.tr/heinz-ketcap-700-gr-56843-p-135840
Heinz Mayanez O Chipotle 225 Gr,8696362806088,210.00,59.90,108796,https://iyas.com.tr/heinz-mayanez-o-chipotle-225-gr-108796-p-596792
Heinz Mayanez O Pesto 225 Gr,8696362806101,210.00,59.90,108797,https://iyas.com.tr/heinz-mayanez-o-pesto-225-gr-108797-p-596496
Heinz Mayonez 330 Gr,8696362805197,182.00,59.90,99558,https://iyas.com.tr/heinz-mayonez-330-gr-99558-p-130486
Heinz Mayonez 420 Gr Light,8696362500405,232.50,59.90,84915,https://iyas.com.tr/heinz-mayonez-420-gr-light-84915-p-119350
Heinz Mayonez O Smoky 225 Gr,8696362806064,210.00,59.90,108795,https://iyas.com.tr/heinz-mayonez-o-smoky-225-gr-108795-p-596501
Heinz Mayonez O Truffle 220 Gr,8696362806040,234.00,59.90,108798,https://iyas.com.tr/heinz-mayonez-o-truffle-220-gr-108798-p-596468
Heinz Set Ketcap 375 Gr 330 Gr Mayonez,8696362805609,295.00,59.90,100114,https://iyas.com.tr/heinz-set-ketcap-375-gr-330-gr-mayonez-100114-p-583317
Heinz Sos Ranch 225 Gr,8696362805340,143.00,59.90,105739,https://iyas.com.tr/heinz-sos-ranch-225-gr-105739-p-586903
Hello Kity Kakaolu Draje 20 Gr,8682224007281,19.90,9.90,113212,https://iyas.com.tr/hello-kity-kakaolu-draje-20-gr-113212-p-596521
Hello Kity Kakaolu Stiks Cikolata 50 Gr,8682224007670,44.90,9.90,113208,https://iyas.com.tr/hello-kity-kakaolu-stiks-cikolata-50-gr-113208-p-596519
Hello Kity Surpriz Yumurta,8682224010694,45.00,9.90,115133,https://iyas.com.tr/hello-kity-surpriz-yumurta-115133-p-596686
Henna Sac Kinasi 10 Gr Siyah,8906043560117,94.90,149.90,115074,https://iyas.com.tr/henna-sac-kinasi-10-gr-siyah-115074-p-597217
Hero Baby 120 Gr Baby Armut An Sef,8681080595550,51.95,165.50,97864,https://iyas.com.tr/hero-baby-120-gr-baby-armut-an-sef-97864-p-142959
Hero Baby 120 Gr Sutlac,8690504558132,51.95,165.50,24624,https://iyas.com.tr/hero-baby-120-gr-sutlac-24624-p-143210
Hero Baby 120 Muzlu Yogurtlu,8690504556817,51.95,165.50,92518,https://iyas.com.tr/hero-baby-120-muzlu-yogurtlu-92518-p-146639
Hero Baby 200 Gr Baby Irmikbal,8681080599145,154.95,165.50,97866,https://iyas.com.tr/hero-baby-200-gr-baby-irmikbal-97866-p-142961
Hero Baby 200 Gr Baby Meyveli 8tahilli,8681080599152,154.95,165.50,97860,https://iyas.com.tr/hero-baby-200-gr-baby-meyveli-8tahilli-97860-p-142955
Hero Baby 200 Gr Baby Sut Elm 8 Tahil,8681080599183,154.95,165.50,98626,https://iyas.com.tr/hero-baby-200-gr-baby-sut-elm-8-tahil-98626-p-134562
Hero Baby Godies Cilekli Bar 30 Gr,8681080552515,44.95,9.90,104721,https://iyas.com.tr/hero-baby-godies-cilekli-bar-30-gr-104721-p-586685
Hero Baby Godies Findikli Bar 30 Gr,8681080552522,44.95,9.90,104719,https://iyas.com.tr/hero-baby-godies-findikli-bar-30-gr-104719-p-586684
Hero Baby Goodies 30 Gr Peynir,8681080555271,44.95,74.90,108164,https://iyas.com.tr/hero-baby-goodies-30-gr-peynir-108164-p-596489
Hero Baby Goodies 30 Gr Pizza Tadinda,8681080555288,44.95,74.90,108165,https://iyas.com.tr/hero-baby-goodies-30-gr-pizza-tadinda-108165-p-596502
Hero Baby Sutlu 8 Tahilli Peynirli Pekmezli Ek Gida 6 Ay 200 Gr,8681080599169,154.95,165.50,98258,https://iyas.com.tr/hero-baby-sutlu-8-tahilli-peynirli-pekmezli-ek-gida-6-ay-200-gr-98258-p-121862
Hero Godies Muzlu Bar 30 Gr,8681080552508,44.95,9.90,104720,https://iyas.com.tr/hero-godies-muzlu-bar-30-gr-104720-p-586678
Himalife Sofrada Ogutme Kaya Tuzu 190 Gr,8690292001957,69.90,29.95,84872,https://iyas.com.tr/himalife-sofrada-ogutme-kaya-tuzu-190-gr-84872-p-144683
Hindistan Cevizi Adet,2306021,149.90,119.90,13790,https://iyas.com.tr/hindistan-cevizi-adet-13790-p-123044
Hindistan Cevizi Taze Adet,2301603,229.90,209.90,106446,https://iyas.com.tr/hindistan-cevizi-taze-adet-106446-p-587311
Hipp 1 Organik Combiotic Bebek Sutu 600 Gr,4062300457386,959.90,229.90,106154,https://iyas.com.tr/hipp-1-organik-combiotic-bebek-sutu-600-gr-106154-p-595810
Hipp 3 Organik Combiotic Devam Sutu 350 Gr,4062300436152,629.90,229.90,106153,https://iyas.com.tr/hipp-3-organik-combiotic-devam-sutu-350-gr-106153-p-595788
Hipp Organik 100 Gr Cilekli Muzlu Elma Puresi 106160,,,,,https://iyas.com.tr/hipp-organik-100-gr-cilekli-muzlu-elma-puresi-106160-p-595822
Hipp Organik 100 Gr Mango Muz Seftali Puresi 109993,,,,,https://iyas.com.tr/hipp-organik-100-gr-mango-muz-seftali-puresi-109993-p-595814
Hipp Organik 125 Gr Armut Puresi,9062300116967,94.90,229.90,106171,https://iyas.com.tr/hipp-organik-125-gr-armut-puresi-106171-p-595792
Hipp Organik 125 Gr Armut Seftali Puresi,9062300000310,94.90,229.90,106167,https://iyas.com.tr/hipp-organik-125-gr-armut-seftali-puresi-106167-p-595787
Hipp Organik 125 Gr Erikli,9062300116950,94.90,229.90,106170,https://iyas.com.tr/hipp-organik-125-gr-erikli-106170-p-595794
Hipp Organik 125 Gr Havuc Puresi,9062300120186,89.90,229.90,106164,https://iyas.com.tr/hipp-organik-125-gr-havuc-puresi-106164-p-595825
Hipp Organik 125 Gr Kayisi Puresi,9062300116929,89.90,229.90,106168,https://iyas.com.tr/hipp-organik-125-gr-kayisi-puresi-106168-p-595791
Hipp Organik 125 Gr Sutlac,9062300126379,79.90,229.90,106172,https://iyas.com.tr/hipp-organik-125-gr-sutlac-106172-p-595795
Hobby 7x24 Onarici Bakim Sac Sekillendirici Krem Keratin 250 Ml,8690937010658,94.90,149.90,92961,https://iyas.com.tr/hobby-7x24-onarici-bakim-sac-sekillendirici-krem-keratin-250-ml-92961-p-138064
Hobby Bahar Cicegi Sivi Sabun 1 5 Lt,8690937012836,94.90,99.90,92967,https://iyas.com.tr/hobby-bahar-cicegi-sivi-sabun-1-5-lt-92967-p-138070
Hobby Dus Jeli 500 Ml Canlandirici Mevveler,8690937003605,69.90,99.90,92951,https://iyas.com.tr/hobby-dus-jeli-500-ml-canlandirici-mevveler-92951-p-138055
Hobby Dus Jeli 500 Ml Enerji Veren Meyveler,8690937013673,69.90,99.90,95703,https://iyas.com.tr/hobby-dus-jeli-500-ml-enerji-veren-meyveler-95703-p-138461
Hobby Jole 250 Ml Styleprotect Carbon,8690937015035,124.90,149.90,109355,https://iyas.com.tr/hobby-jole-250-ml-styleprotect-carbon-109355-p-597195
Hobby Jole 700 Ml Sert,8690937010726,109.90,149.90,91452,https://iyas.com.tr/hobby-jole-700-ml-sert-91452-p-116782
Hobby Krem 250 Ml Zeytinyagli,8690937015622,109.90,239.90,112744,https://iyas.com.tr/hobby-krem-250-ml-zeytinyagli-112744-p-597282
Hobby Losyon 400 Ml Avakado,8690937012607,129.90,119.90,92948,https://iyas.com.tr/hobby-losyon-400-ml-avakado-92948-p-121204
Hobby Mutfak Icin Koku Giderici Limonlu El Sabunu 400 Ml,8690937013178,39.90,99.90,95023,https://iyas.com.tr/hobby-mutfak-icin-koku-giderici-limonlu-el-sabunu-400-ml-95023-p-117286
Hobby Sac Sampuan Kivir 250 Ml,8690937010993,99.90,149.90,94003,https://iyas.com.tr/hobby-sac-sampuan-kivir-250-ml-94003-p-142450
Hobby Sampuan 1000 Ml Tuzsuz,8690937013857,169.90,149.90,101937,https://iyas.com.tr/hobby-sampuan-1000-ml-tuzsuz-101937-p-583662
Hobby Sampuan 500 Ml Argan Papatya,8690937014885,59.90,149.90,111592,https://iyas.com.tr/hobby-sampuan-500-ml-argan-papatya-111592-p-596902
Hobby Sampuan 500 Ml Limon,8690937014915,59.90,149.90,108853,https://iyas.com.tr/hobby-sampuan-500-ml-limon-108853-p-596997
Hobby Sivi Sabun 1500 Ml Orkide,8690937012843,94.90,99.90,92968,https://iyas.com.tr/hobby-sivi-sabun-1500-ml-orkide-92968-p-138071
Hobby Sivi Sabun 3000 Ml Natural Gul,8690937012966,119.90,99.90,93759,https://iyas.com.tr/hobby-sivi-sabun-3000-ml-natural-gul-93759-p-142414
Hobby Sivi Sabun 3000 Ml Natural Lavanta,8690937012959,119.90,99.90,93760,https://iyas.com.tr/hobby-sivi-sabun-3000-ml-natural-lavanta-93760-p-142415
Hobby Sivi Sabun 3000 Ml Natural Mandalina,8690937013604,119.90,99.90,101938,https://iyas.com.tr/hobby-sivi-sabun-3000-ml-natural-mandalina-101938-p-578721
Hobby Sivi Sabun 3000 Ml Natural Zeytinyagli,8690937012935,119.90,99.90,92976,https://iyas.com.tr/hobby-sivi-sabun-3000-ml-natural-zeytinyagli-92976-p-138078
Hobby Sivi Sabun 400 Ml Bahar Cicegi,8690937011709,39.90,99.90,92962,https://iyas.com.tr/hobby-sivi-sabun-400-ml-bahar-cicegi-92962-p-138065
Hobby Sivi Sabun 400 Ml Orkide,8690937011716,39.90,99.90,92963,https://iyas.com.tr/hobby-sivi-sabun-400-ml-orkide-92963-p-138066
Hobby Sivi Sabun Bogurtlen 1 5 Lt,8690937012867,94.90,99.90,92969,https://iyas.com.tr/hobby-sivi-sabun-bogurtlen-1-5-lt-92969-p-138072
Hobby Sivi Sabun Romantik 1 5 Lt,8690937012812,94.90,99.90,92966,https://iyas.com.tr/hobby-sivi-sabun-romantik-1-5-lt-92966-p-138069
Hobby Wax 100 Ml Sp Aqua Wax,8690937009898,159.90,149.90,92986,https://iyas.com.tr/hobby-wax-100-ml-sp-aqua-wax-92986-p-138087
Hobby Wax 100 Ml Sp Carbon Wax,8690937990523,159.90,149.90,92985,https://iyas.com.tr/hobby-wax-100-ml-sp-carbon-wax-92985-p-138086
Hobby Zeytin Ozlu Sivi Sabun 400 Ml,8690937011723,39.90,99.90,92965,https://iyas.com.tr/hobby-zeytin-ozlu-sivi-sabun-400-ml-92965-p-138068
Hobby Zeytinyagli Sivi Sabun 1500 Ml,8690937012850,94.90,99.90,92970,https://iyas.com.tr/hobby-zeytinyagli-sivi-sabun-1500-ml-92970-p-138073
Hs Sampuan 250 Ml Abs Klasik Bakim 1 1,8006530003872,129.90,99.90,110766,https://iyas.com.tr/hs-sampuan-250-ml-abs-klasik-bakim-1-1-110766-p-593923
Hs Sampuan 250 Ml Abs Mentol Ferahligi 1 1,8006530003926,129.90,99.90,110767,https://iyas.com.tr/hs-sampuan-250-ml-abs-mentol-ferahligi-1-1-110767-p-593922
Hs Sampuan 300 Ml Derinlemesine Deniz Min,8700216079471,214.90,149.90,95106,https://iyas.com.tr/hs-sampuan-300-ml-derinlemesine-deniz-min-95106-p-117371
Hs Sampuan 300 Ml Derinlemesine Limon,8700216079457,214.90,149.90,95104,https://iyas.com.tr/hs-sampuan-300-ml-derinlemesine-limon-95104-p-117369
Hs Sampuan 300 Ml Derma Yatistirici,8700216530521,269.90,149.90,114194,https://iyas.com.tr/hs-sampuan-300-ml-derma-yatistirici-114194-p-596862
Hs Sampuan 330 Ml Abs Besleyici Bakim 1 1,8700216258579,149.90,149.90,101449,https://iyas.com.tr/hs-sampuan-330-ml-abs-besleyici-bakim-1-1-101449-p-579499
Hs Sampuan 330 Ml Abs Derin Nemlendirici 1 1,8700216258487,149.90,149.90,101450,https://iyas.com.tr/hs-sampuan-330-ml-abs-derin-nemlendirici-1-1-101450-p-579489
Hs Sampuan 330 Ml Abs Dokulme Karsiti Erkek,8006530367202,149.90,149.90,115051,https://iyas.com.tr/hs-sampuan-330-ml-abs-dokulme-karsiti-erkek-115051-p-596942
Hs Sampuan 330 Ml Abs Dokulme Karsiti Kadin 1 1,8700216260053,149.90,149.90,101451,https://iyas.com.tr/hs-sampuan-330-ml-abs-dokulme-karsiti-kadin-1-1-101451-p-579490
Hs Sampuan 330 Ml Abs Extra Hacim 1 1,8700216259903,149.90,149.90,101452,https://iyas.com.tr/hs-sampuan-330-ml-abs-extra-hacim-1-1-101452-p-579492
Hs Sampuan 330 Ml Abs Kafein Etkisi 21,8700216258203,149.90,149.90,101458,https://iyas.com.tr/hs-sampuan-330-ml-abs-kafein-etkisi-21-101458-p-579482
Hs Sampuan 330 Ml Abs Klasik Bakim 1 1,8700216260008,149.90,149.90,101453,https://iyas.com.tr/hs-sampuan-330-ml-abs-klasik-bakim-1-1-101453-p-579497
Hs Sampuan 330 Ml Abs Limon Tazeligi 1 1,8700216259941,149.90,149.90,101454,https://iyas.com.tr/hs-sampuan-330-ml-abs-limon-tazeligi-1-1-101454-p-579484
Hs Sampuan 625 Ml Klasik Bakim 21,8700216677653,199.90,149.90,107241,https://iyas.com.tr/hs-sampuan-625-ml-klasik-bakim-21-107241-p-588576
Hs Sampuan 625 Ml Mentol Ferahligi 21,8700216677660,199.90,149.90,107242,https://iyas.com.tr/hs-sampuan-625-ml-mentol-ferahligi-21-107242-p-588575
Hs Sampuan 800 Ml Klasik Bakim 21,8700216657280,319.90,149.90,107244,https://iyas.com.tr/hs-sampuan-800-ml-klasik-bakim-21-107244-p-596872
Hs Sampuan Dermax 145 Ml Derma Sac Deri Canlandiran,8700216530835,269.90,149.90,112959,https://iyas.com.tr/hs-sampuan-dermax-145-ml-derma-sac-deri-canlandiran-112959-p-597023
Humus Dolgulu Falafel Durum 100 Gr,2183000550497,135.00,160.00,105873,https://iyas.com.tr/humus-dolgulu-falafel-durum-100-gr-105873-p-586601
Humus Dolgulu Falafel Durum Menu,2183000550459,150.00,160.00,105871,https://iyas.com.tr/humus-dolgulu-falafel-durum-menu-105871-p-586600
Humus Dolgulu Falafel Paket 400 Gr,2183000550473,350.00,160.00,105876,https://iyas.com.tr/humus-dolgulu-falafel-paket-400-gr-105876-p-586615
Humus Dolgulu Falafel Porsiyon 150 Gr,2183000550503,200.00,160.00,105875,https://iyas.com.tr/humus-dolgulu-falafel-porsiyon-150-gr-105875-p-586602
Hunca Sampuan 485 Ml Biberiyeyulaf,8684254002526,89.90,54.90,114698,https://iyas.com.tr/hunca-sampuan-485-ml-biberiyeyulaf-114698-p-596910
Hunca Sampuan 485 Ml Bitkisel Kompleks,8684254002489,89.90,54.90,114696,https://iyas.com.tr/hunca-sampuan-485-ml-bitkisel-kompleks-114696-p-596909
Hunca Sampuan 485 Ml Bittimcorek Otu,8684254002496,89.90,54.90,114694,https://iyas.com.tr/hunca-sampuan-485-ml-bittimcorek-otu-114694-p-596866
Hunca Sampuan 485 Ml Isirgan Otu,8684254002502,89.90,54.90,114699,https://iyas.com.tr/hunca-sampuan-485-ml-isirgan-otu-114699-p-596838
Hunca Sampuan 485 Ml Keratin,8684254002533,89.90,54.90,114695,https://iyas.com.tr/hunca-sampuan-485-ml-keratin-114695-p-596952
Hunca Sampuan 485 Ml Zeytinargan,8684254002519,89.90,54.90,114697,https://iyas.com.tr/hunca-sampuan-485-ml-zeytinargan-114697-p-596907
Hunnap Keciboynuzu Ozu 500 Ml,8681161101601,179.00,249.00,84921,https://iyas.com.tr/hunnap-keciboynuzu-ozu-500-ml-84921-p-115193
Hydra Boya Seti,8697888011284,99.90,149.90,95280,https://iyas.com.tr/hydra-boya-seti-95280-p-125683
Ice Break 375 Ml Latte Vanilyali,8692971435794,59.90,89.50,108925,https://iyas.com.tr/ice-break-375-ml-latte-vanilyali-108925-p-596772
Icim 11 Visne Icecek,8680205472394,59.90,99.90,96658,https://iyas.com.tr/icim-11-visne-icecek-96658-p-134387
Icim Alpella 180 Ml Cikolata Sut,8692971024158,17.90,49.90,2461,https://iyas.com.tr/icim-alpella-180-ml-cikolata-sut-2461-p-135693
Icim Alpella Puding Cikolata 100 Gr,8690504463931,21.90,19.90,2482,https://iyas.com.tr/icim-alpella-puding-cikolata-100-gr-2482-p-126970
Icim Ayran 1000 Ml,8690504420712,54.90,99.90,24723,https://iyas.com.tr/icim-ayran-1000-ml-24723-p-122836
Icim Ayran 170 Ml,8692971020709,12.45,99.90,24655,https://iyas.com.tr/icim-ayran-170-ml-24655-p-144908
Icim Dolcia 4x60 Gr Cikolatali,8692971473796,44.90,49.90,59553,https://iyas.com.tr/icim-dolcia-4x60-gr-cikolatali-59553-p-119542
Icim Dolcia 4x60 Gr Cilek,8692971473826,44.90,49.90,59551,https://iyas.com.tr/icim-dolcia-4x60-gr-cilek-59551-p-126969
Icim Dolcia 4x60 Gr Muz,8692971473819,44.90,49.90,59552,https://iyas.com.tr/icim-dolcia-4x60-gr-muz-59552-p-132671
Icim Geleneksel Tereyagi 400 Gr,8692971440422,389.00,599.00,79845,https://iyas.com.tr/icim-geleneksel-tereyagi-400-gr-79845-p-144459
Icim Icimino 6x45 Gr Buyume Kupu Elma Kay,8692971478241,49.90,139.00,68413,https://iyas.com.tr/icim-icimino-6x45-gr-buyume-kupu-elma-kay-68413-p-122844
Icim Icimino 6x45 Gr Buyume Kupu Muzlu,8692971478371,49.90,139.00,65376,https://iyas.com.tr/icim-icimino-6x45-gr-buyume-kupu-muzlu-65376-p-122837
Icim Icimino Sut 180 Ml Cilek,8692971478814,15.90,49.90,80865,https://iyas.com.tr/icim-icimino-sut-180-ml-cilek-80865-p-132056
Icim Icimino Sut 180 Ml Kakaolu,8692971478791,15.90,49.90,84358,https://iyas.com.tr/icim-icimino-sut-180-ml-kakaolu-84358-p-144690
Icim Icimino Sut 180 Ml Muz,8692971478821,15.90,49.90,84190,https://iyas.com.tr/icim-icimino-sut-180-ml-muz-84190-p-144677
Icim Kasar 400 Gr,8690504432227,229.00,379.00,24681,https://iyas.com.tr/icim-kasar-400-gr-24681-p-143956
Icim Kasar 600 Gr,8692971433264,299.00,379.00,72079,https://iyas.com.tr/icim-kasar-600-gr-72079-p-139751
Icim Kayisi Meyveli Icecek,8697520472435,59.90,99.90,96656,https://iyas.com.tr/icim-kayisi-meyveli-icecek-96656-p-134385
Icim Krem Peynir 180 Gr,8692971431840,69.90,379.00,40417,https://iyas.com.tr/icim-krem-peynir-180-gr-40417-p-143957
Icim Labne 400 Gr Peynir,8692971434407,139.00,379.00,58317,https://iyas.com.tr/icim-labne-400-gr-peynir-58317-p-119191
Icim Labne Peyniri 3180 Gr,8692971434445,189.00,379.00,96483,https://iyas.com.tr/icim-labne-peyniri-3180-gr-96483-p-130097
Icim Meyve Suyu 11 Ananas Icecek,8697520471919,59.90,99.90,76061,https://iyas.com.tr/icim-meyve-suyu-11-ananas-icecek-76061-p-135223
Icim Meyve Suyu 11 Karisik Nekt,8692971071701,59.90,99.90,2290,https://iyas.com.tr/icim-meyve-suyu-11-karisik-nekt-2290-p-122695
Icim Meyve Suyu 15 Karisik Nekt,8692971071718,15.90,99.90,2317,https://iyas.com.tr/icim-meyve-suyu-15-karisik-nekt-2317-p-118355
Icim Meyve Suyu 15 Kayisi Nektar,8692971071619,15.90,99.90,2316,https://iyas.com.tr/icim-meyve-suyu-15-kayisi-nektar-2316-p-122673
Icim Meyve Suyu 15 Seftali Nekt,8692971071510,15.90,99.90,2315,https://iyas.com.tr/icim-meyve-suyu-15-seftali-nekt-2315-p-122692
Icim Meyve Suyu 15 Visne Nektari,8680205472387,15.90,99.90,96657,https://iyas.com.tr/icim-meyve-suyu-15-visne-nektari-96657-p-134386
Icim Sef Peynirli Kremali Yemek Sosu 200 Ml,8692971441641,54.90,59.90,100088,https://iyas.com.tr/icim-sef-peynirli-kremali-yemek-sosu-200-ml-100088-p-582102
Icim Sef Yemeklik Krema 200 Ml,8692971441535,54.90,599.00,77932,https://iyas.com.tr/icim-sef-yemeklik-krema-200-ml-77932-p-123718
Icim Sut 1000 Gr Yarim Yagli,8692971413075,54.90,49.90,46536,https://iyas.com.tr/icim-sut-1000-gr-yarim-yagli-46536-p-135686
Icim Sut Fit 400 Ml Cilekli,8692971435626,59.90,49.90,105021,https://iyas.com.tr/icim-sut-fit-400-ml-cilekli-105021-p-587134
Icim Sut Fit 400 Ml Kahveli,8692971435664,59.90,445.00,105930,https://iyas.com.tr/icim-sut-fit-400-ml-kahveli-105930-p-586950
Icim Suzme 250 Gr Peynir,8692971433554,79.90,379.00,54970,https://iyas.com.tr/icim-suzme-250-gr-peynir-54970-p-139760
Icim Suzme 900 Gr Peynir,8692971434261,249.00,379.00,72078,https://iyas.com.tr/icim-suzme-900-gr-peynir-72078-p-139763
Icim Tereyag 1000 Gr Folyo,8690504024651,839.00,599.00,24714,https://iyas.com.tr/icim-tereyag-1000-gr-folyo-24714-p-119161
Icim Tereyag 500 Gr Folyo,8692971024684,419.00,599.00,24718,https://iyas.com.tr/icim-tereyag-500-gr-folyo-24718-p-144457
Icim Tost Peyniri 600 Gr,8692971432922,279.00,379.00,85803,https://iyas.com.tr/icim-tost-peyniri-600-gr-85803-p-144769
Icim Ucgen 100 Gr Peynir,8692971435022,44.90,379.00,97867,https://iyas.com.tr/icim-ucgen-100-gr-peynir-97867-p-142962
Iffs 250 Gr Karisik Frenk Uzum,8684402565101,199.00,129.90,110600,https://iyas.com.tr/iffs-250-gr-karisik-frenk-uzum-110600-p-597091
Iffs 350 Gr Dilimli Cilek,8683767635672,219.00,124.90,110596,https://iyas.com.tr/iffs-350-gr-dilimli-cilek-110596-p-597093
Iffs 350 Gr Orman Meyveleri,8684278027383,199.00,729.00,110599,https://iyas.com.tr/iffs-350-gr-orman-meyveleri-110599-p-597092
Iffs 350 Gr Yaban Mersini,8683767635689,199.00,729.00,110597,https://iyas.com.tr/iffs-350-gr-yaban-mersini-110597-p-597087
Iffs Cikolata Kapli 112 Gr Hazir Cevizli Orman Meyvesi,8684402565644,159.00,30.00,112950,https://iyas.com.tr/iffs-cikolata-kapli-112-gr-hazir-cevizli-orman-meyvesi-112950-p-596445
Iffs Exotic Nar Suyu 1 Lt,8695523290124,259.00,99.90,112948,https://iyas.com.tr/iffs-exotic-nar-suyu-1-lt-112948-p-597088
Iffs Exotic Portakal Suyu 1lt,8695523290025,219.00,99.90,112947,https://iyas.com.tr/iffs-exotic-portakal-suyu-1lt-112947-p-597086
Ikili Pizza Menu 2 Adet Orta Boy Pizza 1 Litre Kola,2183000551302,650.00,290.00,106249,https://iyas.com.tr/ikili-pizza-menu-2-adet-orta-boy-pizza-1-litre-kola-106249-p-586878
Indo Mie Gurme Noodles 80 Gr Aci Baharatli,8680908020083,26.50,28.90,85719,https://iyas.com.tr/indo-mie-gurme-noodles-80-gr-aci-baharatli-85719-p-123606
Indo Mie Gurme Noodles 80 Gr Soya Soslu,8680908020113,26.50,28.90,85718,https://iyas.com.tr/indo-mie-gurme-noodles-80-gr-soya-soslu-85718-p-123605
Indo Mie Noodles 5 Li 5x70 Gr Korili,8680908029017,85.00,65.00,92350,https://iyas.com.tr/indo-mie-noodles-5-li-5x70-gr-korili-92350-p-129530
Indo Mie Noodles 5 Li 5x70 Gr Sebzeli,8680908029031,85.00,65.00,92349,https://iyas.com.tr/indo-mie-noodles-5-li-5x70-gr-sebzeli-92349-p-129529
Indo Mie Noodles 5 Li 5x70 Gr Spesiyal,8680908029024,85.00,65.00,92351,https://iyas.com.tr/indo-mie-noodles-5-li-5x70-gr-spesiyal-92351-p-129531
Indo Mie Noodles 5 Li 5x70 Gr Tavuklu,8680908029000,85.00,65.00,92348,https://iyas.com.tr/indo-mie-noodles-5-li-5x70-gr-tavuklu-92348-p-129528
Indo Mie Noodles 70 Gr Tavuklu,8680908020007,19.75,28.90,98541,https://iyas.com.tr/indo-mie-noodles-70-gr-tavuklu-98541-p-130361
Indo Mie Noodles 75 Gr Sebzeli,8680908020038,19.75,28.90,98540,https://iyas.com.tr/indo-mie-noodles-75-gr-sebzeli-98540-p-130360
Indo Mie Noodles Bardak 60 Gr Dana Etli,89686122046,40.00,28.90,56259,https://iyas.com.tr/indo-mie-noodles-bardak-60-gr-dana-etli-56259-p-139580
Indo Mie Noodles Bardak 60 Gr Korili,8680908021011,40.00,28.90,56258,https://iyas.com.tr/indo-mie-noodles-bardak-60-gr-korili-56258-p-135466
Indo Mie Noodles Bardak 60 Gr Sebzeli,8680908021035,40.00,28.90,56260,https://iyas.com.tr/indo-mie-noodles-bardak-60-gr-sebzeli-56260-p-139593
Indo Mie Noodles Bardak 60 Gr Tavuklu,8680908021004,40.00,28.90,56257,https://iyas.com.tr/indo-mie-noodles-bardak-60-gr-tavuklu-56257-p-139592
Ipek Hidrofil Disk Pamuk 70li,8691275000196,32.90,29.90,15094,https://iyas.com.tr/ipek-hidrofil-disk-pamuk-70li-15094-p-113958
Ipek Kulak Cubugu 100li,8691275000219,29.90,32.90,15099,https://iyas.com.tr/ipek-kulak-cubugu-100li-15099-p-118138
Ipek Kulak Cubugu 200li 704 Dikdo,8691275000271,39.90,32.90,15100,https://iyas.com.tr/ipek-kulak-cubugu-200li-704-dikdo-15100-p-140384
Ipek Kulak Cubugu 60li Bebek 92815,,,,,https://iyas.com.tr/ipek-kulak-cubugu-60li-bebek-92815-p-117135
Ipek Sampuan 480 Ml Gul Ozuuv Filtresi Boyali Sacla,3600551152462,59.90,149.90,101415,https://iyas.com.tr/ipek-sampuan-480-ml-gul-ozuuv-filtresi-boyali-sacla-101415-p-569248
Ipek Sampuan 480 Ml Kepek Ve Dokulmeye Karsi,3600551057958,59.90,149.90,110506,https://iyas.com.tr/ipek-sampuan-480-ml-kepek-ve-dokulmeye-karsi-110506-p-596940
Ipek Sampuan 480 Ml Mentol Tum Saclar,3600551152400,59.90,149.90,100693,https://iyas.com.tr/ipek-sampuan-480-ml-mentol-tum-saclar-100693-p-579425
Irem Durum Ekmegi 15 Cm 12 Li,8697418280180,79.90,28.90,61913,https://iyas.com.tr/irem-durum-ekmegi-15-cm-12-li-61913-p-135458
Ispanak Yerli Kilo,2209043,79.90,25.00,15216,https://iyas.com.tr/ispanak-yerli-kilo-15216-p-122095
Ivrindi Deodorant 150 Ml 55 Ml Edt,8690973040879,499.90,149.90,100941,https://iyas.com.tr/ivrindi-deodorant-150-ml-55-ml-edt-100941-p-569157
Ivrindi Deodorant 150 Ml,8690973050557,89.90,149.90,6922,https://iyas.com.tr/ivrindi-deodorant-150-ml-6922-p-134941
Ixir Bayram Bayan Acik Parfum 50 Ml,8681655400005,69.90,49.90,92703,https://iyas.com.tr/ixir-bayram-bayan-acik-parfum-50-ml-92703-p-133812
Iyas Dana Bobrek Acik Kilo,2204023,99.90,795.00,26740,https://iyas.com.tr/iyas-dana-bobrek-acik-kilo-26740-p-114764
Iyas Dana Ic Yag Kilo,2209823,245.00,895.00,39222,https://iyas.com.tr/iyas-dana-ic-yag-kilo-39222-p-144524
Iyas Kebap,2183000551050,870.00,290.00,99673,https://iyas.com.tr/iyas-kebap-99673-p-134716
Iyas Ramazan Paketi Karton Bos Koli,2183000530659,37.50,79.50,75727,https://iyas.com.tr/iyas-ramazan-paketi-karton-bos-koli-75727-p-131911
Iyas Toz Seker 3 Kg,2066110700023,142.50,66.00,15424,https://iyas.com.tr/iyas-toz-seker-3-kg-15424-p-143637
Iyas Yumurta 30 Lu Duble,8680771496824,159.00,155.00,115192,https://iyas.com.tr/iyas-yumurta-30-lu-duble-115192-p-596281
Izgara Kofte,2183000551067,440.00,290.00,99678,https://iyas.com.tr/izgara-kofte-99678-p-134721
Jacobs Filtre Kahve Monarch 250 Gr,8711000532607,399.50,89.50,81260,https://iyas.com.tr/jacobs-filtre-kahve-monarch-250-gr-81260-p-144550
Jacobs Gold 3u1 Arada 18 Gr Yogun Lezzet 10 Lu Pkt,8714599610527,173.50,119.50,86036,https://iyas.com.tr/jacobs-gold-3u1-arada-18-gr-yogun-lezzet-10-lu-pkt-86036-p-127838
Jacobs Gold 3u1 Arada 18 Gr Yogun Lezzet,8714599610480,18.00,89.50,99181,https://iyas.com.tr/jacobs-gold-3u1-arada-18-gr-yogun-lezzet-99181-p-117856
Jacobs Gold 3u1 Arada 18 Gr Yumusak Lezzet 10 Lu Paket,8714599610596,173.50,119.50,86037,https://iyas.com.tr/jacobs-gold-3u1-arada-18-gr-yumusak-lezzet-10-lu-paket-86037-p-127839
Jacobs Gold 3u1 Arada 18 Gr Yumusak Lezzet,8714599610558,18.00,89.50,99182,https://iyas.com.tr/jacobs-gold-3u1-arada-18-gr-yumusak-lezzet-99182-p-117857
Jacobs Monarch Gold 100 Gr Cam,8711000532515,399.90,249.90,114597,https://iyas.com.tr/jacobs-monarch-gold-100-gr-cam-114597-p-596683
Jacobs Monarch Gold Stick 2 Gr,8711000551585,15.00,89.50,99183,https://iyas.com.tr/jacobs-monarch-gold-stick-2-gr-99183-p-117858
Jacobs Soguk Kahve 250 Ml Latte,8711000582107,79.90,89.50,114595,https://iyas.com.tr/jacobs-soguk-kahve-250-ml-latte-114595-p-596661
Jacobs Tekli 2in1 Mix 10 5 Gr,8711000673195,11.00,89.50,95595,https://iyas.com.tr/jacobs-tekli-2in1-mix-10-5-gr-95595-p-134222
Jacobs Tekli 3u1 Arada 16 Gr,8690515525123,11.00,89.50,81253,https://iyas.com.tr/jacobs-tekli-3u1-arada-16-gr-81253-p-144554
Jagler 50 Ml Roll On Black,8684254001291,89.90,149.90,107615,https://iyas.com.tr/jagler-50-ml-roll-on-black-107615-p-596957
Jagler Deodorant 150 Ml Erk Storm,8684254001192,89.90,149.90,102516,https://iyas.com.tr/jagler-deodorant-150-ml-erk-storm-102516-p-583378
Jagler Deodorant 150 Ml Men Enerji,8684254000911,89.90,149.90,100955,https://iyas.com.tr/jagler-deodorant-150-ml-men-enerji-100955-p-569118
Jagler Deodorant 50 Ml Men Classic,8684254001154,89.90,149.90,100958,https://iyas.com.tr/jagler-deodorant-50-ml-men-classic-100958-p-569207
Jagler Roll On 50 Ml Men Storm,8690973507969,89.90,149.90,99773,https://iyas.com.tr/jagler-roll-on-50-ml-men-storm-99773-p-147499
Jagler Roll On Formen Extreme 50 Ml,8684254000843,89.90,149.90,100953,https://iyas.com.tr/jagler-roll-on-formen-extreme-50-ml-100953-p-579068
Jagler Set Bayan 60 Ml Edt 150 Ml Deodorant Pearl,8684254001635,449.90,149.90,102276,https://iyas.com.tr/jagler-set-bayan-60-ml-edt-150-ml-deodorant-pearl-102276-p-569155
Jagler Set Byn 60 Ml Edt 150 Ml Deo Gold,8684254001024,449.90,149.90,102275,https://iyas.com.tr/jagler-set-byn-60-ml-edt-150-ml-deo-gold-102275-p-569162
Jj Baby Isildayan Par Serisi Sampuan 750 Ml,3574669907255,299.00,149.90,98671,https://iyas.com.tr/jj-baby-isildayan-par-serisi-sampuan-750-ml-98671-p-134607
Jj Baby Kulak Temizlik Cubugu 100li,5000207582502,49.90,32.90,97486,https://iyas.com.tr/jj-baby-kulak-temizlik-cubugu-100li-97486-p-130197
Jj Baby Kulak Temizlik Cubugu 200li,5000207584506,74.90,32.90,97487,https://iyas.com.tr/jj-baby-kulak-temizlik-cubugu-200li-97487-p-130198
Jj Baby Sampuan 750 Ml Sam 200 Ml,3574661531748,199.00,59.90,98919,https://iyas.com.tr/jj-baby-sampuan-750-ml-sam-200-ml-98919-p-143121
Jj Baby Sampuan 750 Ml Yag 200 Ml,3574661203027,199.00,149.90,63660,https://iyas.com.tr/jj-baby-sampuan-750-ml-yag-200-ml-63660-p-119106
Jj Baby Soz Dinleyen Sac Sprey 200 Ml,3574669909877,139.90,149.90,98858,https://iyas.com.tr/jj-baby-soz-dinleyen-sac-sprey-200-ml-98858-p-143060
Jj Baby Tampon Normal,3574661626093,139.90,179.90,97496,https://iyas.com.tr/jj-baby-tampon-normal-97496-p-130207
Jj Baby Vazelin 100 Ml Hafif Parfumlu,6003001030780,99.90,239.90,102648,https://iyas.com.tr/jj-baby-vazelin-100-ml-hafif-parfumlu-102648-p-584898
Jj Baby Vucut Sampuani 500 Ml,3574669908528,139.90,149.90,75555,https://iyas.com.tr/jj-baby-vucut-sampuani-500-ml-75555-p-119113
Jj Baby Yag 500 Ml,3574661631301,249.90,139.90,84724,https://iyas.com.tr/jj-baby-yag-500-ml-84724-p-144711
Jj Vazelin Parfumsuz 100 Ml,6003001030278,99.90,239.90,73903,https://iyas.com.tr/jj-vazelin-parfumsuz-100-ml-73903-p-123205
Jjj Baby Sampuan 750 Ml,3574669907408,199.00,149.90,74984,https://iyas.com.tr/jjj-baby-sampuan-750-ml-74984-p-139256
Jjj Baby Tampon Pro Comfort Mini,3574661627007,139.90,179.90,98494,https://iyas.com.tr/jjj-baby-tampon-pro-comfort-mini-98494-p-130314
Jjj Baby Tampon Pro Comfort Mini Organik,3574661732589,169.90,179.90,95229,https://iyas.com.tr/jjj-baby-tampon-pro-comfort-mini-organik-95229-p-121520
Johnson S 400 Ml Dus Jeli Vita Rich Ahududu Ozlu,3574661753621,149.90,99.90,94779,https://iyas.com.tr/johnson-s-400-ml-dus-jeli-vita-rich-ahududu-ozlu-94779-p-142565
Johnson S 400 Ml Dus Jeli Vita Rich Nar Cicegi Ca,3574661753614,149.90,99.90,94782,https://iyas.com.tr/johnson-s-400-ml-dus-jeli-vita-rich-nar-cicegi-ca-94782-p-142568
Johnson S 400 Ml Dus Jeli Vita Rich Papaya Ozlu,3574661753607,149.90,99.90,94780,https://iyas.com.tr/johnson-s-400-ml-dus-jeli-vita-rich-papaya-ozlu-94780-p-142566
Johnson S 400 Ml Makyaj Temizleme Gul Suyu,3574661746531,149.90,239.90,95019,https://iyas.com.tr/johnson-s-400-ml-makyaj-temizleme-gul-suyu-95019-p-117283
Johnson S Baby Isildayan Parserkoltarama 200 Ml,3574669909792,129.90,149.90,98672,https://iyas.com.tr/johnson-s-baby-isildayan-parserkoltarama-200-ml-98672-p-134608
Johnson S Baby Sabun 90 Gr Bedtime,3574661642895,39.90,149.90,97490,https://iyas.com.tr/johnson-s-baby-sabun-90-gr-bedtime-97490-p-130201
Johnson S Baby Tampon Pro Comfort Super 5189,3574660234503,139.90,179.90,98019,https://iyas.com.tr/johnson-s-baby-tampon-pro-comfort-super-5189-98019-p-147220
Johnson S Bebek Nemlendirici Jel Yag 200 Ml,3574661693408,199.90,149.90,93302,https://iyas.com.tr/johnson-s-bebek-nemlendirici-jel-yag-200-ml-93302-p-125470
Jungle Cat Anti Hairball Multivit Kedi Mac 75 Ml,8682631204501,129.90,99.90,96543,https://iyas.com.tr/jungle-cat-anti-hairball-multivit-kedi-mac-75-ml-96543-p-134272
Jungle Cat Immune Skin Support Kedi Macunu 75 Ml,8682631204518,129.90,99.90,96544,https://iyas.com.tr/jungle-cat-immune-skin-support-kedi-macunu-75-ml-96544-p-134273
Jungle Crunch 60 Gr Kedi Odul Deri Ve Tuy Bakimi,8682631202965,69.90,99.90,92509,https://iyas.com.tr/jungle-crunch-60-gr-kedi-odul-deri-ve-tuy-bakimi-92509-p-129637
Jungle Crunch 60 Gr Kedi Odul Guclu Kemikler,8682631202934,69.90,99.90,92729,https://iyas.com.tr/jungle-crunch-60-gr-kedi-odul-guclu-kemikler-92729-p-146559
Jungle Crunch 60 Gr Kedi Odul Tuy Yumagi Kontrolu,8682631202941,69.90,99.90,92511,https://iyas.com.tr/jungle-crunch-60-gr-kedi-odul-tuy-yumagi-kontrolu-92511-p-129639
Jungle Crunch 60 Gr Kedi Odul Yaslanma Karsiti,8682631202958,69.90,99.90,92510,https://iyas.com.tr/jungle-crunch-60-gr-kedi-odul-yaslanma-karsiti-92510-p-129638
Jungle Kedi 4x100 Gr Pouch Kisir Kedi Somon Biftek,8682631204723,129.90,99.90,102750,https://iyas.com.tr/jungle-kedi-4x100-gr-pouch-kisir-kedi-somon-biftek-102750-p-582773
Jungle Kedi Kons 415 Gr Biftekli,8681299602322,99.90,99.90,77531,https://iyas.com.tr/jungle-kedi-kons-415-gr-biftekli-77531-p-135622
Jungle Kedi Kons 415 Gr Kuzu Etli Sebze,8681299602353,99.90,99.90,77534,https://iyas.com.tr/jungle-kedi-kons-415-gr-kuzu-etli-sebze-77534-p-135625
Jungle Kedi Kons 415 Gr Somon Karidesli,8681299602339,99.90,99.90,77532,https://iyas.com.tr/jungle-kedi-kons-415-gr-somon-karidesli-77532-p-135623
Jungle Kedi Kons 415 Gr Tavuklu Sebze,8681299602315,99.90,99.90,77530,https://iyas.com.tr/jungle-kedi-kons-415-gr-tavuklu-sebze-77530-p-135621
Jungle Kedi Kons 415 Gr Ton Balikli,8681299602346,99.90,99.90,77533,https://iyas.com.tr/jungle-kedi-kons-415-gr-ton-balikli-77533-p-135624
Jungle Kedi Kons 415 Gr Yavru Kedi,8682631203955,99.90,99.90,99541,https://iyas.com.tr/jungle-kedi-kons-415-gr-yavru-kedi-99541-p-130469
Jungle Kedi Kumu 5 Lt Naturel,8681299605736,144.90,99.90,78407,https://iyas.com.tr/jungle-kedi-kumu-5-lt-naturel-78407-p-115137
Jungle Kedi Kumu 5 Lt Pudra Kokulu,8681299606702,139.90,99.90,95824,https://iyas.com.tr/jungle-kedi-kumu-5-lt-pudra-kokulu-95824-p-142714
Jungle Kedi Mamasi 1500 Gr Kisir Somonlu,8681299602032,429.90,99.90,92499,https://iyas.com.tr/jungle-kedi-mamasi-1500-gr-kisir-somonlu-92499-p-129628
Jungle Kedi Mamasi 1500 Gr Kuzu Etli Yetisikin,8681299603626,429.90,99.90,92501,https://iyas.com.tr/jungle-kedi-mamasi-1500-gr-kuzu-etli-yetisikin-92501-p-129630
Jungle Kedi Mamasi 1500 Gr Tavuklu Balikli Yetskin,8681299602049,429.90,99.90,92500,https://iyas.com.tr/jungle-kedi-mamasi-1500-gr-tavuklu-balikli-yetskin-92500-p-129629
Jungle Kedi Mamasi 1500 Gr Yavru Tavuklu,8681299603619,429.90,99.90,81117,https://iyas.com.tr/jungle-kedi-mamasi-1500-gr-yavru-tavuklu-81117-p-115133
Jungle Kedi Mamasi 500 Gr Balikli Yetiskin,8681299601875,149.90,99.90,77517,https://iyas.com.tr/jungle-kedi-mamasi-500-gr-balikli-yetiskin-77517-p-135608
Jungle Kedi Mamasi 500 Gr Kuzu Etli Yet,8681299602544,149.90,99.90,77518,https://iyas.com.tr/jungle-kedi-mamasi-500-gr-kuzu-etli-yet-77518-p-135609
Jungle Kedi Mamasi 500 Gr Somonlu Kisir,8681299601851,149.90,99.90,77516,https://iyas.com.tr/jungle-kedi-mamasi-500-gr-somonlu-kisir-77516-p-135607
Jungle Kedi Mamasi 500 Gr Yavru Tavuklu,8681299602537,149.90,99.90,77515,https://iyas.com.tr/jungle-kedi-mamasi-500-gr-yavru-tavuklu-77515-p-135603
Jungle Kedi Meat Paste Et Ezmesi Ordek 90 Gr,8682631204686,99.90,99.90,96542,https://iyas.com.tr/jungle-kedi-meat-paste-et-ezmesi-ordek-90-gr-96542-p-134271
Jungle Kedi Meat Paste Et Ezmesi Somon 90 Gr,8682631204693,99.90,99.90,96541,https://iyas.com.tr/jungle-kedi-meat-paste-et-ezmesi-somon-90-gr-96541-p-130154
Jungle Kedi Odul Kremasi Karidesli 70 Gr,8682631201159,89.90,99.90,92508,https://iyas.com.tr/jungle-kedi-odul-kremasi-karidesli-70-gr-92508-p-129636
Jungle Kedi Odul Kremasi Somonlu 70 Gr,8682631201142,89.90,99.90,92507,https://iyas.com.tr/jungle-kedi-odul-kremasi-somonlu-70-gr-92507-p-129635
Jungle Kedi Pouch 100 Gr Yetiskin Dana Etli,8681299031115,37.50,99.90,92502,https://iyas.com.tr/jungle-kedi-pouch-100-gr-yetiskin-dana-etli-92502-p-129631
Jungle Kedi Pouch 100 Gr Yetiskin Tavuk,8681299031108,37.50,99.90,80450,https://iyas.com.tr/jungle-kedi-pouch-100-gr-yetiskin-tavuk-80450-p-115132
Jungle Kedi Pouch Mama 100 Gr Kisir Dana Etli,8681299601394,37.50,99.90,79386,https://iyas.com.tr/jungle-kedi-pouch-mama-100-gr-kisir-dana-etli-79386-p-115135
Jungle Kedi Pouch Mama 100 Gr Kisir Tavuklu,8681299600038,37.50,99.90,77520,https://iyas.com.tr/jungle-kedi-pouch-mama-100-gr-kisir-tavuklu-77520-p-135611
Jungle Kedi Pouch Mama 100 Gr Yav Tavuklu,8681299600021,37.50,99.90,77519,https://iyas.com.tr/jungle-kedi-pouch-mama-100-gr-yav-tavuklu-77519-p-135610
Jungle Kedi Pouch Mama 100 Gr Yet Somon,8681299013906,37.50,99.90,77521,https://iyas.com.tr/jungle-kedi-pouch-mama-100-gr-yet-somon-77521-p-135612
Jungle Kedi Pure Mama 100 Gr Sutlu Tavuklu,8681299605668,64.90,99.90,77523,https://iyas.com.tr/jungle-kedi-pure-mama-100-gr-sutlu-tavuklu-77523-p-135614
Jungle Kedi Pure Mama 100 Gr Yet Dana Etli,8681299602445,64.90,99.90,77525,https://iyas.com.tr/jungle-kedi-pure-mama-100-gr-yet-dana-etli-77525-p-135616
Jungle Kedi Pure Mama 100 Gr Yet Kedi Somon,8681299602469,64.90,99.90,77527,https://iyas.com.tr/jungle-kedi-pure-mama-100-gr-yet-kedi-somon-77527-p-135618
Jungle Kedi Sevgi Mamasi 100 Gr,8681299602018,32.50,99.90,77514,https://iyas.com.tr/jungle-kedi-sevgi-mamasi-100-gr-77514-p-135602
Jungle Kopek Junior Mix Biskuvi 150 Gr Bones,8682631205324,99.90,99.90,102756,https://iyas.com.tr/jungle-kopek-junior-mix-biskuvi-150-gr-bones-102756-p-581584
Jungle Kopek Kons 415 Gr Biftekli Sebzeli,8681299602377,99.90,99.90,77536,https://iyas.com.tr/jungle-kopek-kons-415-gr-biftekli-sebzeli-77536-p-135627
Jungle Kopek Kons 415 Gr Kuzu Etli Av Hayv,8681299602360,99.90,99.90,77535,https://iyas.com.tr/jungle-kopek-kons-415-gr-kuzu-etli-av-hayv-77535-p-135626
Jungle Kopek Lower Mix Biskuvi 150 Gr Bites,8682631205331,99.90,99.90,102757,https://iyas.com.tr/jungle-kopek-lower-mix-biskuvi-150-gr-bites-102757-p-582188
Jungle Kopek Sevgi Mamasi 125 Gr,8681299602025,32.50,99.90,77546,https://iyas.com.tr/jungle-kopek-sevgi-mamasi-125-gr-77546-p-135637
Jungle Kus Balli Krakeri 2x50 Gr,8681299606313,74.90,99.90,77622,https://iyas.com.tr/jungle-kus-balli-krakeri-2x50-gr-77622-p-135597
Jungle Kus Balli Muhabbet Krakeri 3lu,8680468049395,47.90,99.90,77541,https://iyas.com.tr/jungle-kus-balli-muhabbet-krakeri-3lu-77541-p-135632
Jungle Kus Gaga Tasi,8681299606351,44.90,99.90,77544,https://iyas.com.tr/jungle-kus-gaga-tasi-77544-p-135635
Jungle Kus Kumu 250 Gr,8680468040644,59.90,99.90,94711,https://iyas.com.tr/jungle-kus-kumu-250-gr-94711-p-138370
Jungle Kus Muhabbet Yemi 400 Gr,8680468042150,79.90,99.90,77539,https://iyas.com.tr/jungle-kus-muhabbet-yemi-400-gr-77539-p-135630
Jungle Kus Sweet Bird Tahil Muhabbet 300 Gr,8681299600212,64.90,99.90,77537,https://iyas.com.tr/jungle-kus-sweet-bird-tahil-muhabbet-300-gr-77537-p-135628
Jungle Kus Vitamin Ve Minarel 25 Ml,8681299601035,74.90,99.90,77545,https://iyas.com.tr/jungle-kus-vitamin-ve-minarel-25-ml-77545-p-135636
Jungle Tavuk Etli Kedi Odul Mamasi 5 X 14 Gr,8682631201135,89.90,99.90,92512,https://iyas.com.tr/jungle-tavuk-etli-kedi-odul-mamasi-5-x-14-gr-92512-p-129640
Jungle Tavuklu Yetiskin Yas Kedi Mamasi 100 Gr,8681299602452,54.90,99.90,77526,https://iyas.com.tr/jungle-tavuklu-yetiskin-yas-kedi-mamasi-100-gr-77526-p-135617
Juss 1 Lt Meyve Suyu Karisik,8699025780053,49.90,43.90,32422,https://iyas.com.tr/juss-1-lt-meyve-suyu-karisik-32422-p-118400
Juss 1 Lt Meyve Suyu Kayisi,8699025780022,49.90,43.90,32419,https://iyas.com.tr/juss-1-lt-meyve-suyu-kayisi-32419-p-118401
Juss 1 Lt Meyve Suyu Narli,8698720862408,49.90,43.90,99086,https://iyas.com.tr/juss-1-lt-meyve-suyu-narli-99086-p-147395
Juss 1 Lt Meyve Suyu Portakal,8699025780503,49.90,43.90,98031,https://iyas.com.tr/juss-1-lt-meyve-suyu-portakal-98031-p-147232
Juss 1 Lt Meyve Suyu Seftali,8699025780015,49.90,43.90,32418,https://iyas.com.tr/juss-1-lt-meyve-suyu-seftali-32418-p-118403
Juss 1 Lt Meyveli Icecek Ananas,8699025780350,49.90,43.90,47353,https://iyas.com.tr/juss-1-lt-meyveli-icecek-ananas-47353-p-118397
Juss 1 Lt Meyveli Icecek Cilek,8698720868325,49.90,43.90,77948,https://iyas.com.tr/juss-1-lt-meyveli-icecek-cilek-77948-p-114310
Juss 1 Lt Meyveli Icecek Mango,8696670010375,49.90,43.90,98987,https://iyas.com.tr/juss-1-lt-meyveli-icecek-mango-98987-p-147296
Juss 1 Lt Meyveli Icecek Visne,8699025780510,49.90,43.90,98030,https://iyas.com.tr/juss-1-lt-meyveli-icecek-visne-98030-p-147231
Juss 100 1 Lt Domates Suyu,8698720867427,49.90,99.90,78115,https://iyas.com.tr/juss-100-1-lt-domates-suyu-78115-p-114315
Juss Cooler Meyveli Icecek 200 Ml Karisik,8698720868639,12.50,10.00,86890,https://iyas.com.tr/juss-cooler-meyveli-icecek-200-ml-karisik-86890-p-129133
Juss Cooler Meyveli Icecek 200 Ml Kayisi,8698720869339,12.50,10.00,86889,https://iyas.com.tr/juss-cooler-meyveli-icecek-200-ml-kayisi-86889-p-137646
Juss Cooler Meyveli Icecek 200 Ml Seftali,8698720869094,12.50,10.00,86888,https://iyas.com.tr/juss-cooler-meyveli-icecek-200-ml-seftali-86888-p-129137
Juss Cooler Meyveli Icecek 200 Ml Visne,8698720862330,12.50,10.00,86887,https://iyas.com.tr/juss-cooler-meyveli-icecek-200-ml-visne-86887-p-129140
Juss Ice Tea 1 Lt Karpuz Cilek,8683789552001,35.00,27.50,105639,https://iyas.com.tr/juss-ice-tea-1-lt-karpuz-cilek-105639-p-586889
Juss Ice Tea 1 Lt Limon,8698720869407,35.00,27.50,93394,https://iyas.com.tr/juss-ice-tea-1-lt-limon-93394-p-125525
Juss Ice Tea 1 Lt Mango Ananas,8683789550625,35.00,27.50,93393,https://iyas.com.tr/juss-ice-tea-1-lt-mango-ananas-93393-p-125524
Juss Ice Tea 2 5 Lt Karpuz Cilek,8683789552087,65.00,99.90,108609,https://iyas.com.tr/juss-ice-tea-2-5-lt-karpuz-cilek-108609-p-596727
Juss Ice Tea 2 5 Lt Seftali,8683789552070,65.00,99.90,108610,https://iyas.com.tr/juss-ice-tea-2-5-lt-seftali-108610-p-596689
K2r Colour Catcher Renk Koruyucu 10 Lu,9000101016079,94.90,44.90,69303,https://iyas.com.tr/k2r-colour-catcher-renk-koruyucu-10-lu-69303-p-131503
Kabak Kara Kilo,2209769,59.90,54.90,91789,https://iyas.com.tr/kabak-kara-kilo-91789-p-129456
Kabak Kilo,2209010,99.90,69.90,15690,https://iyas.com.tr/kabak-kilo-15690-p-127179
Kadirzade 1400 Gr Cilek Ozu,8684501095844,429.00,99.90,112619,https://iyas.com.tr/kadirzade-1400-gr-cilek-ozu-112619-p-596497
Kadirzade 1400 Gr Karadut Ozu,8684501090160,449.00,99.90,110446,https://iyas.com.tr/kadirzade-1400-gr-karadut-ozu-110446-p-596793
Kadirzade 1400 Gr Kizilcik Ozu,8684501092607,449.00,99.90,110447,https://iyas.com.tr/kadirzade-1400-gr-kizilcik-ozu-110447-p-596504
Kadirzade 230 Ml Damla Sakizi Receli,8684501090825,179.00,249.00,108526,https://iyas.com.tr/kadirzade-230-ml-damla-sakizi-receli-108526-p-596530
Kadirzade 500 Ml Ananas Sirkesi,8684501090603,249.00,59.90,111156,https://iyas.com.tr/kadirzade-500-ml-ananas-sirkesi-111156-p-596600
Kadirzade 500 Ml Elma Sirkesi,8684501090627,199.00,59.90,111152,https://iyas.com.tr/kadirzade-500-ml-elma-sirkesi-111152-p-596510
Kafkas 280 Gr Cicek Bali Tup Cit Kapak,8681893046164,149.50,249.00,114134,https://iyas.com.tr/kafkas-280-gr-cicek-bali-tup-cit-kapak-114134-p-596635
Kafkas 850 Gr Cicek Bali Cam,8682729068213,314.50,264.50,84237,https://iyas.com.tr/kafkas-850-gr-cicek-bali-cam-84237-p-144566
Kafkas Cam Bali 850 Gr,8681893046744,329.50,279.50,84238,https://iyas.com.tr/kafkas-cam-bali-850-gr-84238-p-144567
Kahramanlar Extra Siyah Sele Zeytin Kilo,2201102,149.00,229.00,110073,https://iyas.com.tr/kahramanlar-extra-siyah-sele-zeytin-kilo-110073-p-595418
Kahramanlar Jumbo Siyah Sele Zeytin Kilo,2201175,395.00,229.00,114274,https://iyas.com.tr/kahramanlar-jumbo-siyah-sele-zeytin-kilo-114274-p-595409
Kahve Dunyasi Cikolata 30 Gr Beyoglu Findikli,8699270013234,37.50,9.90,100239,https://iyas.com.tr/kahve-dunyasi-cikolata-30-gr-beyoglu-findikli-100239-p-584511
Kahve Dunyasi Cikolata Gofrik 33 Gr Antepfistikli,8699270013418,49.50,34.50,85165,https://iyas.com.tr/kahve-dunyasi-cikolata-gofrik-33-gr-antepfistikli-85165-p-137333
Kahve Dunyasi Cikolata Tambol 77 Gr Antep Fistikli,8699270017638,118.50,9.90,100234,https://iyas.com.tr/kahve-dunyasi-cikolata-tambol-77-gr-antep-fistikli-100234-p-568312
Kahve Dunyasi Cikolata Tambol 77 Gr Bademli,8699270017621,89.50,9.90,100233,https://iyas.com.tr/kahve-dunyasi-cikolata-tambol-77-gr-bademli-100233-p-568297
Kahve Dunyasi Cikolata Tambol 77 Gr Findikli,8699270017874,89.50,9.90,100235,https://iyas.com.tr/kahve-dunyasi-cikolata-tambol-77-gr-findikli-100235-p-585139
Kahve Dunyasi Cikolata Tambol 77 Gr Sutlu,8699270023585,84.50,49.50,112121,https://iyas.com.tr/kahve-dunyasi-cikolata-tambol-77-gr-sutlu-112121-p-597345
Kahve Dunyasi Filtre Kahve Kagidi,8680562119413,136.00,89.50,90803,https://iyas.com.tr/kahve-dunyasi-filtre-kahve-kagidi-90803-p-137809
Kahve Dunyasi Tekli 2in1 12 Gr Hkahve,8697447043503,8.50,89.50,100229,https://iyas.com.tr/kahve-dunyasi-tekli-2in1-12-gr-hkahve-100229-p-568300
Kahve Dunyasi Tekli 2si1 Arada Hazir Kahve 8li Paket,8697447043756,59.50,89.50,100231,https://iyas.com.tr/kahve-dunyasi-tekli-2si1-arada-hazir-kahve-8li-paket-100231-p-568308
Kahve Dunyasi Turk Kahvesi 100 Gr Damla Sakizli,8697447043022,107.50,89.50,100228,https://iyas.com.tr/kahve-dunyasi-turk-kahvesi-100-gr-damla-sakizli-100228-p-569257
Kahve Dunyasi Turk Kahvesi 100 Gr Orta,8697447040236,94.50,69.50,90800,https://iyas.com.tr/kahve-dunyasi-turk-kahvesi-100-gr-orta-90800-p-137806
Kahveli Mini Lokum 1 Kg,2183000555010,249.90,129.90,114670,https://iyas.com.tr/kahveli-mini-lokum-1-kg-114670-p-595591
Kahveli Mini Lokum 300 Gr,2183000554891,74.90,129.90,114658,https://iyas.com.tr/kahveli-mini-lokum-300-gr-114658-p-595579
Kahveli Mini Lokum 500 Gr,2183000554952,149.90,129.90,114664,https://iyas.com.tr/kahveli-mini-lokum-500-gr-114664-p-595585
Kakaolu Konya Sarmasi 180 Gr,2183000555188,149.90,129.90,114687,https://iyas.com.tr/kakaolu-konya-sarmasi-180-gr-114687-p-595633
Kalyon Sararmayi Onleyici 11 Ml,8697450590124,169.90,37.90,86380,https://iyas.com.tr/kalyon-sararmayi-onleyici-11-ml-86380-p-132086
Kalyon Tirnak Eti Temizleyici 11 Ml,8697450590056,169.90,37.90,86379,https://iyas.com.tr/kalyon-tirnak-eti-temizleyici-11-ml-86379-p-132085
Kara Sevda Bol Tuzlu Siyah Aycekirdegi 135 Gr,8683717470926,39.90,199.00,107106,https://iyas.com.tr/kara-sevda-bol-tuzlu-siyah-aycekirdegi-135-gr-107106-p-596464
Kara Sevda Tuzsuz Siyah Aycekirdegi 225 Gr,8683717471046,69.90,199.00,107107,https://iyas.com.tr/kara-sevda-tuzsuz-siyah-aycekirdegi-225-gr-107107-p-596730
Karadeniz Alabalik Kg Temizlenmis,2209972,380.00,399.00,106218,https://iyas.com.tr/karadeniz-alabalik-kg-temizlenmis-106218-p-586763
Karadeniz Levrek Kg Temizlenmis,2209979,600.00,399.00,102885,https://iyas.com.tr/karadeniz-levrek-kg-temizlenmis-102885-p-573391
Karadeniz Somon Kg Temizlenmis,2209973,399.00,550.00,102882,https://iyas.com.tr/karadeniz-somon-kg-temizlenmis-102882-p-573392
Karali Cay 1000 Gr Tiryaki,8692204003011,299.90,269.90,80798,https://iyas.com.tr/karali-cay-1000-gr-tiryaki-80798-p-135782
Karali Karadeniz Siyah Filiz Cayi 1000 Gr,8692204101670,299.90,389.50,84804,https://iyas.com.tr/karali-karadeniz-siyah-filiz-cayi-1000-gr-84804-p-115188
Karali Premium Cay Demlik 300 Gr,8692204101649,199.90,149.90,80797,https://iyas.com.tr/karali-premium-cay-demlik-300-gr-80797-p-135781
Karali Premium Filiz Cay 1000 Gr,8692204100994,375.00,389.50,80796,https://iyas.com.tr/karali-premium-filiz-cay-1000-gr-80796-p-118827
Karisik Izgara Kilo,2204504,825.00,795.00,109920,https://iyas.com.tr/karisik-izgara-kilo-109920-p-596138
Karisik Pide Tek Kiymali Kasarli,2183000551395,300.00,290.00,99651,https://iyas.com.tr/karisik-pide-tek-kiymali-kasarli-99651-p-134694
Karnibahar Cicek Kilo,2209051,120.00,69.90,15889,https://iyas.com.tr/karnibahar-cicek-kilo-15889-p-127197
Karper Ucgen Peynir 100 Gr 8 Li,86902373,65.00,379.00,114407,https://iyas.com.tr/karper-ucgen-peynir-100-gr-8-li-114407-p-598003
Karper Ucgen Peynir 200 Gr 16 Li,86902410,125.00,379.00,114408,https://iyas.com.tr/karper-ucgen-peynir-200-gr-16-li-114408-p-597996
Karpuz Kilo,2209053,19.90,15.90,15891,https://iyas.com.tr/karpuz-kilo-15891-p-127198
Kasap Kofte Kilo,2204042,849.00,795.00,15388,https://iyas.com.tr/kasap-kofte-kilo-15388-p-114758
Kasarli Pide Tek,2183000551081,290.00,290.00,99652,https://iyas.com.tr/kasarli-pide-tek-99652-p-134695
Kasarli Rulo Dana Kofte Kilo,2204041,795.00,895.00,28735,https://iyas.com.tr/kasarli-rulo-dana-kofte-kilo-28735-p-123852
Kasarli Yumurtali Pide Tek,2183000551401,300.00,290.00,99653,https://iyas.com.tr/kasarli-yumurtali-pide-tek-99653-p-134696
Katirli Koyu 1000 Gr Siyah Zeytin,8697404377047,795.00,659.00,110888,https://iyas.com.tr/katirli-koyu-1000-gr-siyah-zeytin-110888-p-596855
Kavaklidere 100 Limon Suyu 750 Ml Pet,8692311003089,54.90,59.90,30521,https://iyas.com.tr/kavaklidere-100-limon-suyu-750-ml-pet-30521-p-132378
Kavaklidere Efor Biberiye 370 Gr,8692311002129,79.90,59.90,101513,https://iyas.com.tr/kavaklidere-efor-biberiye-370-gr-101513-p-568448
Kavaklidere Efor Salatalik 680 Gr,8692311000101,79.95,59.90,101512,https://iyas.com.tr/kavaklidere-efor-salatalik-680-gr-101512-p-568398
Kavaklidere Efor Turlu 680 Gr,8692311101037,84.95,59.90,30530,https://iyas.com.tr/kavaklidere-efor-turlu-680-gr-30530-p-123315
Kavaklidere Efor Yakan Biber 370 Gr,8692311002105,74.90,59.90,101514,https://iyas.com.tr/kavaklidere-efor-yakan-biber-370-gr-101514-p-568407
Kavaklidere Eksili Sos 1000 Gr 20 Meyveli,8692311110107,74.90,59.90,107866,https://iyas.com.tr/kavaklidere-eksili-sos-1000-gr-20-meyveli-107866-p-596045
Kavaklidere Elma Sirkesi 500 Ml Cam,8692311003225,74.90,59.90,59367,https://iyas.com.tr/kavaklidere-elma-sirkesi-500-ml-cam-59367-p-122935
Kavaklidere Elma Sirkesi 500 Ml Pet,8692311000514,54.90,59.90,30513,https://iyas.com.tr/kavaklidere-elma-sirkesi-500-ml-pet-30513-p-127018
Kavaklidere Elma Sirkesi 750 Ml Pet,8692311005335,59.90,59.90,100715,https://iyas.com.tr/kavaklidere-elma-sirkesi-750-ml-pet-100715-p-568434
Kavaklidere Elma Sirkesi 750 Ml Pet,8692311000521,59.90,59.90,30515,https://iyas.com.tr/kavaklidere-elma-sirkesi-750-ml-pet-30515-p-122934
Kavaklidere Karadut 3000 Ml,8692311004871,54.90,49.90,108702,https://iyas.com.tr/kavaklidere-karadut-3000-ml-108702-p-596046
Kavaklidere Limonata 3000 Ml,8692311004864,54.90,49.90,101509,https://iyas.com.tr/kavaklidere-limonata-3000-ml-101509-p-568406
Kavaklidere Morfici 2000 Ml Uzum Sirkesi Pet,8692311005014,110.00,59.90,30511,https://iyas.com.tr/kavaklidere-morfici-2000-ml-uzum-sirkesi-pet-30511-p-127081
Kavaklidere Morfici 750 Ml Uzum Sirkesi Pet,8692311005007,49.90,59.90,30510,https://iyas.com.tr/kavaklidere-morfici-750-ml-uzum-sirkesi-pet-30510-p-119123
Kavaklidere Morfici Uzum Sirkesi 5 Lt,8692311005021,279.00,59.90,30512,https://iyas.com.tr/kavaklidere-morfici-uzum-sirkesi-5-lt-30512-p-143989
Kavaklidere Salgam Suyu 1 Lt Acili,8692311004574,29.90,99.90,63848,https://iyas.com.tr/kavaklidere-salgam-suyu-1-lt-acili-63848-p-126756
Kavaklidere Salgam Suyu 1 Lt Acisiz Sade,8692311004598,29.90,99.90,63849,https://iyas.com.tr/kavaklidere-salgam-suyu-1-lt-acisiz-sade-63849-p-126757
Kavaklidere Temizlik Sirkesi 2000 Ml,8692311004635,39.90,59.90,65261,https://iyas.com.tr/kavaklidere-temizlik-sirkesi-2000-ml-65261-p-122727
Kavaklidere Temizlik Sirkesi 750 Ml,8692311004628,24.90,59.90,69823,https://iyas.com.tr/kavaklidere-temizlik-sirkesi-750-ml-69823-p-119130
Kavaklidere Uzum Sirkesi 2000 Ml Pet,8692311000125,124.90,59.90,30508,https://iyas.com.tr/kavaklidere-uzum-sirkesi-2000-ml-pet-30508-p-114569
Kavaklidere Uzum Sirkesi 5 Lt,8692311001047,289.00,59.90,30509,https://iyas.com.tr/kavaklidere-uzum-sirkesi-5-lt-30509-p-127023
Kavaklidere Uzum Sirkesi 750 Ml Pet,8692311000507,59.90,59.90,30507,https://iyas.com.tr/kavaklidere-uzum-sirkesi-750-ml-pet-30507-p-144010
Kavaklidere Visne 3000 Ml,8692311004888,54.90,49.90,101511,https://iyas.com.tr/kavaklidere-visne-3000-ml-101511-p-568477
Kavun Citir Kilo,2209045,120.00,79.90,15946,https://iyas.com.tr/kavun-citir-kilo-15946-p-114716
Kavun Kirkagac Kilo,2209753,49.90,34.90,32850,https://iyas.com.tr/kavun-kirkagac-kilo-32850-p-123046
Kemal Celtik Azmanli Tarhana 1000 Gr Acilitatli,8699241241277,169.00,57.50,75755,https://iyas.com.tr/kemal-celtik-azmanli-tarhana-1000-gr-acilitatli-75755-p-131068
Kemal Kukrer Sos 250 Gr Sarimsakli Parca Aci Biber,8682287364871,89.90,59.90,112776,https://iyas.com.tr/kemal-kukrer-sos-250-gr-sarimsakli-parca-aci-biber-112776-p-596323
Kent Jelibon 80 Gr Ayicik,8690515133601,56.00,79.50,16068,https://iyas.com.tr/kent-jelibon-80-gr-ayicik-16068-p-122533
Kent Jelibon 80 Gr Kola,8690515141149,56.00,79.50,16069,https://iyas.com.tr/kent-jelibon-80-gr-kola-16069-p-139305
Kent Jelibon 80 Gr Sour Patch Karpuz,7622210796844,56.00,79.50,70501,https://iyas.com.tr/kent-jelibon-80-gr-sour-patch-karpuz-70501-p-122524
Kent Missbon 43 Gr Cilek Elma,8690515219718,30.00,20.00,16089,https://iyas.com.tr/kent-missbon-43-gr-cilek-elma-16089-p-126691
Kent Missbon 43 Gr Kahveli,8690515116314,30.00,20.00,16019,https://iyas.com.tr/kent-missbon-43-gr-kahveli-16019-p-126689
Kent Missbon 43 Gr Tereyagli,8690515116215,30.00,20.00,16018,https://iyas.com.tr/kent-missbon-43-gr-tereyagli-16018-p-126688
Kent Olips 12 5 Gr Mini Mints Karpuz,7622210816153,46.00,79.50,71486,https://iyas.com.tr/kent-olips-12-5-gr-mini-mints-karpuz-71486-p-143567
Kent Olips 12 5 Gr Mini Mints Mangoportakal,57030906,46.00,79.50,90809,https://iyas.com.tr/kent-olips-12-5-gr-mini-mints-mangoportakal-90809-p-137810
Kent Olips 12 5 Gr Mini Mints Name Mentol,7622201796068,46.00,79.50,84622,https://iyas.com.tr/kent-olips-12-5-gr-mini-mints-name-mentol-84622-p-136208
Kent Olips 12 5 Gr Mini Mints Naneokaliptus,57030890,46.00,79.50,90810,https://iyas.com.tr/kent-olips-12-5-gr-mini-mints-naneokaliptus-90810-p-137811
Kent Olips 28 Gr C Vitaminli Portakal,8690515124401,30.00,20.00,16026,https://iyas.com.tr/kent-olips-28-gr-c-vitaminli-portakal-16026-p-126682
Kent Olips 28 Gr Cilek,7622210710499,30.00,20.00,69013,https://iyas.com.tr/kent-olips-28-gr-cilek-69013-p-126683
Kent Olips 28 Gr Keskin Mentol Extra,7622210648921,30.00,20.00,65882,https://iyas.com.tr/kent-olips-28-gr-keskin-mentol-extra-65882-p-126681
Kent Olips 28 Gr Menttollu,8690515124272,30.00,20.00,16025,https://iyas.com.tr/kent-olips-28-gr-menttollu-16025-p-126685
Kent Olips 28 Gr Nane Stick,8690515599704,30.00,20.00,16034,https://iyas.com.tr/kent-olips-28-gr-nane-stick-16034-p-126686
Kent Olips 28 Gr Orman Meyveleri,7622210838735,30.00,20.00,71017,https://iyas.com.tr/kent-olips-28-gr-orman-meyveleri-71017-p-126687
Kent Olips 76 Gr Nane Aromali 12674,8690515599766,85.00,79.50,16032,https://iyas.com.tr/kent-olips-76-gr-nane-aromali-12674-16032-p-139418
Kent Tofita 47 Gr Cilekli 22136,8690515118301,30.00,20.00,16094,https://iyas.com.tr/kent-tofita-47-gr-cilekli-22136-16094-p-126693
Kent Tofita 47 Gr Portakal,8690515118257,30.00,20.00,16095,https://iyas.com.tr/kent-tofita-47-gr-portakal-16095-p-126694
Kent Tofita Bogurtlen 47 Gr,8690515221117,30.00,20.00,16093,https://iyas.com.tr/kent-tofita-bogurtlen-47-gr-16093-p-126692
Kent Topitop Muzik Meyveli 13 Gr 5 Li Paket,7622201640019,95.00,79.50,89644,https://iyas.com.tr/kent-topitop-muzik-meyveli-13-gr-5-li-paket-89644-p-146119
Kenton Bugday Nisastasi 200 Gr,8690547150546,44.90,49.90,16144,https://iyas.com.tr/kenton-bugday-nisastasi-200-gr-16144-p-136324
Kenton Bugday Nisastasi 400 Gr,8690547171039,69.95,49.90,99866,https://iyas.com.tr/kenton-bugday-nisastasi-400-gr-99866-p-147505
Kenton Cikolata Aski Cikolatali Sos 128 Gr,8690547010949,49.90,49.90,16147,https://iyas.com.tr/kenton-cikolata-aski-cikolatali-sos-128-gr-16147-p-144049
Kenton Cikolatali Puding 100 Gr,8690547100084,36.90,49.90,16184,https://iyas.com.tr/kenton-cikolatali-puding-100-gr-16184-p-122797
Kenton Instant Hamur Maya 10 Gr 3li,8690547010185,24.90,49.90,16158,https://iyas.com.tr/kenton-instant-hamur-maya-10-gr-3li-16158-p-127066
Kenton Kabartma Tozu 10 Lu,8690547187108,19.90,49.90,65877,https://iyas.com.tr/kenton-kabartma-tozu-10-lu-65877-p-122851
Kenton Kabartma Tozu 15x10 Gr,8690547090088,36.90,49.90,16159,https://iyas.com.tr/kenton-kabartma-tozu-15x10-gr-16159-p-144020
Kenton Kabartma Tozu 5li,8690547040021,12.95,49.90,16160,https://iyas.com.tr/kenton-kabartma-tozu-5li-16160-p-127100
Kenton Kakao 100 Gr,8690547101012,110.00,49.90,16161,https://iyas.com.tr/kenton-kakao-100-gr-16161-p-143995
Kenton Kakao 150 Gr,8690547194328,169.90,49.90,86082,https://iyas.com.tr/kenton-kakao-150-gr-86082-p-127849
Kenton Karbonat 5li,8690547060036,7.90,49.90,16164,https://iyas.com.tr/kenton-karbonat-5li-16164-p-144035
Kenton Krem Santi Cilekli 150 Gr,8690547101227,64.90,49.90,16168,https://iyas.com.tr/kenton-krem-santi-cilekli-150-gr-16168-p-122910
Kenton Krem Santi Kakaolu 150 Gr,8690547101210,64.90,49.90,16170,https://iyas.com.tr/kenton-krem-santi-kakaolu-150-gr-16170-p-122911
Kenton Krem Santi Sade 150 Gr,8690547101203,59.90,49.90,69467,https://iyas.com.tr/kenton-krem-santi-sade-150-gr-69467-p-114631
Kenton Krem Santi Sade 300 Gr,8690547186002,119.00,49.90,52168,https://iyas.com.tr/kenton-krem-santi-sade-300-gr-52168-p-123724
Kenton Krem Santi Sade 75 Gr,8690547101104,34.90,49.90,16173,https://iyas.com.tr/kenton-krem-santi-sade-75-gr-16173-p-127174
Kenton Misir Nisastasi 200 Gr,8690547021082,32.90,49.90,16176,https://iyas.com.tr/kenton-misir-nisastasi-200-gr-16176-p-144729
Kenton Neseli Tatlar Meyveli Sos 80 Gr,8690547012097,27.90,49.90,60816,https://iyas.com.tr/kenton-neseli-tatlar-meyveli-sos-80-gr-60816-p-144018
Kenton Pasta Kremasi Kakaolu 157 Gr,8690547101029,64.90,49.90,16177,https://iyas.com.tr/kenton-pasta-kremasi-kakaolu-157-gr-16177-p-144013
Kenton Pirinc Unu Sade 250 Gr,8690547010871,44.90,49.90,16179,https://iyas.com.tr/kenton-pirinc-unu-sade-250-gr-16179-p-139929
Kenton Pirinc Unu Sade 500 Gr,8690547080737,74.90,49.90,16180,https://iyas.com.tr/kenton-pirinc-unu-sade-500-gr-16180-p-139931
Kenton Puding Bitter Cikolata Cikolata Aski 100 Gr,8690547182028,36.90,49.90,46694,https://iyas.com.tr/kenton-puding-bitter-cikolata-cikolata-aski-100-gr-46694-p-122798
Kenton Puding Cikolata Antep 100 Gr,8690547160088,36.90,49.90,76691,https://iyas.com.tr/kenton-puding-cikolata-antep-100-gr-76691-p-122875
Kenton Puding Cikolatali Bademli Karamelli 100 G,8690547182035,36.90,49.90,56912,https://iyas.com.tr/kenton-puding-cikolatali-bademli-karamelli-100-g-56912-p-122799
Kenton Puding Cikolatali Findik 100 Gr,8690547010543,36.90,49.90,16183,https://iyas.com.tr/kenton-puding-cikolatali-findik-100-gr-16183-p-122796
Kenton Puding Cilek 125 Gr,8690547100022,36.90,49.90,16185,https://iyas.com.tr/kenton-puding-cilek-125-gr-16185-p-122795
Kenton Puding Kakaolu 147 Gr,8690547100046,36.90,49.90,16186,https://iyas.com.tr/kenton-puding-kakaolu-147-gr-16186-p-122794
Kenton Puding Muzlu 100 Gr,8690547100015,36.90,49.90,16187,https://iyas.com.tr/kenton-puding-muzlu-100-gr-16187-p-122793
Kenton Puding Vanilya 100 Gr,8690547100039,36.90,49.90,16188,https://iyas.com.tr/kenton-puding-vanilya-100-gr-16188-p-122792
Kenton Pudra Sekeri 125 Gr,8690547187085,29.90,142.50,58944,https://iyas.com.tr/kenton-pudra-sekeri-125-gr-58944-p-131313
Kenton Pudra Sekeri 250 Gr,8690547010956,49.90,142.50,16190,https://iyas.com.tr/kenton-pudra-sekeri-250-gr-16190-p-118670
Kenton Sade Pasta Kremasi 137 Gr,8690547060500,64.90,49.90,16178,https://iyas.com.tr/kenton-sade-pasta-kremasi-137-gr-16178-p-127164
Kenton Sekerli Vanilin 10 Lu,8690547187115,14.90,49.90,65876,https://iyas.com.tr/kenton-sekerli-vanilin-10-lu-65876-p-122937
Kenton Sekerli Vanilin 105 Li,8690547019959,26.90,49.90,16196,https://iyas.com.tr/kenton-sekerli-vanilin-105-li-16196-p-127128
Kenton Sivi Meyveli Sos 300 Gr,8690547192522,134.90,49.90,80495,https://iyas.com.tr/kenton-sivi-meyveli-sos-300-gr-80495-p-114911
Kenton Trilice 290 Gr,8690547187375,84.90,49.90,69027,https://iyas.com.tr/kenton-trilice-290-gr-69027-p-114592
Keops 3d Oval Softhard Asorti Sac Fircasi,8684849503544,89.90,74.90,109526,https://iyas.com.tr/keops-3d-oval-softhard-asorti-sac-fircasi-109526-p-597136
Keops Sac Boyama Seti 3li,8698684367780,34.90,37.90,113336,https://iyas.com.tr/keops-sac-boyama-seti-3li-113336-p-596929
Keops Sac Fircasi Bambu Sap Ahsap Pimli Frc64,8684849503575,149.90,149.90,109790,https://iyas.com.tr/keops-sac-fircasi-bambu-sap-ahsap-pimli-frc64-109790-p-597095
Keops Sac Fircasi Neon,8698684393352,69.90,239.90,92686,https://iyas.com.tr/keops-sac-fircasi-neon-92686-p-133799
Keops Sac Fircasi Pastel,8698684384602,54.90,239.90,92687,https://iyas.com.tr/keops-sac-fircasi-pastel-92687-p-133800
Keops Sac Fircasi Uc Boyutlu Oval Frc 65,8684849503605,74.90,149.90,113334,https://iyas.com.tr/keops-sac-fircasi-uc-boyutlu-oval-frc-65-113334-p-597062
Kereviz Kilo,2209013,99.90,79.90,16201,https://iyas.com.tr/kereviz-kilo-16201-p-123048
Kibarzade Cikolatali Cevizli Cikolata Incir 320 Gr,8680885833119,229.00,79.50,102311,https://iyas.com.tr/kibarzade-cikolatali-cevizli-cikolata-incir-320-gr-102311-p-585211
Kibarzade Cikolatali Incir 280 Gr,8680885830910,124.90,79.50,92027,https://iyas.com.tr/kibarzade-cikolatali-incir-280-gr-92027-p-116987
Kibarzade Cikolatali Kestane Sekeri 280 Gr,8680885830927,124.90,79.50,92012,https://iyas.com.tr/kibarzade-cikolatali-kestane-sekeri-280-gr-92012-p-116898
Kibarzade Cikolatali Medine Hurmasi 280 Gr,8680885830903,124.90,729.00,92026,https://iyas.com.tr/kibarzade-cikolatali-medine-hurmasi-280-gr-92026-p-116986
Kinder Bueno 43 Gr,80052760,44.90,9.90,16226,https://iyas.com.tr/kinder-bueno-43-gr-16226-p-130850
Kinder Bueno White 39 Gr,80761761,44.90,30.00,42673,https://iyas.com.tr/kinder-bueno-white-39-gr-42673-p-130849
Kinder Chocolate 4li 50 Gr,80177609,74.90,9.90,16223,https://iyas.com.tr/kinder-chocolate-4li-50-gr-16223-p-131908
Kinder Joy Kiz 20 Gr,80768258,44.90,9.90,71560,https://iyas.com.tr/kinder-joy-kiz-20-gr-71560-p-130851
Kiraz Kilo,2201446,349.90,84.90,108843,https://iyas.com.tr/kiraz-kilo-108843-p-597082
Kiri Labne 150 Gr,3073781212488,94.00,379.00,114457,https://iyas.com.tr/kiri-labne-150-gr-114457-p-597991
Kiri Tam Yagli Labne 3x150 Gr,3073781217124,230.00,199.00,114411,https://iyas.com.tr/kiri-tam-yagli-labne-3x150-gr-114411-p-598009
Kivi Kilo,2209029,299.90,84.90,16679,https://iyas.com.tr/kivi-kilo-16679-p-123050
Kivi Olgun Kilo,2209070,149.90,84.90,194,https://iyas.com.tr/kivi-olgun-kilo-194-p-114717
Kiwano Adet,2301499,99.90,84.90,117727,https://iyas.com.tr/kiwano-adet-117727-p-598528
Kizilay Gazoz 250 Ml,8692813005819,17.50,81.00,101990,https://iyas.com.tr/kizilay-gazoz-250-ml-101990-p-583355
Kizilay Maden Suyu Aromali 200 Ml Elmali,8692813003495,15.00,12.00,16685,https://iyas.com.tr/kizilay-maden-suyu-aromali-200-ml-elmali-16685-p-118413
Kizilay Maden Suyu Aromali 200 Ml Guava,8692813004140,15.00,12.00,93596,https://iyas.com.tr/kizilay-maden-suyu-aromali-200-ml-guava-93596-p-134006
Kizilay Maden Suyu Aromali 200 Ml Karadutfrekuzum,8692813005024,15.00,12.00,94041,https://iyas.com.tr/kizilay-maden-suyu-aromali-200-ml-karadutfrekuzum-94041-p-142460
Kizilay Maden Suyu Aromali 200 Ml Karpuz Cilek,8692813003945,15.00,12.00,48701,https://iyas.com.tr/kizilay-maden-suyu-aromali-200-ml-karpuz-cilek-48701-p-118359
Kizilay Maden Suyu Aromali 200 Ml Kirmizi Meyveler,8692813006793,15.00,12.00,101571,https://iyas.com.tr/kizilay-maden-suyu-aromali-200-ml-kirmizi-meyveler-101571-p-568478
Kizilay Maden Suyu Aromali 200 Ml Limonlu,8692813003396,15.00,12.00,16687,https://iyas.com.tr/kizilay-maden-suyu-aromali-200-ml-limonlu-16687-p-118360
Kizilay Maden Suyu Aromali 200 Ml Mandalina,8692813005406,15.00,12.00,86058,https://iyas.com.tr/kizilay-maden-suyu-aromali-200-ml-mandalina-86058-p-123750
Kizilay Maden Suyu Aromali 200 Ml Mango Ananas,8692813005017,15.00,12.00,94040,https://iyas.com.tr/kizilay-maden-suyu-aromali-200-ml-mango-ananas-94040-p-142459
Kizilay Maden Suyu Aromali 200 Ml Nane Cool Lime,8692813006762,15.00,12.00,101573,https://iyas.com.tr/kizilay-maden-suyu-aromali-200-ml-nane-cool-lime-101573-p-568449
Kizilay Maden Suyu Aromali 200 Ml Narli,8692813002023,15.00,12.00,93595,https://iyas.com.tr/kizilay-maden-suyu-aromali-200-ml-narli-93595-p-134005
Kizilay Maden Suyu Aromali 200 Ml O Exs Cvit Limon,8692813004157,15.00,12.00,72838,https://iyas.com.tr/kizilay-maden-suyu-aromali-200-ml-o-exs-cvit-limon-72838-p-114277
Kizilay Maden Suyu Sade 200 Ml Erzincan,8692813005055,11.50,12.00,79196,https://iyas.com.tr/kizilay-maden-suyu-sade-200-ml-erzincan-79196-p-135812
Knoppers Mini Gofretler 200 Gr,4014400930474,299.00,249.00,116759,https://iyas.com.tr/knoppers-mini-gofretler-200-gr-116759-p-597532
Knorr Baharat Kekik 55 Gr,8683130025963,175.00,29.95,90817,https://iyas.com.tr/knorr-baharat-kekik-55-gr-90817-p-133641
Knorr Baharat Sumak 70 Gr,8690637998553,96.50,29.95,84490,https://iyas.com.tr/knorr-baharat-sumak-70-gr-84490-p-131925
Knorr Besamel Sos 70 Gr,8690637839160,69.50,59.90,97514,https://iyas.com.tr/knorr-besamel-sos-70-gr-97514-p-130225
Knorr Bulyon 120 Gr Et 12 Adetli,8690701002308,57.50,45.00,16759,https://iyas.com.tr/knorr-bulyon-120-gr-et-12-adetli-16759-p-122115
Knorr Bulyon 120 Gr Tavuk 12 Adetli,8690701002353,57.50,45.00,16760,https://iyas.com.tr/knorr-bulyon-120-gr-tavuk-12-adetli-16760-p-139424
Knorr Bulyon 240 Gr Tavuk 24 Lu,8690637014185,85.00,57.50,16739,https://iyas.com.tr/knorr-bulyon-240-gr-tavuk-24-lu-16739-p-139428
Knorr Bulyon 60 Gr Et 6 Adetli,8690701001301,33.00,57.50,16793,https://iyas.com.tr/knorr-bulyon-60-gr-et-6-adetli-16793-p-139447
Knorr Bulyon 60 Gr Tavuk 6 Adetli,8690701001486,33.00,57.50,16794,https://iyas.com.tr/knorr-bulyon-60-gr-tavuk-6-adetli-16794-p-139448
Knorr Cabuk Corba Domates Acili,8683130067512,18.75,142.50,101683,https://iyas.com.tr/knorr-cabuk-corba-domates-acili-101683-p-569060
Knorr Cabuk Corba Domates Kitirli 22 Gr,8683130067499,18.75,142.50,101318,https://iyas.com.tr/knorr-cabuk-corba-domates-kitirli-22-gr-101318-p-569053
Knorr Cabuk Corba Ezogelin 22 Gr,8683130067475,18.75,142.50,101316,https://iyas.com.tr/knorr-cabuk-corba-ezogelin-22-gr-101316-p-569032
Knorr Cabuk Corba Krem Mantar 19 Gr,8683130067710,18.75,142.50,101317,https://iyas.com.tr/knorr-cabuk-corba-krem-mantar-19-gr-101317-p-569072
Knorr Cabuk Corba Krem Tavuk,8683130067703,18.75,142.50,101684,https://iyas.com.tr/knorr-cabuk-corba-krem-tavuk-101684-p-569026
Knorr Cabuk Corba Mercimek 22 Gr,8683130067642,18.75,142.50,101319,https://iyas.com.tr/knorr-cabuk-corba-mercimek-22-gr-101319-p-569030
Knorr Cabuk Maccaeese 212 Gr,8683130067086,92.50,28.90,99364,https://iyas.com.tr/knorr-cabuk-maccaeese-212-gr-99364-p-126184
Knorr Cam Kemik Ilik Suyu 480 Ml,8683130089125,99.50,795.00,108889,https://iyas.com.tr/knorr-cam-kemik-ilik-suyu-480-ml-108889-p-596572
Knorr Cam Tavuk Suyu 480 Ml,8683130089118,99.50,214.90,108888,https://iyas.com.tr/knorr-cam-tavuk-suyu-480-ml-108888-p-596592
Knorr Cesni 60 Gr Kajun Patates,8690637998614,75.00,29.95,85090,https://iyas.com.tr/knorr-cesni-60-gr-kajun-patates-85090-p-144841
Knorr Cesni 60 Gr Tavuk,8690637998515,75.00,29.95,85089,https://iyas.com.tr/knorr-cesni-60-gr-tavuk-85089-p-140475
Knorr Cig Kofte Seti 120 Gr,8690637977046,69.50,29.95,80677,https://iyas.com.tr/knorr-cig-kofte-seti-120-gr-80677-p-119137
Knorr Corba Domates Kremali 69 Gr,8690637812309,47.50,39.50,97505,https://iyas.com.tr/knorr-corba-domates-kremali-69-gr-97505-p-130216
Knorr Corba Domates Sehriyeli Tavuk 67 Gr,8683130038635,47.50,39.50,92749,https://iyas.com.tr/knorr-corba-domates-sehriyeli-tavuk-67-gr-92749-p-133760
Knorr Corba Ezogelin 74 Gr,8690637865275,47.50,39.50,97515,https://iyas.com.tr/knorr-corba-ezogelin-74-gr-97515-p-130226
Knorr Corba Iskembe 63 Gr,8690637018565,47.50,39.50,16740,https://iyas.com.tr/knorr-corba-iskembe-63-gr-16740-p-139433
Knorr Corba Kremali Mantar 63 Gr,8690637812323,47.50,39.50,97510,https://iyas.com.tr/knorr-corba-kremali-mantar-63-gr-97510-p-130221
Knorr Corba Mercimek 76 Gr,8690637581595,47.50,39.50,97507,https://iyas.com.tr/knorr-corba-mercimek-76-gr-97507-p-130218
Knorr Corba Tarhana 74 Gr,8690637058523,47.50,39.50,16784,https://iyas.com.tr/knorr-corba-tarhana-74-gr-16784-p-139438
Knorr Corba Tavuk Sehriyeli 51 Gr,8690637812316,47.50,39.50,97521,https://iyas.com.tr/knorr-corba-tavuk-sehriyeli-51-gr-97521-p-130232
Knorr Corba Yayla 72 Gr,8690637864728,47.50,39.50,97517,https://iyas.com.tr/knorr-corba-yayla-72-gr-97517-p-130228
Knorr Corek Otu 40 Gr,8683130025987,76.00,29.95,90821,https://iyas.com.tr/knorr-corek-otu-40-gr-90821-p-133645
Knorr Harc Citir Pane 90 Gr,8690701002766,57.50,29.95,16765,https://iyas.com.tr/knorr-harc-citir-pane-90-gr-16765-p-144443
Knorr Harc Kofte 82 Gr,8690637843242,57.50,29.95,97518,https://iyas.com.tr/knorr-harc-kofte-82-gr-97518-p-130229
Knorr Harc Mangal 37 Gr,8690637976605,57.50,29.95,80684,https://iyas.com.tr/knorr-harc-mangal-37-gr-80684-p-119144
Knorr Harc Pane 90 Gr,8690701002742,57.50,29.95,16763,https://iyas.com.tr/knorr-harc-pane-90-gr-16763-p-119140
Knorr Hindistan Cevizi 40 Gr,8683130025956,65.00,29.95,90822,https://iyas.com.tr/knorr-hindistan-cevizi-40-gr-90822-p-137797
Knorr Kekik 20 Gr,8690637998591,83.00,29.95,84483,https://iyas.com.tr/knorr-kekik-20-gr-84483-p-131918
Knorr Pul Biber 65 Gr,8690637998560,75.00,29.95,84480,https://iyas.com.tr/knorr-pul-biber-65-gr-84480-p-131915
Knorr Salata Sosu 40 Gr Kekikli Feslegenli,8683130139905,77.50,142.50,114277,https://iyas.com.tr/knorr-salata-sosu-40-gr-kekikli-feslegenli-114277-p-596691
Knorr Salata Sosu 40 Gr Sirke Sarimsak,8683130139912,77.50,59.90,114275,https://iyas.com.tr/knorr-salata-sosu-40-gr-sirke-sarimsak-114275-p-596615
Knorr Tatli Toz Kirmizibiber 65 Gr,8690637998522,76.00,29.95,84481,https://iyas.com.tr/knorr-tatli-toz-kirmizibiber-65-gr-84481-p-131916
Knorr Tavuk Csn Acili Baharatli 31 Gr,8690637976551,57.50,29.95,84493,https://iyas.com.tr/knorr-tavuk-csn-acili-baharatli-31-gr-84493-p-144702
Knorr Tavuk Csn Baharatsarimsak 34 Gr,8690637976575,57.50,29.95,84494,https://iyas.com.tr/knorr-tavuk-csn-baharatsarimsak-34-gr-84494-p-144703
Knorr Tavuk Csn Kekikli Feslegenli 29 Gr,8690637976582,57.50,29.95,98257,https://iyas.com.tr/knorr-tavuk-csn-kekikli-feslegenli-29-gr-98257-p-121861
Knorr Tavuk Csn Mangal Lezzzeti 29 Gr,8690637976599,57.50,29.95,80599,https://iyas.com.tr/knorr-tavuk-csn-mangal-lezzzeti-29-gr-80599-p-131631
Koleston 674 Terrakota Tup Sac Boyasi 50 Ml,4056800811649,99.90,149.90,7034,https://iyas.com.tr/koleston-674-terrakota-tup-sac-boyasi-50-ml-7034-p-143179
Koleston Set Boya 63 Altin Kumral,3614229710427,339.90,149.90,90511,https://iyas.com.tr/koleston-set-boya-63-altin-kumral-90511-p-129301
Kolleston Intense 10 Mavi Siyah,4064666576817,159.90,129.90,95203,https://iyas.com.tr/kolleston-intense-10-mavi-siyah-95203-p-121494
Kolleston Intense 100 Cok Acik Sari,4064666576701,159.90,129.90,95200,https://iyas.com.tr/kolleston-intense-100-cok-acik-sari-95200-p-121491
Kolleston Intense 566 Patlican Moru,4064666576787,159.90,129.90,95192,https://iyas.com.tr/kolleston-intense-566-patlican-moru-95192-p-121483
Kolleston Intense 60 Koyu Kumral,4064666576770,159.90,129.90,95201,https://iyas.com.tr/kolleston-intense-60-koyu-kumral-95201-p-121492
Kolleston Intense 67 Cikolata Kahve,4064666576763,159.90,129.90,95199,https://iyas.com.tr/kolleston-intense-67-cikolata-kahve-95199-p-121490
Kolleston Intense 70 Kumral,4064666576756,159.90,129.90,95197,https://iyas.com.tr/kolleston-intense-70-kumral-95197-p-121488
Kolleston Intense 711 Ekstra Kullu Kumral,4064666576848,159.90,129.90,95196,https://iyas.com.tr/kolleston-intense-711-ekstra-kullu-kumral-95196-p-121487
Kolleston Intense 717 Buzlu Cikolata,4064666576879,159.90,129.90,95193,https://iyas.com.tr/kolleston-intense-717-buzlu-cikolata-95193-p-121484
Kolleston Intense 73 Findik Kabugu,4064666576749,159.90,129.90,95194,https://iyas.com.tr/kolleston-intense-73-findik-kabugu-95194-p-121485
Kolleston Intense 80 Acik Kumral,4064666576732,159.90,129.90,95195,https://iyas.com.tr/kolleston-intense-80-acik-kumral-95195-p-121486
Kolleston Intense 811 Ekstra Acik Kullu Kumra,4064666576831,159.90,129.90,95198,https://iyas.com.tr/kolleston-intense-811-ekstra-acik-kullu-kumra-95198-p-121489
Kolleston Kit 100 Cok Acik Sari,4064666341897,339.90,149.90,100484,https://iyas.com.tr/kolleston-kit-100-cok-acik-sari-100484-p-585746
Kolleston Kit 120 Cok Acik D Sari,4064666341934,339.90,149.90,100748,https://iyas.com.tr/kolleston-kit-120-cok-acik-d-sari-100748-p-585744
Kolleston Kit 1211 Yogun Kullu Sari,4064666341941,339.90,149.90,100747,https://iyas.com.tr/kolleston-kit-1211-yogun-kullu-sari-100747-p-585743
Kolleston Kit 1281 Kullu Inci Sarisi,4064666341927,339.90,149.90,103362,https://iyas.com.tr/kolleston-kit-1281-kullu-inci-sarisi-103362-p-584605
Kolleston Kit 20 Siyah,4064666341644,339.90,149.90,96271,https://iyas.com.tr/kolleston-kit-20-siyah-96271-p-121663
Kolleston Kit 28 Mavi Siyah,4064666341804,339.90,149.90,96269,https://iyas.com.tr/kolleston-kit-28-mavi-siyah-96269-p-121661
Kolleston Kit 30 Koyu Kahve,4064666341637,339.90,149.90,96274,https://iyas.com.tr/kolleston-kit-30-koyu-kahve-96274-p-121666
Kolleston Kit 34 Koyu Kestane,4064666341828,339.90,149.90,96332,https://iyas.com.tr/kolleston-kit-34-koyu-kestane-96332-p-125836
Kolleston Kit 366 Patlican Moru,4064666341675,339.90,149.90,100478,https://iyas.com.tr/kolleston-kit-366-patlican-moru-100478-p-582092
Kolleston Kit 40 Kahve,4064666341859,339.90,149.90,96272,https://iyas.com.tr/kolleston-kit-40-kahve-96272-p-121664
Kolleston Kit 4446 Koyu Atesli Kizil,4064666341781,339.90,149.90,100481,https://iyas.com.tr/kolleston-kit-4446-koyu-atesli-kizil-100481-p-585745
Kolleston Kit 50 Acik Kahve,4064666341712,339.90,149.90,96270,https://iyas.com.tr/kolleston-kit-50-acik-kahve-96270-p-121662
Kolleston Kit 537 Kiskirtici Kahve,4064666341705,339.90,149.90,100476,https://iyas.com.tr/kolleston-kit-537-kiskirtici-kahve-100476-p-584833
Kolleston Kit 54 Acik Kestane,4064666341811,339.90,149.90,100475,https://iyas.com.tr/kolleston-kit-54-acik-kestane-100475-p-583949
Kolleston Kit 5546 Kizil Buyu 2842,4064666341798,339.90,149.90,96984,https://iyas.com.tr/kolleston-kit-5546-kizil-buyu-2842-96984-p-147084
Kolleston Kit 566 Sarap Kizili,4064666341903,339.90,149.90,100471,https://iyas.com.tr/kolleston-kit-566-sarap-kizili-100471-p-581805
Kolleston Kit 575 Cekici Bakir 6550,4064666341699,339.90,149.90,97966,https://iyas.com.tr/kolleston-kit-575-cekici-bakir-6550-97966-p-147167
Kolleston Kit 60 Koyu Kumral,4064666726847,339.90,149.90,100474,https://iyas.com.tr/kolleston-kit-60-koyu-kumral-100474-p-583599
Kolleston Kit 64 Kizil Bakir 2846,4064666341880,339.90,149.90,97012,https://iyas.com.tr/kolleston-kit-64-kizil-bakir-2846-97012-p-147112
Kolleston Kit 66 46 Ask Alevi,4064666341736,339.90,149.90,101658,https://iyas.com.tr/kolleston-kit-66-46-ask-alevi-101658-p-584001
Kolleston Kit 67 Cikolata Kahve,4064666341743,339.90,149.90,96276,https://iyas.com.tr/kolleston-kit-67-cikolata-kahve-96276-p-121668
Kolleston Kit 674 Koyu Amber Kumra,4064666341729,339.90,149.90,100473,https://iyas.com.tr/kolleston-kit-674-koyu-amber-kumra-100473-p-584502
Kolleston Kit 70 Kumral,4064666726892,339.90,149.90,96275,https://iyas.com.tr/kolleston-kit-70-kumral-96275-p-121667
Kolleston Kit 71 Kullu Kumral,4064666726793,339.90,149.90,100483,https://iyas.com.tr/kolleston-kit-71-kullu-kumral-100483-p-584497
Kolleston Kit 73 Findik Kabugu,4064666341774,339.90,149.90,100472,https://iyas.com.tr/kolleston-kit-73-findik-kabugu-100472-p-585750
Kolleston Kit 7744 Koruyucu Ates Kizili,4064666341842,339.90,149.90,100479,https://iyas.com.tr/kolleston-kit-7744-koruyucu-ates-kizili-100479-p-581478
Kolleston Kit 8 74 Gizemli Kahve,4064666341866,339.90,149.90,101660,https://iyas.com.tr/kolleston-kit-8-74-gizemli-kahve-101660-p-582454
Kolleston Kit 80 Acik Kumral,4064666341835,339.90,149.90,100480,https://iyas.com.tr/kolleston-kit-80-acik-kumral-100480-p-581176
Kolleston Kit 81 A Kullu Kumral,4064666726991,339.90,149.90,100482,https://iyas.com.tr/kolleston-kit-81-a-kullu-kumral-100482-p-583012
Kolleston Kit 90 Sari 2851,4064666341910,339.90,149.90,97032,https://iyas.com.tr/kolleston-kit-90-sari-2851-97032-p-147132
Kolleston Krem Tup Boya 30 2273,4056800628209,99.90,149.90,7018,https://iyas.com.tr/kolleston-krem-tup-boya-30-2273-7018-p-117999
Kolleston Krem Tup Boya 366 2275,4056800628445,99.90,149.90,7020,https://iyas.com.tr/kolleston-krem-tup-boya-366-2275-7020-p-139016
Kolleston Krem Tup Boya 40 2276,4056800628162,99.90,149.90,7021,https://iyas.com.tr/kolleston-krem-tup-boya-40-2276-7021-p-139017
Kolleston Krem Tup Boya 477 2279,4056800628964,99.90,149.90,7023,https://iyas.com.tr/kolleston-krem-tup-boya-477-2279-7023-p-139019
Kolleston Krem Tup Boya 566 2287,4056800628889,99.90,149.90,7028,https://iyas.com.tr/kolleston-krem-tup-boya-566-2287-7028-p-143175
Kolleston Krem Tup Boya 635 2314,4056800629022,99.90,149.90,7031,https://iyas.com.tr/kolleston-krem-tup-boya-635-2314-7031-p-143177
Kolleston Krem Tup Boya 64,4056800628841,99.90,149.90,7032,https://iyas.com.tr/kolleston-krem-tup-boya-64-7032-p-143178
Kolleston Krem Tup Boya 70 2319,4056800628049,99.90,149.90,7035,https://iyas.com.tr/kolleston-krem-tup-boya-70-2319-7035-p-143180
Kolleston Krem Tup Boya 71 2320,4056800628285,99.90,149.90,7036,https://iyas.com.tr/kolleston-krem-tup-boya-71-2320-7036-p-143181
Kolleston Krem Tup Boya 73 2321,4056800628728,99.90,149.90,7037,https://iyas.com.tr/kolleston-krem-tup-boya-73-2321-7037-p-122142
Kolleston Krem Tup Boya 777 2323,4056800644520,99.90,149.90,7038,https://iyas.com.tr/kolleston-krem-tup-boya-777-2323-7038-p-143182
Kolleston Krem Tup Boya 80 2325,4056800628001,99.90,149.90,7039,https://iyas.com.tr/kolleston-krem-tup-boya-80-2325-7039-p-143183
Kolleston Krem Tup Boya 81 2326,4056800628568,99.90,149.90,7040,https://iyas.com.tr/kolleston-krem-tup-boya-81-2326-7040-p-143184
Kolleston Krem Tup Boya 90 2329,4056800627998,99.90,149.90,7042,https://iyas.com.tr/kolleston-krem-tup-boya-90-2329-7042-p-122140
Kolleston Krem Tup Boya 93 Altin 2330,4056800628643,99.90,149.90,7044,https://iyas.com.tr/kolleston-krem-tup-boya-93-altin-2330-7044-p-134885
Kolleston Krem Tup Boya Pr5 5546 2293,4056800628926,99.90,149.90,7010,https://iyas.com.tr/kolleston-krem-tup-boya-pr5-5546-2293-7010-p-139000
Kolleston Krem Tup Boya Pr5 6646 2318,4056800629206,99.90,149.90,7011,https://iyas.com.tr/kolleston-krem-tup-boya-pr5-6646-2318-7011-p-122139
Kolleston Naturals Maxi 117 6800,3614229714166,159.90,129.90,97035,https://iyas.com.tr/kolleston-naturals-maxi-117-6800-97035-p-147135
Kolleston Naturals Maxi 28 6860,3614229714135,159.90,129.90,97039,https://iyas.com.tr/kolleston-naturals-maxi-28-6860-97039-p-147139
Kolleston Naturals Maxi 30 6858,3614229714227,159.90,129.90,97041,https://iyas.com.tr/kolleston-naturals-maxi-30-6858-97041-p-147141
Kolleston Naturals Maxi 40 6857,3614229714128,159.90,129.90,97043,https://iyas.com.tr/kolleston-naturals-maxi-40-6857-97043-p-147143
Kolleston Naturals Maxi 46 6889,3614229714098,159.90,129.90,97045,https://iyas.com.tr/kolleston-naturals-maxi-46-6889-97045-p-147145
Kolleston Naturals Maxi 537,3614229714081,159.90,129.90,98272,https://iyas.com.tr/kolleston-naturals-maxi-537-98272-p-121876
Kolleston Naturals Maxi 545 6888,3614229714036,159.90,129.90,97049,https://iyas.com.tr/kolleston-naturals-maxi-545-6888-97049-p-147149
Kolleston Naturals Maxi 573 6850,3614229714104,159.90,129.90,97051,https://iyas.com.tr/kolleston-naturals-maxi-573-6850-97051-p-147151
Kolleston Naturals Maxi 634 6864,4056800854547,159.90,129.90,7059,https://iyas.com.tr/kolleston-naturals-maxi-634-6864-7059-p-138923
Kolleston Naturals Maxi 673,5410076233861,159.90,129.90,43786,https://iyas.com.tr/kolleston-naturals-maxi-673-43786-p-134892
Kolleston Naturals Maxi 70 6846,3614229714210,159.90,129.90,97055,https://iyas.com.tr/kolleston-naturals-maxi-70-6846-97055-p-117521
Kolleston Naturals Maxi 71 6845,3614229714197,159.90,129.90,97057,https://iyas.com.tr/kolleston-naturals-maxi-71-6845-97057-p-117523
Kolleston Naturals Maxi 73 6844,3614229714159,159.90,129.90,97059,https://iyas.com.tr/kolleston-naturals-maxi-73-6844-97059-p-117525
Kolleston Naturals Maxi 80,3616300100295,159.90,129.90,98278,https://iyas.com.tr/kolleston-naturals-maxi-80-98278-p-121882
Kolleston Naturals Maxi 81 6838,3614229714180,159.90,129.90,97061,https://iyas.com.tr/kolleston-naturals-maxi-81-6838-97061-p-117527
Kolleston Sivi Peroksit 6 50 Ml 1989,8699568501108,49.90,149.90,7074,https://iyas.com.tr/kolleston-sivi-peroksit-6-50-ml-1989-7074-p-134884
Kolleston Sivi Peroksit 9 50 Ml 1988,8699568501115,49.90,149.90,7075,https://iyas.com.tr/kolleston-sivi-peroksit-9-50-ml-1988-7075-p-138929
Komili Konfor Kagit Havlu 12 Li,8692971762210,259.00,369.90,49794,https://iyas.com.tr/komili-konfor-kagit-havlu-12-li-49794-p-114513
Komili Konfor Mendil 10 Lu,8692971762845,5.00,369.90,46363,https://iyas.com.tr/komili-konfor-mendil-10-lu-46363-p-115259
Komili Konfor Tuvalet Kagidi 24 Lu,8692971762104,289.00,369.90,54924,https://iyas.com.tr/komili-konfor-tuvalet-kagidi-24-lu-54924-p-114465
Komili Konfor Tuvalet Kagidi 32 Li,8692971762111,379.00,369.90,49793,https://iyas.com.tr/komili-konfor-tuvalet-kagidi-32-li-49793-p-114790
Komili Yuvam Pecete 100 Lu,8697404763048,24.90,369.90,98775,https://iyas.com.tr/komili-yuvam-pecete-100-lu-98775-p-138841
Komili Yuvam Pecete 200 Lu,8697404763031,44.90,369.90,98825,https://iyas.com.tr/komili-yuvam-pecete-200-lu-98825-p-138891
Komili Yuvam Tuvalet Kagidi 40 Li,8690504764267,399.00,369.90,112642,https://iyas.com.tr/komili-yuvam-tuvalet-kagidi-40-li-112642-p-597284
Komili Zeytin Yagi Riviera 1 Lt Pet Sise,8699300271016,377.50,499.50,97528,https://iyas.com.tr/komili-zeytin-yagi-riviera-1-lt-pet-sise-97528-p-130239
Komili Zeytin Yagi Riviera 2 Lt Pet Sise,8699300271023,749.50,499.50,16889,https://iyas.com.tr/komili-zeytin-yagi-riviera-2-lt-pet-sise-16889-p-114355
Komili Zeytin Yagi Riviera 250 Ml Pet Sise,8699300271306,99.50,499.50,71902,https://iyas.com.tr/komili-zeytin-yagi-riviera-250-ml-pet-sise-71902-p-143823
Komili Zeytin Yagi Riviera 5 Lt Teneke,8699300271047,1449.50,499.50,97527,https://iyas.com.tr/komili-zeytin-yagi-riviera-5-lt-teneke-97527-p-130238
Komili Zeytin Yagi Riviera 500 Ml Pet Sise,8699300271009,189.50,499.50,97529,https://iyas.com.tr/komili-zeytin-yagi-riviera-500-ml-pet-sise-97529-p-130240
Komili Zeytin Yagi Sizma 1 Lt Pet Sise,8699300270019,425.00,499.50,16892,https://iyas.com.tr/komili-zeytin-yagi-sizma-1-lt-pet-sise-16892-p-143830
Komili Zeytin Yagi Sizma 500 Ml Pet Sise,8699300270002,226.00,499.50,16899,https://iyas.com.tr/komili-zeytin-yagi-sizma-500-ml-pet-sise-16899-p-143827
Kontat Icimlik Sic Cikolt 18 Gr,8691386500608,14.95,89.50,16943,https://iyas.com.tr/kontat-icimlik-sic-cikolt-18-gr-16943-p-118381
Koroplast Aluminyum Folyo 8 Mt,8690741309252,199.00,99.90,63996,https://iyas.com.tr/koroplast-aluminyum-folyo-8-mt-63996-p-120021
Koroplast Bulasik Sungeri Duz 5li,8690741700875,89.90,99.90,110760,https://iyas.com.tr/koroplast-bulasik-sungeri-duz-5li-110760-p-597874
Koroplast Bulasik Sungeri Oluklu 5li,8690741700035,89.90,99.90,79069,https://iyas.com.tr/koroplast-bulasik-sungeri-oluklu-5li-79069-p-132485
Koroplast Buzdolabi Poset 80 Li Buyuk Eko,8690741703784,229.00,189.00,108921,https://iyas.com.tr/koroplast-buzdolabi-poset-80-li-buyuk-eko-108921-p-587910
Koroplast Buzdolabi Poset Buyuk,8690741304608,79.90,99.90,33104,https://iyas.com.tr/koroplast-buzdolabi-poset-buyuk-33104-p-140915
Koroplast Buzdolabi Poset Kucuk,8690741307975,79.90,99.90,68626,https://iyas.com.tr/koroplast-buzdolabi-poset-kucuk-68626-p-119977
Koroplast Buzdolabi Poset Orta,8690741304202,69.90,99.90,17275,https://iyas.com.tr/koroplast-buzdolabi-poset-orta-17275-p-123581
Koroplast Buzdolabi Saklama Poseti 120 Li Orta,8690741702503,89.90,79.90,107073,https://iyas.com.tr/koroplast-buzdolabi-saklama-poseti-120-li-orta-107073-p-587914
Koroplast Cop Torbasi Buyuk,8690741305957,84.90,99.90,43607,https://iyas.com.tr/koroplast-cop-torbasi-buyuk-43607-p-119698
Koroplast Cop Torbasi Orta,8690741305940,84.90,99.90,55133,https://iyas.com.tr/koroplast-cop-torbasi-orta-55133-p-120025
Koroplast Cop Torbasi Profesyonel Battal 7 Li,8690741703593,154.90,99.90,107092,https://iyas.com.tr/koroplast-cop-torbasi-profesyonel-battal-7-li-107092-p-587913
Koroplast Cop Torbasi Profesyonel Jumbo,8690741305711,219.00,199.00,17292,https://iyas.com.tr/koroplast-cop-torbasi-profesyonel-jumbo-17292-p-136402
Koroplast Dogal Yagli Pisirme Kagidi,8690741701476,109.90,99.90,100917,https://iyas.com.tr/koroplast-dogal-yagli-pisirme-kagidi-100917-p-579887
Koroplast Mandalina Kokulu Cop Torbasi Buyuk Boy,8690741700981,109.90,99.90,106279,https://iyas.com.tr/koroplast-mandalina-kokulu-cop-torbasi-buyuk-boy-106279-p-597875
Koroplast Mikrofiber Bez 3 Lu Eko Paket,8690741703647,179.00,99.90,108876,https://iyas.com.tr/koroplast-mikrofiber-bez-3-lu-eko-paket-108876-p-587873
Koroplast Mikrofiber Cam Bezi Cift Etkili,8690741700912,114.90,99.90,94419,https://iyas.com.tr/koroplast-mikrofiber-cam-bezi-cift-etkili-94419-p-134054
Koroplast Platinum Sunger,8690741700868,39.90,99.90,106286,https://iyas.com.tr/koroplast-platinum-sunger-106286-p-597876
Koroplast Renk Renk Bez 5 Li,8690741700899,109.90,99.90,79066,https://iyas.com.tr/koroplast-renk-renk-bez-5-li-79066-p-128487
Koroplast Wc Blok 2x50 Gr Beyaz Sabun Karb Mavi Su,8690741703227,99.90,69.90,105850,https://iyas.com.tr/koroplast-wc-blok-2x50-gr-beyaz-sabun-karb-mavi-su-105850-p-586701
Kosatoglu Cecil Tel Peynir Kilo,2202045,445.00,379.00,108617,https://iyas.com.tr/kosatoglu-cecil-tel-peynir-kilo-108617-p-588072
Kosatoglu Karin Tereyagi Acik Kilo,2203011,599.00,599.00,5714,https://iyas.com.tr/kosatoglu-karin-tereyagi-acik-kilo-5714-p-122981
Kosatoglu Kasar Peynir Kilo,2202054,449.00,379.00,108618,https://iyas.com.tr/kosatoglu-kasar-peynir-kilo-108618-p-588073
Kosatoglu Klasik Beyaz Peynir Kilo,2202086,595.00,499.00,3725,https://iyas.com.tr/kosatoglu-klasik-beyaz-peynir-kilo-3725-p-119603
Kosatoglu Koy Peyniri Kilo,2202040,179.00,379.00,3752,https://iyas.com.tr/kosatoglu-koy-peyniri-kilo-3752-p-139705
Kosatoglu Suzme Yogurt Kilo,2202009,149.00,129.00,9125,https://iyas.com.tr/kosatoglu-suzme-yogurt-kilo-9125-p-139787
Kosatoglu Tam Yagli Salamura Beyaz Peynir Kilo,2202001,279.00,249.00,24657,https://iyas.com.tr/kosatoglu-tam-yagli-salamura-beyaz-peynir-kilo-24657-p-127918
Kosatoglu Tereyagi Kilo,2203008,745.00,645.00,19146,https://iyas.com.tr/kosatoglu-tereyagi-kilo-19146-p-136254
Kosatoglu Tost Peyniri Kilo,2201133,395.00,379.00,112727,https://iyas.com.tr/kosatoglu-tost-peyniri-kilo-112727-p-590013
Kosatoglu Yarim Yagli Kulturlu Beyaz Peynir Kilo,2202042,159.00,149.00,108615,https://iyas.com.tr/kosatoglu-yarim-yagli-kulturlu-beyaz-peynir-kilo-108615-p-588071
Kose Mangal Komuru,2066129900018,99.00,99.90,16966,https://iyas.com.tr/kose-mangal-komuru-16966-p-136256
Kosekayalar A4 Kagidi 500 Lu,8681379003704,249.00,20.00,110586,https://iyas.com.tr/kosekayalar-a4-kagidi-500-lu-110586-p-588301
Kosla Hali Sampuan 850 Gr Elde,8690570520866,229.90,69.90,17090,https://iyas.com.tr/kosla-hali-sampuan-850-gr-elde-17090-p-143405
Kosla Hali Sampuan 850 Gr Matik,8690570490503,229.90,69.90,17091,https://iyas.com.tr/kosla-hali-sampuan-850-gr-matik-17091-p-143406
Kosla Kylin Leke Cikolata Jel 200 Ml,8690570548655,289.90,69.90,74335,https://iyas.com.tr/kosla-kylin-leke-cikolata-jel-200-ml-74335-p-135070
Kosla Sivi 1000 Gr Gold Beyaz,8690570547023,279.90,69.90,98172,https://iyas.com.tr/kosla-sivi-1000-gr-gold-beyaz-98172-p-117739
Kosla Tul Temizlik 400 Gr Tul Parlatici 450 Ml,8690570511697,429.90,379.90,17132,https://iyas.com.tr/kosla-tul-temizlik-400-gr-tul-parlatici-450-ml-17132-p-143585
Kotex Gunluk Ped 18 Li Ince Deodorant,8691900172670,49.90,149.90,80544,https://iyas.com.tr/kotex-gunluk-ped-18-li-ince-deodorant-80544-p-131774
Kotex Gunluk Ped 18 Li Parfumsuz,8691900172694,39.90,179.90,80545,https://iyas.com.tr/kotex-gunluk-ped-18-li-parfumsuz-80545-p-131775
Kotex Natural Ultra Quadro Uzun 16 Li,8691900174124,119.90,179.90,86330,https://iyas.com.tr/kotex-natural-ultra-quadro-uzun-16-li-86330-p-132129
Kotex Ultra Single K Gece 6 Li,8691900171505,49.90,39.90,70030,https://iyas.com.tr/kotex-ultra-single-k-gece-6-li-70030-p-114401
Kotex Ultra Single K Normal 8 Li,8691900171642,49.90,39.90,97535,https://iyas.com.tr/kotex-ultra-single-k-normal-8-li-97535-p-130246
Kotex Ultra Single K Uzun 7 Li,8691900000744,49.90,39.90,17155,https://iyas.com.tr/kotex-ultra-single-k-uzun-7-li-17155-p-131268
Kotex Ultra Single Natural Normal 7 Li,8691900174803,54.90,179.90,99178,https://iyas.com.tr/kotex-ultra-single-natural-normal-7-li-99178-p-117853
Kotex Ultra Single Natural Uzun 6 Li,8691900174810,54.90,179.90,99179,https://iyas.com.tr/kotex-ultra-single-natural-uzun-6-li-99179-p-117854
Kristal Zeytinyagi Riviera 1 Lt Pet,8690819264520,394.50,499.50,101275,https://iyas.com.tr/kristal-zeytinyagi-riviera-1-lt-pet-101275-p-581215
Kristal Zeytinyagi Riviera 5 Lt,8690819111114,1499.50,499.50,17253,https://iyas.com.tr/kristal-zeytinyagi-riviera-5-lt-17253-p-117972
Kristal Zeytinyagi Sizma 1 Lt,8690819121069,489.50,499.50,17260,https://iyas.com.tr/kristal-zeytinyagi-sizma-1-lt-17260-p-144737
Kristal Zeytinyagi Sizma 12,8690819121038,259.50,499.50,17262,https://iyas.com.tr/kristal-zeytinyagi-sizma-12-17262-p-144178
Kristal Zeytinyagi Sizma Dolgun Guclu 1 Lt Cam,8690819259144,479.50,499.50,17247,https://iyas.com.tr/kristal-zeytinyagi-sizma-dolgun-guclu-1-lt-cam-17247-p-143810
Kristal Zeytinyagi Sizma Dolgun Guclu 5 Lt,8690819259168,1999.50,499.50,17251,https://iyas.com.tr/kristal-zeytinyagi-sizma-dolgun-guclu-5-lt-17251-p-143809
Ksmart Cok Amacli Lateks Eldiven 6li,8698605687331,30.00,99.90,102655,https://iyas.com.tr/ksmart-cok-amacli-lateks-eldiven-6li-102655-p-582191
Kuhne 370 Ml Cucu Kornison,8696027011796,159.00,59.90,93261,https://iyas.com.tr/kuhne-370-ml-cucu-kornison-93261-p-125455
Kuhne 720 Ml Gewurzgurken Tursu Cam Alman,8696027014117,199.95,59.90,42958,https://iyas.com.tr/kuhne-720-ml-gewurzgurken-tursu-cam-alman-42958-p-123311
Kuhne 720 Ml Tuzu Az Salatalik Cam,8696027012885,219.00,59.90,93260,https://iyas.com.tr/kuhne-720-ml-tuzu-az-salatalik-cam-93260-p-125454
Kuromi Kakaolu Draje 20 Gr,8682224010267,19.90,9.90,113213,https://iyas.com.tr/kuromi-kakaolu-draje-20-gr-113213-p-596614
Kuru Basim Yaprak 500 Gr,2301405,400.00,49.90,106785,https://iyas.com.tr/kuru-basim-yaprak-500-gr-106785-p-587377
Kuru Incir 400 Gr Paket,2301463,230.00,84.90,112894,https://iyas.com.tr/kuru-incir-400-gr-paket-112894-p-597175
Kuru Sogan Kilo,2209030,79.90,59.90,22980,https://iyas.com.tr/kuru-sogan-kilo-22980-p-127220
Kurutulmus Cennet Hurmasi Kilo,2201473,650.00,49.90,113624,https://iyas.com.tr/kurutulmus-cennet-hurmasi-kilo-113624-p-597167
Kurutulmus Cherry Domates Kilo,2201475,700.00,400.00,113626,https://iyas.com.tr/kurutulmus-cherry-domates-kilo-113626-p-597290
Kusbasi Sis,2183000551098,675.00,290.00,99668,https://iyas.com.tr/kusbasi-sis-99668-p-134711
Kusbasili Extra Pide Tek,2183000551432,380.00,290.00,99655,https://iyas.com.tr/kusbasili-extra-pide-tek-99655-p-134698
Kusbasili Pide Tek,2183000551425,350.00,290.00,99654,https://iyas.com.tr/kusbasili-pide-tek-99654-p-134697
Kuskonmaz Konserve 330 Gr,,399.90,299.00,114848,https://iyas.com.tr/kuskonmaz-konserve-330-gr-114848-p-598865
Kuzu Beyti Kilo,2204519,1100.00,795.00,29441,https://iyas.com.tr/kuzu-beyti-kilo-29441-p-129672
Kuzu Bobrek Kilo,2204503,790.00,795.00,17519,https://iyas.com.tr/kuzu-bobrek-kilo-17519-p-144933
Kuzu But Kilo,2204510,945.00,795.00,17520,https://iyas.com.tr/kuzu-but-kilo-17520-p-122118
Kuzu Firinlik Kilo,2204514,950.00,795.00,17521,https://iyas.com.tr/kuzu-firinlik-kilo-17521-p-122119
Kuzu Gerdan Kilo,2204516,890.00,795.00,13070,https://iyas.com.tr/kuzu-gerdan-kilo-13070-p-122120
Kuzu Hazir Pirzola Kilo,2204507,1290.00,795.00,17522,https://iyas.com.tr/kuzu-hazir-pirzola-kilo-17522-p-131927
Kuzu Incik Kilo,2204515,995.00,795.00,17523,https://iyas.com.tr/kuzu-incik-kilo-17523-p-140695
Kuzu Kaburga Kilo,2204506,845.00,214.90,109922,https://iyas.com.tr/kuzu-kaburga-kilo-109922-p-596711
Kuzu Karkas 1 Kg,2209723,750.00,795.00,13069,https://iyas.com.tr/kuzu-karkas-1-kg-13069-p-136305
Kuzu Kaski Kilo,2204513,995.00,795.00,29519,https://iyas.com.tr/kuzu-kaski-kilo-29519-p-123856
Kuzu Kelle,2304025,199.00,795.00,110622,https://iyas.com.tr/kuzu-kelle-110622-p-588207
Kuzu Kol Kilo,2204511,945.00,795.00,17526,https://iyas.com.tr/kuzu-kol-kilo-17526-p-136560
Kuzu Kulbasti Kilo,2204502,1290.00,795.00,15384,https://iyas.com.tr/kuzu-kulbasti-kilo-15384-p-128049
Kuzu Sis Kilo,2204518,1290.00,795.00,17528,https://iyas.com.tr/kuzu-sis-kilo-17528-p-140694
La Cire Kas Sekillendirici,8684266110011,89.90,37.90,106598,https://iyas.com.tr/la-cire-kas-sekillendirici-106598-p-598251
La Vache Qui Rit Burger Dilimli Cheddar Peynir,3073781197211,185.00,379.00,114406,https://iyas.com.tr/la-vache-qui-rit-burger-dilimli-cheddar-peynir-114406-p-597995
La Vache Qui Rit Krem Peynir 270 Gr,3073781122596,157.00,379.00,114403,https://iyas.com.tr/la-vache-qui-rit-krem-peynir-270-gr-114403-p-597993
La Vache Qui Rit Surulebilir Lor Peynir 150 Gr,3073781199789,95.00,379.00,114405,https://iyas.com.tr/la-vache-qui-rit-surulebilir-lor-peynir-150-gr-114405-p-597947
La Vache Qui Rit Ucgen Peynir 100 Gr 8 Li,3073781178357,79.00,379.00,114401,https://iyas.com.tr/la-vache-qui-rit-ucgen-peynir-100-gr-8-li-114401-p-598018
Lahana Beyaz Kilo,2209018,89.90,69.90,17576,https://iyas.com.tr/lahana-beyaz-kilo-17576-p-127199
Lahana Kirmizi Kilo,2209017,99.90,69.90,17578,https://iyas.com.tr/lahana-kirmizi-kilo-17578-p-123052
Lahmacun Menu Lahmacun Ayran Firin Sutlac,2183000551333,390.00,290.00,99708,https://iyas.com.tr/lahmacun-menu-lahmacun-ayran-firin-sutlac-99708-p-134751
Lahmacun Tek,2183000551449,240.00,290.00,99656,https://iyas.com.tr/lahmacun-tek-99656-p-134699
Lance Kas Usturasi 3 Lu,8684853403786,34.90,37.90,115333,https://iyas.com.tr/lance-kas-usturasi-3-lu-115333-p-596939
Le Petit Marseilais 400 Ml 400 Ml Dus J Mineral,3574661697420,249.00,99.90,94097,https://iyas.com.tr/le-petit-marseilais-400-ml-400-ml-dus-j-mineral-94097-p-142511
Le Petit Marseilais 400 Ml 400 Ml Dus J Seftali,3574661636191,249.00,99.90,84884,https://iyas.com.tr/le-petit-marseilais-400-ml-400-ml-dus-j-seftali-84884-p-137390
Le Petit Marseilais 400 Ml 400 Ml Dus J Vanilya S,3574661637105,249.00,99.90,84885,https://iyas.com.tr/le-petit-marseilais-400-ml-400-ml-dus-j-vanilya-s-84885-p-137391
Le Petit Marseilais Dus Jeli 400 Ml Deniz Cami,3574661714530,119.90,99.90,94496,https://iyas.com.tr/le-petit-marseilais-dus-jeli-400-ml-deniz-cami-94496-p-117226
Le Petit Marseilais Dus Jeli 400 Ml Gardenya,3574661714912,179.90,99.90,94497,https://iyas.com.tr/le-petit-marseilais-dus-jeli-400-ml-gardenya-94497-p-117227
Le Petit Marseilais Dus Jeli 400 Ml Vanilya Sutu,3574661714769,179.90,99.90,100907,https://iyas.com.tr/le-petit-marseilais-dus-jeli-400-ml-vanilya-sutu-100907-p-579116
Le Petit Marseilais Dus Jeli 650 Ml Cilek,3574661714790,159.00,99.90,101668,https://iyas.com.tr/le-petit-marseilais-dus-jeli-650-ml-cilek-101668-p-579117
Le Petit Marseilais Dus Jeli 650 Ml Seftali,3574661714738,159.00,99.90,101670,https://iyas.com.tr/le-petit-marseilais-dus-jeli-650-ml-seftali-101670-p-579124
Le Petit Marseilais Sivi Sabun 300 Ml Sut Jel,3574661750682,89.90,99.90,99907,https://iyas.com.tr/le-petit-marseilais-sivi-sabun-300-ml-sut-jel-99907-p-578719
Le Petit Marseillais Organik Argan Shea Dus Jeli 400 Ml,3574661714905,179.90,99.90,94498,https://iyas.com.tr/le-petit-marseillais-organik-argan-shea-dus-jeli-400-ml-94498-p-117228
Leb Buz Cozucu 250 Ml,8697423990906,79.90,219.90,86355,https://iyas.com.tr/leb-buz-cozucu-250-ml-86355-p-127926
Leb Buz Cozucu 400 Ml,8697423980020,89.90,219.90,99812,https://iyas.com.tr/leb-buz-cozucu-400-ml-99812-p-147444
Leb Camasir Suyu 5 Kg,8697423981300,84.90,74.90,17610,https://iyas.com.tr/leb-camasir-suyu-5-kg-17610-p-131444
Leb Kirec Cozucu 1000 Gr,8697423981409,74.90,74.90,17615,https://iyas.com.tr/leb-kirec-cozucu-1000-gr-17615-p-122298
Leb Kirec Cozucu 25 Kg,8697423981508,119.90,74.90,17614,https://iyas.com.tr/leb-kirec-cozucu-25-kg-17614-p-122297
Leb Kolonya 100 Ml Sprey Bebek,8697423990951,44.90,74.90,93658,https://iyas.com.tr/leb-kolonya-100-ml-sprey-bebek-93658-p-138160
Leb Kolonya 100 Ml Sprey Element,8697423990814,44.90,74.90,85536,https://iyas.com.tr/leb-kolonya-100-ml-sprey-element-85536-p-115294
Leb Kolonya 100 Ml Sprey Recool,8697423990739,44.90,74.90,85539,https://iyas.com.tr/leb-kolonya-100-ml-sprey-recool-85539-p-115297
Leb Lavabo Acici 2x70 Gr,8697423990487,69.90,69.90,78601,https://iyas.com.tr/leb-lavabo-acici-2x70-gr-78601-p-114135
Leb Limon Kolonyasi 900 Ml Bidon,8697423990883,199.90,74.90,85843,https://iyas.com.tr/leb-limon-kolonyasi-900-ml-bidon-85843-p-140538
Leb Limon Sprey Kolonya 100 Ml,8697423990852,44.90,74.90,85537,https://iyas.com.tr/leb-limon-sprey-kolonya-100-ml-85537-p-115295
Leb Oda Parfumu 400 Ml Love,8697423990364,124.90,69.90,78007,https://iyas.com.tr/leb-oda-parfumu-400-ml-love-78007-p-114107
Leb Oda Parfumu Lavanta 400 Ml,8697423990388,124.90,69.90,78009,https://iyas.com.tr/leb-oda-parfumu-lavanta-400-ml-78009-p-114109
Leb Sivi Bulasik Deterjani 5 Kg,8697423982000,159.90,219.90,17620,https://iyas.com.tr/leb-sivi-bulasik-deterjani-5-kg-17620-p-123028
Leb Sivi El Sabunu 500 Gr Lavanta,8697423982390,59.90,99.90,35482,https://iyas.com.tr/leb-sivi-el-sabunu-500-gr-lavanta-35482-p-115652
Leb Tuz Ruhu 25 Kg,8697423981706,129.90,69.90,17624,https://iyas.com.tr/leb-tuz-ruhu-25-kg-17624-p-122301
Leb Tuz Ruhu 700 Gr,8697423983656,49.90,69.90,17623,https://iyas.com.tr/leb-tuz-ruhu-700-gr-17623-p-123030
Leb Ultra Camasir Suyu 810 Gr Limonlu,8697423990586,74.90,74.90,79938,https://iyas.com.tr/leb-ultra-camasir-suyu-810-gr-limonlu-79938-p-118984
Leb Ultra Camasir Suyu 810 Gr Okyanus Es,8697423990593,74.90,74.90,79939,https://iyas.com.tr/leb-ultra-camasir-suyu-810-gr-okyanus-es-79939-p-118985
Leb Yuzey Temizleyici Beyaz Sabun Kokulu 25 Kg,8697423990326,89.90,69.90,77811,https://iyas.com.tr/leb-yuzey-temizleyici-beyaz-sabun-kokulu-25-kg-77811-p-143610
Leb Yuzey Temizleyici Cam Kokulu 25 Kg,8697423990340,89.90,69.90,77812,https://iyas.com.tr/leb-yuzey-temizleyici-cam-kokulu-25-kg-77812-p-143611
Leb Yuzey Temizleyici Cicek Kokulu 25 Kg,8697423990333,89.90,69.90,77813,https://iyas.com.tr/leb-yuzey-temizleyici-cicek-kokulu-25-kg-77813-p-143612
Leb Yuzey Temizleyici Lavanta Kokulu 25 Kg,8697423990296,89.90,69.90,77810,https://iyas.com.tr/leb-yuzey-temizleyici-lavanta-kokulu-25-kg-77810-p-143609
Lenda Fresh 1000 Gr Patates 9x9,8685035152416,119.00,279.00,114386,https://iyas.com.tr/lenda-fresh-1000-gr-patates-9x9-114386-p-596480
Lenda Fresh 250 Gr Enginar,8685035152164,129.00,279.00,112369,https://iyas.com.tr/lenda-fresh-250-gr-enginar-112369-p-591905
Lenda Fresh 250 Gr Sarimsak,8685035152188,79.90,279.00,112364,https://iyas.com.tr/lenda-fresh-250-gr-sarimsak-112364-p-591901
Lenda Fresh 450 Gr Arpacik Sogan,8685035152201,189.00,279.00,112370,https://iyas.com.tr/lenda-fresh-450-gr-arpacik-sogan-112370-p-591903
Lenda Fresh 450 Gr Bamya,8685035152119,139.00,279.00,114384,https://iyas.com.tr/lenda-fresh-450-gr-bamya-114384-p-596449
Lenda Fresh 450 Gr Bezelye,8685035152249,89.90,279.00,114380,https://iyas.com.tr/lenda-fresh-450-gr-bezelye-114380-p-596512
Lenda Fresh 450 Gr Fasulye,8685035152126,89.90,279.00,114383,https://iyas.com.tr/lenda-fresh-450-gr-fasulye-114383-p-596798
Lenda Fresh 450 Gr Garnitur,8685035152157,69.90,279.00,114381,https://iyas.com.tr/lenda-fresh-450-gr-garnitur-114381-p-596601
Lenda Fresh 450 Gr Ispanak,8685035152102,89.90,279.00,114382,https://iyas.com.tr/lenda-fresh-450-gr-ispanak-114382-p-596532
Lenda Fresh 450 Gr Kup Sogan,8685035152195,64.90,279.00,114385,https://iyas.com.tr/lenda-fresh-450-gr-kup-sogan-114385-p-596598
Lenda Fresh 450 Gr Sebze Mix,8685035152133,99.90,89.90,112366,https://iyas.com.tr/lenda-fresh-450-gr-sebze-mix-112366-p-591906
Lenda Fresh 450 Gr Serit Biber Mix,8685035152171,79.90,279.00,112365,https://iyas.com.tr/lenda-fresh-450-gr-serit-biber-mix-112365-p-591902
Lenda Fresh Orman Meyveleri 300 Gr,8685035152140,199.00,279.00,112368,https://iyas.com.tr/lenda-fresh-orman-meyveleri-300-gr-112368-p-591904
Lepetit Marseilais Mutfak El Yikama Jeli Limon 300 Ml,3574661765730,89.90,99.90,100912,https://iyas.com.tr/lepetit-marseilais-mutfak-el-yikama-jeli-limon-300-ml-100912-p-578734
Lesson Fon Kartonu 10 Renk,8697581785239,79.00,20.00,110293,https://iyas.com.tr/lesson-fon-kartonu-10-renk-110293-p-588260
Limmo Limon Meyveli Pure 300 Ml,8681166407371,94.90,99.90,112468,https://iyas.com.tr/limmo-limon-meyveli-pure-300-ml-112468-p-596627
Limon Birinci Sinif Kilo,2209085,109.90,84.90,25979,https://iyas.com.tr/limon-birinci-sinif-kilo-25979-p-114696
Limon File Paket,8695830300011,129.90,89.90,117636,https://iyas.com.tr/limon-file-paket-117636-p-598253
Limon Kilo,2209009,149.90,109.90,17667,https://iyas.com.tr/limon-kilo-17667-p-127200
Lionesse Acili Kabuki Firca No 469,8697888002749,279.90,149.90,92783,https://iyas.com.tr/lionesse-acili-kabuki-firca-no-469-92783-p-117120
Lionesse Banyo Lifi Kavun Sabunlu,8697888031787,54.90,99.90,109807,https://iyas.com.tr/lionesse-banyo-lifi-kavun-sabunlu-109807-p-597071
Lionesse Bebek Eldiveni 2 Li,8697888017637,89.90,139.90,113514,https://iyas.com.tr/lionesse-bebek-eldiveni-2-li-113514-p-597073
Lionesse Cift Tarafli Far Fircasi,8697888008239,99.90,149.90,95278,https://iyas.com.tr/lionesse-cift-tarafli-far-fircasi-95278-p-125681
Lionesse Ct 7 Tirnak Siyirici Et Aleti,8697888002060,79.90,37.90,92795,https://iyas.com.tr/lionesse-ct-7-tirnak-siyirici-et-aleti-92795-p-133777
Lionesse Fondeten Sunger Oval,8697888009502,59.90,37.90,93968,https://iyas.com.tr/lionesse-fondeten-sunger-oval-93968-p-125616
Lionesse Jut Eldivenir 405,8697888015404,149.90,37.90,93866,https://iyas.com.tr/lionesse-jut-eldivenir-405-93866-p-121420
Lionesse Kabak Eldiven R 431,8697888021306,199.90,37.90,93872,https://iyas.com.tr/lionesse-kabak-eldiven-r-431-93872-p-125537
Lionesse Kabak Eldiven R 432,8697888021313,199.90,37.90,93873,https://iyas.com.tr/lionesse-kabak-eldiven-r-432-93873-p-125538
Lionesse Kas Fircasi,8697888009526,49.90,149.90,95275,https://iyas.com.tr/lionesse-kas-fircasi-95275-p-125678
Lionesse Ramine Eldiven R 408,8697888015435,149.90,37.90,93869,https://iyas.com.tr/lionesse-ramine-eldiven-r-408-93869-p-125534
Lionesse Ramine Sirt Bandi R 409,8697888015442,164.90,37.90,93870,https://iyas.com.tr/lionesse-ramine-sirt-bandi-r-409-93870-p-125535
Lionesse Sisal Buyuk Dus Ped Ped L 437,8697888021375,119.90,37.90,93878,https://iyas.com.tr/lionesse-sisal-buyuk-dus-ped-ped-l-437-93878-p-125543
Lionesse Sisal Eldiven R 433,8697888021320,134.90,37.90,93874,https://iyas.com.tr/lionesse-sisal-eldiven-r-433-93874-p-125539
Lionesse Sisal Sopali Banyo Lifi L 434,8697888021337,199.90,37.90,93875,https://iyas.com.tr/lionesse-sisal-sopali-banyo-lifi-l-434-93875-p-125540
Lionesse Spa Sisal El Gecir Vucut Kesesi L,8697888021368,69.90,99.90,101492,https://iyas.com.tr/lionesse-spa-sisal-el-gecir-vucut-kesesi-l-101492-p-586368
Lionesse Takma Tirnak 101 G,8697888018207,119.90,37.90,95795,https://iyas.com.tr/lionesse-takma-tirnak-101-g-95795-p-142685
Lionesse Tarak 893930,8697888012083,54.90,149.90,95728,https://iyas.com.tr/lionesse-tarak-893930-95728-p-138484
Lionnesse Ayak Torpu,8697888001087,69.90,239.90,93950,https://iyas.com.tr/lionnesse-ayak-torpu-93950-p-125598
Lionnesse Bigudi 1111,8697888023287,269.90,37.90,92800,https://iyas.com.tr/lionnesse-bigudi-1111-92800-p-117128
Lionnesse Bigudi,8697888023300,269.90,37.90,92802,https://iyas.com.tr/lionnesse-bigudi-92802-p-117130
Lionnesse Maze Brush,8697888003272,239.90,37.90,92798,https://iyas.com.tr/lionnesse-maze-brush-92798-p-117126
Lionnesse Ponza Tasi Ps 15,8697888007553,59.90,37.90,93962,https://iyas.com.tr/lionnesse-ponza-tasi-ps-15-93962-p-125610
Lionnesse Pratik Epilasyon Yayi,8697888024321,94.90,37.90,93958,https://iyas.com.tr/lionnesse-pratik-epilasyon-yayi-93958-p-125606
Lionnesse Sac Boya Fircasi Dy03,8697888018092,54.90,149.90,93971,https://iyas.com.tr/lionnesse-sac-boya-fircasi-dy03-93971-p-125619
Lionnesse Sac Fircasi,8697888013622,229.90,149.90,94788,https://iyas.com.tr/lionnesse-sac-fircasi-94788-p-142574
Lionnesse Sakal Fircasi,8697888019914,169.90,149.90,92810,https://iyas.com.tr/lionnesse-sakal-fircasi-92810-p-133783
Lionnesse Torpu,8697888005290,154.90,37.90,93953,https://iyas.com.tr/lionnesse-torpu-93953-p-125601
Lipton Bardak Cay 100 Lu,8720608617852,349.50,389.50,97566,https://iyas.com.tr/lipton-bardak-cay-100-lu-97566-p-130277
Lipton Bardak Cay 100 Lu Yl,8720608617807,349.50,389.50,97564,https://iyas.com.tr/lipton-bardak-cay-100-lu-yl-97564-p-130275
Lipton Bardak Cay 25 Li Eg,8720608617883,117.50,389.50,97550,https://iyas.com.tr/lipton-bardak-cay-25-li-eg-97550-p-130261
Lipton Bardak Cay 25 Li Yl,8720608617814,117.50,389.50,97561,https://iyas.com.tr/lipton-bardak-cay-25-li-yl-97561-p-130272
Lipton Bardak Cay 50 Li,5063305011473,195.00,389.50,114872,https://iyas.com.tr/lipton-bardak-cay-50-li-114872-p-596590
Lipton Bardak Cay 50 Li Yl,5063305011466,195.00,389.50,114871,https://iyas.com.tr/lipton-bardak-cay-50-li-yl-114871-p-596814
Lipton Bardak D Karadeniz 25 Li,8720608617821,99.50,389.50,97554,https://iyas.com.tr/lipton-bardak-d-karadeniz-25-li-97554-p-130265
Lipton Bitki Adacayi 20li,8720608631124,99.50,389.50,99507,https://iyas.com.tr/lipton-bitki-adacayi-20li-99507-p-130434
Lipton Bitki Ekinazya Yesilcay Okaliptus 18 Li,5063305010018,99.50,389.50,114864,https://iyas.com.tr/lipton-bitki-ekinazya-yesilcay-okaliptus-18-li-114864-p-596533
Lipton Bitki Nane Zencefil 18 Li Yemek Sonrasi,5063305009999,99.50,389.50,114865,https://iyas.com.tr/lipton-bitki-nane-zencefil-18-li-yemek-sonrasi-114865-p-596439
Lipton Bitki Papatya 20li,8720608631179,99.50,389.50,97549,https://iyas.com.tr/lipton-bitki-papatya-20li-97549-p-130260
Lipton Bitki Papatya Lavanta 18 Li,5063305010001,99.50,389.50,114863,https://iyas.com.tr/lipton-bitki-papatya-lavanta-18-li-114863-p-596458
Lipton Bitki Rezene 20li,8690637035043,99.50,389.50,17686,https://iyas.com.tr/lipton-bitki-rezene-20li-17686-p-143676
Lipton Demlik Cay 100lu Eg,8720608631315,277.50,389.50,97576,https://iyas.com.tr/lipton-demlik-cay-100lu-eg-97576-p-134403
Lipton Demlik Cay 100lu Yl,,277.50,389.50,97571,https://iyas.com.tr/lipton-demlik-cay-100lu-yl-97571-p-134398
Lipton Demlik Cay 120 Li Pouch Yl,5063305010520,299.50,389.50,114869,https://iyas.com.tr/lipton-demlik-cay-120-li-pouch-yl-114869-p-596697
Lipton Demlik Cay 48li,8720608631322,139.50,119.50,97573,https://iyas.com.tr/lipton-demlik-cay-48li-97573-p-134400
Lipton Demlik Cay 48li Yl,8720608631353,139.50,119.50,97579,https://iyas.com.tr/lipton-demlik-cay-48li-yl-97579-p-134406
Lipton Demlik D Karadeniz 48 Li,8720608631308,125.00,389.50,98256,https://iyas.com.tr/lipton-demlik-d-karadeniz-48-li-98256-p-121860
Lipton Demlik Dogu Karadeniz 100 Lu Kutu,8720608631292,249.50,389.50,98906,https://iyas.com.tr/lipton-demlik-dogu-karadeniz-100-lu-kutu-98906-p-143108
Lipton Dokmeli Cay 1000 Gr,8720608617517,459.50,399.50,99532,https://iyas.com.tr/lipton-dokmeli-cay-1000-gr-99532-p-130460
Lipton Dokmeli Cay 500 Gr,8690637591037,249.50,389.50,45664,https://iyas.com.tr/lipton-dokmeli-cay-500-gr-45664-p-143808
Lipton Dokmeli Cay D Karadeniz 1000 Gr,8690639002098,367.50,389.50,17721,https://iyas.com.tr/lipton-dokmeli-cay-d-karadeniz-1000-gr-17721-p-117935
Lipton Dokmeli Cay D Karadeniz 500 Gr,8720608617470,195.00,389.50,97581,https://iyas.com.tr/lipton-dokmeli-cay-d-karadeniz-500-gr-97581-p-134408
Lipton Dokmeli Cay Pouch Yl 500 Gr,8690639000292,199.50,389.50,17710,https://iyas.com.tr/lipton-dokmeli-cay-pouch-yl-500-gr-17710-p-131126
Lipton Ice Tea 1 5 Lt Ahududu,8690574118182,70.00,99.90,112801,https://iyas.com.tr/lipton-ice-tea-1-5-lt-ahududu-112801-p-596452
Lipton Ice Tea 1 5 Lt Karpuz Nane,8690574114894,70.00,99.90,102828,https://iyas.com.tr/lipton-ice-tea-1-5-lt-karpuz-nane-102828-p-583096
Lipton Ice Tea 1 5 Lt Limon,8690574841066,70.00,99.90,29970,https://iyas.com.tr/lipton-ice-tea-1-5-lt-limon-29970-p-114284
Lipton Ice Tea 1 5 Lt Seftali,8690574842063,70.00,99.90,29971,https://iyas.com.tr/lipton-ice-tea-1-5-lt-seftali-29971-p-118484
Lipton Ice Tea 1 Lt Limon,8690574000814,57.00,99.90,56871,https://iyas.com.tr/lipton-ice-tea-1-lt-limon-56871-p-118499
Lipton Ice Tea 1 Lt Mango,8690574004546,57.00,99.90,57426,https://iyas.com.tr/lipton-ice-tea-1-lt-mango-57426-p-114283
Lipton Ice Tea 1 Lt Seftali,8690574000821,57.00,99.90,56870,https://iyas.com.tr/lipton-ice-tea-1-lt-seftali-56870-p-118471
Lipton Ice Tea 330 Ml Limon,8690574801060,47.50,99.90,21350,https://iyas.com.tr/lipton-ice-tea-330-ml-limon-21350-p-135294
Lipton Ice Tea 330 Ml Mango,8690574114450,47.50,99.90,101047,https://iyas.com.tr/lipton-ice-tea-330-ml-mango-101047-p-585784
Lipton Ice Tea 330 Ml Seftali,8690574114726,47.50,99.90,99962,https://iyas.com.tr/lipton-ice-tea-330-ml-seftali-99962-p-584847
Lipton Meyve Kusburnu 20li,8690639002319,99.50,389.50,17712,https://iyas.com.tr/lipton-meyve-kusburnu-20li-17712-p-131133
Lipton Slim Plus Kiraz Sapli 20 Li,8720608631209,99.50,389.50,98148,https://iyas.com.tr/lipton-slim-plus-kiraz-sapli-20-li-98148-p-117715
Lipton Yellow Label Dokme Siyah Cay 1000 Gr,8690639000315,377.50,389.50,17702,https://iyas.com.tr/lipton-yellow-label-dokme-siyah-cay-1000-gr-17702-p-117938
Lipton Yesil Cay Limonlu 20 Li,8720608631407,99.50,389.50,99505,https://iyas.com.tr/lipton-yesil-cay-limonlu-20-li-99505-p-130432
Lipton Yesil Cay Mango Ananas 20 Li,8690637992032,99.50,389.50,81348,https://iyas.com.tr/lipton-yesil-cay-mango-ananas-20-li-81348-p-131958
Lipton Yesilcay Osmantus Cicek Bahcesi 18 Li,5063305009883,99.50,389.50,114866,https://iyas.com.tr/lipton-yesilcay-osmantus-cicek-bahcesi-18-li-114866-p-596459
Lipton Yesilcay Seftali Bergamot 20 Li,5063305009982,99.50,389.50,114867,https://iyas.com.tr/lipton-yesilcay-seftali-bergamot-20-li-114867-p-596767
Listerine 1000 Ml Advanced White Tat,3574661491936,379.90,179.90,96353,https://iyas.com.tr/listerine-1000-ml-advanced-white-tat-96353-p-125857
Listerine 1000 Ml Total Care,3574661673837,379.90,179.90,96352,https://iyas.com.tr/listerine-1000-ml-total-care-96352-p-125856
Listerine 250 Ml Aloe Vera Suyu Stay White,3574661731902,169.90,179.90,95711,https://iyas.com.tr/listerine-250-ml-aloe-vera-suyu-stay-white-95711-p-138469
Listerine 500 250 Ml Aloe Vera Suyu Coolmint Coolmint,3574661564876,299.00,179.90,78479,https://iyas.com.tr/listerine-500-250-ml-aloe-vera-suyu-coolmint-coolmint-78479-p-139564
Listerine 500 Ml Aloe Vera Suyu Coolmint,3574661636627,199.90,179.90,98193,https://iyas.com.tr/listerine-500-ml-aloe-vera-suyu-coolmint-98193-p-117760
Listerine 500 Ml Aloe Vera Suyu Total Care Hafif Tat,3574661731964,219.90,179.90,100919,https://iyas.com.tr/listerine-500-ml-aloe-vera-suyu-total-care-hafif-tat-100919-p-584564
Listerine Cool Mint Naneli Agiz Bakim Suyu 1 Lt,3574661673806,329.90,179.90,93015,https://iyas.com.tr/listerine-cool-mint-naneli-agiz-bakim-suyu-1-lt-93015-p-138104
Lividon Oksidan 20 Vol 60 Ml,8680057427023,10.00,149.90,92667,https://iyas.com.tr/lividon-oksidan-20-vol-60-ml-92667-p-133885
Lividon Oksidan 30 Vol 60 Ml,8680057427030,10.00,149.90,92668,https://iyas.com.tr/lividon-oksidan-30-vol-60-ml-92668-p-138020
Lividon Oksidan 40 Vol 60 Ml,8680057427047,10.00,149.90,92669,https://iyas.com.tr/lividon-oksidan-40-vol-60-ml-92669-p-138021
Lividon Sac Acici 20 Gr,8682729065489,39.90,149.90,92671,https://iyas.com.tr/lividon-sac-acici-20-gr-92671-p-138023
Lol Mini Bavul,8682472162527,29.90,79.50,100851,https://iyas.com.tr/lol-mini-bavul-100851-p-585438
Loreal Imed Excellence No 3 Koyu Kestane,3600524122324,444.90,149.90,107990,https://iyas.com.tr/loreal-imed-excellence-no-3-koyu-kestane-107990-p-597103
Loreal Imed Excellence No 5 15 Efs Turk Kahve,3600524122201,444.90,149.90,107994,https://iyas.com.tr/loreal-imed-excellence-no-5-15-efs-turk-kahve-107994-p-597097
Loreal Paris Excellence Creme 45299 Koyu Sari Kullu Sac Boyasi 268 Gr,3600523972661,499.90,149.90,85175,https://iyas.com.tr/loreal-paris-excellence-creme-45299-koyu-sari-kullu-sac-boyasi-268-gr-85175-p-140434
Loreal Paris Roll On 50 Ml Karbon Koruma,3600523981021,172.50,149.90,105125,https://iyas.com.tr/loreal-paris-roll-on-50-ml-karbon-koruma-105125-p-596924
Loreal Paris Roll On 50 Ml Terleme Karsiti,3600521977712,172.50,149.90,105131,https://iyas.com.tr/loreal-paris-roll-on-50-ml-terleme-karsiti-105131-p-598370
Lorosso Adet,2306064,59.90,54.90,17990,https://iyas.com.tr/lorosso-adet-17990-p-127201
Lotuslu Lokum 1 Kg,2183000554785,439.90,129.90,114647,https://iyas.com.tr/lotuslu-lokum-1-kg-114647-p-595568
Lotuslu Lokum 300 Gr,2183000554488,129.90,129.90,114617,https://iyas.com.tr/lotuslu-lokum-300-gr-114617-p-595538
Lotuslu Lokum 500 Gr,2183000554631,219.90,129.90,114632,https://iyas.com.tr/lotuslu-lokum-500-gr-114632-p-595553
M Marbir Salamura Siyah Zeytin 500 Gr Xs,8690103001558,79.90,229.00,114535,https://iyas.com.tr/m-marbir-salamura-siyah-zeytin-500-gr-xs-114535-p-596607
M Marmarabirlik 12 Gemlik 2xs Yagli,8690103118539,110.00,229.00,97583,https://iyas.com.tr/m-marmarabirlik-12-gemlik-2xs-yagli-97583-p-134410
M Marmarabirlik 12 Gemlik 3xs,8690103114531,110.00,229.00,18115,https://iyas.com.tr/m-marmarabirlik-12-gemlik-3xs-18115-p-118709
M Marmarabirlik 12 Gemlik 4xs,8690103115538,110.00,229.00,18117,https://iyas.com.tr/m-marmarabirlik-12-gemlik-4xs-18117-p-118744
M Marmarabirlik 12 Gemlik L,8690103116535,219.00,229.00,18113,https://iyas.com.tr/m-marmarabirlik-12-gemlik-l-18113-p-118719
M Marmarabirlik 12 Gemlik S,8690103112537,149.00,229.00,18114,https://iyas.com.tr/m-marmarabirlik-12-gemlik-s-18114-p-118729
M Marmarabirlik 12 Gemlik Xl,8690103119536,249.00,229.00,18116,https://iyas.com.tr/m-marmarabirlik-12-gemlik-xl-18116-p-118734
M Marmarabirlik 12 Gemlik Xs,8690103113534,129.00,229.00,18103,https://iyas.com.tr/m-marmarabirlik-12-gemlik-xs-18103-p-118683
M Marmarabirlik 175 Gr Zey Ezme Bah,8690103132146,64.90,229.00,18119,https://iyas.com.tr/m-marmarabirlik-175-gr-zey-ezme-bah-18119-p-118735
M Marmarabirlik 175 Gr Zeytin Ezmesi Sade,8690103131149,64.90,229.00,18120,https://iyas.com.tr/m-marmarabirlik-175-gr-zeytin-ezmesi-sade-18120-p-118720
M Marmarabirlik 340 Gr Zey Ezme Bah,8690103132344,110.00,229.00,18121,https://iyas.com.tr/m-marmarabirlik-340-gr-zey-ezme-bah-18121-p-118738
M Marmarabirlik 340 Gr Zey Ezmesi Sade,8690103131347,110.00,229.00,18122,https://iyas.com.tr/m-marmarabirlik-340-gr-zey-ezmesi-sade-18122-p-118710
M Marmarabirlik 400 Gr Cam Yes Zeytin Kok,8690103800014,149.00,229.00,37018,https://iyas.com.tr/m-marmarabirlik-400-gr-cam-yes-zeytin-kok-37018-p-123642
M Marmarabirlik 400 Gr Gold Xl Teneke,8690103279315,219.00,229.00,45868,https://iyas.com.tr/m-marmarabirlik-400-gr-gold-xl-teneke-45868-p-118682
M Marmarabirlik 400 Gr Hiper Az Tuzlu,8690103131163,189.00,229.00,72271,https://iyas.com.tr/m-marmarabirlik-400-gr-hiper-az-tuzlu-72271-p-118715
M Marmarabirlik 400 Gr Kuru Sele,8690103292413,159.00,229.00,68414,https://iyas.com.tr/m-marmarabirlik-400-gr-kuru-sele-68414-p-118713
M Marmarabirlik 400 Gr S Az Tuzlu,8690103172319,139.00,229.00,60913,https://iyas.com.tr/m-marmarabirlik-400-gr-s-az-tuzlu-60913-p-131989
M Marmarabirlik 400 Gr Sepet,8690103292550,109.90,229.00,74943,https://iyas.com.tr/m-marmarabirlik-400-gr-sepet-74943-p-114456
M Marmarabirlik 400 Gr Sepet,8690103292512,159.00,229.00,76623,https://iyas.com.tr/m-marmarabirlik-400-gr-sepet-76623-p-118687
M Marmarabirlik 800 Gr 3xs,8690103114432,179.00,229.00,61384,https://iyas.com.tr/m-marmarabirlik-800-gr-3xs-61384-p-118691
M Marmarabirlik 800 Gr Gem S Az Tuzl,8690103172814,249.00,229.00,18124,https://iyas.com.tr/m-marmarabirlik-800-gr-gem-s-az-tuzl-18124-p-114455
M Marmarabirlik 800 Gr Gold Teneke,8690103279810,419.00,229.00,45869,https://iyas.com.tr/m-marmarabirlik-800-gr-gold-teneke-45869-p-118692
M Marmarabirlik 800 Gr Hiper Az Tuzlu,8690103116931,359.00,229.00,72040,https://iyas.com.tr/m-marmarabirlik-800-gr-hiper-az-tuzlu-72040-p-118706
M Marmarabirlik 800 Gr Kuru Sele 3xs,8690103292437,249.00,229.00,98341,https://iyas.com.tr/m-marmarabirlik-800-gr-kuru-sele-3xs-98341-p-126054
M Marmarabirlik 800 Gr Sepet,8690103292536,199.00,229.00,76624,https://iyas.com.tr/m-marmarabirlik-800-gr-sepet-76624-p-131991
M Marmarabirlik 800 Gr Sepet,8690103292574,259.00,229.00,76625,https://iyas.com.tr/m-marmarabirlik-800-gr-sepet-76625-p-118688
M Marmarabirlik 800 Gr Xl Salamura,8690103119819,399.00,229.00,46242,https://iyas.com.tr/m-marmarabirlik-800-gr-xl-salamura-46242-p-118741
M Marmarabirlik 800 Gr Xs,8690103113435,199.00,229.00,62819,https://iyas.com.tr/m-marmarabirlik-800-gr-xs-62819-p-118725
M Marmarabirlik Gemlik 3xs 200 Gr,8690103114234,49.90,229.00,62440,https://iyas.com.tr/m-marmarabirlik-gemlik-3xs-200-gr-62440-p-118711
M Marmarabirlik Gold 800 Gr,8690103279827,299.00,229.00,64489,https://iyas.com.tr/m-marmarabirlik-gold-800-gr-64489-p-118707
M Marmarabirlik Kokteyl Yesil 850 Gr,8690103800168,299.00,229.00,60239,https://iyas.com.tr/m-marmarabirlik-kokteyl-yesil-850-gr-60239-p-115700
M Marmarabirlik Kuru Sele 400 Gr,8690103292390,129.00,229.00,67358,https://iyas.com.tr/m-marmarabirlik-kuru-sele-400-gr-67358-p-118716
M Marmarabirlik Kuru Sele 800 Gr Xs,8690103292451,319.00,229.00,68350,https://iyas.com.tr/m-marmarabirlik-kuru-sele-800-gr-xs-68350-p-118724
M Marmarabirlik M 800 Gr,8690103111431,269.00,229.00,62714,https://iyas.com.tr/m-marmarabirlik-m-800-gr-62714-p-118695
M Marmarabirlik Xl Zeytin 800 Gr,8690103119437,399.00,229.00,62537,https://iyas.com.tr/m-marmarabirlik-xl-zeytin-800-gr-62537-p-118677
M Marmarabirlik Yesil Kokteyl 3xl 500 Gr,8690103004023,159.00,229.00,90077,https://iyas.com.tr/m-marmarabirlik-yesil-kokteyl-3xl-500-gr-90077-p-146228
M Metin Helva 200 Gr Antep Fistikli Paket,8690799000170,119.90,249.00,49761,https://iyas.com.tr/m-metin-helva-200-gr-antep-fistikli-paket-49761-p-144053
M Metin Helva 200 Gr Kakaolu Paket,8690799000118,69.90,249.00,49760,https://iyas.com.tr/m-metin-helva-200-gr-kakaolu-paket-49760-p-144030
M Metin Helva 200 Gr Sade Paket,8690799000019,69.90,249.00,49759,https://iyas.com.tr/m-metin-helva-200-gr-sade-paket-49759-p-144003
M Metin Helva 375 Gr Kakaolu Paket,8690799020123,114.90,249.00,49763,https://iyas.com.tr/m-metin-helva-375-gr-kakaolu-paket-49763-p-122848
M Metin Helva 375 Gr Sade Paket,8690799020116,114.90,249.00,49762,https://iyas.com.tr/m-metin-helva-375-gr-sade-paket-49762-p-122847
M Metin Helva 40 Gr Kakaolu Paket,8690799021564,16.95,249.00,70579,https://iyas.com.tr/m-metin-helva-40-gr-kakaolu-paket-70579-p-131310
M Metin Helva 40 Gr Sade Paket,8690799021472,16.95,249.00,70578,https://iyas.com.tr/m-metin-helva-40-gr-sade-paket-70578-p-127147
M Metin Helva 500 Gr Kakaolu Paket,8690799000125,139.00,249.00,49766,https://iyas.com.tr/m-metin-helva-500-gr-kakaolu-paket-49766-p-114550
M Metin Helva 500 Gr Sade Paket,8690799000026,139.00,249.00,49765,https://iyas.com.tr/m-metin-helva-500-gr-sade-paket-49765-p-114588
M Metin Kakaolu Findik Kremasi 400 Gr,8690799020826,109.90,79.90,44575,https://iyas.com.tr/m-metin-kakaolu-findik-kremasi-400-gr-44575-p-127095
M Metin Pekmez Dut 380 Gr Cam,8690799002006,139.00,249.00,44616,https://iyas.com.tr/m-metin-pekmez-dut-380-gr-cam-44616-p-114601
M Metin Pekmez Dut 700 Gr Cam,8690799000361,239.00,249.00,44615,https://iyas.com.tr/m-metin-pekmez-dut-700-gr-cam-44615-p-114587
M Metin Pekmez Uzum 380 Gr Cam,8690799002051,159.00,249.00,44619,https://iyas.com.tr/m-metin-pekmez-uzum-380-gr-cam-44619-p-122845
M Metin Pekmez Uzum 700 Gr Cam,8690799002013,299.00,249.00,44620,https://iyas.com.tr/m-metin-pekmez-uzum-700-gr-cam-44620-p-127039
M Metin Pekmez Uzum 700 Gr Pls,8690799020598,279.00,249.00,44621,https://iyas.com.tr/m-metin-pekmez-uzum-700-gr-pls-44621-p-122803
M Metin Recel 1000 Gr Ahududu,8690799022295,319.00,249.00,107292,https://iyas.com.tr/m-metin-recel-1000-gr-ahududu-107292-p-596790
M Metin Recel 1000 Gr Bogurtlen,8690799022301,319.00,249.00,107293,https://iyas.com.tr/m-metin-recel-1000-gr-bogurtlen-107293-p-596433
M Metin Recel 1000 Gr Cilek,8690799022264,279.00,259.00,107290,https://iyas.com.tr/m-metin-recel-1000-gr-cilek-107290-p-596775
M Metin Recel 1000 Gr Visne,8690799022271,419.00,249.00,107291,https://iyas.com.tr/m-metin-recel-1000-gr-visne-107291-p-596477
M Metin Recel 1500 Gr Cilek Cam,8690799023100,319.00,249.00,93343,https://iyas.com.tr/m-metin-recel-1500-gr-cilek-cam-93343-p-125498
M Metin Recel 1500 Gr Visne Cam,8690799023117,519.00,249.00,93344,https://iyas.com.tr/m-metin-recel-1500-gr-visne-cam-93344-p-125499
M Metin Recel 360 Gr Ahududu Cam,8690799004109,129.90,249.00,44578,https://iyas.com.tr/m-metin-recel-360-gr-ahududu-cam-44578-p-118594
M Metin Recel 360 Gr Ayva Cam,8690799004604,129.90,249.00,44583,https://iyas.com.tr/m-metin-recel-360-gr-ayva-cam-44583-p-118599
M Metin Recel 360 Gr Cilek Cam,8690799004031,129.90,249.00,44576,https://iyas.com.tr/m-metin-recel-360-gr-cilek-cam-44576-p-118596
M Metin Recel 360 Gr Gul Cam,8690799004048,129.90,249.00,44581,https://iyas.com.tr/m-metin-recel-360-gr-gul-cam-44581-p-118593
M Metin Recel 360 Gr Incir Cam,8690799000354,129.90,249.00,44582,https://iyas.com.tr/m-metin-recel-360-gr-incir-cam-44582-p-118600
M Metin Recel 360 Gr Karadut Cam,8690799021441,129.90,249.00,44580,https://iyas.com.tr/m-metin-recel-360-gr-karadut-cam-44580-p-118601
M Metin Recel 360 Gr Kusburnu Cam,8690799004116,129.90,249.00,44586,https://iyas.com.tr/m-metin-recel-360-gr-kusburnu-cam-44586-p-118602
M Metin Recel 360 Gr Portakal Cam,8690799005519,129.90,249.00,44584,https://iyas.com.tr/m-metin-recel-360-gr-portakal-cam-44584-p-118603
M Metin Recel 360 Gr Seftali Cam,8690799005526,129.90,249.00,44585,https://iyas.com.tr/m-metin-recel-360-gr-seftali-cam-44585-p-118604
M Metin Recel 360 Gr Visne Cam,8690799004017,159.90,249.00,44587,https://iyas.com.tr/m-metin-recel-360-gr-visne-cam-44587-p-118598
M Metin Recel 700 Gr Ayva Cam,8690799004611,189.00,249.00,44589,https://iyas.com.tr/m-metin-recel-700-gr-ayva-cam-44589-p-118613
M Metin Recel 700 Gr Bogurtlen Cam,8690799004727,249.00,249.00,44590,https://iyas.com.tr/m-metin-recel-700-gr-bogurtlen-cam-44590-p-118614
M Metin Recel 700 Gr Cilek Cam,8690799004277,189.00,249.00,44591,https://iyas.com.tr/m-metin-recel-700-gr-cilek-cam-44591-p-118615
M Metin Recel 700 Gr Gul Cam,8690799004284,189.00,249.00,44592,https://iyas.com.tr/m-metin-recel-700-gr-gul-cam-44592-p-118616
M Metin Recel 700 Gr Incir Cam,8690799004215,189.00,249.00,44593,https://iyas.com.tr/m-metin-recel-700-gr-incir-cam-44593-p-118617
M Metin Recel 700 Gr Kayisi Cam,8690799004260,189.00,249.00,44594,https://iyas.com.tr/m-metin-recel-700-gr-kayisi-cam-44594-p-118618
M Metin Recel 700 Gr Kusburnu Cam,8690799005533,249.00,249.00,44595,https://iyas.com.tr/m-metin-recel-700-gr-kusburnu-cam-44595-p-118619
M Metin Recel 700 Gr Portakal Cam,8690799004222,189.00,249.00,44596,https://iyas.com.tr/m-metin-recel-700-gr-portakal-cam-44596-p-118620
M Metin Recel 700 Gr Seftali Cam,8690799004239,189.00,249.00,114284,https://iyas.com.tr/m-metin-recel-700-gr-seftali-cam-114284-p-595417
M Metin Recel Portakal 2800 Gr,8690799023292,519.00,249.00,100441,https://iyas.com.tr/m-metin-recel-portakal-2800-gr-100441-p-582096
M Metin Tahin 290 Gr Cam Kavanoz,8690799001030,99.90,249.00,44613,https://iyas.com.tr/m-metin-tahin-290-gr-cam-kavanoz-44613-p-114596
M Metin Tahin 900 Gr,8690799023711,199.00,169.00,114283,https://iyas.com.tr/m-metin-tahin-900-gr-114283-p-595414
M Metin Tahin Pekmez 450 Gr 580 Gr,8690799314956,279.00,249.00,114285,https://iyas.com.tr/m-metin-tahin-pekmez-450-gr-580-gr-114285-p-595415
Macromax Famous Islak Havlulu Temizlik Seti,8681893008513,550.00,99.90,104664,https://iyas.com.tr/macromax-famous-islak-havlulu-temizlik-seti-104664-p-586530
Macromax Pisirme Kagidi 10lu,8681893009664,89.00,69.00,112769,https://iyas.com.tr/macromax-pisirme-kagidi-10lu-112769-p-595995
Magnum 90 Ml Signature,8721274646283,90.00,100.00,115143,https://iyas.com.tr/magnum-90-ml-signature-115143-p-596736
Magnum Badem,8690637860362,90.00,100.00,96597,https://iyas.com.tr/magnum-badem-96597-p-134326
Magnum Cookie 95 Ml,8690637936036,90.00,100.00,77737,https://iyas.com.tr/magnum-cookie-95-ml-77737-p-139089
Magnum Dbl 85 Ml Utophia Berry,8683130095645,90.00,100.00,106323,https://iyas.com.tr/magnum-dbl-85-ml-utophia-berry-106323-p-588056
Magnum Double Karadut Bogurtlen 95 Ml,8690637860393,90.00,100.00,98590,https://iyas.com.tr/magnum-double-karadut-bogurtlen-95-ml-98590-p-134526
Magnum Dubai 90 Ml,8683130110850,90.00,100.00,108094,https://iyas.com.tr/magnum-dubai-90-ml-108094-p-588052
Magnum Mini 283 Ml Duble Etopya,8721274646979,225.00,100.00,114319,https://iyas.com.tr/magnum-mini-283-ml-duble-etopya-114319-p-596739
Magnum Mini 330 Ml Badem,8683130097700,325.00,269.00,107688,https://iyas.com.tr/magnum-mini-330-ml-badem-107688-p-588054
Magnum Mini 330 Ml Clasik,8683130097694,325.00,269.00,107687,https://iyas.com.tr/magnum-mini-330-ml-clasik-107687-p-588049
Magnum Mini 330 Ml Classic Badem,8683130097687,325.00,269.00,107689,https://iyas.com.tr/magnum-mini-330-ml-classic-badem-107689-p-588047
Magnum Mini 337 5 Ml Cookie Badem,8683130097670,325.00,269.00,107300,https://iyas.com.tr/magnum-mini-337-5-ml-cookie-badem-107300-p-588048
Magnum Mini 345 Ml Clasik K Dut Bogurt Karamel,8683130097625,325.00,269.00,107318,https://iyas.com.tr/magnum-mini-345-ml-clasik-k-dut-bogurt-karamel-107318-p-588045
Magnum Normal Beyaz,8690637860379,90.00,100.00,96602,https://iyas.com.tr/magnum-normal-beyaz-96602-p-134331
Magnum Normal Classic,8690637687419,90.00,100.00,96588,https://iyas.com.tr/magnum-normal-classic-96588-p-134317
Magnum Normal Classic,8690637860355,90.00,100.00,96591,https://iyas.com.tr/magnum-normal-classic-96591-p-134320
Magnum Normal Double Cikolata,8690637860409,90.00,100.00,98587,https://iyas.com.tr/magnum-normal-double-cikolata-98587-p-130407
Magnum Normal Double Karadut,8690637719783,90.00,100.00,58857,https://iyas.com.tr/magnum-normal-double-karadut-58857-p-122189
Magnum Pint Badem Parca Cikolatali 440 Ml,8690637997655,400.00,100.00,101324,https://iyas.com.tr/magnum-pint-badem-parca-cikolatali-440-ml-101324-p-581217
Magnum Sandwich 140 Ml Badem,8721274646214,90.00,100.00,114315,https://iyas.com.tr/magnum-sandwich-140-ml-badem-114315-p-596731
Mahirbey Dana Kasap Sucugu Kilo,2202027,945.00,895.00,100444,https://iyas.com.tr/mahirbey-dana-kasap-sucugu-kilo-100444-p-585748
Mahiroglu Tavuk Sucuk Kilo 100 Gogus Eti Kilo,2201002,299.00,895.00,5718,https://iyas.com.tr/mahiroglu-tavuk-sucuk-kilo-100-gogus-eti-kilo-5718-p-114442
Majestic Arac Parfumu 7 Ml Amber,8681480121946,84.90,69.90,108553,https://iyas.com.tr/majestic-arac-parfumu-7-ml-amber-108553-p-596856
Majestic Arac Parfumu 7 Ml Pudra,8681480121939,99.90,69.90,108550,https://iyas.com.tr/majestic-arac-parfumu-7-ml-pudra-108550-p-597234
Majestic Arac Parfumu 7 Ml Vanilya,8681480121991,99.90,69.90,108552,https://iyas.com.tr/majestic-arac-parfumu-7-ml-vanilya-108552-p-597147
Maku Ciftligi 100 Keci Deri Tulum Peyniri Kilo,2203062,995.00,379.00,36704,https://iyas.com.tr/maku-ciftligi-100-keci-deri-tulum-peyniri-kilo-36704-p-140752
Mammen Rokfor Peyniri Kilo,2202057,1395.00,379.00,1562,https://iyas.com.tr/mammen-rokfor-peyniri-kilo-1562-p-144190
Manda Kaymakli Lokum 1 Kg Gunluk,2183000554716,439.90,129.90,114640,https://iyas.com.tr/manda-kaymakli-lokum-1-kg-gunluk-114640-p-595561
Manda Kaymakli Lokum 300 Gr Gunluk,2183000554426,129.90,129.90,114610,https://iyas.com.tr/manda-kaymakli-lokum-300-gr-gunluk-114610-p-595531
Manda Kaymakli Lokum 500 Gr Gunluk,2183000554563,219.90,129.90,114625,https://iyas.com.tr/manda-kaymakli-lokum-500-gr-gunluk-114625-p-595546
Mango Adet,2306091,139.90,99.90,262,https://iyas.com.tr/mango-adet-262-p-123053
Mango Dilimleri Konservesi 425 Gr,8850559103064,249.90,84.90,114717,https://iyas.com.tr/mango-dilimleri-konservesi-425-gr-114717-p-597186
Mantar Kestane Kilo,2209007,250.00,59.90,20641,https://iyas.com.tr/mantar-kestane-kilo-20641-p-123058
Mantar Kultur Kilo,2209025,225.00,59.90,18041,https://iyas.com.tr/mantar-kultur-kilo-18041-p-127202
Mantilla Etli Kilo,2203061,279.00,99.90,1919,https://iyas.com.tr/mantilla-etli-kilo-1919-p-139818
Marc Banyo Sprey 750 Ml,8690570522587,109.90,79.90,18048,https://iyas.com.tr/marc-banyo-sprey-750-ml-18048-p-114155
Marc Camasir Makarna Temizlik 250 Ml Hijyen,8690570549249,149.90,134.90,90879,https://iyas.com.tr/marc-camasir-makarna-temizlik-250-ml-hijyen-90879-p-137853
Marc Camasir Makarna Temizlik 2x250 Ml,8690570548204,239.90,74.90,18045,https://iyas.com.tr/marc-camasir-makarna-temizlik-2x250-ml-18045-p-135065
Marc Camasir Makarna Temizlik 2x250 Ml Limon,8682539000212,239.90,74.90,84166,https://iyas.com.tr/marc-camasir-makarna-temizlik-2x250-ml-limon-84166-p-127639
Marc Mutfak Sprey 750 Ml,8690570522570,109.90,79.90,18066,https://iyas.com.tr/marc-mutfak-sprey-750-ml-18066-p-114119
Marfedo Dondurma 500 Gr Baton Kakao Sade,8680512440345,169.00,100.00,117581,https://iyas.com.tr/marfedo-dondurma-500-gr-baton-kakao-sade-117581-p-598271
Marfedo Dondurma Baton Sade 500 Gr,8680512440321,169.00,100.00,117580,https://iyas.com.tr/marfedo-dondurma-baton-sade-500-gr-117580-p-598458
Marlet Tirnak Yapistiricisi 3 Gr Ep4203,8682376124706,22.50,20.00,103861,https://iyas.com.tr/marlet-tirnak-yapistiricisi-3-gr-ep4203-103861-p-583155
Marlett Tirnak Yapistirici Ep 4202 10 Gr,8955155813062,29.90,37.90,100970,https://iyas.com.tr/marlett-tirnak-yapistirici-ep-4202-10-gr-100970-p-584860
Marmarabirlik 3xs Gemlik 1 Kg Cam,8690103100411,239.00,229.00,60914,https://iyas.com.tr/marmarabirlik-3xs-gemlik-1-kg-cam-60914-p-118718
Marmarabirlik 400 Gr Domat Dolgu 141 160,8690103810013,169.00,229.00,54181,https://iyas.com.tr/marmarabirlik-400-gr-domat-dolgu-141-160-54181-p-145012
Marmarabirlik Biber Dolgulu Yesil Zeytin 141 160 4xl Boy 850 Gr,8690103800243,349.00,229.00,98932,https://iyas.com.tr/marmarabirlik-biber-dolgulu-yesil-zeytin-141-160-4xl-boy-850-gr-98932-p-143134
Marmarabirlik Dilimlenmis Yesil Zeytin 350 G,8690103001305,119.00,229.00,85575,https://iyas.com.tr/marmarabirlik-dilimlenmis-yesil-zeytin-350-g-85575-p-140560
Marmarabirlik Dilimli Siyah Zeytin 350 Gr,8690103001329,119.00,229.00,85574,https://iyas.com.tr/marmarabirlik-dilimli-siyah-zeytin-350-gr-85574-p-140559
Marmarabirlik Dogal Salamura Siyah Zeytin 2xs 800 Gr,8690103118430,179.00,229.00,78961,https://iyas.com.tr/marmarabirlik-dogal-salamura-siyah-zeytin-2xs-800-gr-78961-p-131990
Marmarabirlik Dogal Salamura Siyah Zeytin Large 800 Gr,8690103116436,349.00,229.00,62713,https://iyas.com.tr/marmarabirlik-dogal-salamura-siyah-zeytin-large-800-gr-62713-p-127938
Marmarabirlik Dogal Salamura Siyah Zeytin S Boy 800 Gr,8690103112438,239.00,229.00,62333,https://iyas.com.tr/marmarabirlik-dogal-salamura-siyah-zeytin-s-boy-800-gr-62333-p-118722
Marmarabirlik Elit Siyah Zeytin 950 Gr,8690103910782,239.00,229.00,67244,https://iyas.com.tr/marmarabirlik-elit-siyah-zeytin-950-gr-67244-p-118728
Marmarabirlik Gemlik 200 Gr Xs,8690103113237,54.90,229.00,69562,https://iyas.com.tr/marmarabirlik-gemlik-200-gr-xs-69562-p-118712
Marmarabirlik Hiper Siyah Sele Zeytin Kilo,2209805,295.00,229.00,38649,https://iyas.com.tr/marmarabirlik-hiper-siyah-sele-zeytin-kilo-38649-p-123614
Marmarabirlik Mega Alaca Siyah Zeytin Kilo,2201021,279.00,229.00,12328,https://iyas.com.tr/marmarabirlik-mega-alaca-siyah-zeytin-kilo-12328-p-114448
Marmarabirlik Minyon Siyah Zeytin 800 Gr,8690103115439,179.00,229.00,98090,https://iyas.com.tr/marmarabirlik-minyon-siyah-zeytin-800-gr-98090-p-117657
Marmarabirlik Sofralik Salamura Siyah Zeytin 400 Gr,8690103279414,149.00,229.00,64488,https://iyas.com.tr/marmarabirlik-sofralik-salamura-siyah-zeytin-400-gr-64488-p-118745
Marmarabirlik Yagli Salamura Siyah Zeytin 261 290 Boy 500 Gr,8690103111530,169.00,229.00,18118,https://iyas.com.tr/marmarabirlik-yagli-salamura-siyah-zeytin-261-290-boy-500-gr-18118-p-118727
Marmarabirlik Yagli Sele Zeytin Kilo,2202065,345.00,299.00,108666,https://iyas.com.tr/marmarabirlik-yagli-sele-zeytin-kilo-108666-p-588069
Marmarabirlik Yesil Kirma 400 Gr,8690103820029,149.00,229.00,100109,https://iyas.com.tr/marmarabirlik-yesil-kirma-400-gr-100109-p-575509
Marmarabirlik Yesil Kirma 850 Gr,8690103800267,299.00,229.00,100110,https://iyas.com.tr/marmarabirlik-yesil-kirma-850-gr-100110-p-575541
Mars Cikolata 51 Gr,5900951311321,44.50,9.90,102505,https://iyas.com.tr/mars-cikolata-51-gr-102505-p-581569
Marul Adet,2306060,49.90,49.90,96264,https://iyas.com.tr/marul-adet-96264-p-121656
Marul Kivircik Adet,2306005,49.90,25.00,18143,https://iyas.com.tr/marul-kivircik-adet-18143-p-127204
Master Colorist Set Boya 02,8683105625594,139.90,149.90,114988,https://iyas.com.tr/master-colorist-set-boya-02-114988-p-598352
Master Colorist Set Boya 10,8683105625495,139.90,149.90,114963,https://iyas.com.tr/master-colorist-set-boya-10-114963-p-597054
Master Colorist Set Boya 11,8683105625563,139.90,149.90,114962,https://iyas.com.tr/master-colorist-set-boya-11-114962-p-596896
Master Colorist Set Boya 366,8683105625716,139.90,149.90,114977,https://iyas.com.tr/master-colorist-set-boya-366-114977-p-598354
Master Colorist Set Boya 60,8683105625532,139.90,149.90,114971,https://iyas.com.tr/master-colorist-set-boya-60-114971-p-598355
Master Colorist Set Boya 611,8683105627161,139.90,149.90,114984,https://iyas.com.tr/master-colorist-set-boya-611-114984-p-598353
Master Colorist Set Boya 71,8683105625617,139.90,149.90,114981,https://iyas.com.tr/master-colorist-set-boya-71-114981-p-597067
Master Colorist Set Boya 711,8683105625631,139.90,149.90,114982,https://iyas.com.tr/master-colorist-set-boya-711-114982-p-597268
Master Colorist Set Boya 83,8683105625662,139.90,149.90,114967,https://iyas.com.tr/master-colorist-set-boya-83-114967-p-597122
Master Farm Hurma 125 Gr,8683717470674,99.90,729.00,107157,https://iyas.com.tr/master-farm-hurma-125-gr-107157-p-596721
Master Farm Kaju Fistigi Cig 140 Gr,8683717470568,124.90,199.00,107162,https://iyas.com.tr/master-farm-kaju-fistigi-cig-140-gr-107162-p-596448
Master Farm Kuru Kayisi 140 Gr,8683717470582,144.90,729.00,107163,https://iyas.com.tr/master-farm-kuru-kayisi-140-gr-107163-p-596500
Master Nut Antep Fistigi Ezmesi 200 Gr,8683717472333,329.00,249.00,107185,https://iyas.com.tr/master-nut-antep-fistigi-ezmesi-200-gr-107185-p-596436
Master Nut Badem Kremasi 270 Gr,8683717472319,169.90,249.00,112958,https://iyas.com.tr/master-nut-badem-kremasi-270-gr-112958-p-596511
Master Nut Beyaz Leblebi 150 Gr,8683717470131,54.90,199.00,107112,https://iyas.com.tr/master-nut-beyaz-leblebi-150-gr-107112-p-596563
Master Nut Ic Yer Fistigi Tuzlu 160 G,8683717470223,49.95,199.00,107118,https://iyas.com.tr/master-nut-ic-yer-fistigi-tuzlu-160-g-107118-p-596537
Master Nut Kabak Cekirdegi 120 Gr,8683717470148,64.90,199.00,107124,https://iyas.com.tr/master-nut-kabak-cekirdegi-120-gr-107124-p-596586
Master Nut Kizartilmis Yer Fistigi Acili 150 Gr,8683717470087,39.95,199.00,107122,https://iyas.com.tr/master-nut-kizartilmis-yer-fistigi-acili-150-gr-107122-p-596463
Master Nut Kizartilmis Yer Fistigi Tuzlu 150 Gr,8683717470179,39.95,199.00,107121,https://iyas.com.tr/master-nut-kizartilmis-yer-fistigi-tuzlu-150-gr-107121-p-596593
Master Nut Kizartilmis Yer Fistigi Tuzlu 75 Gr,8683717470445,19.95,199.00,107119,https://iyas.com.tr/master-nut-kizartilmis-yer-fistigi-tuzlu-75-gr-107119-p-596542
Master Nut Tuzlu Leblebi 80 Gr,8683717470285,34.90,199.00,107134,https://iyas.com.tr/master-nut-tuzlu-leblebi-80-gr-107134-p-596577
Master Potato 160 Gr Barbeku Soslu,8683717472418,99.90,74.90,103204,https://iyas.com.tr/master-potato-160-gr-barbeku-soslu-103204-p-584257
Master Potato 160 Gr Hotspicy,8683717471435,99.90,74.90,100247,https://iyas.com.tr/master-potato-160-gr-hotspicy-100247-p-583022
Master Potato 160 Gr Original,8683717471428,99.90,74.90,100248,https://iyas.com.tr/master-potato-160-gr-original-100248-p-585140
Master Potato 160 Gr Sebze Cesnili,8683717472432,99.90,74.90,104929,https://iyas.com.tr/master-potato-160-gr-sebze-cesnili-104929-p-586650
Master Potato 160 Gr Sirke Aromali,8683717472777,99.90,74.90,105813,https://iyas.com.tr/master-potato-160-gr-sirke-aromali-105813-p-586652
Master Potato 160 Gr Sogan Eksi Krema,8683717471442,99.90,74.90,100249,https://iyas.com.tr/master-potato-160-gr-sogan-eksi-krema-100249-p-583960
Master Potato 160 Gr Sriracha Flavoured,8683717472791,99.90,74.90,106620,https://iyas.com.tr/master-potato-160-gr-sriracha-flavoured-106620-p-587769
Master Potato 60 Gr Original,8683717471459,44.95,74.90,105105,https://iyas.com.tr/master-potato-60-gr-original-105105-p-586649
Masterini Krema 200 Ml Bitkisel 20 Yagli,8692971482804,29.90,599.00,108701,https://iyas.com.tr/masterini-krema-200-ml-bitkisel-20-yagli-108701-p-595301
Maun Milfoy Hamuru 1000 Gr,8680211720021,99.90,279.00,78946,https://iyas.com.tr/maun-milfoy-hamuru-1000-gr-78946-p-139096
Maybelline Newyork Kapatici Fondoten No 02,3600530733859,1639.90,37.90,115206,https://iyas.com.tr/maybelline-newyork-kapatici-fondoten-no-02-115206-p-597279
Maydonoz Adet,2306004,25.00,19.90,18171,https://iyas.com.tr/maydonoz-adet-18171-p-127205
Maylo Cep Mendili 10lu,8698996001072,32.90,369.90,107037,https://iyas.com.tr/maylo-cep-mendili-10lu-107037-p-589201
Maylo Havlu 16li,8698996008814,199.90,369.90,114760,https://iyas.com.tr/maylo-havlu-16li-114760-p-597917
Maylo Pecete 100 Lu,8698996001133,35.90,29.90,107033,https://iyas.com.tr/maylo-pecete-100-lu-107033-p-589204
Maylo Pecete 200 Lu,8698996001140,65.90,369.90,107034,https://iyas.com.tr/maylo-pecete-200-lu-107034-p-589205
Maylo Puf 80 Li Mini Mendil,8698996008517,12.90,369.90,107035,https://iyas.com.tr/maylo-puf-80-li-mini-mendil-107035-p-589202
Maylo Tuvalet Kagidi 40li,8698996009415,279.90,369.90,114759,https://iyas.com.tr/maylo-tuvalet-kagidi-40li-114759-p-597921
Mc Robin Trilece 400 Gr,5319990934987,329.00,279.00,115184,https://iyas.com.tr/mc-robin-trilece-400-gr-115184-p-596508
Mcvities Karamel Tarcin 88 Gr,8690504087588,37.90,69.90,90582,https://iyas.com.tr/mcvities-karamel-tarcin-88-gr-90582-p-129372
Mcvities Sutlu Kakaolu 90 Gr,8690504087298,37.90,69.90,90581,https://iyas.com.tr/mcvities-sutlu-kakaolu-90-gr-90581-p-129371
Mega Torpilli Durum 150 Gr,2183000550404,150.00,160.00,105861,https://iyas.com.tr/mega-torpilli-durum-150-gr-105861-p-586595
Mega Torpilli Durum Menu,2183000550305,170.00,160.00,105853,https://iyas.com.tr/mega-torpilli-durum-menu-105853-p-586591
Mehmet Efendi Cafe Colombia 1000 Gr Cekirdek,8690627267607,1250.00,89.50,93039,https://iyas.com.tr/mehmet-efendi-cafe-colombia-1000-gr-cekirdek-93039-p-138107
Mehmet Efendi Cafe Espresso 1000 Gr Cekirdek,8690627042600,1250.00,89.50,85988,https://iyas.com.tr/mehmet-efendi-cafe-espresso-1000-gr-cekirdek-85988-p-120585
Mehmet Efendi Icimlik Tuk Kah 6x6 Gr,8690627000136,59.90,89.50,79968,https://iyas.com.tr/mehmet-efendi-icimlik-tuk-kah-6x6-gr-79968-p-119224
Mehmet Efendi Turk Kahvesi 100 Gr,8690627021209,99.90,89.50,18199,https://iyas.com.tr/mehmet-efendi-turk-kahvesi-100-gr-18199-p-122658
Mehmet Efendi Turk Kahvesi 250 Gr,8690627023401,319.00,89.50,18200,https://iyas.com.tr/mehmet-efendi-turk-kahvesi-250-gr-18200-p-122553
Mehmet Efendi Turk Kahvesi 500 Gr,8690627023500,579.00,89.50,18201,https://iyas.com.tr/mehmet-efendi-turk-kahvesi-500-gr-18201-p-122554
Melis Citir Sogan 20 Gr,8682484902661,24.90,74.90,114508,https://iyas.com.tr/melis-citir-sogan-20-gr-114508-p-596612
Melis Kozlenmis Biber 720 Ml,8699073290764,159.90,59.90,77633,https://iyas.com.tr/melis-kozlenmis-biber-720-ml-77633-p-123310
Melis Kozlenmis Patlican 720 Ml,8682484902111,149.00,59.90,112895,https://iyas.com.tr/melis-kozlenmis-patlican-720-ml-112895-p-596461
Melis Kozlenmis Patlican Salatasi 640 Gr,8699073292775,149.00,59.90,77632,https://iyas.com.tr/melis-kozlenmis-patlican-salatasi-640-gr-77632-p-123309
Melis Sos 210 Ml Kahvaltilik Tatli,8682484900179,149.00,59.90,99262,https://iyas.com.tr/melis-sos-210-ml-kahvaltilik-tatli-99262-p-121973
Melis Tursu 1700 Ml Salatalik,8699073290665,199.90,59.90,77629,https://iyas.com.tr/melis-tursu-1700-ml-salatalik-77629-p-123307
Melis Tursu 210 Ml Sarimsak,8699073291105,89.90,59.90,54342,https://iyas.com.tr/melis-tursu-210-ml-sarimsak-54342-p-123312
Melis Tursu 2650 Ml Jalape O,8699073290283,310.00,59.90,89739,https://iyas.com.tr/melis-tursu-2650-ml-jalape-o-89739-p-129205
Melis Tursu 2650 Ml Salatalik,8699073290689,299.00,59.90,54376,https://iyas.com.tr/melis-tursu-2650-ml-salatalik-54376-p-144995
Melis Tursu 370 Ml Biberiye,8699073290306,94.90,59.90,54347,https://iyas.com.tr/melis-tursu-370-ml-biberiye-54347-p-127528
Melis Tursu 370 Ml Jalapeno Aci Biber,8699073290252,79.90,59.90,54358,https://iyas.com.tr/melis-tursu-370-ml-jalapeno-aci-biber-54358-p-127522
Melis Tursu 370 Ml Yakan Biber,8699073291242,79.90,59.90,54346,https://iyas.com.tr/melis-tursu-370-ml-yakan-biber-54346-p-127566
Melis Tursu 720 Ml Biberiye,8699073290320,164.90,59.90,77627,https://iyas.com.tr/melis-tursu-720-ml-biberiye-77627-p-123305
Melis Tursu 720 Ml Jalapono Aci Biber,8699073290269,99.90,59.90,77626,https://iyas.com.tr/melis-tursu-720-ml-jalapono-aci-biber-77626-p-123304
Melis Tursu 720 Ml Karisik,8699073291150,69.90,59.90,54362,https://iyas.com.tr/melis-tursu-720-ml-karisik-54362-p-123320
Melis Tursu 720 Ml Pancar,8699073290948,99.90,59.90,54365,https://iyas.com.tr/melis-tursu-720-ml-pancar-54365-p-127530
Melis Tursu 720 Ml Salatalik,8699073290603,89.90,59.90,54359,https://iyas.com.tr/melis-tursu-720-ml-salatalik-54359-p-127526
Melis Tursu 720 Ml Yakan Biber,8699073291273,119.90,59.90,77628,https://iyas.com.tr/melis-tursu-720-ml-yakan-biber-77628-p-123306
Melis Tursu Karisik 1700 Ml,8699073291167,179.00,59.90,77630,https://iyas.com.tr/melis-tursu-karisik-1700-ml-77630-p-127529
Melwiss Antep Fistik Aromali Sos 330gr,8684313942558,169.00,49.90,116557,https://iyas.com.tr/melwiss-antep-fistik-aromali-sos-330gr-116557-p-597333
Melwiss Beyaz Tatli Sosu 330gr,8684313942305,169.00,49.90,116552,https://iyas.com.tr/melwiss-beyaz-tatli-sosu-330gr-116552-p-597337
Melwiss Frambuaz Aramoli Tatli Sosu 330gr,8684313942312,169.00,49.90,116556,https://iyas.com.tr/melwiss-frambuaz-aramoli-tatli-sosu-330gr-116556-p-597335
Melwiss Karamel Aromali Cikoalta Sosu 330 Gr,8684313942329,169.00,49.90,116555,https://iyas.com.tr/melwiss-karamel-aromali-cikoalta-sosu-330-gr-116555-p-597336
Melwiss Sutlu Tatli Sosu 330gr,8684313942282,169.00,49.90,116551,https://iyas.com.tr/melwiss-sutlu-tatli-sosu-330gr-116551-p-597332
Men Perfect 80 Ml Siyah Kahve,9310714206140,439.90,149.90,111882,https://iyas.com.tr/men-perfect-80-ml-siyah-kahve-111882-p-597053
Mentos 2 Hours 21 Gr Berry,80862154,52.00,79.50,80891,https://iyas.com.tr/mentos-2-hours-21-gr-berry-80891-p-136201
Mentos 2 Hours 21 Gr Nane,80914006,52.00,79.50,80889,https://iyas.com.tr/mentos-2-hours-21-gr-nane-80889-p-136199
Mentos Sakiz 30 Gr Cilek,80841142,52.00,79.50,91720,https://iyas.com.tr/mentos-sakiz-30-gr-cilek-91720-p-120990
Mentos Sakiz 30 Gr Karpuz,80969150,52.00,79.50,91721,https://iyas.com.tr/mentos-sakiz-30-gr-karpuz-91721-p-120991
Mentos Sakiz 30 Gr Nane,80979180,52.00,79.50,91718,https://iyas.com.tr/mentos-sakiz-30-gr-nane-91718-p-120988
Mentos Sakiz 30 Gr Yesil Elma,86945264,52.00,30.00,111610,https://iyas.com.tr/mentos-sakiz-30-gr-yesil-elma-111610-p-596486
Mentos Sakiz 56 Gr Eksi Cilek,86945240,95.00,79.50,104775,https://iyas.com.tr/mentos-sakiz-56-gr-eksi-cilek-104775-p-596454
Mentos Sakiz 56 Gr Eksi Elma,86945233,95.00,30.00,104774,https://iyas.com.tr/mentos-sakiz-56-gr-eksi-elma-104774-p-587001
Mentos Sakiz 60 Gr Cilek,80906025,95.00,79.50,102011,https://iyas.com.tr/mentos-sakiz-60-gr-cilek-102011-p-581842
Mentos Stik 37 5 Gr Cilek,80866251,25.00,79.50,66512,https://iyas.com.tr/mentos-stik-37-5-gr-cilek-66512-p-124148
Mentos Stik 37 5 Gr Meyve Fruit,87108026,25.00,79.50,51448,https://iyas.com.tr/mentos-stik-37-5-gr-meyve-fruit-51448-p-136207
Mentos Stik 37 5 Gr Nane,87108019,25.00,79.50,51447,https://iyas.com.tr/mentos-stik-37-5-gr-nane-51447-p-127377
Mentos Stik 37 5 Gr Rainbow,87311396,25.00,79.50,51450,https://iyas.com.tr/mentos-stik-37-5-gr-rainbow-51450-p-136193
Metin Antep Fistikli Tahin Helvasi 500 Gr,8690799000156,259.00,249.00,44609,https://iyas.com.tr/metin-antep-fistikli-tahin-helvasi-500-gr-44609-p-114556
Metin Ayva Receli 1500 Gr,8690799023186,319.00,249.00,93345,https://iyas.com.tr/metin-ayva-receli-1500-gr-93345-p-125500
Metin Harnup Pekmezi 700 Gr,8690799000378,219.00,249.00,44618,https://iyas.com.tr/metin-harnup-pekmezi-700-gr-44618-p-144042
Metin Kakaolu Findik Kremasi 900 Gr,8690799022769,219.00,249.00,73131,https://iyas.com.tr/metin-kakaolu-findik-kremasi-900-gr-73131-p-143997
Metin Pekmez 1300 Gr,8690799020604,479.00,249.00,44622,https://iyas.com.tr/metin-pekmez-1300-gr-44622-p-114583
Metin Recel 1500 Gr Kayisi Cam,8690799023124,319.00,249.00,93342,https://iyas.com.tr/metin-recel-1500-gr-kayisi-cam-93342-p-125497
Metin Tahin 800 Gr,8690799023391,249.00,249.00,93347,https://iyas.com.tr/metin-tahin-800-gr-93347-p-125502
Metin Tahin Bidon 1000 Gr,8690799020581,299.00,249.00,44610,https://iyas.com.tr/metin-tahin-bidon-1000-gr-44610-p-144029
Mevsim Salatasi Buyuk Boy,2183000551555,230.00,290.00,99699,https://iyas.com.tr/mevsim-salatasi-buyuk-boy-99699-p-134742
Mevsim Salatasi Kucuk Boy,2183000551562,120.00,290.00,99700,https://iyas.com.tr/mevsim-salatasi-kucuk-boy-99700-p-134743
Meyveli Mevlana Sekeri 500 Gr,2183000555218,249.90,129.90,114690,https://iyas.com.tr/meyveli-mevlana-sekeri-500-gr-114690-p-595636
Meyveli Mini Lokum 1 Kg,2183000555003,249.90,129.90,114669,https://iyas.com.tr/meyveli-mini-lokum-1-kg-114669-p-595590
Meyveli Mini Lokum 300 Gr,2183000554884,74.90,129.90,114657,https://iyas.com.tr/meyveli-mini-lokum-300-gr-114657-p-595578
Meyveli Mini Lokum 500 Gr,2183000554945,149.90,129.90,114663,https://iyas.com.tr/meyveli-mini-lokum-500-gr-114663-p-595584
Mgs Coffee Stick Seker 3 Gr 5 Kg Koli,2201067,500.00,142.50,62565,https://iyas.com.tr/mgs-coffee-stick-seker-3-gr-5-kg-koli-62565-p-114453
Mgs Coffee Stick Seker 3 Gr Acik Kilo,2208072,105.00,142.50,95225,https://iyas.com.tr/mgs-coffee-stick-seker-3-gr-acik-kilo-95225-p-121516
Mgs Kup Seker 1000 Gr 405 Li,8694726004200,66.00,142.50,93144,https://iyas.com.tr/mgs-kup-seker-1000-gr-405-li-93144-p-142336
Mgs Kup Seker 750 Gr,8694726007508,52.50,142.50,95097,https://iyas.com.tr/mgs-kup-seker-750-gr-95097-p-117337
Mgs Kup Seker Sargili Acik Kilo,2208093,85.00,142.50,95224,https://iyas.com.tr/mgs-kup-seker-sargili-acik-kilo-95224-p-121515
Mikro Kalemtiras Cift Bicak Hazneli,8681248755604,30.00,20.00,110312,https://iyas.com.tr/mikro-kalemtiras-cift-bicak-hazneli-110312-p-588220
Mikro Kalemtras Bicak Kapakli,8681248756403,35.00,20.00,110315,https://iyas.com.tr/mikro-kalemtras-bicak-kapakli-110315-p-588247
Mikro Silgi Roket Rk 300,8681248701243,25.00,20.00,110316,https://iyas.com.tr/mikro-silgi-roket-rk-300-110316-p-588295
Mikro Silgi Roket Rk 301,8681248701274,25.00,20.00,110318,https://iyas.com.tr/mikro-silgi-roket-rk-301-110318-p-588270
Mikro Silgi Soft Neon,8681248728288,17.00,20.00,110320,https://iyas.com.tr/mikro-silgi-soft-neon-110320-p-588279
Milano 500 Gr Sandvic Sebastian Cheesecake,8697831370703,395.00,279.00,109697,https://iyas.com.tr/milano-500-gr-sandvic-sebastian-cheesecake-109697-p-596794
Milano 90 Gr Makaron,8697831371304,179.00,99.90,109706,https://iyas.com.tr/milano-90-gr-makaron-109706-p-588042
Milano Grolet 80 Gr Frambuaz,8697831374671,175.00,279.00,114761,https://iyas.com.tr/milano-grolet-80-gr-frambuaz-114761-p-597311
Milano Grolet 90 Gr Cilek,8697831374633,175.00,279.00,114762,https://iyas.com.tr/milano-grolet-90-gr-cilek-114762-p-597314
Milano Grolet 90 Gr Limon,8697831374695,175.00,279.00,114763,https://iyas.com.tr/milano-grolet-90-gr-limon-114763-p-597312
Milano Grolet 90 Gr Mango,8697831374718,175.00,279.00,114764,https://iyas.com.tr/milano-grolet-90-gr-mango-114764-p-597315
Milano Pasta 600 Gr Orman Meyveli,8697831370680,395.00,15.00,109696,https://iyas.com.tr/milano-pasta-600-gr-orman-meyveli-109696-p-596520
Milano Pasta 600 Gr Tiramisu,8697831370727,395.00,99.90,109699,https://iyas.com.tr/milano-pasta-600-gr-tiramisu-109699-p-596469
Milka 1no 100 Gr Cilekli Yogurtlu,7622300498429,159.50,9.90,97589,https://iyas.com.tr/milka-1no-100-gr-cilekli-yogurtlu-97589-p-134416
Milka 1no 100 Gr Oreo,7622201522360,159.50,9.90,98430,https://iyas.com.tr/milka-1no-100-gr-oreo-98430-p-126143
Milka 1no 80 Gr Findikli Cikolata,7622210983367,159.50,9.90,97595,https://iyas.com.tr/milka-1no-80-gr-findikli-cikolata-97595-p-134422
Milka 1no 92 Gr Oreo Sandwich,7622202211867,159.50,30.00,99613,https://iyas.com.tr/milka-1no-92-gr-oreo-sandwich-99613-p-134656
Milka 2no 80 Gr Sutlu Cikolata,7622210983343,159.50,9.90,97596,https://iyas.com.tr/milka-2no-80-gr-sutlu-cikolata-97596-p-134423
Milka Bonibon Draje 24 30 Gr,7622210364647,69.50,9.90,98370,https://iyas.com.tr/milka-bonibon-draje-24-30-gr-98370-p-126083
Milka Gofree 28 5 Gr Kakaolu,7622300821784,39.50,30.00,97591,https://iyas.com.tr/milka-gofree-28-5-gr-kakaolu-97591-p-134418
Milka Milkinis Sutlu Cikolata 875 Gr,7622300105167,159.50,9.90,97593,https://iyas.com.tr/milka-milkinis-sutlu-cikolata-875-gr-97593-p-134420
Milka Pasta 400 Gr Cikolatali Ve Findikli,7312930006148,599.00,279.00,114256,https://iyas.com.tr/milka-pasta-400-gr-cikolatali-ve-findikli-114256-p-596476
Milupa Aptamil 2 Akilli Kutu 800 Gr,8699745030407,1099.00,165.50,106503,https://iyas.com.tr/milupa-aptamil-2-akilli-kutu-800-gr-106503-p-597356
Milupa Aptamil 3 350 Gr,8699745029609,534.90,165.50,106499,https://iyas.com.tr/milupa-aptamil-3-350-gr-106499-p-589113
Milupa Organik 125 Gr Kayisi Muz,8699745001032,74.90,165.50,19643,https://iyas.com.tr/milupa-organik-125-gr-kayisi-muz-19643-p-143185
Misir Adet,2306067,49.90,29.90,91441,https://iyas.com.tr/misir-adet-91441-p-146382
Misket Beybi Patates Kilo,2201449,39.90,59.90,108458,https://iyas.com.tr/misket-beybi-patates-kilo-108458-p-587865
Miss Arap Sabunu 1 Lt,8690673560127,69.90,129.90,115065,https://iyas.com.tr/miss-arap-sabunu-1-lt-115065-p-597905
Miss Camasir Deterjani 37 Yikama 1500 Ml,8690673560295,159.90,74.90,117510,https://iyas.com.tr/miss-camasir-deterjani-37-yikama-1500-ml-117510-p-598325
Mj Rapido 115 Gr Ketcap,8682644649313,36.00,74.90,114102,https://iyas.com.tr/mj-rapido-115-gr-ketcap-114102-p-596744
Mj Rapido 115 Gr Yogurt Mevsim Yesillik,8682644649306,36.00,74.90,114101,https://iyas.com.tr/mj-rapido-115-gr-yogurt-mevsim-yesillik-114101-p-596632
Mj Rockytos 115 Gr Ketcap,8682644649214,36.00,74.90,114104,https://iyas.com.tr/mj-rockytos-115-gr-ketcap-114104-p-596815
Mml S Cikolata 45 Gr Fistikli,40111445,54.50,9.90,91212,https://iyas.com.tr/mml-s-cikolata-45-gr-fistikli-91212-p-121017
Molfix 3d Jumbo 4 Maxi 27li,8690536805297,169.90,599.90,90954,https://iyas.com.tr/molfix-3d-jumbo-4-maxi-27li-90954-p-142072
Molfix 3d Jumbo 5 Junior 20 Li,8690536805310,169.90,599.90,90956,https://iyas.com.tr/molfix-3d-jumbo-5-junior-20-li-90956-p-137884
Molfix 3d Mega Paket 4 Maxi 128li,8690536854943,639.90,229.90,114272,https://iyas.com.tr/molfix-3d-mega-paket-4-maxi-128li-114272-p-597951
Molfix Bebek Ortu 60x60,8690536803989,149.90,599.90,52075,https://iyas.com.tr/molfix-bebek-ortu-60x60-52075-p-114493
Molfix Firsat Paket Junior Plus 44 Lu,8690536804818,299.90,599.90,74113,https://iyas.com.tr/molfix-firsat-paket-junior-plus-44-lu-74113-p-128109
Molfix Firsat Paket Maxi 62 Li,8690536845637,299.90,599.90,96481,https://iyas.com.tr/molfix-firsat-paket-maxi-62-li-96481-p-130095
Molfix Firsat Paket Maxiplus 52li,8690536802944,299.90,599.90,18717,https://iyas.com.tr/molfix-firsat-paket-maxiplus-52li-18717-p-130703
Molfix Firsat Paket Midi 68 Li,8690536802906,299.90,599.90,18718,https://iyas.com.tr/molfix-firsat-paket-midi-68-li-18718-p-140242
Molfix Islak Havlu 50 Li Izotonik Yenidogan,8690536845118,49.90,369.90,76466,https://iyas.com.tr/molfix-islak-havlu-50-li-izotonik-yenidogan-76466-p-114509
Molfix Islak Havlu 50 X 3 Lu Yenidogan,8690536806621,139.90,129.90,80970,https://iyas.com.tr/molfix-islak-havlu-50-x-3-lu-yenidogan-80970-p-144430
Molfix Islak Havlu 60 Li Izotonik Ferah Tem,8690536845125,49.90,369.90,76467,https://iyas.com.tr/molfix-islak-havlu-60-li-izotonik-ferah-tem-76467-p-114523
Molfix Islak Havlu 60 Li Izotonik Hassas Ciltler,8690536845132,49.90,369.90,76468,https://iyas.com.tr/molfix-islak-havlu-60-li-izotonik-hassas-ciltler-76468-p-114510
Molfix Islak Havlu 60 X 3 Lu Izotonik Ferah Temizlik,8690536845026,139.90,129.90,76427,https://iyas.com.tr/molfix-islak-havlu-60-x-3-lu-izotonik-ferah-temizlik-76427-p-122088
Molfix Pants Firsat Paket 5 Junior 44lu,8690536833276,299.90,599.90,93380,https://iyas.com.tr/molfix-pants-firsat-paket-5-junior-44lu-93380-p-125516
Molfix Premium Firsat 4 Maxi 54lu,8690536849352,349.90,599.90,104938,https://iyas.com.tr/molfix-premium-firsat-4-maxi-54lu-104938-p-597106
Molfix Ultra Firsat Paket 3 Maxi 108 Lu,8690536845590,599.90,479.90,96480,https://iyas.com.tr/molfix-ultra-firsat-paket-3-maxi-108-lu-96480-p-130094
Molfix Ultra Firsat Paket 4 Maxi 100 Lu,8690536845057,599.90,479.90,89287,https://iyas.com.tr/molfix-ultra-firsat-paket-4-maxi-100-lu-89287-p-129143
Molfix Ultra Firsat Paket 5 Junior 78 Li,8690536845064,599.90,479.90,89288,https://iyas.com.tr/molfix-ultra-firsat-paket-5-junior-78-li-89288-p-129134
Molfix Ultra Firsat Paket 6 Xl 62 Li,8690536845071,599.90,479.90,89385,https://iyas.com.tr/molfix-ultra-firsat-paket-6-xl-62-li-89385-p-129125
Molfix Ultra Firsat Pants Paket 4 Maxi 86li 9 14 K,8690536833306,439.90,599.90,95376,https://iyas.com.tr/molfix-ultra-firsat-pants-paket-4-maxi-86li-9-14-k-95376-p-125779
Molped Antibak Gunluk 28li Ince,8690536810147,49.90,179.90,90928,https://iyas.com.tr/molped-antibak-gunluk-28li-ince-90928-p-137879
Molped Antibak S Eko Uzun 18 Li,8690536831807,74.90,179.90,99187,https://iyas.com.tr/molped-antibak-s-eko-uzun-18-li-99187-p-117862
Molped Her Gun Ferahlik 20 Li,8690536825882,49.90,39.90,18755,https://iyas.com.tr/molped-her-gun-ferahlik-20-li-18755-p-131243
Molped Her Gun Ferahlik 60li S Eko,8690536825929,114.90,179.90,18754,https://iyas.com.tr/molped-her-gun-ferahlik-60li-s-eko-18754-p-117903
Molped Hijyen Max Super Eko 14 Lu Gece,8690536854431,89.90,179.90,114178,https://iyas.com.tr/molped-hijyen-max-super-eko-14-lu-gece-114178-p-596899
Molped Hijyen Max Super Eko 30 Lu Gunluk,8690536854776,89.90,179.90,114179,https://iyas.com.tr/molped-hijyen-max-super-eko-30-lu-gunluk-114179-p-596883
Molped Ilk Son Gun 28li Eko,8690536825462,99.90,179.90,18746,https://iyas.com.tr/molped-ilk-son-gun-28li-eko-18746-p-131248
Molped Kanalli Kanatli Eko Norm 20 Li,8690536825240,59.90,179.90,18769,https://iyas.com.tr/molped-kanalli-kanatli-eko-norm-20-li-18769-p-118583
Molped Kanalli Kanatli Eko Uzun 16 Ad,8690536825288,74.90,59.90,18770,https://iyas.com.tr/molped-kanalli-kanatli-eko-uzun-16-ad-18770-p-118582
Molped Puresoft Incelik 16li,8690536844609,49.90,179.90,77940,https://iyas.com.tr/molped-puresoft-incelik-16li-77940-p-131252
Molped Puresoft Incelik 30lu Sw Eko,8690536844623,84.90,179.90,77927,https://iyas.com.tr/molped-puresoft-incelik-30lu-sw-eko-77927-p-131270
Molped Puresoft Mega Firsat Gece 30,8690536819690,179.90,149.90,100753,https://iyas.com.tr/molped-puresoft-mega-firsat-gece-30-100753-p-583598
Molped Puresoft Mega Firsat Normal 46 Li,8690536819676,179.90,149.90,99159,https://iyas.com.tr/molped-puresoft-mega-firsat-normal-46-li-99159-p-117834
Molped Puresoft Mega Firsat Uzun 36 Li,8690536819683,179.90,149.90,99160,https://iyas.com.tr/molped-puresoft-mega-firsat-uzun-36-li-99160-p-117835
Molped Puresoft Super Eko Gece 16 Li,8690536829040,89.90,179.90,98946,https://iyas.com.tr/molped-puresoft-super-eko-gece-16-li-98946-p-143148
Molped Puresoft Super Eko Normal 24 Li,8690536842193,89.90,179.90,72295,https://iyas.com.tr/molped-puresoft-super-eko-normal-24-li-72295-p-131263
Molped Puresoft Super Eko Uzun 18 Li,8690536829033,89.90,179.90,72366,https://iyas.com.tr/molped-puresoft-super-eko-uzun-18-li-72366-p-131265
Molped Puresoft T Gece 6 Li,8690536842247,44.90,179.90,72298,https://iyas.com.tr/molped-puresoft-t-gece-6-li-72298-p-131262
Molped Puresoft T Normal 8 Li,8690536842186,44.90,179.90,72296,https://iyas.com.tr/molped-puresoft-t-normal-8-li-72296-p-118579
Molped Puresoft T Uzun 7 Li,8690536842216,44.90,179.90,72297,https://iyas.com.tr/molped-puresoft-t-uzun-7-li-72297-p-131245
Molped Supernight Eko Gece 16 Li,8690536829170,99.90,89.90,99131,https://iyas.com.tr/molped-supernight-eko-gece-16-li-99131-p-117806
Molped Supernight Eko Super Gece 14 Li,8690536829187,99.90,89.90,99130,https://iyas.com.tr/molped-supernight-eko-super-gece-14-li-99130-p-117805
Molped Supernight Eko Uzun 18 Li,8690536829163,99.90,89.90,99132,https://iyas.com.tr/molped-supernight-eko-uzun-18-li-99132-p-117807
Molped Supernight Supergece 5li,8690536806829,44.90,179.90,79289,https://iyas.com.tr/molped-supernight-supergece-5li-79289-p-131782
Molped Ultra Super Eko Gece 16li,8690536829118,89.90,179.90,89572,https://iyas.com.tr/molped-ultra-super-eko-gece-16li-89572-p-137681
Molped Ultra Super Eko Normal 24 Lu,8690536829095,89.90,179.90,97607,https://iyas.com.tr/molped-ultra-super-eko-normal-24-lu-97607-p-134434
Molped Ultra Super Eko Uzun 20 Li,8690536829101,89.90,179.90,97609,https://iyas.com.tr/molped-ultra-super-eko-uzun-20-li-97609-p-134436
Molped Ultra Tekli Kanatli Gece 7 Li,8690536825141,49.90,179.90,18783,https://iyas.com.tr/molped-ultra-tekli-kanatli-gece-7-li-18783-p-131273
Molped Ultra Tekli Kanatli Normal 10lu,8690536825103,49.90,179.90,18785,https://iyas.com.tr/molped-ultra-tekli-kanatli-normal-10lu-18785-p-131271
Molped Ultra Tekli Kanatli Uzun 8li,8690536825127,49.90,179.90,18787,https://iyas.com.tr/molped-ultra-tekli-kanatli-uzun-8li-18787-p-131261
Molped Yogun Koruma 20 Li,8690536825301,89.90,179.90,18745,https://iyas.com.tr/molped-yogun-koruma-20-li-18745-p-131249
Molped Yogun Koruma 40li,8690536825448,129.90,179.90,18759,https://iyas.com.tr/molped-yogun-koruma-40li-18759-p-117990
Molped Yogun Koruma 60li,8690536825684,154.90,179.90,31379,https://iyas.com.tr/molped-yogun-koruma-60li-31379-p-131246
Monster Enerji 500 Ml Normal Yesil,5061013944373,79.50,81.00,102685,https://iyas.com.tr/monster-enerji-500-ml-normal-yesil-102685-p-582768
Mood Club Banyo Kesesi Kabak Yuz Ve Vucut,8684252601301,89.90,99.90,114449,https://iyas.com.tr/mood-club-banyo-kesesi-kabak-yuz-ve-vucut-114449-p-598255
Mood Club Banyo Kesesi Sirt Renkli Xl,8684252601257,89.90,99.90,114460,https://iyas.com.tr/mood-club-banyo-kesesi-sirt-renkli-xl-114460-p-597185
Mood Club Pamuk Banyo Kese Eldiven,8684252601271,89.90,99.90,114450,https://iyas.com.tr/mood-club-pamuk-banyo-kese-eldiven-114450-p-596992
Mood Club Pamuk Banyo Kesesi Sirt,8684252601288,89.90,99.90,114452,https://iyas.com.tr/mood-club-pamuk-banyo-kesesi-sirt-114452-p-598373
Mood Club Pamuk Yuz Vucuz Kesesi,8684252601264,64.90,99.90,114454,https://iyas.com.tr/mood-club-pamuk-yuz-vucuz-kesesi-114454-p-597002
Morfose 100 Ml Sac Spreyi Turuncu,8681701012459,109.90,149.90,115108,https://iyas.com.tr/morfose-100-ml-sac-spreyi-turuncu-115108-p-597129
Morfose 500 Ml Sampuan Milk Therapy,8681701001675,249.90,149.90,110870,https://iyas.com.tr/morfose-500-ml-sampuan-milk-therapy-110870-p-596926
Morfose 75 Ml Hair Sprey Milk Therapy,8681701014507,169.90,149.90,110871,https://iyas.com.tr/morfose-75-ml-hair-sprey-milk-therapy-110871-p-597035
Morfose Acik Renkli Saclar Icinkuru Sampuan 200 Ml,8681701011766,189.90,149.90,94853,https://iyas.com.tr/morfose-acik-renkli-saclar-icinkuru-sampuan-200-ml-94853-p-142606
Morfose Ekstra Hacimsaclar Icinkuru Sampuan 200 Ml,8681701012145,219.90,149.90,94851,https://iyas.com.tr/morfose-ekstra-hacimsaclar-icinkuru-sampuan-200-ml-94851-p-142604
Morfose Fon Suyu 240 Ml Biotin Yesil,8681701003334,219.90,149.90,91491,https://iyas.com.tr/morfose-fon-suyu-240-ml-biotin-yesil-91491-p-116807
Morfose Fon Suyu 240 Ml Collagen Mavi,8681701003358,219.90,149.90,91489,https://iyas.com.tr/morfose-fon-suyu-240-ml-collagen-mavi-91489-p-116805
Morfose Fon Suyu 240 Ml Kratin Mor,8681701003341,249.90,149.90,90889,https://iyas.com.tr/morfose-fon-suyu-240-ml-kratin-mor-90889-p-137837
Morfose Fon Suyu 240 Ml Milk Terapy,8681701003365,279.90,149.90,91490,https://iyas.com.tr/morfose-fon-suyu-240-ml-milk-terapy-91490-p-116806
Morfose Fon Suyu 400 Ml Collagen Mavi,8680678834859,299.90,149.90,74552,https://iyas.com.tr/morfose-fon-suyu-400-ml-collagen-mavi-74552-p-115173
Morfose Fon Suyu 400 Ml Milk,8680678826946,429.90,149.90,85133,https://iyas.com.tr/morfose-fon-suyu-400-ml-milk-85133-p-140490
Morfose Fon Suyu Biotin 400 Ml,8680678828681,359.90,149.90,74551,https://iyas.com.tr/morfose-fon-suyu-biotin-400-ml-74551-p-119235
Morfose Fon Suyu Mor Saclar 400 Ml,8680678828674,359.90,149.90,74550,https://iyas.com.tr/morfose-fon-suyu-mor-saclar-400-ml-74550-p-115172
Morfose Hair Color Sprey 150 Ml Royal Black,8681701006977,144.90,149.90,86220,https://iyas.com.tr/morfose-hair-color-sprey-150-ml-royal-black-86220-p-127932
Morfose Keratinli Serum Siyah 75 Ml,8698655383702,369.90,149.90,86399,https://iyas.com.tr/morfose-keratinli-serum-siyah-75-ml-86399-p-132104
Morfose Kolajen Sampuan 1000 Ml,8680678831131,359.90,259.90,93466,https://iyas.com.tr/morfose-kolajen-sampuan-1000-ml-93466-p-133886
Morfose Koyu Renkli Saclar Icinkuru Sampuan 200 Ml,8681701011742,189.90,149.90,94852,https://iyas.com.tr/morfose-koyu-renkli-saclar-icinkuru-sampuan-200-ml-94852-p-142605
Morfose Kuru Sampuan 200 Ml Milk Therapy,8681701011780,219.90,149.90,95409,https://iyas.com.tr/morfose-kuru-sampuan-200-ml-milk-therapy-95409-p-129921
Morfose Kuru Sampuan 90 Ml Milk Therapy,8681701015436,119.90,149.90,115106,https://iyas.com.tr/morfose-kuru-sampuan-90-ml-milk-therapy-115106-p-597065
Morfose Kuru Sampuan Kahve Renkli Saclar Icin,8681701011759,189.90,149.90,95408,https://iyas.com.tr/morfose-kuru-sampuan-kahve-renkli-saclar-icin-95408-p-129920
Morfose Ossion Virgin Kadin Sac Ve Vucut Spreyi No 67 250 Ml,8681701008858,199.90,149.90,94865,https://iyas.com.tr/morfose-ossion-virgin-kadin-sac-ve-vucut-spreyi-no-67-250-ml-94865-p-142618
Morfose Ossion Virgin Kadin Sac Ve Vucut Spreyi No 68 250 Ml,8681701008841,179.90,149.90,94866,https://iyas.com.tr/morfose-ossion-virgin-kadin-sac-ve-vucut-spreyi-no-68-250-ml-94866-p-142619
Morfose Rastali Saclar Icin Kuru Sampuan 200 Ml,8681701011773,189.90,149.90,94850,https://iyas.com.tr/morfose-rastali-saclar-icin-kuru-sampuan-200-ml-94850-p-142603
Morfose S Sprey 400 Ml Mor Mega Strong,8698655381692,169.90,149.90,67319,https://iyas.com.tr/morfose-s-sprey-400-ml-mor-mega-strong-67319-p-122252
Morfose S Sprey 400 Ml Siyah Extra Strong,8698655380053,169.90,149.90,67318,https://iyas.com.tr/morfose-s-sprey-400-ml-siyah-extra-strong-67318-p-122251
Morfose S Sprey 400 Ml Turuncu Ultra Strong,8698655380046,169.90,129.90,67342,https://iyas.com.tr/morfose-s-sprey-400-ml-turuncu-ultra-strong-67342-p-122253
Morfose Sac Kopuk 200 Ml Klasik Milk,8680678800052,319.90,149.90,78533,https://iyas.com.tr/morfose-sac-kopuk-200-ml-klasik-milk-78533-p-113981
Morfose Sac Kopuk 200 Ml Turuncu,8681701004256,249.90,149.90,91492,https://iyas.com.tr/morfose-sac-kopuk-200-ml-turuncu-91492-p-116808
Morfose Sac Serumu 100 Ml Milk Therapy,8681701004263,269.90,149.90,109037,https://iyas.com.tr/morfose-sac-serumu-100-ml-milk-therapy-109037-p-597142
Morfose Sampuan 1000 Ml Argan,8680678831124,359.90,299.90,93465,https://iyas.com.tr/morfose-sampuan-1000-ml-argan-93465-p-129769
Mr Muscle 750 Ml Kirec Soker 1617,8690784321402,129.90,74.90,5468,https://iyas.com.tr/mr-muscle-750-ml-kirec-soker-1617-5468-p-118198
Mr Muscle 750 Ml Sprey Banyo,8684623000016,84.90,69.90,105273,https://iyas.com.tr/mr-muscle-750-ml-sprey-banyo-105273-p-586746
Mr Muscle 750 Ml Sprey Cok Amacli Super Guc,8684623000023,84.90,69.90,105275,https://iyas.com.tr/mr-muscle-750-ml-sprey-cok-amacli-super-guc-105275-p-586747
Mr Muscle 750 Ml Sprey Mutfak,8684623000009,84.90,69.90,105274,https://iyas.com.tr/mr-muscle-750-ml-sprey-mutfak-105274-p-586748
Mr Muscle Aqua Mavi Klozet Blok,8690784414999,109.90,79.90,55959,https://iyas.com.tr/mr-muscle-aqua-mavi-klozet-blok-55959-p-144294
Mr Muscle Banyo Sprey 750 Ml,5000204891935,114.90,69.90,5466,https://iyas.com.tr/mr-muscle-banyo-sprey-750-ml-5466-p-118214
Mr Muscle Glade Yuzey Temizleyici 1000 Gr Lavender,8690784815888,119.90,69.90,38978,https://iyas.com.tr/mr-muscle-glade-yuzey-temizleyici-1000-gr-lavender-38978-p-143437
Mr Muscle Kirec Sok 750ml Sprey,8690784910996,109.90,74.90,15570,https://iyas.com.tr/mr-muscle-kirec-sok-750ml-sprey-15570-p-114162
Mr Muscle Klozet Blok 5 In 1 2x38 6 Gr Paine,8690784617994,109.90,69.90,76008,https://iyas.com.tr/mr-muscle-klozet-blok-5-in-1-2x38-6-gr-paine-76008-p-139228
Mr Muscle Klozet Blok Okyanus Tazeligi,8690784914116,64.90,69.90,5462,https://iyas.com.tr/mr-muscle-klozet-blok-okyanus-tazeligi-5462-p-143490
Mr Muscle Klozet Blok Orman Esintisi 40 Gr,8690784331104,64.90,69.90,5463,https://iyas.com.tr/mr-muscle-klozet-blok-orman-esintisi-40-gr-5463-p-144295
Mr Muscle Lavabo Acici 1000 Ml Jel,8690784631204,179.90,69.90,15573,https://iyas.com.tr/mr-muscle-lavabo-acici-1000-ml-jel-15573-p-118204
Mr Muscle Lavabo Acici 500 Ml Jel,8690784718660,139.90,69.90,86028,https://iyas.com.tr/mr-muscle-lavabo-acici-500-ml-jel-86028-p-123823
Mr Muscle Lavabo Acici Granul 2x50 Gr1955,8690784631105,89.90,79.90,15572,https://iyas.com.tr/mr-muscle-lavabo-acici-granul-2x50-gr1955-15572-p-139203
Mr Muscle Marine Klozet Temizleyici 2 X 386 Gr,8690784617888,109.90,69.90,76007,https://iyas.com.tr/mr-muscle-marine-klozet-temizleyici-2-x-386-gr-76007-p-139227
Muhallebili Mini Lokum 1 Kg,2183000555027,249.90,129.90,114671,https://iyas.com.tr/muhallebili-mini-lokum-1-kg-114671-p-595592
Muhallebili Mini Lokum 300 Gr,2183000554907,74.90,129.90,114659,https://iyas.com.tr/muhallebili-mini-lokum-300-gr-114659-p-595580
Muhallebili Mini Lokum 500 Gr,2183000554969,149.90,129.90,114665,https://iyas.com.tr/muhallebili-mini-lokum-500-gr-114665-p-595586
Mujgan 10 Lu Makyaj Firca Seti,8683210103451,189.90,37.90,110778,https://iyas.com.tr/mujgan-10-lu-makyaj-firca-seti-110778-p-597223
Mujgan Dil Temizleyici Mjgn 403,8683210116789,114.90,179.90,115075,https://iyas.com.tr/mujgan-dil-temizleyici-mjgn-403-115075-p-597109
Mujgan Transparan Pudra Sungeri Seti,8683210107596,54.90,37.90,100827,https://iyas.com.tr/mujgan-transparan-pudra-sungeri-seti-100827-p-584176
Mujgan Ucgen Makyaj Sungeri 2li Mjgn 568,8683210119407,29.90,37.90,108123,https://iyas.com.tr/mujgan-ucgen-makyaj-sungeri-2li-mjgn-568-108123-p-598366
Mujgan Vucut Simi Mjgn 748,8683210124593,59.90,37.90,115111,https://iyas.com.tr/mujgan-vucut-simi-mjgn-748-115111-p-597083
Muti Arpacik Sogan 2500 Gr,8680860003643,499.00,279.00,111861,https://iyas.com.tr/muti-arpacik-sogan-2500-gr-111861-p-596490
Muti Ispanak 2500 Gr,8680860000925,199.00,279.00,106378,https://iyas.com.tr/muti-ispanak-2500-gr-106378-p-596602
Muti Kirmizi Biber 2500 Gr,8680860001229,245.00,29.95,106197,https://iyas.com.tr/muti-kirmizi-biber-2500-gr-106197-p-596589
Muti Misir Tane 2500 Gr,8680860003858,279.00,279.00,106196,https://iyas.com.tr/muti-misir-tane-2500-gr-106196-p-596594
Mutlu Makarna 5 Kg Ince Kesme,8690946409269,249.50,28.90,86853,https://iyas.com.tr/mutlu-makarna-5-kg-ince-kesme-86853-p-129091
Mutlu Makarna 500 Gr Arpa Sehriye,8690946140001,28.90,19.90,86857,https://iyas.com.tr/mutlu-makarna-500-gr-arpa-sehriye-86857-p-129111
Mutlu Makarna 500 Gr Burgu,8690946120003,28.90,19.90,86860,https://iyas.com.tr/mutlu-makarna-500-gr-burgu-86860-p-129099
Mutlu Makarna 500 Gr Carliston,8690946200019,28.90,19.90,86859,https://iyas.com.tr/mutlu-makarna-500-gr-carliston-86859-p-129104
Mutlu Makarna 500 Gr Eriste,8690946270036,28.90,19.90,93397,https://iyas.com.tr/mutlu-makarna-500-gr-eriste-93397-p-129718
Mutlu Makarna 500 Gr Fiyonk,8690946110004,28.90,19.90,86861,https://iyas.com.tr/mutlu-makarna-500-gr-fiyonk-86861-p-129108
Mutlu Makarna 500 Gr Ince Uzun,8690946150000,28.90,19.90,86858,https://iyas.com.tr/mutlu-makarna-500-gr-ince-uzun-86858-p-129106
Mutlu Makarna 500 Gr Manti,8690946170008,28.90,19.90,86862,https://iyas.com.tr/mutlu-makarna-500-gr-manti-86862-p-129096
Mutlu Makarna 500 Gr Midye,8690946250182,28.90,19.90,94124,https://iyas.com.tr/mutlu-makarna-500-gr-midye-94124-p-117155
Mutlu Makarna 500 Gr Spaghetti,8690946250014,28.90,19.90,86856,https://iyas.com.tr/mutlu-makarna-500-gr-spaghetti-86856-p-129095
Muz Ithal Kilo,2209782,139.90,84.90,96522,https://iyas.com.tr/muz-ithal-kilo-96522-p-130135
Muz Olgun Kilo,2209046,59.90,84.90,19208,https://iyas.com.tr/muz-olgun-kilo-19208-p-114697
Muz Yerli Anamur Kilo,2209020,84.90,109.90,19209,https://iyas.com.tr/muz-yerli-anamur-kilo-19209-p-127208
Myday Cremio Sprey Krem Santi 250 Gr,3800112168004,179.00,49.90,115125,https://iyas.com.tr/myday-cremio-sprey-krem-santi-250-gr-115125-p-597310
Namet Kavurma 80 Gr,8697471720012,219.00,795.00,103235,https://iyas.com.tr/namet-kavurma-80-gr-103235-p-586188
Namet Salam 724 Hindi 60 Gr,8697471721026,29.90,895.00,44959,https://iyas.com.tr/namet-salam-724-hindi-60-gr-44959-p-139837
Namet Sucuk 220 Gr Sofram Kangal Pilic,8697471720586,94.90,895.00,45611,https://iyas.com.tr/namet-sucuk-220-gr-sofram-kangal-pilic-45611-p-139841
Nane Yesil Adet,2306012,25.00,25.00,19264,https://iyas.com.tr/nane-yesil-adet-19264-p-127209
Nar Kilo,2209086,229.90,84.90,19271,https://iyas.com.tr/nar-kilo-19271-p-114698
Nar Tatli Mayhos Kilo,2209078,199.90,84.90,19272,https://iyas.com.tr/nar-tatli-mayhos-kilo-19272-p-144127
Narli Cevizli Lokum 1 Kg,2183000554778,439.90,129.90,114646,https://iyas.com.tr/narli-cevizli-lokum-1-kg-114646-p-595567
Narli Cevizli Lokum 300 Gr,2183000554471,129.90,129.90,114616,https://iyas.com.tr/narli-cevizli-lokum-300-gr-114616-p-595537
Narli Cevizli Lokum 500 Gr,2183000554624,219.90,129.90,114631,https://iyas.com.tr/narli-cevizli-lokum-500-gr-114631-p-595552
Narli Findikli Lokum 1 Kg,2183000554761,439.90,129.90,114645,https://iyas.com.tr/narli-findikli-lokum-1-kg-114645-p-595566
Narli Findikli Lokum 300 Gr,2183000554464,129.90,129.90,114615,https://iyas.com.tr/narli-findikli-lokum-300-gr-114615-p-595536
Narli Findikli Lokum 500 Gr,2183000554617,219.90,129.90,114630,https://iyas.com.tr/narli-findikli-lokum-500-gr-114630-p-595551
Narli Mini Lokum 1 Kg,2183000555034,249.90,129.90,114672,https://iyas.com.tr/narli-mini-lokum-1-kg-114672-p-595618
Narli Mini Lokum 300 Gr,2183000554914,74.90,129.90,114660,https://iyas.com.tr/narli-mini-lokum-300-gr-114660-p-595581
Narli Mini Lokum 500 Gr,2183000554976,149.90,129.90,114666,https://iyas.com.tr/narli-mini-lokum-500-gr-114666-p-595587
Nascita Ayak Torpusu 3 Renk,8680742429677,209.90,239.90,115246,https://iyas.com.tr/nascita-ayak-torpusu-3-renk-115246-p-597287
Nascita Magical Takma Kirpik,8680742442089,89.90,37.90,115262,https://iyas.com.tr/nascita-magical-takma-kirpik-115262-p-597050
Nascita Twisto Sac Fircasi Turuncu 00059or,8680742460021,334.90,149.90,115278,https://iyas.com.tr/nascita-twisto-sac-fircasi-turuncu-00059or-115278-p-597270
Necati Turk Kahvesi 100 Gr,8991950140682,89.50,179.00,74654,https://iyas.com.tr/necati-turk-kahvesi-100-gr-74654-p-118362
Necati Turk Kahvesi 200 Gr,8991950140699,179.00,89.50,74666,https://iyas.com.tr/necati-turk-kahvesi-200-gr-74666-p-118407
Nektar Seftali Kilo,2209777,109.90,84.90,35303,https://iyas.com.tr/nektar-seftali-kilo-35303-p-114699
Nesa Erbek Hiper Sele Siyah Zeytin 230 260 Boy 1 Kg,2201016,239.00,195.00,15584,https://iyas.com.tr/nesa-erbek-hiper-sele-siyah-zeytin-230-260-boy-1-kg-15584-p-114991
Nesa Erbek Mega Siyah Sele Zeytin Kilo,2201060,279.00,195.00,5708,https://iyas.com.tr/nesa-erbek-mega-siyah-sele-zeytin-kilo-5708-p-118699
Nescaf 2 In 1 10 Lu Paket,8690632018904,79.90,89.50,98155,https://iyas.com.tr/nescaf-2-in-1-10-lu-paket-98155-p-117722
Nescaf 2 In 1 10 Lu Sutlu Kopuklu Paket,8690632041957,79.90,89.50,91513,https://iyas.com.tr/nescaf-2-in-1-10-lu-sutlu-kopuklu-paket-91513-p-116819
Nescaf 2 In 1,8690632018898,14.90,89.50,97633,https://iyas.com.tr/nescaf-2-in-1-97633-p-134460
Nescaf 2 In 1 Sutlu Kopuklu,8690632041827,14.90,89.50,89408,https://iyas.com.tr/nescaf-2-in-1-sutlu-kopuklu-89408-p-133415
Nescaf 3 In 1 10 Lu Paket,8690632018812,79.90,89.50,98599,https://iyas.com.tr/nescaf-3-in-1-10-lu-paket-98599-p-134535
Nescaf 3 In 1 10 Lu Paket Sutlu Kopuklu,8690632038391,79.90,89.50,68354,https://iyas.com.tr/nescaf-3-in-1-10-lu-paket-sutlu-kopuklu-68354-p-122587
Nescaf 3 In 1 Bol Kahveli,8690632018935,14.90,89.50,97632,https://iyas.com.tr/nescaf-3-in-1-bol-kahveli-97632-p-134459
Nescaf 3 In 1 Classic,8690632018799,14.90,89.50,97638,https://iyas.com.tr/nescaf-3-in-1-classic-97638-p-134465
Nescaf 3 In 1 Findikli,8690632018959,14.90,89.50,97635,https://iyas.com.tr/nescaf-3-in-1-findikli-97635-p-134462
Nescaf 3 In 1 Icimlik Classic 2 Gr,8690632020792,12.90,89.50,97639,https://iyas.com.tr/nescaf-3-in-1-icimlik-classic-2-gr-97639-p-134466
Nescaf 3 In 1 Icimlik Gold 2 Gr,8690632032474,12.90,89.50,19411,https://iyas.com.tr/nescaf-3-in-1-icimlik-gold-2-gr-19411-p-122590
Nescaf 3 In 1 Sutlu Kopuklu,8690632037134,14.90,89.50,50883,https://iyas.com.tr/nescaf-3-in-1-sutlu-kopuklu-50883-p-118341
Nescaf Capucino 14 Gr,8690632021478,17.90,89.50,100897,https://iyas.com.tr/nescaf-capucino-14-gr-100897-p-582436
Nescaf Classic 100 Gr Cam,8901058845464,279.00,89.50,97641,https://iyas.com.tr/nescaf-classic-100-gr-cam-97641-p-134468
Nescaf Classic 100 Gr Eko,8690632031521,199.00,89.50,19414,https://iyas.com.tr/nescaf-classic-100-gr-eko-19414-p-135263
Nescaf Classic 200 Gr Cam,8410100076829,445.00,89.50,19419,https://iyas.com.tr/nescaf-classic-200-gr-cam-19419-p-127925
Nescaf Classic 200 Gr Eko,8690632031538,459.00,89.50,19415,https://iyas.com.tr/nescaf-classic-200-gr-eko-19415-p-127646
Nescaf Classic 50 Gr Eko,8690632032054,119.00,89.50,19413,https://iyas.com.tr/nescaf-classic-50-gr-eko-19413-p-114294
Nescaf Crame Latte 14 5 Gr,8690632021454,17.90,89.50,100894,https://iyas.com.tr/nescaf-crame-latte-14-5-gr-100894-p-583986
Nescaf Espresso Whlbean Coffee 1000 Gr,8445290465962,1490.00,89.50,106289,https://iyas.com.tr/nescaf-espresso-whlbean-coffee-1000-gr-106289-p-596714
Nescaf Gold 100 Gr Cam,8690632031231,479.00,89.50,19396,https://iyas.com.tr/nescaf-gold-100-gr-cam-19396-p-122584
Nescaf Gold 100 Gr Yedek,7610100028502,299.00,89.50,19416,https://iyas.com.tr/nescaf-gold-100-gr-yedek-19416-p-135266
Nescaf Gold 180 Gr Eko,8690632062907,349.00,89.50,86317,https://iyas.com.tr/nescaf-gold-180-gr-eko-86317-p-124842
Nescaf Gold 200 Gr Eko,8690632032108,499.00,89.50,19417,https://iyas.com.tr/nescaf-gold-200-gr-eko-19417-p-135265
Nescaf Gold 50 Gr Cam,7610100026591,279.00,89.50,19391,https://iyas.com.tr/nescaf-gold-50-gr-cam-19391-p-114295
Nescaf Gold 50 Gr Eko Doypac,8690632032139,184.90,89.50,19418,https://iyas.com.tr/nescaf-gold-50-gr-eko-doypac-19418-p-135267
Nescaf Gold Espresso Paket 80 Gr,8690632014548,319.00,89.50,90095,https://iyas.com.tr/nescaf-gold-espresso-paket-80-gr-90095-p-133464
Nescaf Hot Chocolate 1000 Gr,8690632021010,575.00,89.50,113880,https://iyas.com.tr/nescaf-hot-chocolate-1000-gr-113880-p-596471
Nescaf Icimlik Gold Expreso 2 Gr,8690632248745,12.90,89.50,91767,https://iyas.com.tr/nescaf-icimlik-gold-expreso-2-gr-91767-p-133671
Nescaf Intenso Whole Bean Coffee 1000 Gr,8445290465993,1299.00,89.50,106291,https://iyas.com.tr/nescaf-intenso-whole-bean-coffee-1000-gr-106291-p-596722
Nescaf Mate 100 Gr Eko,8690632013657,79.90,89.50,19553,https://iyas.com.tr/nescaf-mate-100-gr-eko-19553-p-122563
Nescaf Mate 170 Gr,8850124020307,159.00,89.50,19564,https://iyas.com.tr/nescaf-mate-170-gr-19564-p-122556
Nescaf Mate 200 Gr Eko,8690632013640,129.00,89.50,19508,https://iyas.com.tr/nescaf-mate-200-gr-eko-19508-p-122566
Nescaf Mate 400 Gr,8850124020321,319.00,89.50,19484,https://iyas.com.tr/nescaf-mate-400-gr-19484-p-122555
Nescaf Sicak Cikolata 18 5 Gr,8690632083995,11.95,89.50,97651,https://iyas.com.tr/nescaf-sicak-cikolata-18-5-gr-97651-p-134478
Nescaf Superiore Whole Bean Coffee 1000 Gr,8445290467645,1690.00,89.50,106288,https://iyas.com.tr/nescaf-superiore-whole-bean-coffee-1000-gr-106288-p-596854
Nescaf Xpress 250 Ml Amaricano Zero,8690632246802,59.90,89.50,79760,https://iyas.com.tr/nescaf-xpress-250-ml-amaricano-zero-79760-p-127647
Nescaf Xpress 250 Ml Blak,8690632762890,59.90,89.50,101174,https://iyas.com.tr/nescaf-xpress-250-ml-blak-101174-p-581834
Nescaf Xpress 250 Ml Kakaolu,8690632762876,59.90,89.50,100425,https://iyas.com.tr/nescaf-xpress-250-ml-kakaolu-100425-p-582679
Nescaf Xpress 250 Ml Karamel,8690632762920,59.90,89.50,100423,https://iyas.com.tr/nescaf-xpress-250-ml-karamel-100423-p-586096
Nescaf Xpress 250 Ml Latte,8690632762913,59.90,89.50,100427,https://iyas.com.tr/nescaf-xpress-250-ml-latte-100427-p-583604
Nescaf Xpress 250 Ml Original,8690632762869,59.90,89.50,100424,https://iyas.com.tr/nescaf-xpress-250-ml-original-100424-p-581481
Nescaf Xpress 250 Ml Vanilyali,8690632762883,59.90,89.50,100426,https://iyas.com.tr/nescaf-xpress-250-ml-vanilyali-100426-p-582680
Nestl Baton 30 Gr Sutlu,8690632243016,39.90,9.90,74471,https://iyas.com.tr/nestl-baton-30-gr-sutlu-74471-p-126656
Nestl Cikolata Damak Baklava 60 Gr,8690632994802,99.90,89.90,86686,https://iyas.com.tr/nestl-cikolata-damak-baklava-60-gr-86686-p-125003
Nestl Classic Beyaz Kare Cikolata 60 Gr,8690632762166,64.90,9.90,98942,https://iyas.com.tr/nestl-classic-beyaz-kare-cikolata-60-gr-98942-p-143144
Nestl Coffee Mate 500 Gr,8690632240756,229.00,89.50,19538,https://iyas.com.tr/nestl-coffee-mate-500-gr-19538-p-122591
Nestl Crunch Patt 27 Gr,8690632708874,29.90,9.90,91514,https://iyas.com.tr/nestl-crunch-patt-27-gr-91514-p-116820
Nestl Damak 30 Gr Baton,8690632243726,54.90,9.90,73846,https://iyas.com.tr/nestl-damak-30-gr-baton-73846-p-126646
Nestl Damak 60 Gr Inci,8690632712260,89.90,9.90,103958,https://iyas.com.tr/nestl-damak-60-gr-inci-103958-p-585259
Nestl Damak 60 Gr Kare,8690632994055,89.90,9.90,86447,https://iyas.com.tr/nestl-damak-60-gr-kare-86447-p-124919
Nestl Damak Ala 30 Gr,8690632712123,39.90,9.90,100888,https://iyas.com.tr/nestl-damak-ala-30-gr-100888-p-585171
Nestl Damak Antep Fistikli Kare Cikolata 70 Gr,8690632708706,119.90,9.90,98976,https://iyas.com.tr/nestl-damak-antep-fistikli-kare-cikolata-70-gr-98976-p-147285
Nestl Damak Draje 50 Gr,8690632992846,104.90,9.90,86149,https://iyas.com.tr/nestl-damak-draje-50-gr-86149-p-123782
Nestl Damak Gece Antep Fistikli Bitter Cikolata 60 Gr,8690632994079,99.90,89.90,99272,https://iyas.com.tr/nestl-damak-gece-antep-fistikli-bitter-cikolata-60-gr-99272-p-121983
Nestl Damak Ilk Hasat 60 Gr,8690632994086,99.90,89.90,99277,https://iyas.com.tr/nestl-damak-ilk-hasat-60-gr-99277-p-121988
Nestl Gevrek 200 Gr Corn Flak Misir,8690632760162,94.90,249.00,48242,https://iyas.com.tr/nestl-gevrek-200-gr-corn-flak-misir-48242-p-127834
Nestl Gevrek 225 Gr Cornflak Honey,8690632040820,159.00,249.00,84557,https://iyas.com.tr/nestl-gevrek-225-gr-cornflak-honey-84557-p-131984
Nestl Gevrek 450 Gr Nesquik Kakaolu Tahil Gevrek,8690632020440,139.00,249.00,105558,https://iyas.com.tr/nestl-gevrek-450-gr-nesquik-kakaolu-tahil-gevrek-105558-p-587019
Nestl Gevrek 650 Gr Corn Flak Gold,8690632040851,219.00,249.00,84766,https://iyas.com.tr/nestl-gevrek-650-gr-corn-flak-gold-84766-p-137093
Nestl Gevrek 700 Gr Nesquik Flakes,8690632760285,229.00,249.00,96545,https://iyas.com.tr/nestl-gevrek-700-gr-nesquik-flakes-96545-p-134274
Nestl Gofret 26 7 Gr Nesquik,8690632049168,19.90,30.00,97658,https://iyas.com.tr/nestl-gofret-26-7-gr-nesquik-97658-p-134485
Nestl Gofret 27 Gr Citir,8690632051260,19.90,30.00,19503,https://iyas.com.tr/nestl-gofret-27-gr-citir-19503-p-123163
Nestl Gofret 28 Gr Sutlu,8690632709802,26.90,30.00,84716,https://iyas.com.tr/nestl-gofret-28-gr-sutlu-84716-p-127898
Nestl Gofret 28 Gr Y Bitter,8690632760995,26.90,30.00,86152,https://iyas.com.tr/nestl-gofret-28-gr-y-bitter-86152-p-123788
Nestl Kakao Toz 100 Gr,8690632050867,124.90,49.90,19537,https://iyas.com.tr/nestl-kakao-toz-100-gr-19537-p-123840
Nestl Kare 60 Gr Antep Fistikli,8690632242965,89.90,9.90,75965,https://iyas.com.tr/nestl-kare-60-gr-antep-fistikli-75965-p-115909
Nestl Kare 60 Gr Bitter Cikolata 55 Bitter,8690632245782,64.90,9.90,78659,https://iyas.com.tr/nestl-kare-60-gr-bitter-cikolata-55-bitter-78659-p-122528
Nestl Kare 60 Gr Sutlu Cikolata,8690632245775,64.90,9.90,98973,https://iyas.com.tr/nestl-kare-60-gr-sutlu-cikolata-98973-p-147282
Nestl Kare 60 Gr Sutlu Findik,8690632994529,64.90,9.90,86758,https://iyas.com.tr/nestl-kare-60-gr-sutlu-findik-86758-p-124957
Nestl Kitkat 4li Paket,8690632019628,109.90,99.90,106181,https://iyas.com.tr/nestl-kitkat-4li-paket-106181-p-596770
Nestl Nescuik Bar 25 Gr,5900020030078,29.95,30.00,71292,https://iyas.com.tr/nestl-nescuik-bar-25-gr-71292-p-126632
Nestl Nesfit 400 Gr Balli Badem,8690632704630,189.00,249.00,57367,https://iyas.com.tr/nestl-nesfit-400-gr-balli-badem-57367-p-140388
Nestl Nesfit 400 Gr Cikolatali,8690632704685,189.00,249.00,52584,https://iyas.com.tr/nestl-nesfit-400-gr-cikolatali-52584-p-131975
Nestl Nesfit 400 Gr Kirmizi Meyveler,8690632760391,189.00,249.00,98348,https://iyas.com.tr/nestl-nesfit-400-gr-kirmizi-meyveler-98348-p-126061
Nestl Nesfit 420 Gr,8690632760179,139.00,249.00,45359,https://iyas.com.tr/nestl-nesfit-420-gr-45359-p-140390
Nestl Nesfit Bar 22 5 Gr Beyaz Cikolata,5900020040817,29.95,9.90,90935,https://iyas.com.tr/nestl-nesfit-bar-22-5-gr-beyaz-cikolata-90935-p-142069
Nestl Nesfit Bar 23 5 Gr Cikolata Muz,5900020033956,29.95,9.90,79248,https://iyas.com.tr/nestl-nesfit-bar-23-5-gr-cikolata-muz-79248-p-127331
Nestl Nesfit Bar 23 5 Gr Cikolatali,5900020028051,29.95,9.90,68315,https://iyas.com.tr/nestl-nesfit-bar-23-5-gr-cikolatali-68315-p-126630
Nestl Nesfit Bar 23 5 Gr Cilekli,5900020028228,29.95,9.90,68316,https://iyas.com.tr/nestl-nesfit-bar-23-5-gr-cilekli-68316-p-126629
Nestl Nesfit Bar 23 5 Gr Karamel,5900020033246,29.95,9.90,73986,https://iyas.com.tr/nestl-nesfit-bar-23-5-gr-karamel-73986-p-126628
Nestl Nesfit Bar 23 5 Gr Kirmizi Meyve,5900020029447,29.95,9.90,79249,https://iyas.com.tr/nestl-nesfit-bar-23-5-gr-kirmizi-meyve-79249-p-123734
Nestl Nesquik 350 Gr Milkshake Cilek,8445291306516,234.90,199.00,114609,https://iyas.com.tr/nestl-nesquik-350-gr-milkshake-cilek-114609-p-596669
Nestl Nesquik Cikolatali Kahvaltilik Gevrek 450 G,8690632760278,139.00,249.00,97659,https://iyas.com.tr/nestl-nesquik-cikolatali-kahvaltilik-gevrek-450-g-97659-p-134486
Nestl Nesquik Coko Kare 310 Gr,8690632047775,139.00,249.00,52561,https://iyas.com.tr/nestl-nesquik-coko-kare-310-gr-52561-p-131976
Nestl Nesquik Duo 310 Gr,8690632760421,139.00,249.00,53634,https://iyas.com.tr/nestl-nesquik-duo-310-gr-53634-p-131977
Nestl Nesquik Harfler 310 Gr,8690632039206,139.00,249.00,68319,https://iyas.com.tr/nestl-nesquik-harfler-310-gr-68319-p-131983
Nestl Nesquik Kakaolu Icecek Tozu 375 Gr,8690632708584,239.00,210.00,98434,https://iyas.com.tr/nestl-nesquik-kakaolu-icecek-tozu-375-gr-98434-p-126147
Nestl Nesquik Plus 180 Gr Kakaolu,8690632708577,129.00,99.95,98369,https://iyas.com.tr/nestl-nesquik-plus-180-gr-kakaolu-98369-p-126082
Nestl Nesquik Plus 420 Gr Toz,8690632708591,310.00,89.50,98822,https://iyas.com.tr/nestl-nesquik-plus-420-gr-toz-98822-p-138888
Nestl Polo 34 Gr Original Seker,50189052,24.90,79.50,19454,https://iyas.com.tr/nestl-polo-34-gr-original-seker-19454-p-143549
Nestl Polo 34 Gr Spearmint,96195468,24.90,79.50,85950,https://iyas.com.tr/nestl-polo-34-gr-spearmint-85950-p-127876
Nestl Salep 17 Gr,8690632084008,11.95,89.50,98086,https://iyas.com.tr/nestl-salep-17-gr-98086-p-117653
Nestl Su 05 Lt P Life,8690632103112,9.90,36.50,19458,https://iyas.com.tr/nestl-su-05-lt-p-life-19458-p-122108
Nestl Su 1 Lt P Life,8697713559981,14.90,36.50,38824,https://iyas.com.tr/nestl-su-1-lt-p-life-38824-p-122110
Nestl Sut 180 Gr Kakao Sut,8690632049601,29.90,89.50,97655,https://iyas.com.tr/nestl-sut-180-gr-kakao-sut-97655-p-134482
Nestl Sut 180 Ml Nescuik Muzlu,8690632049618,29.90,49.90,98403,https://iyas.com.tr/nestl-sut-180-ml-nescuik-muzlu-98403-p-126116
Nestl Sut Nesquik 180 Ml Cilek,8690642000920,29.90,49.90,19524,https://iyas.com.tr/nestl-sut-nesquik-180-ml-cilek-19524-p-144915
Nestle Baton 30 Gr Beyaz,8690632762197,39.90,9.90,75220,https://iyas.com.tr/nestle-baton-30-gr-beyaz-75220-p-126667
Nestle Damak Ezme 55 G,8690632764900,99.90,9.90,106626,https://iyas.com.tr/nestle-damak-ezme-55-g-106626-p-588112
Nestle Damak Inci Antep Fistikli Beyaz Cikolata 30 Gr,8690632994789,54.90,9.90,79243,https://iyas.com.tr/nestle-damak-inci-antep-fistikli-beyaz-cikolata-30-gr-79243-p-144763
Nestle Gevrek 375 Gr Crunch Pirin,8690632020433,159.00,249.00,99616,https://iyas.com.tr/nestle-gevrek-375-gr-crunch-pirin-99616-p-134659
Nestle Gofret 18 Gr Citir,8690632018010,10.50,30.00,89593,https://iyas.com.tr/nestle-gofret-18-gr-citir-89593-p-141828
Nestle Kitkat Duo 38 Gr,8690632060392,34.90,29.90,89409,https://iyas.com.tr/nestle-kitkat-duo-38-gr-89409-p-137577
Nestle Nesfit Bal Badem 480 Gr,8690632064680,214.90,249.00,107491,https://iyas.com.tr/nestle-nesfit-bal-badem-480-gr-107491-p-587820
Nestle Nesquik Duo Tablet Cikolata 70 Gr,8690632021249,69.90,30.00,92569,https://iyas.com.tr/nestle-nesquik-duo-tablet-cikolata-70-gr-92569-p-129623
Neut Deep Cle Makyaj Temizleme Mendili 25li,3574661724638,139.90,37.90,96182,https://iyas.com.tr/neut-deep-cle-makyaj-temizleme-mendili-25li-96182-p-121574
Neutr 75 Ml El Kremi Parfumsuz Lip Stick,8695557311710,139.90,239.90,95215,https://iyas.com.tr/neutr-75-ml-el-kremi-parfumsuz-lip-stick-95215-p-121506
Neutr Hydro Boost Jel El Kr Tup 75 Ml,3574661526065,149.90,239.90,79493,https://iyas.com.tr/neutr-hydro-boost-jel-el-kr-tup-75-ml-79493-p-123212
Neutr Hydro Boost Kr Nemlendirici Normal 50 Ml,3574661287218,449.90,239.90,66519,https://iyas.com.tr/neutr-hydro-boost-kr-nemlendirici-normal-50-ml-66519-p-130764
Neutr Hydro Boost Makarna Temizlik Mendili 25 Li,3574661732503,139.90,37.90,96305,https://iyas.com.tr/neutr-hydro-boost-makarna-temizlik-mendili-25-li-96305-p-125809
Neutr Hydro Boost Skin Dtx Arn Kil Maske 150 Ml,3574661430768,179.90,37.90,73894,https://iyas.com.tr/neutr-hydro-boost-skin-dtx-arn-kil-maske-150-ml-73894-p-127438
Neutr Hydro Boost Skin Dtx Serisi Peeling Jel,3574661430720,179.90,239.90,73893,https://iyas.com.tr/neutr-hydro-boost-skin-dtx-serisi-peeling-jel-73893-p-118272
Neutr Hydro Boost Uc Etk Micceler Su 400 Ml,3574661450933,179.90,239.90,73891,https://iyas.com.tr/neutr-hydro-boost-uc-etk-micceler-su-400-ml-73891-p-118270
Neutrog Dudak Neml Kuru Catlel 75 Ml Avantajli,8695557313004,139.90,239.90,94096,https://iyas.com.tr/neutrog-dudak-neml-kuru-catlel-75-ml-avantajli-94096-p-142510
Neutrog Dudak Nemlendirici Kuru Catl,3574660085563,99.90,239.90,94095,https://iyas.com.tr/neutrog-dudak-nemlendirici-kuru-catl-94095-p-142509
Neutrogena 15 Ml Dudak Kremi Onarici Bakim,3574661024066,129.90,239.90,80249,https://iyas.com.tr/neutrogena-15-ml-dudak-kremi-onarici-bakim-80249-p-114966
Neutrogena 400 Ml Vucut Los Yogun Kuru Cilt,3574660527810,279.90,239.90,90398,https://iyas.com.tr/neutrogena-400-ml-vucut-los-yogun-kuru-cilt-90398-p-125071
Neutrogena 400 Ml Vucut Losyonu Yag Ile Zenginlestir,3574661751672,349.90,119.90,101949,https://iyas.com.tr/neutrogena-400-ml-vucut-losyonu-yag-ile-zenginlestir-101949-p-584237
Neutrogena 50 Ml El Kremi Parfumlu,3574661685953,59.90,239.90,96178,https://iyas.com.tr/neutrogena-50-ml-el-kremi-parfumlu-96178-p-121570
Neutrogena 75 Ml El Kremi Hizli Emilen,3574661687001,99.90,239.90,96179,https://iyas.com.tr/neutrogena-75-ml-el-kremi-hizli-emilen-96179-p-121571
Neutrogena 75 Ml El Kremi Parfumlu,3574661685991,99.90,239.90,94049,https://iyas.com.tr/neutrogena-75-ml-el-kremi-parfumlu-94049-p-117154
Neutrogena 75 Ml El Kremi Parfumsuz,3574661686509,99.90,239.90,8840,https://iyas.com.tr/neutrogena-75-ml-el-kremi-parfumsuz-8840-p-123620
Neutrogena 75 Ml El Tirnak Bakim Krem 75 Ml,3574661687032,99.90,239.90,96402,https://iyas.com.tr/neutrogena-75-ml-el-tirnak-bakim-krem-75-ml-96402-p-125906
Neutrogena Ayak Kr Catlak Topuk 50 Ml,3574661255910,179.90,239.90,90388,https://iyas.com.tr/neutrogena-ayak-kr-catlak-topuk-50-ml-90388-p-125061
Neutrogena Ayak Kr Nasirlasmis 50 Ml,3574661131795,179.90,239.90,90392,https://iyas.com.tr/neutrogena-ayak-kr-nasirlasmis-50-ml-90392-p-125065
Neutrogena Besleyici Ayak Kremi 100 Ml,3574661648293,199.90,239.90,93303,https://iyas.com.tr/neutrogena-besleyici-ayak-kremi-100-ml-93303-p-125471
Neutrogena Hydro Boost 50 Ml Gunes Koruyucu,3574661774671,449.90,119.90,104076,https://iyas.com.tr/neutrogena-hydro-boost-50-ml-gunes-koruyucu-104076-p-581345
Neutrogena Hydro Boost Gece Kr 50 Ml,3574661769080,449.90,239.90,95209,https://iyas.com.tr/neutrogena-hydro-boost-gece-kr-50-ml-95209-p-121500
Neutrogena Sivilce Kar 30 Ml Gunluk Serum,3574661646527,259.90,239.90,89622,https://iyas.com.tr/neutrogena-sivilce-kar-30-ml-gunluk-serum-89622-p-141856
Neutrogena Sivilce Ve Akne Karsiti Tonik 125 Ml,3574661751818,209.90,239.90,96351,https://iyas.com.tr/neutrogena-sivilce-ve-akne-karsiti-tonik-125-ml-96351-p-125855
Neutrogena Visclr Sivilce Karsi Tem Peelingjel 150ml,3574661332529,199.90,239.90,90360,https://iyas.com.tr/neutrogena-visclr-sivilce-karsi-tem-peelingjel-150ml-90360-p-120908
Neutrogena Visclr Siyah Nokta Tem Tonik 200 Ml,3574661532608,199.90,239.90,90362,https://iyas.com.tr/neutrogena-visclr-siyah-nokta-tem-tonik-200-ml-90362-p-120910
Neva Color 013 Yogun Yesil Tup Sac Boyasi 50 Ml,8690057007552,94.90,149.90,99221,https://iyas.com.tr/neva-color-013-yogun-yesil-tup-sac-boyasi-50-ml-99221-p-117896
Neva Color 1003 Ekstra Dogal Altin Platin Tup Sac Boyasi 50 Ml,8690057103001,69.90,149.90,99228,https://iyas.com.tr/neva-color-1003-ekstra-dogal-altin-platin-tup-sac-boyasi-50-ml-99228-p-121939
Neva Color 607 Bronz Kahve Tup Sac Boyasi 50 Ml,8690057005756,69.90,149.90,96433,https://iyas.com.tr/neva-color-607-bronz-kahve-tup-sac-boyasi-50-ml-96433-p-130047
Neva Color 666 Koyu Kizil Kumral Tup Sac Boyasi 50 Ml,8690057666001,69.90,149.90,96432,https://iyas.com.tr/neva-color-666-koyu-kizil-kumral-tup-sac-boyasi-50-ml-96432-p-130046
Neva Color 707 Gizemli Kahve Tup Sac Boyasi 50 Ml,8690057005763,69.90,149.90,96443,https://iyas.com.tr/neva-color-707-gizemli-kahve-tup-sac-boyasi-50-ml-96443-p-130057
Neva Color 77 Kapucino Tup Sac Boyasi 50 Ml,8690057077005,69.90,149.90,96439,https://iyas.com.tr/neva-color-77-kapucino-tup-sac-boyasi-50-ml-96439-p-130053
Neva Color Natural 5 Acik Kahve Kutu Sac Boyasi,8698636612227,109.90,149.90,99309,https://iyas.com.tr/neva-color-natural-5-acik-kahve-kutu-sac-boyasi-99309-p-122020
Neva Color Natural 666 Buyuleyici Kizil Kutu Sac Boyasi,8698636612319,109.90,149.90,99328,https://iyas.com.tr/neva-color-natural-666-buyuleyici-kizil-kutu-sac-boyasi-99328-p-122039
Neva Color Natural 7334 Altin Karamel Kutu Sac Boyasi,8698636611985,109.90,149.90,99325,https://iyas.com.tr/neva-color-natural-7334-altin-karamel-kutu-sac-boyasi-99325-p-122036
Neva Color Oksidan 20 Volum 6,8690057200007,21.00,37.90,78192,https://iyas.com.tr/neva-color-oksidan-20-volum-6-78192-p-123674
Neva Color Oksidan 30 Vol 9 Poset,8698636620864,19.90,37.90,92876,https://iyas.com.tr/neva-color-oksidan-30-vol-9-poset-92876-p-133846
Neva Color Oksidan 30 Volum 9,8690057300004,21.00,37.90,85812,https://iyas.com.tr/neva-color-oksidan-30-volum-9-85812-p-140509
Neva Color Oksidasyon Kremi 50 Ml,8698636620857,19.90,37.90,96212,https://iyas.com.tr/neva-color-oksidasyon-kremi-50-ml-96212-p-121604
Neva Color Sac Boyasi 066,8690057005992,99.90,149.90,99239,https://iyas.com.tr/neva-color-sac-boyasi-066-99239-p-121950
Neva Color T022 Turuncu Karsiti Tup Sac Boyasi 50 Ml,8698636623476,94.90,149.90,96456,https://iyas.com.tr/neva-color-t022-turuncu-karsiti-tup-sac-boyasi-50-ml-96456-p-130070
Neva Color Tup Boya 1,8690057001000,69.90,149.90,99238,https://iyas.com.tr/neva-color-tup-boya-1-99238-p-121949
Neva Color Tup Boya 1001,8690057101007,69.90,149.90,99227,https://iyas.com.tr/neva-color-tup-boya-1001-99227-p-121938
Neva Color Tup Boya 1100,8690057110009,69.90,149.90,99229,https://iyas.com.tr/neva-color-tup-boya-1100-99229-p-121940
Neva Color Tup Boya 11mavi Siyah,8690057011009,69.90,149.90,96206,https://iyas.com.tr/neva-color-tup-boya-11mavi-siyah-96206-p-121598
Neva Color Tup Boya 3 Koyu Kahve,8690057003004,69.90,149.90,100256,https://iyas.com.tr/neva-color-tup-boya-3-koyu-kahve-100256-p-569297
Neva Color Tup Boya 4 Kahve,8690057004001,69.90,149.90,96462,https://iyas.com.tr/neva-color-tup-boya-4-kahve-96462-p-130076
Neva Color Tup Boya 407 Turk Kahvesi,8690057005732,69.90,149.90,96210,https://iyas.com.tr/neva-color-tup-boya-407-turk-kahvesi-96210-p-121602
Neva Color Tup Boya 435 Karamel Kahve,8690057435003,69.90,149.90,101903,https://iyas.com.tr/neva-color-tup-boya-435-karamel-kahve-101903-p-569287
Neva Color Tup Boya 507 Kiskirtici Kahve,8690057005749,69.90,149.90,96447,https://iyas.com.tr/neva-color-tup-boya-507-kiskirtici-kahve-96447-p-130061
Neva Color Tup Boya 51 Kullu Acik Kahve,8690057051005,69.90,149.90,96449,https://iyas.com.tr/neva-color-tup-boya-51-kullu-acik-kahve-96449-p-130063
Neva Color Tup Boya 5546 Buyuleyici Kizil,8690057005923,69.90,149.90,96452,https://iyas.com.tr/neva-color-tup-boya-5546-buyuleyici-kizil-96452-p-130066
Neva Color Tup Boya 566 Sarap Kizili,8690057566004,69.90,149.90,96453,https://iyas.com.tr/neva-color-tup-boya-566-sarap-kizili-96453-p-130067
Neva Color Tup Boya 57 Mocha,8690057057007,69.90,149.90,96444,https://iyas.com.tr/neva-color-tup-boya-57-mocha-96444-p-130058
Neva Color Tup Boya 6 Koyu Kumral,8690057006005,69.90,149.90,96455,https://iyas.com.tr/neva-color-tup-boya-6-koyu-kumral-96455-p-130069
Neva Color Tup Boya 60 Yogun Koyu Kumral,8690057005718,69.90,149.90,96428,https://iyas.com.tr/neva-color-tup-boya-60-yogun-koyu-kumral-96428-p-130042
Neva Color Tup Boya 61 Koyu Kullu Kumral,8690057061004,69.90,149.90,96434,https://iyas.com.tr/neva-color-tup-boya-61-koyu-kullu-kumral-96434-p-130048
Neva Color Tup Boya 620 Patlican Moru,8690057005893,69.90,149.90,96436,https://iyas.com.tr/neva-color-tup-boya-620-patlican-moru-96436-p-130050
Neva Color Tup Boya 63 Findik Kabugu,8690057063008,69.90,149.90,96435,https://iyas.com.tr/neva-color-tup-boya-63-findik-kabugu-96435-p-130049
Neva Color Tup Boya 635 Cikolata Karamel,8690057635007,69.90,149.90,101904,https://iyas.com.tr/neva-color-tup-boya-635-cikolata-karamel-101904-p-569308
Neva Color Tup Boya 67 Cikolata Kahve,8690057067006,69.90,149.90,96442,https://iyas.com.tr/neva-color-tup-boya-67-cikolata-kahve-96442-p-130056
Neva Color Tup Boya 71 Kullu Kumral,8690057071003,69.90,149.90,96209,https://iyas.com.tr/neva-color-tup-boya-71-kullu-kumral-96209-p-121601
Neva Color Tup Boya 732,8690057005879,69.90,149.90,99247,https://iyas.com.tr/neva-color-tup-boya-732-99247-p-121958
Neva Color Tup Boya 743 Dore Bakir,8690057743009,69.90,149.90,96418,https://iyas.com.tr/neva-color-tup-boya-743-dore-bakir-96418-p-130032
Neva Color Tup Boya 766,8690057766008,69.90,149.90,99245,https://iyas.com.tr/neva-color-tup-boya-766-99245-p-121956
Neva Color Tup Boya 771,8690057007163,69.90,149.90,99248,https://iyas.com.tr/neva-color-tup-boya-771-99248-p-121959
Neva Color Tup Boya 777 Badem Kahvesi,8690057005824,69.90,149.90,96417,https://iyas.com.tr/neva-color-tup-boya-777-badem-kahvesi-96417-p-130031
Neva Color Tup Boya 807 Karamel,8690057005770,69.90,149.90,96416,https://iyas.com.tr/neva-color-tup-boya-807-karamel-96416-p-130030
Neva Color Tup Boya 83 Altin Sarisi,8690057083006,69.90,149.90,96413,https://iyas.com.tr/neva-color-tup-boya-83-altin-sarisi-96413-p-130027
Neva Color Tup Boya 832,8690057005886,69.90,149.90,99249,https://iyas.com.tr/neva-color-tup-boya-832-99249-p-121960
Neva Color Tup Boya 834,8690057834004,69.90,149.90,99244,https://iyas.com.tr/neva-color-tup-boya-834-99244-p-121955
Neva Color Tup Boya 844 Tarcin Bakir,8690057005961,69.90,149.90,96414,https://iyas.com.tr/neva-color-tup-boya-844-tarcin-bakir-96414-p-130028
Neva Color Tup Boya 8444 Acik Kumral Cok Yogun Ba,8690057007248,69.90,149.90,96419,https://iyas.com.tr/neva-color-tup-boya-8444-acik-kumral-cok-yogun-ba-96419-p-130033
Neva Color Tup Boya 91kullu Cok Acik Kumrra,8690057091001,69.90,149.90,96423,https://iyas.com.tr/neva-color-tup-boya-91kullu-cok-acik-kumrra-96423-p-130037
Neva Color Tup Boya 93 Acik Altin,8690057093005,69.90,149.90,96488,https://iyas.com.tr/neva-color-tup-boya-93-acik-altin-96488-p-130102
Neva Color Tup Boya 932 Acik Bal Kumra,8690057007538,69.90,149.90,96426,https://iyas.com.tr/neva-color-tup-boya-932-acik-bal-kumra-96426-p-130040
Neva Color Tup Boya No 10,8690057005688,69.90,149.90,99232,https://iyas.com.tr/neva-color-tup-boya-no-10-99232-p-121943
Neva Kas Boyasi 15 Ml,8698636621380,239.90,149.90,85590,https://iyas.com.tr/neva-kas-boyasi-15-ml-85590-p-140529
Neva Kas Boyasi 15 Ml,8698636621373,239.90,184.90,99258,https://iyas.com.tr/neva-kas-boyasi-15-ml-99258-p-121969
Neva Kas Boyasi 7 Dogal Kumral,8698636621694,179.90,149.90,101022,https://iyas.com.tr/neva-kas-boyasi-7-dogal-kumral-101022-p-569286
Neva Men 30 Kahve Siyah Kutu Sac Boyasi,8698636603720,264.90,149.90,92869,https://iyas.com.tr/neva-men-30-kahve-siyah-kutu-sac-boyasi-92869-p-142364
Neva Men 40 Koyu Kahve Kutu Sac Boyasi,8698636603737,224.90,149.90,92865,https://iyas.com.tr/neva-men-40-koyu-kahve-kutu-sac-boyasi-92865-p-142360
Neva Men Natural 10 Siyah,8698636603706,224.90,37.90,92867,https://iyas.com.tr/neva-men-natural-10-siyah-92867-p-142362
Neva Men Natural 100 Yogun Siyah,8698636603713,224.90,37.90,92866,https://iyas.com.tr/neva-men-natural-100-yogun-siyah-92866-p-142361
Neva Natural Color 1 Siyah,8698636612128,109.90,149.90,99304,https://iyas.com.tr/neva-natural-color-1-siyah-99304-p-122015
Neva Natural Color 4 Kahve,8698636612166,109.90,149.90,99321,https://iyas.com.tr/neva-natural-color-4-kahve-99321-p-122032
Neva Natural Color 620 Orkide Moru,8698636612296,109.90,149.90,102145,https://iyas.com.tr/neva-natural-color-620-orkide-moru-102145-p-569310
Neva Natural Color 911 Cok Acik Kumral Yogun Kul,8698636612005,109.90,149.90,101841,https://iyas.com.tr/neva-natural-color-911-cok-acik-kumral-yogun-kul-101841-p-569249
Neva Natural Color Sac Boyasi 57,8698636612241,109.90,149.90,101901,https://iyas.com.tr/neva-natural-color-sac-boyasi-57-101901-p-569276
Neva Root Touch Up Sac Dipleri Icin Kapatici Sprey Kahve 75 Ml,8698636623742,339.90,299.90,96459,https://iyas.com.tr/neva-root-touch-up-sac-dipleri-icin-kapatici-sprey-kahve-75-ml-96459-p-130073
Neva Root Touch Up Sac Dipleri Icin Kapatici Sprey Kumral 75 Ml,8698636612838,339.90,299.90,96457,https://iyas.com.tr/neva-root-touch-up-sac-dipleri-icin-kapatici-sprey-kumral-75-ml-96457-p-130071
Neva Root Touch Up Sprey 75 Ml Acik Kahve,8698636612852,339.90,299.90,96460,https://iyas.com.tr/neva-root-touch-up-sprey-75-ml-acik-kahve-96460-p-130074
Neva Root Touch Up Sprey 75 Ml Koyu Kumral,8698636613064,319.90,37.90,96461,https://iyas.com.tr/neva-root-touch-up-sprey-75-ml-koyu-kumral-96461-p-130075
Neva Root Touch Up Sprey 75 Ml Sari,8698636612821,339.90,299.90,100262,https://iyas.com.tr/neva-root-touch-up-sprey-75-ml-sari-100262-p-585758
Neva Styling Beach Vibes Deniz Tuzu Sprey 200 Ml,8698636626507,164.90,37.90,95840,https://iyas.com.tr/neva-styling-beach-vibes-deniz-tuzu-sprey-200-ml-95840-p-142730
New Style Resim Defteri Pp Kapak 25 Yaprak 25x35,8697404970859,69.00,20.00,110380,https://iyas.com.tr/new-style-resim-defteri-pp-kapak-25-yaprak-25x35-110380-p-588216
New Well Derma Make Up Porcelain 01,8680923304816,137.90,149.90,94254,https://iyas.com.tr/new-well-derma-make-up-porcelain-01-94254-p-146700
New Well Derma Make Up Porcelain 03,8680923304830,154.90,149.90,94252,https://iyas.com.tr/new-well-derma-make-up-porcelain-03-94252-p-146698
New Well Kas Kirpik Boyasi Siyah,8680923320915,139.00,149.90,94288,https://iyas.com.tr/new-well-kas-kirpik-boyasi-siyah-94288-p-146720
Nfest Meyve Bar Portakal Elma Joleli Yerfistikli 40 G,8690997037497,29.90,21.50,107598,https://iyas.com.tr/nfest-meyve-bar-portakal-elma-joleli-yerfistikli-40-g-107598-p-588111
Nilusi Hidrofil Disk Pamuk 70li,8691275400040,24.90,32.90,89562,https://iyas.com.tr/nilusi-hidrofil-disk-pamuk-70li-89562-p-137678
Nilusi Hidrofil Pamuk 100 Gr,8691275400019,49.90,32.90,89558,https://iyas.com.tr/nilusi-hidrofil-pamuk-100-gr-89558-p-137668
Nilusi Kulak Cubugu 100li,8691275400057,24.90,32.90,89559,https://iyas.com.tr/nilusi-kulak-cubugu-100li-89559-p-141854
Nivea 150 Ml Arindirici Yuz Bakim Peeling,4005808668526,99.90,79.90,112277,https://iyas.com.tr/nivea-150-ml-arindirici-yuz-bakim-peeling-112277-p-595874
Nivea 150 Ml Yuz Yikama Kopugu Kuru Hass,4005900289056,149.90,99.90,90182,https://iyas.com.tr/nivea-150-ml-yuz-yikama-kopugu-kuru-hass-90182-p-116699
Nivea 150 Ml Yuz Yikama Kopugu Normal Cilt,4005900289025,149.90,99.90,90091,https://iyas.com.tr/nivea-150-ml-yuz-yikama-kopugu-normal-cilt-90091-p-146242
Nivea 400 Ml Q10 Body Losyon,4005808237548,329.90,119.90,37910,https://iyas.com.tr/nivea-400-ml-q10-body-losyon-37910-p-123179
Nivea 50 Ml Perfect Matte Yuz Temizleme Jel C Vt,6001051004720,59.90,29.90,107474,https://iyas.com.tr/nivea-50-ml-perfect-matte-yuz-temizleme-jel-c-vt-107474-p-592389
Nivea 50 Ml Yuz Bakliyat Matlas Gunduz Kremi Aloevera,4005800097874,179.90,149.90,115138,https://iyas.com.tr/nivea-50-ml-yuz-bakliyat-matlas-gunduz-kremi-aloevera-115138-p-596998
Nivea Aqua 150 Ml Rose Yuz Yikama Kopugu,4005900970398,169.90,99.90,91909,https://iyas.com.tr/nivea-aqua-150-ml-rose-yuz-yikama-kopugu-91909-p-125178
Nivea Besleyici Yuz Kremi Besleyici 100 Ml,4005900897848,279.90,239.90,93539,https://iyas.com.tr/nivea-besleyici-yuz-kremi-besleyici-100-ml-93539-p-133950
Nivea Black White Invisible Fresh Roll On Kadin 50 Ml,42332503,149.90,149.90,68080,https://iyas.com.tr/nivea-black-white-invisible-fresh-roll-on-kadin-50-ml-68080-p-134863
Nivea Body 400 Ml Kiraz Cicegi Yagi,4005900396037,269.90,259.90,68902,https://iyas.com.tr/nivea-body-400-ml-kiraz-cicegi-yagi-68902-p-114957
Nivea Body 400 Ml Milk Vucut Nemlendirici,4005808236879,269.90,259.90,90239,https://iyas.com.tr/nivea-body-400-ml-milk-vucut-nemlendirici-90239-p-116756
Nivea Body 400 Ml Q10 Milk Pump Sikilastirici,4005800098833,329.90,239.90,66113,https://iyas.com.tr/nivea-body-400-ml-q10-milk-pump-sikilastirici-66113-p-130633
Nivea Body 400 Ml Repair Care Pump Cok Kuru,4005808704880,269.90,259.90,66114,https://iyas.com.tr/nivea-body-400-ml-repair-care-pump-cok-kuru-66114-p-131726
Nivea Deo Byn 200 Ml Fresh,4005808816194,179.90,149.90,100870,https://iyas.com.tr/nivea-deo-byn-200-ml-fresh-100870-p-569168
Nivea Deo Roll On Deep Amazonia Erkek 50 Ml,40062044,149.90,149.90,76173,https://iyas.com.tr/nivea-deo-roll-on-deep-amazonia-erkek-50-ml-76173-p-117995
Nivea Deodorant 150 Ml Bayan Black Pearl Beauty,4005900942142,149.90,149.90,90732,https://iyas.com.tr/nivea-deodorant-150-ml-bayan-black-pearl-beauty-90732-p-133618
Nivea Deodorant 150 Ml Bayan Blackwhite Clear,4005900156143,149.90,149.90,90289,https://iyas.com.tr/nivea-deodorant-150-ml-bayan-blackwhite-clear-90289-p-120844
Nivea Deodorant 150 Ml Bayan Blackwhite Ipeksi Puruzsuz,4005900620231,149.90,149.90,74938,https://iyas.com.tr/nivea-deodorant-150-ml-bayan-blackwhite-ipeksi-puruzsuz-74938-p-143301
Nivea Deodorant 150 Ml Bayan Blackwhite Pure,4005900156112,149.90,149.90,61309,https://iyas.com.tr/nivea-deodorant-150-ml-bayan-blackwhite-pure-61309-p-134927
Nivea Deodorant 150 Ml Bayan Double Effect Mor Dusler,4005900156358,149.90,149.90,90294,https://iyas.com.tr/nivea-deodorant-150-ml-bayan-double-effect-mor-dusler-90294-p-120849
Nivea Deodorant 150 Ml Bayan Fresh 250 Ml Dus Jeli,4005900799579,159.90,149.90,98665,https://iyas.com.tr/nivea-deodorant-150-ml-bayan-fresh-250-ml-dus-jeli-98665-p-134601
Nivea Deodorant 150 Ml Bayan Fresh,4005900155993,119.90,149.90,90282,https://iyas.com.tr/nivea-deodorant-150-ml-bayan-fresh-90282-p-120837
Nivea Deodorant 150 Ml Bayan Fresh Cherry Kiraz,9005800329406,149.90,149.90,79254,https://iyas.com.tr/nivea-deodorant-150-ml-bayan-fresh-cherry-kiraz-79254-p-144333
Nivea Deodorant 150 Ml Bayan Fresh Roll On 25 Ml,4005900799944,159.90,149.90,96014,https://iyas.com.tr/nivea-deodorant-150-ml-bayan-fresh-roll-on-25-ml-96014-p-147009
Nivea Deodorant 150 Ml Bayan Fresh Sensation,4006000016214,149.90,149.90,94347,https://iyas.com.tr/nivea-deodorant-150-ml-bayan-fresh-sensation-94347-p-146747
Nivea Deodorant 150 Ml Bayan Inv B Clear Roll On 25 Ml,4005900799982,159.90,149.90,96010,https://iyas.com.tr/nivea-deodorant-150-ml-bayan-inv-b-clear-roll-on-25-ml-96010-p-147005
Nivea Deodorant 150 Ml Bayan Pearl Beauty,4005900156327,149.90,149.90,90292,https://iyas.com.tr/nivea-deodorant-150-ml-bayan-pearl-beauty-90292-p-120847
Nivea Deodorant 150 Ml Men Blackw Power Roll On 25 Ml,4005900800268,159.90,149.90,96009,https://iyas.com.tr/nivea-deodorant-150-ml-men-blackw-power-roll-on-25-ml-96009-p-147004
Nivea Deodorant 150 Ml Men Blackwhite Fresh,4005900378200,149.90,149.90,68079,https://iyas.com.tr/nivea-deodorant-150-ml-men-blackwhite-fresh-68079-p-134926
Nivea Deodorant 150 Ml Men Blackwhite Guclu Etk,4005900730466,149.90,149.90,79256,https://iyas.com.tr/nivea-deodorant-150-ml-men-blackwhite-guclu-etk-79256-p-144334
Nivea Deodorant 150 Ml Men Blackwhite Power Org,4005900156174,149.90,19.90,90286,https://iyas.com.tr/nivea-deodorant-150-ml-men-blackwhite-power-org-90286-p-120841
Nivea Deodorant 150 Ml Men Cool Kick Fresh,4005900870001,149.90,149.90,84547,https://iyas.com.tr/nivea-deodorant-150-ml-men-cool-kick-fresh-84547-p-144541
Nivea Deodorant 150 Ml Men Deep Beat,4006000063027,149.90,149.90,99586,https://iyas.com.tr/nivea-deodorant-150-ml-men-deep-beat-99586-p-130514
Nivea Deodorant 150 Ml Men Deep Dimension,4005900491848,149.90,149.90,72025,https://iyas.com.tr/nivea-deodorant-150-ml-men-deep-dimension-72025-p-134911
Nivea Deodorant 150 Ml Men Dry Fresh,4005900489883,149.90,149.90,71830,https://iyas.com.tr/nivea-deodorant-150-ml-men-dry-fresh-71830-p-134915
Nivea Deodorant 150 Ml Men Fresh Power Men,4005808931293,149.90,149.90,55139,https://iyas.com.tr/nivea-deodorant-150-ml-men-fresh-power-men-55139-p-134921
Nivea Deodorant 150 Ml Men Fresh Sensation,4006000016184,149.90,149.90,94348,https://iyas.com.tr/nivea-deodorant-150-ml-men-fresh-sensation-94348-p-146748
Nivea Deodorant 75 Ml Bayan Fresh Pump,4005808726271,169.90,149.90,90296,https://iyas.com.tr/nivea-deodorant-75-ml-bayan-fresh-pump-90296-p-120851
Nivea Deodorant 75 Ml Men Fresh Pump Sprey,4005808726240,169.90,149.90,50623,https://iyas.com.tr/nivea-deodorant-75-ml-men-fresh-pump-sprey-50623-p-144308
Nivea Deodorant Bayan 150 Ml Derma Protect Clinical,4005900951038,259.90,149.90,91274,https://iyas.com.tr/nivea-deodorant-bayan-150-ml-derma-protect-clinical-91274-p-146306
Nivea Deodorant Bayan 200 Ml Blackwhite Clear,4005900034878,179.90,149.90,100871,https://iyas.com.tr/nivea-deodorant-bayan-200-ml-blackwhite-clear-100871-p-569204
Nivea Deodorant Men 150 Ml Derma Protect Clinical,4005900951007,259.90,149.90,91275,https://iyas.com.tr/nivea-deodorant-men-150-ml-derma-protect-clinical-91275-p-146307
Nivea Derma 150 Ml Skin Clear Sivilce Yuz Jel,4005900974396,199.90,239.90,92292,https://iyas.com.tr/nivea-derma-150-ml-skin-clear-sivilce-yuz-jel-92292-p-121118
Nivea Derma 150 Ml Skin Clear Sivilce Yuz Peeling,4005900972095,199.90,239.90,92294,https://iyas.com.tr/nivea-derma-150-ml-skin-clear-sivilce-yuz-peeling-92294-p-121120
Nivea Derma 200 Ml Skin Clear Svlc Yuz Tonik,4005900974839,199.90,239.90,92293,https://iyas.com.tr/nivea-derma-200-ml-skin-clear-svlc-yuz-tonik-92293-p-121119
Nivea Derma 400 Ml Skin Clear Micellar Te Suyu,4006000174716,289.90,199.90,111452,https://iyas.com.tr/nivea-derma-400-ml-skin-clear-micellar-te-suyu-111452-p-598259
Nivea Derma Control Clinical Kadin Roll On 50 Ml,4005900953261,259.90,149.90,93020,https://iyas.com.tr/nivea-derma-control-clinical-kadin-roll-on-50-ml-93020-p-138106
Nivea Derma Skin Clear Sivilce 150 Ml Yuz Jel Tonik,4006000086903,199.90,239.90,101927,https://iyas.com.tr/nivea-derma-skin-clear-sivilce-150-ml-yuz-jel-tonik-101927-p-582170
Nivea Dus Jeli 500 Ml Cr Me Soft,4005900975874,189.90,99.90,94234,https://iyas.com.tr/nivea-dus-jeli-500-ml-cr-me-soft-94234-p-117141
Nivea Dus Jeli 500 Ml Sport,4005900288417,189.90,99.90,90220,https://iyas.com.tr/nivea-dus-jeli-500-ml-sport-90220-p-116737
Nivea Fm 100 Ml As Losyon Deep Dimension,4005900490032,249.90,119.90,72027,https://iyas.com.tr/nivea-fm-100-ml-as-losyon-deep-dimension-72027-p-122409
Nivea Fm 100 Ml Balsam Hassas Serinletici,4005808914715,249.90,89.90,64613,https://iyas.com.tr/nivea-fm-100-ml-balsam-hassas-serinletici-64613-p-122406
Nivea Fm 100 Ml Yuz Temizlik Jeli Deep Dimension,4005900499486,229.90,219.90,72030,https://iyas.com.tr/nivea-fm-100-ml-yuz-temizlik-jeli-deep-dimension-72030-p-114987
Nivea Fm 200 Ml Tiras Jeli Deep Dimension,4005900489975,199.90,89.90,72029,https://iyas.com.tr/nivea-fm-200-ml-tiras-jeli-deep-dimension-72029-p-122417
Nivea Fm 200 Ml Tiras Jeli Hassas,4005808257300,199.90,89.90,90314,https://iyas.com.tr/nivea-fm-200-ml-tiras-jeli-hassas-90314-p-120865
Nivea Fm 200 Ml Tiras Jeli Nemlendirici,4005808817603,199.90,89.90,90315,https://iyas.com.tr/nivea-fm-200-ml-tiras-jeli-nemlendirici-90315-p-120866
Nivea Fm 200 Ml Tiras Kopugu Deep Dimension,4005900490001,179.90,89.90,72028,https://iyas.com.tr/nivea-fm-200-ml-tiras-kopugu-deep-dimension-72028-p-118423
Nivea Fm 200 Ml Tiras Kopugu Hassas,4005808222698,179.90,89.90,37917,https://iyas.com.tr/nivea-fm-200-ml-tiras-kopugu-hassas-37917-p-118424
Nivea Fm 200 Ml Tiras Kopugu Nemlen Protect Care,5025970023229,179.90,89.90,37922,https://iyas.com.tr/nivea-fm-200-ml-tiras-kopugu-nemlen-protect-care-37922-p-118425
Nivea Fm 30 Ml Men Krem,42269663,99.90,89.90,62041,https://iyas.com.tr/nivea-fm-30-ml-men-krem-62041-p-122415
Nivea Fm 75 Ml Men Krem,4005900111456,144.90,89.90,62042,https://iyas.com.tr/nivea-fm-75-ml-men-krem-62042-p-122416
Nivea Fresh Active Deodorant 150 Ml Roll On 25 Ml,4005900800237,159.90,149.90,96011,https://iyas.com.tr/nivea-fresh-active-deodorant-150-ml-roll-on-25-ml-96011-p-147006
Nivea Fresh Orange Kadin Deodorant 150 Ml,9005800329413,149.90,149.90,79255,https://iyas.com.tr/nivea-fresh-orange-kadin-deodorant-150-ml-79255-p-131716
Nivea Gunes Spreyi Spf 50 200 Ml,4005900704795,1879.95,563.99,90084,https://iyas.com.tr/nivea-gunes-spreyi-spf-50-200-ml-90084-p-146235
Nivea Hand 75 Ml Besleyici Deniz Igde Krem,4005808857982,99.90,239.90,56548,https://iyas.com.tr/nivea-hand-75-ml-besleyici-deniz-igde-krem-56548-p-126619
Nivea Hand 75 Ml Koruyucu El Krem,4005808857951,99.90,239.90,56547,https://iyas.com.tr/nivea-hand-75-ml-koruyucu-el-krem-56547-p-126617
Nivea Hand 75 Ml Kr Besleyici Der Bk,42417712,139.90,239.90,90243,https://iyas.com.tr/nivea-hand-75-ml-kr-besleyici-der-bk-90243-p-116760
Nivea Hand 75 Ml Yatistirici El Krem,4005808357369,99.90,239.90,56546,https://iyas.com.tr/nivea-hand-75-ml-yatistirici-el-krem-56546-p-126618
Nivea Hand 75 Ml Zeytinyagli,4005900541253,99.90,239.90,73160,https://iyas.com.tr/nivea-hand-75-ml-zeytinyagli-73160-p-126620
Nivea Krem 150 Ml,4005900308801,189.90,239.90,90244,https://iyas.com.tr/nivea-krem-150-ml-90244-p-116761
Nivea Krem 250 Ml,4005900308832,199.90,239.90,90241,https://iyas.com.tr/nivea-krem-250-ml-90241-p-116758
Nivea Krem 30 Ml,42300205,69.90,239.90,97100,https://iyas.com.tr/nivea-krem-30-ml-97100-p-117566
Nivea Krem 400 Ml Men Deep Impact,4006000064123,179.90,239.90,95962,https://iyas.com.tr/nivea-krem-400-ml-men-deep-impact-95962-p-146957
Nivea Krem 75 Ml Lip Orjinal,4006000060743,199.90,239.90,99590,https://iyas.com.tr/nivea-krem-75-ml-lip-orjinal-99590-p-130518
Nivea Lip Fruity Shine Cilek,4006000002095,149.90,37.90,99358,https://iyas.com.tr/nivea-lip-fruity-shine-cilek-99358-p-126178
Nivea Lip Fruity Shine Kiraz,4006000002071,149.90,37.90,99589,https://iyas.com.tr/nivea-lip-fruity-shine-kiraz-99589-p-130517
Nivea Lip Fruity Shine Seftali,4006000002132,149.90,37.90,99762,https://iyas.com.tr/nivea-lip-fruity-shine-seftali-99762-p-147440
Nivea Lip Med Repair 48 Gr,,149.90,239.90,101341-1,https://iyas.com.tr/nivea-lip-med-repair-48-gr-101341-1-p-568433
Nivea Lip Shine Bogurtlen,4006000002033,149.90,37.90,95721,https://iyas.com.tr/nivea-lip-shine-bogurtlen-95721-p-138479
Nivea Men Fresh Kick Tiras Sonrasi Losyon 100 Ml,9005800343143,249.90,119.90,84497,https://iyas.com.tr/nivea-men-fresh-kick-tiras-sonrasi-losyon-100-ml-84497-p-144542
Nivea Micellair 400 Ml Q2 Temizlik Su Hassas,4005900333513,239.90,199.90,66128,https://iyas.com.tr/nivea-micellair-400-ml-q2-temizlik-su-hassas-66128-p-114023
Nivea Micellair 400 Ml Q2 Temizlik Su Normal,4005900333544,239.90,199.90,66129,https://iyas.com.tr/nivea-micellair-400-ml-q2-temizlik-su-normal-66129-p-114024
Nivea Pearl Beauty Kadin Roll On 50 Ml,4005900940582,149.90,149.90,89755,https://iyas.com.tr/nivea-pearl-beauty-kadin-roll-on-50-ml-89755-p-146126
Nivea Q10 Sikilastirici Vucut Losyonu 250 Ml,4005900512161,119.90,99.90,72596,https://iyas.com.tr/nivea-q10-sikilastirici-vucut-losyonu-250-ml-72596-p-114013
Nivea Roll On 50 Ml Bayan Blackwhite Clear,42240600,149.90,149.90,90256,https://iyas.com.tr/nivea-roll-on-50-ml-bayan-blackwhite-clear-90256-p-116773
Nivea Roll On 50 Ml Bayan Blackwhite Ipek Purus,40060484,149.90,149.90,74939,https://iyas.com.tr/nivea-roll-on-50-ml-bayan-blackwhite-ipek-purus-74939-p-126434
Nivea Roll On 50 Ml Bayan Double Effect,42242215,149.90,149.90,90330,https://iyas.com.tr/nivea-roll-on-50-ml-bayan-double-effect-90330-p-120880
Nivea Roll On 50 Ml Bayan Fresh,42241522,149.90,149.90,97101,https://iyas.com.tr/nivea-roll-on-50-ml-bayan-fresh-97101-p-117567
Nivea Roll On 50 Ml Bayan Fresh Chery,42397847,149.90,149.90,79260,https://iyas.com.tr/nivea-roll-on-50-ml-bayan-fresh-chery-79260-p-144335
Nivea Roll On 50 Ml Bayan Fresh Roll On 25 Ml,4005900875815,159.90,149.90,101363,https://iyas.com.tr/nivea-roll-on-50-ml-bayan-fresh-roll-on-25-ml-101363-p-579090
Nivea Roll On 50 Ml Bayan Fresh Sensation,4006000013183,149.90,149.90,94349,https://iyas.com.tr/nivea-roll-on-50-ml-bayan-fresh-sensation-94349-p-146749
Nivea Roll On 50 Ml Bayan Pearl Beauty Black,4006000037219,149.90,149.90,101153,https://iyas.com.tr/nivea-roll-on-50-ml-bayan-pearl-beauty-black-101153-p-579094
Nivea Roll On 50 Ml Bayan Powder Touch,42246640,149.90,149.90,59510,https://iyas.com.tr/nivea-roll-on-50-ml-bayan-powder-touch-59510-p-134865
Nivea Roll On 50 Ml Black Pure Bayan,42243229,149.90,149.90,90258,https://iyas.com.tr/nivea-roll-on-50-ml-black-pure-bayan-90258-p-116775
Nivea Roll On 50 Ml Men Blackwhite Fresh,42332602,149.90,149.90,70040,https://iyas.com.tr/nivea-roll-on-50-ml-men-blackwhite-fresh-70040-p-134860
Nivea Roll On 50 Ml Men Blackwhite Guclu Etk,42397489,149.90,149.90,79259,https://iyas.com.tr/nivea-roll-on-50-ml-men-blackwhite-guclu-etk-79259-p-123451
Nivea Roll On 50 Ml Men Blackwhite Power,42240679,149.90,149.90,90254,https://iyas.com.tr/nivea-roll-on-50-ml-men-blackwhite-power-90254-p-116771
Nivea Roll On 50 Ml Men Cool Kick Fresh,4005900871824,149.90,149.90,84445,https://iyas.com.tr/nivea-roll-on-50-ml-men-cool-kick-fresh-84445-p-144539
Nivea Roll On 50 Ml Men Deep Beat,4006000061351,149.90,149.90,99587,https://iyas.com.tr/nivea-roll-on-50-ml-men-deep-beat-99587-p-130515
Nivea Roll On 50 Ml Men Derma Protect Clinical,4005900953292,259.90,149.90,93019,https://iyas.com.tr/nivea-roll-on-50-ml-men-derma-protect-clinical-93019-p-138105
Nivea Roll On 50 Ml Men Fresh,42241461,149.90,149.90,90252,https://iyas.com.tr/nivea-roll-on-50-ml-men-fresh-90252-p-116769
Nivea Roll On 50 Ml Men Freshr Sensation,4006000013152,149.90,149.90,94350,https://iyas.com.tr/nivea-roll-on-50-ml-men-freshr-sensation-94350-p-146750
Nivea Roll On 50 Ml Pearl Beauty,42242109,149.90,149.90,90331,https://iyas.com.tr/nivea-roll-on-50-ml-pearl-beauty-90331-p-120881
Nivea Silver Protect Erkek Roll On 50 Ml,42242284,149.90,149.90,90332,https://iyas.com.tr/nivea-silver-protect-erkek-roll-on-50-ml-90332-p-120882
Nivea Soft 100 Ml Krem,4005900009135,99.90,239.90,37336,https://iyas.com.tr/nivea-soft-100-ml-krem-37336-p-134811
Nivea Soft 200 Ml Nemlendirici Bakim Kremi,4005808890507,109.90,89.90,56545,https://iyas.com.tr/nivea-soft-200-ml-nemlendirici-bakim-kremi-56545-p-134813
Nivea Soft 300 Ml Krem,4005900009371,119.90,239.90,7404,https://iyas.com.tr/nivea-soft-300-ml-krem-7404-p-134816
Nivea Soft 75 Ml Krem,4005900008862,94.90,239.90,36251,https://iyas.com.tr/nivea-soft-75-ml-krem-36251-p-134818
Nivea Stick 50 Ml Bayan Blackwhite Clear,42429241,189.90,149.90,92297,https://iyas.com.tr/nivea-stick-50-ml-bayan-blackwhite-clear-92297-p-121123
Nivea Stick 50 Ml Bayan Blackwhite Ipeksi Puruzsuz,42429272,189.90,149.90,92299,https://iyas.com.tr/nivea-stick-50-ml-bayan-blackwhite-ipeksi-puruzsuz-92299-p-121125
Nivea Stick 50 Ml Bayan Fresh,42429265,189.90,149.90,92296,https://iyas.com.tr/nivea-stick-50-ml-bayan-fresh-92296-p-121122
Nivea Stick 50 Ml Bayan Pearl Beauty,42429258,189.90,149.90,92298,https://iyas.com.tr/nivea-stick-50-ml-bayan-pearl-beauty-92298-p-121124
Nivea Stick 50 Ml Men Blackwhite Fresh,42429210,189.90,149.90,92303,https://iyas.com.tr/nivea-stick-50-ml-men-blackwhite-fresh-92303-p-121129
Nivea Stick 50 Ml Men Blackwhite Power,42429289,189.90,149.90,92301,https://iyas.com.tr/nivea-stick-50-ml-men-blackwhite-power-92301-p-121127
Nivea Stick 50 Ml Men Deep Dimension,42429234,189.90,149.90,92304,https://iyas.com.tr/nivea-stick-50-ml-men-deep-dimension-92304-p-121130
Nivea Stick 50 Ml Men Fresh Active,42429203,189.90,149.90,92300,https://iyas.com.tr/nivea-stick-50-ml-men-fresh-active-92300-p-121126
Nivea Stick 50 Ml Men Silver Protect,42429227,189.90,149.90,92302,https://iyas.com.tr/nivea-stick-50-ml-men-silver-protect-92302-p-121128
Nivea Sun Bro Art Kor Yag F20 200ml,4005900253781,1749.95,524.99,90089,https://iyas.com.tr/nivea-sun-bro-art-kor-yag-f20-200ml-90089-p-146240
Nivea Sun Gunes Sonrasi Nemlendirici Sprey 200 Ml,4005900704733,1069.95,320.99,90251,https://iyas.com.tr/nivea-sun-gunes-sonrasi-nemlendirici-sprey-200-ml-90251-p-116768
Nivea Sun Hassas Cilt Gunes Alerji Spreyi F50 200 Ml,4005900615701,1999.95,599.99,75995,https://iyas.com.tr/nivea-sun-hassas-cilt-gunes-alerji-spreyi-f50-200-ml-75995-p-144534
Nivea Sun Kor Art Yag 200ml F30,4005900253811,1749.95,524.99,90087,https://iyas.com.tr/nivea-sun-kor-art-yag-200ml-f30-90087-p-146238
Nivea Sun Kor Nemsprey F20 200ml,4005900253606,1749.95,524.99,90088,https://iyas.com.tr/nivea-sun-kor-nemsprey-f20-200ml-90088-p-146239
Nivea Sun Koru Pro 200ml F30 Sprey,4005900704764,1749.95,524.99,90248,https://iyas.com.tr/nivea-sun-koru-pro-200ml-f30-sprey-90248-p-116765
Nivea Sun Koruma Bronzluk Gunes Spreyi Spf50 200 Ml,4005900253750,1999.95,599.99,90083,https://iyas.com.tr/nivea-sun-koruma-bronzluk-gunes-spreyi-spf50-200-ml-90083-p-146234
Nivea Sun Trigger Cocuk Sprey Hassas Spf 50 270 Ml,6001051004959,2249.95,674.99,102921,https://iyas.com.tr/nivea-sun-trigger-cocuk-sprey-hassas-spf-50-270-ml-102921-p-584010
Nivea Tiras Sonrasi Losyon Hassas 100 Ml,9005800222530,269.90,249.90,56596,https://iyas.com.tr/nivea-tiras-sonrasi-losyon-hassas-100-ml-56596-p-122411
Nivea Vis 100 Ml Gnl Yaslanma Krs Yuz Kremi,40060491,279.90,239.90,90189,https://iyas.com.tr/nivea-vis-100-ml-gnl-yaslanma-krs-yuz-kremi-90189-p-116706
Nivea Vis 150 Ml Micellar Gulsuyu Temizlik Jeli,4005900424679,199.90,239.90,72258,https://iyas.com.tr/nivea-vis-150-ml-micellar-gulsuyu-temizlik-jeli-72258-p-126588
Nivea Vis 150 Ml Yuz Temizlik Jel Norkarma,4005808669233,199.90,239.90,49349,https://iyas.com.tr/nivea-vis-150-ml-yuz-temizlik-jel-norkarma-49349-p-127415
Nivea Vis 200 Ml Tonik Aqua Rose Nemlendrci,4005900909831,159.90,149.90,37364,https://iyas.com.tr/nivea-vis-200-ml-tonik-aqua-rose-nemlendrci-37364-p-119468
Nivea Vis Cellular Antiage Goz Ve Dudak 15 Ml,4005900477255,449.90,239.90,96327,https://iyas.com.tr/nivea-vis-cellular-antiage-goz-ve-dudak-15-ml-96327-p-125831
Nivea Vis Cellular Filler 50 Ml Spf 30 Yaskar,4005900726452,149.90,239.90,81143,https://iyas.com.tr/nivea-vis-cellular-filler-50-ml-spf-30-yaskar-81143-p-123446
Nivea Vis Cellular Luminous 630 A Acne Mark 30 Ml,4006000011394,539.90,399.90,96265,https://iyas.com.tr/nivea-vis-cellular-luminous-630-a-acne-mark-30-ml-96265-p-121657
Nivea Vis Cift Etkili Goz Makarna Temizlik Losyonu,4005900103017,159.90,119.90,90211,https://iyas.com.tr/nivea-vis-cift-etkili-goz-makarna-temizlik-losyonu-90211-p-116728
Nivea Vis Kir Kar 45 Nemlendirici 50 Ml,4005900525017,309.90,299.90,77332,https://iyas.com.tr/nivea-vis-kir-kar-45-nemlendirici-50-ml-77332-p-123214
Nivea Vis Makyaj Temizlik Mend Kuruhas,6001051005383,149.90,239.90,91879,https://iyas.com.tr/nivea-vis-makyaj-temizlik-mend-kuruhas-91879-p-125221
Nivea Vis Makyaj Temizlik Mendili 25 Li Normal,4006000022871,149.90,239.90,93018,https://iyas.com.tr/nivea-vis-makyaj-temizlik-mendili-25-li-normal-93018-p-146533
Nivea Vis Micellar Gulsuyu Temizlik Suyu 400 Ml,4005900424648,289.90,199.90,72259,https://iyas.com.tr/nivea-vis-micellar-gulsuyu-temizlik-suyu-400-ml-72259-p-126589
Nivea Vis T Bolgesi Temizleyici Bant Yeni,4005900836151,149.90,99.90,84427,https://iyas.com.tr/nivea-vis-t-bolgesi-temizleyici-bant-yeni-84427-p-131899
Nivea Vucut Bakim Exp Hyd 250 Ml Losyon 5 In 1,4005808702145,114.90,119.90,99637,https://iyas.com.tr/nivea-vucut-bakim-exp-hyd-250-ml-losyon-5-in-1-99637-p-134680
Nivea Vucut Losyonu Aloe Vera 400 Ml,4005900556523,249.90,239.90,74940,https://iyas.com.tr/nivea-vucut-losyonu-aloe-vera-400-ml-74940-p-126435
Nivea Yuz Bakim 400 Ml Micellair Makarna Temizlik Suyu Ari,9005800367590,259.90,199.90,95754,https://iyas.com.tr/nivea-yuz-bakim-400-ml-micellair-makarna-temizlik-suyu-ari-95754-p-138510
Niveasun 200 Ml Sut Koruma Nem Gkf 30,4005900253217,1499.95,449.99,69059,https://iyas.com.tr/niveasun-200-ml-sut-koruma-nem-gkf-30-69059-p-123402
Niveasun Baby Losyon F50 200 Ml 704100,4005900253309,499.50,119.90,90079,https://iyas.com.tr/niveasun-baby-losyon-f50-200-ml-704100-90079-p-146230
Niveasun Child Nem 200ml F50sprey,4005900253972,1879.95,563.99,90078,https://iyas.com.tr/niveasun-child-nem-200ml-f50sprey-90078-p-146229
Niveasun Cocuk Hassas Spr F50 200ml,4005900253330,1999.95,599.99,69061,https://iyas.com.tr/niveasun-cocuk-hassas-spr-f50-200ml-69061-p-123401
Niveasun Koruyucu Nemlendirici Sprey F30 200 Ml,4005900253637,1749.95,524.99,64766,https://iyas.com.tr/niveasun-koruyucu-nemlendirici-sprey-f30-200-ml-64766-p-123403
Niveasun Sprey F50 200 Ml,4005900253668,1879.95,563.99,90081,https://iyas.com.tr/niveasun-sprey-f50-200-ml-90081-p-146232
Niveasun Yuz Hassas Yatistirici F50 50 Ml,4005900612175,1369.95,410.99,75993,https://iyas.com.tr/niveasun-yuz-hassas-yatistirici-f50-50-ml-75993-p-126475
Niveasun Yuz Yaslanma Ve Leke Krs F50 50 Ml,4005900467898,1369.95,410.99,71711,https://iyas.com.tr/niveasun-yuz-yaslanma-ve-leke-krs-f50-50-ml-71711-p-123399
Noki Poset Dosya 100lu A4,8693245030219,195.00,20.00,110297,https://iyas.com.tr/noki-poset-dosya-100lu-a4-110297-p-588268
Nuh Ankara Bugday Kepegi 500 Gr,8690576421501,29.50,49.90,61077,https://iyas.com.tr/nuh-ankara-bugday-kepegi-500-gr-61077-p-144818
Nuh Ankara Irmik 500 Gr,8690576929960,35.00,49.90,19705,https://iyas.com.tr/nuh-ankara-irmik-500-gr-19705-p-136308
Nuh Ankara Mak350 Grburgu Sebzeli,8690576422140,35.90,28.90,70240,https://iyas.com.tr/nuh-ankara-mak350-grburgu-sebzeli-70240-p-135550
Nuh Ankara Mak350 Grkepekli Burgu,8690576423130,35.90,28.90,70568,https://iyas.com.tr/nuh-ankara-mak350-grkepekli-burgu-70568-p-135545
Nuh Ankara Mak5 Kg Arpa Sehriye,8690576001802,297.50,257.50,98465,https://iyas.com.tr/nuh-ankara-mak5-kg-arpa-sehriye-98465-p-130285
Nuh Ankara Mak5 Kg Ince Uzun,8690576001239,297.50,257.50,98466,https://iyas.com.tr/nuh-ankara-mak5-kg-ince-uzun-98466-p-130286
Nuh Ankara Mak500 Gr Eriste,8690576029202,34.90,27.90,19717,https://iyas.com.tr/nuh-ankara-mak500-gr-eriste-19717-p-135552
Nuh Ankara Mak500 Gr Nuhun Gemisi,8690576029455,34.90,27.90,19726,https://iyas.com.tr/nuh-ankara-mak500-gr-nuhun-gemisi-19726-p-139579
Nuh Ankara Mak500 Gr Yassi Spaghetti Linguie,8690576029035,34.90,27.90,19729,https://iyas.com.tr/nuh-ankara-mak500-gr-yassi-spaghetti-linguie-19729-p-135554
Nuh Ankara Makarna 500 Gr Arpa Sehriye,8690576029806,34.90,27.90,19712,https://iyas.com.tr/nuh-ankara-makarna-500-gr-arpa-sehriye-19712-p-135526
Nuh Ankara Makarna 500 Gr Bamya,8690576029158,34.90,27.90,19713,https://iyas.com.tr/nuh-ankara-makarna-500-gr-bamya-19713-p-135523
Nuh Ankara Makarna 500 Gr Boncuk,8690576029189,34.90,27.90,19714,https://iyas.com.tr/nuh-ankara-makarna-500-gr-boncuk-19714-p-139594
Nuh Ankara Makarna 500 Gr Bukle,8690576029165,34.90,27.90,102371,https://iyas.com.tr/nuh-ankara-makarna-500-gr-bukle-102371-p-579100
Nuh Ankara Makarna 500 Gr Burgu,8690576029172,34.90,27.90,19715,https://iyas.com.tr/nuh-ankara-makarna-500-gr-burgu-19715-p-135484
Nuh Ankara Makarna 500 Gr Dirsek,8690576029196,34.90,27.90,19716,https://iyas.com.tr/nuh-ankara-makarna-500-gr-dirsek-19716-p-135534
Nuh Ankara Makarna 500 Gr Firin,8690576029028,34.90,27.90,19704,https://iyas.com.tr/nuh-ankara-makarna-500-gr-firin-19704-p-135540
Nuh Ankara Makarna 500 Gr Fiyonk,8690576029226,34.90,27.90,19718,https://iyas.com.tr/nuh-ankara-makarna-500-gr-fiyonk-19718-p-135525
Nuh Ankara Makarna 500 Gr Ince Uzun,8690576029233,34.90,27.90,19719,https://iyas.com.tr/nuh-ankara-makarna-500-gr-ince-uzun-19719-p-135530
Nuh Ankara Makarna 500 Gr Kalem Penne,8690576029431,34.90,27.90,19720,https://iyas.com.tr/nuh-ankara-makarna-500-gr-kalem-penne-19720-p-135539
Nuh Ankara Makarna 500 Gr Kelebek,8690576029417,34.90,27.90,53502,https://iyas.com.tr/nuh-ankara-makarna-500-gr-kelebek-53502-p-139583
Nuh Ankara Makarna 500 Gr Kuskus,8690576029240,34.90,27.90,19723,https://iyas.com.tr/nuh-ankara-makarna-500-gr-kuskus-19723-p-135549
Nuh Ankara Makarna 500 Gr Manti,8690576029257,34.90,27.90,19724,https://iyas.com.tr/nuh-ankara-makarna-500-gr-manti-19724-p-139581
Nuh Ankara Makarna 500 Gr Midye,8690576029264,34.90,27.90,19733,https://iyas.com.tr/nuh-ankara-makarna-500-gr-midye-19733-p-135548
Nuh Ankara Makarna 500 Gr Spaghetti,8690576029004,34.90,27.90,19727,https://iyas.com.tr/nuh-ankara-makarna-500-gr-spaghetti-19727-p-135527
Nuh Ankara Makarna 500 Gr Spaghetti Ince,8690576029011,34.90,27.90,51803,https://iyas.com.tr/nuh-ankara-makarna-500-gr-spaghetti-ince-51803-p-135528
Nuh Ankara Makarna 500 Gr Tel Sehriye,8690576029813,34.90,27.90,19728,https://iyas.com.tr/nuh-ankara-makarna-500-gr-tel-sehriye-19728-p-135531
Nuh Ankara Makarna 500 Gr Yildiz Sehriye,8690576029820,34.90,27.90,19730,https://iyas.com.tr/nuh-ankara-makarna-500-gr-yildiz-sehriye-19730-p-139596
Nuh Ankara Makarna 500 Gr Yuksuk,8690576029288,34.90,27.90,19731,https://iyas.com.tr/nuh-ankara-makarna-500-gr-yuksuk-19731-p-135529
Nuh Ankara Tam Bugday Mak500 Gr Kalem,8690576429439,35.00,28.90,66575,https://iyas.com.tr/nuh-ankara-tam-bugday-mak500-gr-kalem-66575-p-135543
Nuh Ankara Tam Bugday Mak500 Gr Spaghetti,8690576429002,35.00,28.90,66574,https://iyas.com.tr/nuh-ankara-tam-bugday-mak500-gr-spaghetti-66574-p-135546
Nutella 750 Gr,80176800,314.95,249.00,41697,https://iyas.com.tr/nutella-750-gr-41697-p-114620
O B Organic Normal 16li Tampon,3574661610986,169.90,179.90,93563,https://iyas.com.tr/o-b-organic-normal-16li-tampon-93563-p-133973
Obsesso Soguk Kahve 250 Ml Karamel Macchiato,8690558039595,65.00,89.50,102574,https://iyas.com.tr/obsesso-soguk-kahve-250-ml-karamel-macchiato-102574-p-581254
Obsesso Soguk Kahve 250 Ml Latte,8690558039540,65.00,89.50,103197,https://iyas.com.tr/obsesso-soguk-kahve-250-ml-latte-103197-p-582184
Obsesso Soguk Kahve 250 Ml Mocha,8690558039557,65.00,89.50,103198,https://iyas.com.tr/obsesso-soguk-kahve-250-ml-mocha-103198-p-585529
Obsesso Soguk Kahve 250 Ml Mocha White Chocolate,8690558039601,65.00,89.50,101379,https://iyas.com.tr/obsesso-soguk-kahve-250-ml-mocha-white-chocolate-101379-p-582146
Off Aqua Pump Sprey Sinekkovar 100 Ml,8690784124515,189.90,149.95,15583,https://iyas.com.tr/off-aqua-pump-sprey-sinekkovar-100-ml-15583-p-114037
Ogrenci Menu Et Donerburger Cips Kola 330ml,2183000551272,450.00,290.00,99694,https://iyas.com.tr/ogrenci-menu-et-donerburger-cips-kola-330ml-99694-p-134737
Okey 10 Lu Zirve,8850956393969,229.90,179.90,95031,https://iyas.com.tr/okey-10-lu-zirve-95031-p-117293
Okey 10lu Cifte Haz,8850956393778,179.90,32.90,96025,https://iyas.com.tr/okey-10lu-cifte-haz-96025-p-147020
Okey 10lu Hisset,8850956393945,229.90,179.90,96023,https://iyas.com.tr/okey-10lu-hisset-96023-p-147018
Okey 10lu Klasik,8850956393730,189.90,32.90,94822,https://iyas.com.tr/okey-10lu-klasik-94822-p-142661
Okey 10lu Nirvana Hot,8850956393938,309.90,32.90,95030,https://iyas.com.tr/okey-10lu-nirvana-hot-95030-p-117292
Okey 10lu Rotar,8693239205180,229.90,179.90,7454,https://iyas.com.tr/okey-10lu-rotar-7454-p-130747
Okey 10lu Sicak Temas,8850956393952,229.90,179.90,96298,https://iyas.com.tr/okey-10lu-sicak-temas-96298-p-125802
Okey 10lu Simsiki,8850956393907,229.90,179.90,96299,https://iyas.com.tr/okey-10lu-simsiki-96299-p-125803
Okey 10lu Ultra Hisset,8850956393846,229.90,179.90,96024,https://iyas.com.tr/okey-10lu-ultra-hisset-96024-p-147019
Okey 10lu Zero,8850956393877,309.90,32.90,96300,https://iyas.com.tr/okey-10lu-zero-96300-p-125804
Okey 10lu Zero Aqua,8850956393983,309.90,32.90,96301,https://iyas.com.tr/okey-10lu-zero-aqua-96301-p-125805
Okey 10lu Zero Extreme,8850956393976,309.90,32.90,99581,https://iyas.com.tr/okey-10lu-zero-extreme-99581-p-130509
Okey 10lu Zero Slim Fit,8850956394515,299.90,32.90,104962,https://iyas.com.tr/okey-10lu-zero-slim-fit-104962-p-587229
Okey 20 Li Hisset Ekonomik Paket,8850956094033,389.90,299.90,95028,https://iyas.com.tr/okey-20-li-hisset-ekonomik-paket-95028-p-117290
Okey 20li Klasik Eko Paket,8850956093807,329.90,299.90,96303,https://iyas.com.tr/okey-20li-klasik-eko-paket-96303-p-125807
Okey 20li Rotar Ekonomik Paket,8693239212751,389.90,299.90,40750,https://iyas.com.tr/okey-20li-rotar-ekonomik-paket-40750-p-122078
Okey 20li Rotar Max Ekonomik Paket,8447289000055,389.90,329.90,109516,https://iyas.com.tr/okey-20li-rotar-max-ekonomik-paket-109516-p-596983
Okey 20li Ultra Hisset Ekonomik Paket,8850956093746,389.90,299.90,101956,https://iyas.com.tr/okey-20li-ultra-hisset-ekonomik-paket-101956-p-583369
Okey 20li Zero Eko Paket,8850956093883,439.90,32.90,102274,https://iyas.com.tr/okey-20li-zero-eko-paket-102274-p-583080
Okey 20li Zero Extreme,8850956094040,439.90,32.90,96302,https://iyas.com.tr/okey-20li-zero-extreme-96302-p-125806
Okey 8li Zero Tenn,8850956034527,299.90,32.90,105104,https://iyas.com.tr/okey-8li-zero-tenn-105104-p-596972
Okey Kaygan Jel 100 Ml Cilekli Tup,8690530025363,329.90,32.90,98110,https://iyas.com.tr/okey-kaygan-jel-100-ml-cilekli-tup-98110-p-117677
Okey Kaygan Jel 100 Ml Nirvana,8690530002142,339.90,32.90,98109,https://iyas.com.tr/okey-kaygan-jel-100-ml-nirvana-98109-p-117676
Okey Kaygan Jel 100 Ml Zero,8690530025820,329.90,32.90,98828,https://iyas.com.tr/okey-kaygan-jel-100-ml-zero-98828-p-138894
Okey Kaygan Jel 200 Ml Masaj,8699753277399,389.90,329.90,68779,https://iyas.com.tr/okey-kaygan-jel-200-ml-masaj-68779-p-122075
Okey Kaygan Jel 50 Ml Cilekli Tup,8683229604413,249.90,32.90,96390,https://iyas.com.tr/okey-kaygan-jel-50-ml-cilekli-tup-96390-p-125894
Old Spice Dus Jeli 400 Ml Bearglove,8006540944660,149.90,99.90,93859,https://iyas.com.tr/old-spice-dus-jeli-400-ml-bearglove-93859-p-142420
Old Spice Dus Jeli 400 Ml Captain,8006540838914,149.90,99.90,96281,https://iyas.com.tr/old-spice-dus-jeli-400-ml-captain-96281-p-121673
Old Spice Dus Jeli 400 Ml Rockstar,8700216232746,149.90,99.90,102934,https://iyas.com.tr/old-spice-dus-jeli-400-ml-rockstar-102934-p-584601
Old Spice Dus Jeli 400 Ml Whitewater Fresh,8006540842348,149.90,99.90,96329,https://iyas.com.tr/old-spice-dus-jeli-400-ml-whitewater-fresh-96329-p-125833
Old Spice Dus Jeli 400 Ml Wolfthorn,8006540842454,149.90,99.90,99115,https://iyas.com.tr/old-spice-dus-jeli-400-ml-wolfthorn-99115-p-117790
Old Spice Stick 50 Ml Whitewater,8700216387989,149.90,149.90,103047,https://iyas.com.tr/old-spice-stick-50-ml-whitewater-103047-p-585232
Old Spice Stick 50 Ml Wolfthorn,8700216204088,149.90,149.90,102523,https://iyas.com.tr/old-spice-stick-50-ml-wolfthorn-102523-p-581561
Olin Aycicek Yagi 1 Lt Pet,8690619011003,139.50,499.50,38954,https://iyas.com.tr/olin-aycicek-yagi-1-lt-pet-38954-p-143798
Olin Aycicek Yagi 18 Lt,8690619023006,2125.00,499.50,38960,https://iyas.com.tr/olin-aycicek-yagi-18-lt-38960-p-143804
Olin Aycicek Yagi 2 Lt Pet,8690619012000,275.00,499.50,38955,https://iyas.com.tr/olin-aycicek-yagi-2-lt-pet-38955-p-143799
Olin Aycicek Yagi 5 Lt Dar Pet,8690619031131,549.50,499.50,91783,https://iyas.com.tr/olin-aycicek-yagi-5-lt-dar-pet-91783-p-121022
Olin Misirozu Yagi 1 Lt Pet,8690619200018,139.50,499.50,103568,https://iyas.com.tr/olin-misirozu-yagi-1-lt-pet-103568-p-586187
Olin Misirozu Yagi 2 Lt Pet,8690619200025,275.00,499.50,103577,https://iyas.com.tr/olin-misirozu-yagi-2-lt-pet-103577-p-585822
Olin Misirozu Yagi 5 Lt Dar Pet,8690619031148,589.50,499.50,106413,https://iyas.com.tr/olin-misirozu-yagi-5-lt-dar-pet-106413-p-596774
Omo 200 Ml Camasir Makinesi Temizleyici,8690637935152,149.90,74.90,85271,https://iyas.com.tr/omo-200-ml-camasir-makinesi-temizleyici-85271-p-140471
Omo 2x200 Ml Camasir Makinesi Temizleyici,8690637931055,229.90,74.90,84504,https://iyas.com.tr/omo-2x200-ml-camasir-makinesi-temizleyici-84504-p-144704
Omo Camasir Kapsulu 338 Gr Beyazlarrenkliler,8683130134184,279.90,129.90,114413,https://iyas.com.tr/omo-camasir-kapsulu-338-gr-beyazlarrenkliler-114413-p-597900
Omo Express 1000 Ml Leke Cikarici Beyazlar,8683130133996,189.90,74.90,114548,https://iyas.com.tr/omo-express-1000-ml-leke-cikarici-beyazlar-114548-p-597977
Omo Express 1000 Ml Leke Cikarici Renkliler,8683130133965,189.90,129.90,113258,https://iyas.com.tr/omo-express-1000-ml-leke-cikarici-renkliler-113258-p-597029
Omo Express Fresh Beyaz Renk 1480 Ml Yesil,8683130088760,214.90,74.90,104547,https://iyas.com.tr/omo-express-fresh-beyaz-renk-1480-ml-yesil-104547-p-586745
Omo Express Fresh Beyazlar 1480 Ml Mavi,8683130105757,214.90,74.90,109074,https://iyas.com.tr/omo-express-fresh-beyazlar-1480-ml-mavi-109074-p-597664
Omo Express Fresh Siyah Renk 1480 Ml Pembe,8683130088753,214.90,74.90,104548,https://iyas.com.tr/omo-express-fresh-siyah-renk-1480-ml-pembe-104548-p-586744
Omo Sivi Cold Power Active,8683130124802,199.90,74.90,112106,https://iyas.com.tr/omo-sivi-cold-power-active-112106-p-597982
Omomatik 1 2 Kg Active Oxygen,8683130034064,149.90,44.90,91846,https://iyas.com.tr/omomatik-1-2-kg-active-oxygen-91846-p-125214
Omomatik 1 5 Kg Active Fresh Beyazlar,8690637533983,154.90,44.90,19865,https://iyas.com.tr/omomatik-1-5-kg-active-fresh-beyazlar-19865-p-131435
Omomatik 1 5 Kg Active Fresh Renkli,8690637534102,154.90,44.90,19868,https://iyas.com.tr/omomatik-1-5-kg-active-fresh-renkli-19868-p-131437
Omomatik 4 5 Kg Active Oxygen,8683130034057,329.90,44.90,91847,https://iyas.com.tr/omomatik-4-5-kg-active-oxygen-91847-p-125166
Omomatik 4 Kg Active Fresh Beyazlar,8690637640698,319.90,44.90,98641,https://iyas.com.tr/omomatik-4-kg-active-fresh-beyazlar-98641-p-134577
Omomatik 4 Kg Active Fresh Renkli,8690637836763,319.90,44.90,98643,https://iyas.com.tr/omomatik-4-kg-active-fresh-renkli-98643-p-134579
Omomatik 5 Kg Sik Yikananlar,8690637971372,229.90,44.90,85424,https://iyas.com.tr/omomatik-5-kg-sik-yikananlar-85424-p-115266
Omomatik 55 Kg Active Fresh,8690637833465,439.90,44.90,79385,https://iyas.com.tr/omomatik-55-kg-active-fresh-79385-p-143469
Omomatik 55 Kg Color Nature,8690637833496,439.90,44.90,97669,https://iyas.com.tr/omomatik-55-kg-color-nature-97669-p-134496
Omomatik 6 Kg Active Oxygen,8683130049198,349.90,74.90,93577,https://iyas.com.tr/omomatik-6-kg-active-oxygen-93577-p-133987
Omomatik 9 Kg Active Fresh Renkli Beyaz,8690637969768,389.90,74.90,104954,https://iyas.com.tr/omomatik-9-kg-active-fresh-renkli-beyaz-104954-p-586981
Oncu Biber Salcasi 360 Gr Tatli Cam,8693891195935,79.90,59.90,100460,https://iyas.com.tr/oncu-biber-salcasi-360-gr-tatli-cam-100460-p-583953
Oncu Biber Salcasi 900 Gr Aci Pet,8693891196062,179.90,59.90,100461,https://iyas.com.tr/oncu-biber-salcasi-900-gr-aci-pet-100461-p-582404
Oncu Domates Salcasi 28 Brix 830 Gr,8693891195843,99.50,84.50,41013,https://iyas.com.tr/oncu-domates-salcasi-28-brix-830-gr-41013-p-139182
Oncu Domates Salcasi 30 Brix 1650 Gr Cam Pet,8693891196017,239.50,209.50,61673,https://iyas.com.tr/oncu-domates-salcasi-30-brix-1650-gr-cam-pet-61673-p-139179
Oncu Karisik Salcasi 700 Gr Cam,8693891700900,122.50,59.90,73803,https://iyas.com.tr/oncu-karisik-salcasi-700-gr-cam-73803-p-139156
Ondula Vazelin Aloevera 125 Ml,8681166284170,79.90,149.90,92676,https://iyas.com.tr/ondula-vazelin-aloevera-125-ml-92676-p-142321
Ondula Vazelin Avakado 125 Ml,8681166284163,79.90,149.90,92678,https://iyas.com.tr/ondula-vazelin-avakado-125-ml-92678-p-138027
Ondula Vazelin Classic 125 Ml,8681166284156,79.90,149.90,92677,https://iyas.com.tr/ondula-vazelin-classic-125-ml-92677-p-138026
Ondula Wax 150 Ml Extra,8681166284002,89.90,149.90,92659,https://iyas.com.tr/ondula-wax-150-ml-extra-92659-p-133882
Ondula Wax 150 Ml Matte,8681166284026,89.90,149.90,92660,https://iyas.com.tr/ondula-wax-150-ml-matte-92660-p-142314
Ontime Agda Bezi 2 M,8698684350973,20.00,169.90,80663,https://iyas.com.tr/ontime-agda-bezi-2-m-80663-p-131654
Oral B 65 Ml Densify Gunluk Koruma,8700216034227,99.90,179.90,102936,https://iyas.com.tr/oral-b-65-ml-densify-gunluk-koruma-102936-p-582485
Oral B 65 Ml Gum Care Derin Temizlik,8700216034074,94.90,179.90,101445,https://iyas.com.tr/oral-b-65-ml-gum-care-derin-temizlik-101445-p-581529
Oral B 65 Ml Proscience Advanced 65 Ml,8700216034203,99.90,179.90,103753,https://iyas.com.tr/oral-b-65-ml-proscience-advanced-65-ml-103753-p-582522
Oral B 65 Ml Proscience Clinilcal 65 Ml,8006540952306,284.90,179.90,96277,https://iyas.com.tr/oral-b-65-ml-proscience-clinilcal-65-ml-96277-p-121669
Oral B 75 Ml 3 Dw Canlandiran Ferahlik,8700216272797,99.90,179.90,103576,https://iyas.com.tr/oral-b-75-ml-3-dw-canlandiran-ferahlik-103576-p-582201
Oral B 75 Ml 3 Dw Clc Parlak Beyaz,8700216272902,354.90,179.90,103587,https://iyas.com.tr/oral-b-75-ml-3-dw-clc-parlak-beyaz-103587-p-581261
Oral B 75 Ml 3 Dw Clc Parlak Mukemmel,8700216273022,354.90,179.90,103586,https://iyas.com.tr/oral-b-75-ml-3-dw-clc-parlak-mukemmel-103586-p-583107
Oral B 75 Ml 3 Dw Exp Ferah Parlaklik,8700216272636,269.90,254.90,103589,https://iyas.com.tr/oral-b-75-ml-3-dw-exp-ferah-parlaklik-103589-p-583702
Oral B 75 Ml 3 Dw Exp Parlak Beyaz,8700216272995,269.90,254.90,103588,https://iyas.com.tr/oral-b-75-ml-3-dw-exp-parlak-beyaz-103588-p-581262
Oral B 75 Ml 3 Dw Luxe Glamorous White,8700216273176,99.90,94.90,103584,https://iyas.com.tr/oral-b-75-ml-3-dw-luxe-glamorous-white-103584-p-584895
Oral B 75 Ml Kab 7 En Iyi Ferahlik,8700216272872,99.90,179.90,103594,https://iyas.com.tr/oral-b-75-ml-kab-7-en-iyi-ferahlik-103594-p-584901
Oral B 75 Ml Kab 7 Extra Beyaz,8700216272551,94.90,179.90,103593,https://iyas.com.tr/oral-b-75-ml-kab-7-extra-beyaz-103593-p-583703
Oral B 75 Ml Komple Extra Beyaz,8006530132756,99.90,179.90,115052,https://iyas.com.tr/oral-b-75-ml-komple-extra-beyaz-115052-p-596858
Oral B 75 Ml Onarim Orjinal,8700216034302,99.90,179.90,101855,https://iyas.com.tr/oral-b-75-ml-onarim-orjinal-101855-p-586146
Oral B 75 Ml P Exp Adv Extra Beyaz,8700216273268,99.90,179.90,103592,https://iyas.com.tr/oral-b-75-ml-p-exp-adv-extra-beyaz-103592-p-582202
Oral B 75 Ml P Exp Profesyonel Protection,8700216273114,99.90,179.90,103591,https://iyas.com.tr/oral-b-75-ml-p-exp-profesyonel-protection-103591-p-581581
Oral B 75 Ml Refil Cross Action Xf 2 Ct,8006540846018,679.90,649.90,103572,https://iyas.com.tr/oral-b-75-ml-refil-cross-action-xf-2-ct-103572-p-581595
Oral B Cavity Defense Dis Fircasi Medium,4902430678896,119.90,99.90,99009,https://iyas.com.tr/oral-b-cavity-defense-dis-fircasi-medium-99009-p-147318
Oral B Cocuk Macunu 75 Ml,8700216089562,229.90,179.90,101443,https://iyas.com.tr/oral-b-cocuk-macunu-75-ml-101443-p-583643
Oral B Df Refill Kids Frozen 2 Li,8006540804513,649.90,179.90,103570,https://iyas.com.tr/oral-b-df-refill-kids-frozen-2-li-103570-p-584611
Oral B Df Refill Sensitive 2ct12,8006540846131,649.90,179.90,101448,https://iyas.com.tr/oral-b-df-refill-sensitive-2ct12-101448-p-584548
Oral B Dis Firca Cavity Defense Beyaz,3014260101411,99.90,179.90,99008,https://iyas.com.tr/oral-b-dis-firca-cavity-defense-beyaz-99008-p-147317
Oral B Dis Firca Pro Sen Adv Hassas Temizlik 2 Li,8700216567848,289.90,179.90,110013,https://iyas.com.tr/oral-b-dis-firca-pro-sen-adv-hassas-temizlik-2-li-110013-p-596826
Oral B Dis Firca Refill Io Sensetive White 2 Li,8700216375658,1299.90,179.90,110016,https://iyas.com.tr/oral-b-dis-firca-refill-io-sensetive-white-2-li-110016-p-597173
Oral B Dis Firca Simple Sensitive,3014260106959,99.90,179.90,86693,https://iyas.com.tr/oral-b-dis-firca-simple-sensitive-86693-p-125046
Oral B Dis Ipi Naneli Mumlu 50 M,3014260280772,169.90,149.90,103914,https://iyas.com.tr/oral-b-dis-ipi-naneli-mumlu-50-m-103914-p-581921
Oral B Dis Ipi Super Floss 50 Adet,5010622008204,169.90,149.90,19937,https://iyas.com.tr/oral-b-dis-ipi-super-floss-50-adet-19937-p-126892
Oral B Dsarjli D103 Vit Pro Black Krt Kt,4210201427087,1990.00,179.90,91632,https://iyas.com.tr/oral-b-dsarjli-d103-vit-pro-black-krt-kt-91632-p-116890
Oral B Dsarjli D103 Vit Pro Kids Frozen 1 Ct,8006540772515,1990.00,179.90,99856,https://iyas.com.tr/oral-b-dsarjli-d103-vit-pro-kids-frozen-1-ct-99856-p-147450
Oral B Dsarjli D103 Vit Pro Lilac Mist Krt Kt,4210201426981,1990.00,179.90,91631,https://iyas.com.tr/oral-b-dsarjli-d103-vit-pro-lilac-mist-krt-kt-91631-p-116889
Oral B Professional Hassasiyet Ve Rahatlama Dis Macunu 50 Ml,8006540025376,144.90,139.90,93426,https://iyas.com.tr/oral-b-professional-hassasiyet-ve-rahatlama-dis-macunu-50-ml-93426-p-129648
Orange Kirpik Yapistirici Berrak Beya 7 Gr Org 018,8680534710181,19.50,37.90,109858,https://iyas.com.tr/orange-kirpik-yapistirici-berrak-beya-7-gr-org-018-109858-p-597037
Oreo Biskuvi 38 Gr,7622202312472,42.50,27.50,59167,https://iyas.com.tr/oreo-biskuvi-38-gr-59167-p-118545
Oreo Cheesecake 2x80 Gr,5412949097716,399.00,69.90,114259,https://iyas.com.tr/oreo-cheesecake-2x80-gr-114259-p-596524
Oreo Fresh Milk Snack 27 Gr Sutluk,90426278,54.90,9.90,86319,https://iyas.com.tr/oreo-fresh-milk-snack-27-gr-sutluk-86319-p-141631
Orkid Extra Koruma Extra Uzun Gunluk Ped 40 Adet,8700216136723,199.90,179.90,96279,https://iyas.com.tr/orkid-extra-koruma-extra-uzun-gunluk-ped-40-adet-96279-p-121671
Orkid Gunluk Eko Uzun 40li,8700216490238,189.90,179.90,103951,https://iyas.com.tr/orkid-gunluk-eko-uzun-40li-103951-p-584037
Orkid Gunluk Eko Uzun 52li,8001841620855,209.90,179.90,84499,https://iyas.com.tr/orkid-gunluk-eko-uzun-52li-84499-p-140552
Orkid Gunluk Normal 20li Pst,8001090981868,89.90,179.90,101856,https://iyas.com.tr/orkid-gunluk-normal-20li-pst-101856-p-585195
Orkid Hassas Extra 4li Paket Normal 32li,8700216430845,194.90,129.90,103140,https://iyas.com.tr/orkid-hassas-extra-4li-paket-normal-32li-103140-p-582185
Orkid Hassas Extra Tekli Gece 6 Li,8700216430692,59.90,179.90,103139,https://iyas.com.tr/orkid-hassas-extra-tekli-gece-6-li-103139-p-585530
Orkid Hassas Extra Tekli Gece 7li,8001841807355,59.90,179.90,84656,https://iyas.com.tr/orkid-hassas-extra-tekli-gece-7li-84656-p-144584
Orkid Hassas Extra Tekli Normal 9 Lu,8001841807133,59.90,179.90,84657,https://iyas.com.tr/orkid-hassas-extra-tekli-normal-9-lu-84657-p-144585
Orkid Liner Eko Normal 40li,8001090484666,144.90,179.90,97681,https://iyas.com.tr/orkid-liner-eko-normal-40li-97681-p-134508
Orkid Liner Normal 4 Lu 80x4,8001090484703,264.90,179.90,69388,https://iyas.com.tr/orkid-liner-normal-4-lu-80x4-69388-p-131751
Orkid Liner Normal 48 Li,8001090540720,169.90,179.90,69512,https://iyas.com.tr/orkid-liner-normal-48-li-69512-p-131768
Orkid Maxi 4li Paket Normal Anne Kiz,8006540530627,174.90,179.90,97690,https://iyas.com.tr/orkid-maxi-4li-paket-normal-anne-kiz-97690-p-134517
Orkid Maxi Tekli Gece 7 Li,8001090514714,59.90,179.90,97685,https://iyas.com.tr/orkid-maxi-tekli-gece-7-li-97685-p-134512
Orkid Maxi Tekli Normal10lu,8001090430458,79.90,59.90,97677,https://iyas.com.tr/orkid-maxi-tekli-normal10lu-97677-p-134504
Orkid Mesane Pedi Ext Uzun 18 Li,8001090944573,149.90,179.90,73866,https://iyas.com.tr/orkid-mesane-pedi-ext-uzun-18-li-73866-p-118573
Orkid Ultra Extra 4li Gece Extra Plus 14 Lu,8006530163958,99.90,179.90,113196,https://iyas.com.tr/orkid-ultra-extra-4li-gece-extra-plus-14-lu-113196-p-596874
Orkid Ultra Extra 4li Normal 24 Lu,8006530164030,99.90,179.90,113198,https://iyas.com.tr/orkid-ultra-extra-4li-normal-24-lu-113198-p-596870
Orkid Ultra Extra 4li Uzun 18 Li,8006530164061,99.90,179.90,113200,https://iyas.com.tr/orkid-ultra-extra-4li-uzun-18-li-113200-p-596829
Orkid Ultra Extra 4li Uzun 28li,8700216166775,159.90,99.90,101482,https://iyas.com.tr/orkid-ultra-extra-4li-uzun-28li-101482-p-581223
Orkid Ultra Extra Eko Uzun 14li,4015400934431,124.90,179.90,97718,https://iyas.com.tr/orkid-ultra-extra-eko-uzun-14li-97718-p-138676
Orkid Ultra Extra Eko Uzun Ekstra 12li,4015400934554,124.90,179.90,97712,https://iyas.com.tr/orkid-ultra-extra-eko-uzun-ekstra-12li-97712-p-138670
Orkid Ultra Extra Tekli Gece Extra 5li,8006540130186,69.90,179.90,84222,https://iyas.com.tr/orkid-ultra-extra-tekli-gece-extra-5li-84222-p-127722
Orkid Ultra Extra Tekli Normal 8li,8001841114767,69.90,179.90,97723,https://iyas.com.tr/orkid-ultra-extra-tekli-normal-8li-97723-p-138681
Orkid Ultra Extra Tekli Uzun 7li,4015400041467,69.90,179.90,97724,https://iyas.com.tr/orkid-ultra-extra-tekli-uzun-7li-97724-p-138682
Orkid Ultra Platinum 4li Extra Gece Plus 14 Lu,8006530170062,179.00,179.90,113201,https://iyas.com.tr/orkid-ultra-platinum-4li-extra-gece-plus-14-lu-113201-p-596882
Orkid Ultra Platinum 4li Uzun 18 Li,8006530169998,179.00,179.90,113204,https://iyas.com.tr/orkid-ultra-platinum-4li-uzun-18-li-113204-p-596927
Orkid Ultra Platinum 4li Uzun Extra 16 Li,8006530169974,179.00,179.90,113205,https://iyas.com.tr/orkid-ultra-platinum-4li-uzun-extra-16-li-113205-p-596873
Orkid Ultra Platinum Eko Gece 10li,8006540493861,149.90,179.90,101435,https://iyas.com.tr/orkid-ultra-platinum-eko-gece-10li-101435-p-582441
Orkid Ultra Platinum Eko Normal 14li,8001090741738,149.90,179.90,97701,https://iyas.com.tr/orkid-ultra-platinum-eko-normal-14li-97701-p-138659
Orkid Ultra Platinum Eko Uzun 12li,8001090869593,149.90,179.90,97703,https://iyas.com.tr/orkid-ultra-platinum-eko-uzun-12li-97703-p-138661
Orkid Ultra Platinum Gece Extra Tekli 5li,8700216186940,99.90,179.90,101439,https://iyas.com.tr/orkid-ultra-platinum-gece-extra-tekli-5li-101439-p-583053
Orkid Ultra Platinum Tekli Normal 8li,8001090018229,99.90,179.90,98261,https://iyas.com.tr/orkid-ultra-platinum-tekli-normal-8li-98261-p-121865
Orkid Ultra Platinum Tekli Uzun 7li,8001090018427,99.90,179.90,97705,https://iyas.com.tr/orkid-ultra-platinum-tekli-uzun-7li-97705-p-138663
Orkid Ultra Tekli Extra Gece 6li,4015400041504,59.90,179.90,97719,https://iyas.com.tr/orkid-ultra-tekli-extra-gece-6li-97719-p-138677
Orkid Yapr Pamuksu Deodorant Fresh 80 Li,8001841189901,314.90,149.90,98610,https://iyas.com.tr/orkid-yapr-pamuksu-deodorant-fresh-80-li-98610-p-134546
Orkid Yapr Pamuksu Eko Rpw 28 Li,4015400724582,109.90,179.90,60261,https://iyas.com.tr/orkid-yapr-pamuksu-eko-rpw-28-li-60261-p-131761
Orkid Yaprak Light Dev Eko 100lu,8001841180618,254.90,179.90,80106,https://iyas.com.tr/orkid-yaprak-light-dev-eko-100lu-80106-p-131776
Orkid Yaprak Light Normal Eko 40 Li,4015400408291,119.90,179.90,35407,https://iyas.com.tr/orkid-yaprak-light-normal-eko-40-li-35407-p-131758
Orucoglu Aycicek Yagi 2 Lt Pet,8684995970047,257.50,499.50,20063,https://iyas.com.tr/orucoglu-aycicek-yagi-2-lt-pet-20063-p-143822
Orucoglu Aycicek Yagi 5 Lt Pet Dar Agiz,8684995970153,499.50,499.50,90812,https://iyas.com.tr/orucoglu-aycicek-yagi-5-lt-pet-dar-agiz-90812-p-142118
Osaka Versati Kalem 0 7 Mm Pastel Renkler Op 346,5895512278048,65.00,20.00,110403,https://iyas.com.tr/osaka-versati-kalem-0-7-mm-pastel-renkler-op-346-110403-p-588223
Osaka Versati Kalem 0 7 Mm Silgili Ofis Serisi,8699958358428,50.00,20.00,110401,https://iyas.com.tr/osaka-versati-kalem-0-7-mm-silgili-ofis-serisi-110401-p-588199
Ostwint Sac Spreyi 300 Ml Helix Ultra Hold,8682943400318,79.90,149.90,111473,https://iyas.com.tr/ostwint-sac-spreyi-300-ml-helix-ultra-hold-111473-p-598358
Ostwint Toz Wax 20 Gr Bayan Turuncu,8682943403203,74.90,149.90,92662,https://iyas.com.tr/ostwint-toz-wax-20-gr-bayan-turuncu-92662-p-142315
Ostwint Toz Wax 20 Gr Erkek Mavi,8682943403197,74.90,149.90,92661,https://iyas.com.tr/ostwint-toz-wax-20-gr-erkek-mavi-92661-p-133883
Ostwint Toz Wax 20 Gr Profesyonel Yesil,8682943403210,74.90,149.90,92663,https://iyas.com.tr/ostwint-toz-wax-20-gr-profesyonel-yesil-92663-p-133884
Oxy Fast Sivi Cam Deterjani 1480 Ml Siyahrenkli,8682022666352,159.90,149.90,114529,https://iyas.com.tr/oxy-fast-sivi-cam-deterjani-1480-ml-siyahrenkli-114529-p-597887
Oxy Sivi Bulasik Deterjani 650 Ml Elma,8682022665065,59.90,219.90,114527,https://iyas.com.tr/oxy-sivi-bulasik-deterjani-650-ml-elma-114527-p-597904
Oxy Sivi Bulasik Deterjani 650 Ml Limon,8682022665072,59.90,219.90,114528,https://iyas.com.tr/oxy-sivi-bulasik-deterjani-650-ml-limon-114528-p-597128
Ozel Cevizli Lokum 1 Kg,2183000554754,439.90,129.90,114644,https://iyas.com.tr/ozel-cevizli-lokum-1-kg-114644-p-595565
Ozel Cevizli Lokum 300 Gr,2183000554457,129.90,129.90,114614,https://iyas.com.tr/ozel-cevizli-lokum-300-gr-114614-p-595535
Ozel Cevizli Lokum 500 Gr,2183000554600,219.90,129.90,114629,https://iyas.com.tr/ozel-cevizli-lokum-500-gr-114629-p-595550
Ozel Findikli Lokum 1 Kg,2183000554747,439.90,129.90,114643,https://iyas.com.tr/ozel-findikli-lokum-1-kg-114643-p-595564
Ozel Findikli Lokum 300 Gr,2183000554440,129.90,129.90,114613,https://iyas.com.tr/ozel-findikli-lokum-300-gr-114613-p-595534
Ozel Findikli Lokum 500 Gr,2183000554594,219.90,129.90,114628,https://iyas.com.tr/ozel-findikli-lokum-500-gr-114628-p-595549
Ozkaleli Alic Ozu 500 Gr,8696856002811,179.00,99.90,111606,https://iyas.com.tr/ozkaleli-alic-ozu-500-gr-111606-p-596444
Ozkaleli Balbasi Uzum Pekmezi 700 Gr,8696856000046,379.00,249.00,106928,https://iyas.com.tr/ozkaleli-balbasi-uzum-pekmezi-700-gr-106928-p-596534
Ozkaleli Zile Pekmezi 300 Gr,8696856010007,229.00,249.00,106927,https://iyas.com.tr/ozkaleli-zile-pekmezi-300-gr-106927-p-596786
Ozpey Ezine Klasik Peynir Kilo,2202002,495.00,379.00,26366,https://iyas.com.tr/ozpey-ezine-klasik-peynir-kilo-26366-p-139698
Ozvet Klasik Peynir Kilo,2201140,445.00,379.00,112836,https://iyas.com.tr/ozvet-klasik-peynir-kilo-112836-p-591021
Ozvet Tam Yagli Izmir Tulum Kilo,2207006,495.00,379.00,228,https://iyas.com.tr/ozvet-tam-yagli-izmir-tulum-kilo-228-p-136463
Pakdent Easy White Soft Dil Temizleyici,8684998690065,99.90,179.90,114425,https://iyas.com.tr/pakdent-easy-white-soft-dil-temizleyici-114425-p-596964
Pakmaya Yas Hamur Mayasi 42 Gr4,8690770322048,39.90,49.90,20398,https://iyas.com.tr/pakmaya-yas-hamur-mayasi-42-gr4-20398-p-135409
Palette Dogal Renkler 11 Gece Mavisi Kutu Sac Boyasi,3838824409177,134.90,99.90,92590,https://iyas.com.tr/palette-dogal-renkler-11-gece-mavisi-kutu-sac-boyasi-92590-p-117056
Palette Goz Alici Renk 1 0 Siyah,3838824414690,114.90,149.90,96027,https://iyas.com.tr/palette-goz-alici-renk-1-0-siyah-96027-p-147022
Palette Goz Alici Renk 1 1 Gece Mavisi,3838824414614,114.90,149.90,102776,https://iyas.com.tr/palette-goz-alici-renk-1-1-gece-mavisi-102776-p-583109
Palette Goz Alici Renk 3 0 K Kahve,3838824414935,114.90,149.90,95218,https://iyas.com.tr/palette-goz-alici-renk-3-0-k-kahve-95218-p-121509
Palette Goz Alici Renk 3 65 Cikolata Kahve 50 Ml,3838824414652,114.90,149.90,94091,https://iyas.com.tr/palette-goz-alici-renk-3-65-cikolata-kahve-50-ml-94091-p-142505
Palette Goz Alici Renk 5 68 Kestane 50 Ml,3838824414775,114.90,149.90,95643,https://iyas.com.tr/palette-goz-alici-renk-5-68-kestane-50-ml-95643-p-134270
Palette Goz Alici Renk 7 0 Kumral 50 Ml,3838824414539,114.90,149.90,94089,https://iyas.com.tr/palette-goz-alici-renk-7-0-kumral-50-ml-94089-p-142503
Palette Goz Alici Renk 7 1 Kullu Kumral 50 Ml,3838824415017,114.90,149.90,94090,https://iyas.com.tr/palette-goz-alici-renk-7-1-kullu-kumral-50-ml-94090-p-142504
Palette Goz Alici Renk 7 77 Yogun Bakir,3838824414850,114.90,149.90,84181,https://iyas.com.tr/palette-goz-alici-renk-7-77-yogun-bakir-84181-p-127715
Palette Goz Alici Renk 8 0 Koyu Sari,3838824414812,114.90,149.90,101155,https://iyas.com.tr/palette-goz-alici-renk-8-0-koyu-sari-101155-p-582722
Palette Pnc 1 0 Siyah 50 Ml Tr,3838824409214,134.90,99.90,92588,https://iyas.com.tr/palette-pnc-1-0-siyah-50-ml-tr-92588-p-117054
Palette Pnc 10 0 Acik Sari 50 Ml Tr,3838824409498,134.90,99.90,92584,https://iyas.com.tr/palette-pnc-10-0-acik-sari-50-ml-tr-92584-p-117050
Palette Pnc 12 1 Kullu Buzul Sarisi 50 Ml Tr,3838824409139,134.90,99.90,92582,https://iyas.com.tr/palette-pnc-12-1-kullu-buzul-sarisi-50-ml-tr-92582-p-117048
Palette Pnc 3 0 Koyu Kahve 50 Ml Tr,3838824409450,134.90,99.90,93659,https://iyas.com.tr/palette-pnc-3-0-koyu-kahve-50-ml-tr-93659-p-138161
Palette Pnc 3 68 Kizil Cikolata 50 Ml Tr,3838824409252,134.90,99.90,92594,https://iyas.com.tr/palette-pnc-3-68-kizil-cikolata-50-ml-tr-92594-p-117060
Palette Pnc 4 0 Kahve 50 Ml Tr,3838824408972,134.90,99.90,92585,https://iyas.com.tr/palette-pnc-4-0-kahve-50-ml-tr-92585-p-117051
Palette Pnc 5 0 Acik Kahve 50 Ml Tr,3838824409016,134.90,99.90,92591,https://iyas.com.tr/palette-pnc-5-0-acik-kahve-50-ml-tr-92591-p-117057
Palette Pnc 7 0 Kumral 50 Ml Tr,3838824409375,134.90,99.90,92593,https://iyas.com.tr/palette-pnc-7-0-kumral-50-ml-tr-92593-p-117059
Palette Pnc 7 5 Acik Karamel 50 Ml Tr,3838824409412,134.90,99.90,92586,https://iyas.com.tr/palette-pnc-7-5-acik-karamel-50-ml-tr-92586-p-117052
Palette Pnc 8 77 Tarcin Bakir 50 Ml Tr,3838824409535,134.90,99.90,92587,https://iyas.com.tr/palette-pnc-8-77-tarcin-bakir-50-ml-tr-92587-p-117053
Palmolive 150 Gr Sabun Massage,8718951442559,99.00,99.90,98480,https://iyas.com.tr/palmolive-150-gr-sabun-massage-98480-p-130300
Palmolive Dus Jeli 500 Ml Body Butter Hindistan Cevizi,8718951538566,330.00,230.00,102853,https://iyas.com.tr/palmolive-dus-jeli-500-ml-body-butter-hindistan-cevizi-102853-p-579128
Palmolive Dus Jeli 500 Ml Cilek Ruyasi,8718951538818,250.00,175.00,98474,https://iyas.com.tr/palmolive-dus-jeli-500-ml-cilek-ruyasi-98474-p-130294
Palmolive Dus Jeli 500 Ml Feelthe Massage,8718951585515,135.00,99.90,95144,https://iyas.com.tr/palmolive-dus-jeli-500-ml-feelthe-massage-95144-p-121435
Palmolive Dus Jeli 750 Ml So Relaxed,8718951663022,149.00,99.90,114839,https://iyas.com.tr/palmolive-dus-jeli-750-ml-so-relaxed-114839-p-596923
Palmolive Dus Jeli Jeli 500 Ml Aroma Sens Hibuscus,8718951590588,250.00,175.00,102855,https://iyas.com.tr/palmolive-dus-jeli-jeli-500-ml-aroma-sens-hibuscus-102855-p-579119
Palmolive S Sabun 300 Ml Siyah Orkide,8718951454798,130.00,99.90,115383,https://iyas.com.tr/palmolive-s-sabun-300-ml-siyah-orkide-115383-p-597010
Palmolive Sabun 3x90 Gr Zeytin,8714789698922,110.00,99.00,115214,https://iyas.com.tr/palmolive-sabun-3x90-gr-zeytin-115214-p-596914
Palmolive Sabun 4x90 Gr Tangerine,8718951799141,180.00,99.90,115080,https://iyas.com.tr/palmolive-sabun-4x90-gr-tangerine-115080-p-596944
Pancar Kilo,2209044,70.00,59.90,20525,https://iyas.com.tr/pancar-kilo-20525-p-127210
Pantene 100 Ml Sprey Miracles Bambu Sac Guc,8700216233453,219.90,149.90,104887,https://iyas.com.tr/pantene-100-ml-sprey-miracles-bambu-sac-guc-104887-p-587247
Pantene 160 Ml Sac Kremi Miracles Bond Repair,8700216452168,189.90,149.90,104886,https://iyas.com.tr/pantene-160-ml-sac-kremi-miracles-bond-repair-104886-p-597001
Pantene 200 Ml Maske Onarici Bakim,8700216547727,219.90,149.90,107245,https://iyas.com.tr/pantene-200-ml-maske-onarici-bakim-107245-p-597171
Pantene 275 Ml Sac Kremi Miracles Frizz No More,8700216269988,209.90,149.90,104879,https://iyas.com.tr/pantene-275-ml-sac-kremi-miracles-frizz-no-more-104879-p-586911
Pantene 300 Ml Maske Miracles Bond,8700216233460,429.90,149.90,104882,https://iyas.com.tr/pantene-300-ml-maske-miracles-bond-104882-p-596843
Pantene 300 Ml Maske Miracles Silky,8700216270762,389.90,149.90,104883,https://iyas.com.tr/pantene-300-ml-maske-miracles-silky-104883-p-596844
Pantene Pro V Belirgin Bukleler Bakim Kremi 300 Ml,4084500065567,284.90,149.90,53917,https://iyas.com.tr/pantene-pro-v-belirgin-bukleler-bakim-kremi-300-ml-53917-p-135168
Pantene Sbk 275 Ml Dokulme Karsiti,8700216556170,154.90,149.90,107282,https://iyas.com.tr/pantene-sbk-275-ml-dokulme-karsiti-107282-p-596913
Pantene Sbk 275 Ml Onarici Bakim,8700216422222,154.90,149.90,107276,https://iyas.com.tr/pantene-sbk-275-ml-onarici-bakim-107276-p-597192
Pantene Sbk 275 Ml Yag Terapisi,8700216556354,134.90,149.90,107277,https://iyas.com.tr/pantene-sbk-275-ml-yag-terapisi-107277-p-596951
Papia Biocare Kagit Havlu 8li,8690536011063,144.90,369.90,13969,https://iyas.com.tr/papia-biocare-kagit-havlu-8li-13969-p-127635
Papia Inova Kagit Havlu 8 Li,8690536027200,144.90,369.90,109523,https://iyas.com.tr/papia-inova-kagit-havlu-8-li-109523-p-588694
Papia Tuvalet Kagidi 16 Li Biocare,8690536026210,189.90,369.90,95965,https://iyas.com.tr/papia-tuvalet-kagidi-16-li-biocare-95965-p-146960
Papilion 100 Lu Kapakli Aloe Vera Islak Havlu,8692857014716,35.90,369.90,63381,https://iyas.com.tr/papilion-100-lu-kapakli-aloe-vera-islak-havlu-63381-p-144255
Papilion 100 Lu Kapakli Aromatherapy Islak Havlu,8692857016208,35.90,369.90,79837,https://iyas.com.tr/papilion-100-lu-kapakli-aromatherapy-islak-havlu-79837-p-144269
Papilion 100 Lu Kapakli Papatya Islak Havlu,8692857014082,35.90,369.90,63379,https://iyas.com.tr/papilion-100-lu-kapakli-papatya-islak-havlu-63379-p-114485
Papilion 90 Li Kapakli Tropik Cicekler Islak Havlu,8683407002550,29.90,369.90,114750,https://iyas.com.tr/papilion-90-li-kapakli-tropik-cicekler-islak-havlu-114750-p-597989
Papilion Cep 15 Li Meyveli Cocuk,8683407000365,7.50,4.90,100689,https://iyas.com.tr/papilion-cep-15-li-meyveli-cocuk-100689-p-581172
Papilion Cep 15 Li Meyveli Islak Mendil,8692857013108,7.50,4.90,63387,https://iyas.com.tr/papilion-cep-15-li-meyveli-islak-mendil-63387-p-122980
Papilion Sivi Sabun 3000 Ml Hindistan Cevizi,8683407002499,89.90,99.90,114357,https://iyas.com.tr/papilion-sivi-sabun-3000-ml-hindistan-cevizi-114357-p-595835
Papilion Sivi Sabun 3000 Ml Mango,8683407002505,89.90,99.90,114360,https://iyas.com.tr/papilion-sivi-sabun-3000-ml-mango-114360-p-595836
Papilion Sivi Sabun 3000 Ml Portakal,8683407002512,89.90,99.90,114358,https://iyas.com.tr/papilion-sivi-sabun-3000-ml-portakal-114358-p-595837
Papilion Sivi Sabun 3000 Ml Zeytinyagli,8683407002529,89.90,99.90,114359,https://iyas.com.tr/papilion-sivi-sabun-3000-ml-zeytinyagli-114359-p-595834
Papilion Yuzey Temizleyici 2500 Ml Bahar,8692857015379,79.90,69.90,114353,https://iyas.com.tr/papilion-yuzey-temizleyici-2500-ml-bahar-114353-p-595833
Papilion Yuzey Temizleyici 2500 Ml Cam,8683407002383,79.90,69.90,114354,https://iyas.com.tr/papilion-yuzey-temizleyici-2500-ml-cam-114354-p-597972
Papilion Yuzey Temizleyici 2500 Ml Lavanta,8692857015362,79.90,69.90,114355,https://iyas.com.tr/papilion-yuzey-temizleyici-2500-ml-lavanta-114355-p-595832
Papilion Yuzey Temizleyici 2500 Ml Limon Cicegi,8692857015355,79.90,129.90,114608,https://iyas.com.tr/papilion-yuzey-temizleyici-2500-ml-limon-cicegi-114608-p-596886
Parex Aliminyum Folyo 15 Mt,8699971794197,169.00,99.90,39535,https://iyas.com.tr/parex-aliminyum-folyo-15-mt-39535-p-131340
Parex Aliminyum Folyo 8 Mt,8699971794180,79.90,99.90,39534,https://iyas.com.tr/parex-aliminyum-folyo-8-mt-39534-p-131341
Parex Aquawave Sunger 3 Lu,8680895112228,69.90,99.90,111573,https://iyas.com.tr/parex-aquawave-sunger-3-lu-111573-p-597976
Parex Bulasik Altligi,8680895106845,159.90,124.90,111574,https://iyas.com.tr/parex-bulasik-altligi-111574-p-597155
Parex Buzdolabi Poseti Buyuk,8699971794159,49.90,29.90,39531,https://iyas.com.tr/parex-buzdolabi-poseti-buyuk-39531-p-131342
Parex Buzdolabi Poseti Kilitli Cift Kucuk Boy,8680895156338,79.90,99.90,85482,https://iyas.com.tr/parex-buzdolabi-poseti-kilitli-cift-kucuk-boy-85482-p-115286
Parex Buzdolabi Poseti Orta Boy 4 Al 3 Ode 4 X 30 Adet,8680895156055,159.00,89.90,90564,https://iyas.com.tr/parex-buzdolabi-poseti-orta-boy-4-al-3-ode-4-x-30-adet-90564-p-129354
Parex Cop Torbasi Buzg Buyuk Cilek,8680895145677,154.90,99.90,98177,https://iyas.com.tr/parex-cop-torbasi-buzg-buyuk-cilek-98177-p-117744
Parex Cop Torbasi Buzg Buyuk Limon,8680895145714,154.90,99.90,98179,https://iyas.com.tr/parex-cop-torbasi-buzg-buyuk-limon-98179-p-117746
Parex Cop Torbasi Buzg Buyuk Vanilya Kok,8680895145776,99.90,89.90,39527,https://iyas.com.tr/parex-cop-torbasi-buzg-buyuk-vanilya-kok-39527-p-119510
Parex Cop Torbasi Buzg Eko Orta Vanilya,8680895145615,89.90,99.90,89550,https://iyas.com.tr/parex-cop-torbasi-buzg-eko-orta-vanilya-89550-p-137675
Parex Cop Torbasi Buzg Orta Cilek,8680895145653,154.90,99.90,98176,https://iyas.com.tr/parex-cop-torbasi-buzg-orta-cilek-98176-p-117743
Parex Cop Torbasi Buzg Orta Limon,8680895145691,154.90,99.90,98178,https://iyas.com.tr/parex-cop-torbasi-buzg-orta-limon-98178-p-117745
Parex Cop Torbasi Ekonomik Battal,8699971795408,154.90,99.90,45775,https://iyas.com.tr/parex-cop-torbasi-ekonomik-battal-45775-p-131347
Parex Cop Torbasi Ekonomik Jumbo,8699971795415,210.00,169.00,45776,https://iyas.com.tr/parex-cop-torbasi-ekonomik-jumbo-45776-p-131349
Parex Cop Torbasi Ekonomik Mini,8699971795378,39.90,99.90,45772,https://iyas.com.tr/parex-cop-torbasi-ekonomik-mini-45772-p-131350
Parex Cop Torbasi Ekonomik Orta,8699971795385,39.90,99.90,45773,https://iyas.com.tr/parex-cop-torbasi-ekonomik-orta-45773-p-131351
Parex Cop Torbasi Extra Dayanikli Jumbo,8699971794043,299.00,99.90,93082,https://iyas.com.tr/parex-cop-torbasi-extra-dayanikli-jumbo-93082-p-142339
Parex Eldiven Ekonomik Buyuk,8699971795088,159.00,89.90,43852,https://iyas.com.tr/parex-eldiven-ekonomik-buyuk-43852-p-143894
Parex Eldiven Ekonomik Kucuk,8699971795064,159.00,89.90,43850,https://iyas.com.tr/parex-eldiven-ekonomik-kucuk-43850-p-143893
Parex Extra Power Temizlik Seti,8680895115007,999.00,99.90,56318,https://iyas.com.tr/parex-extra-power-temizlik-seti-56318-p-131319
Parex Firin Torbasi Yanmaz 8 Adet,8699971794203,79.90,99.90,39536,https://iyas.com.tr/parex-firin-torbasi-yanmaz-8-adet-39536-p-131394
Parex Hazir Kesilmis Pisirme Kagidi 16li,8680895155331,84.90,99.90,64550,https://iyas.com.tr/parex-hazir-kesilmis-pisirme-kagidi-16li-64550-p-131356
Parex Magic Sunger,8699971798249,29.90,99.90,41522,https://iyas.com.tr/parex-magic-sunger-41522-p-131359
Parex Mikrofiber Havlu Temizlik Bezi Easy 2li,8680895107583,79.90,99.90,91687,https://iyas.com.tr/parex-mikrofiber-havlu-temizlik-bezi-easy-2li-91687-p-120962
Parex Mikrofiber Kurulama Bezi,8699971790151,229.00,189.00,39496,https://iyas.com.tr/parex-mikrofiber-kurulama-bezi-39496-p-131362
Parex Mikrofiber Temizlik Bezi,8699971790113,189.00,99.90,39493,https://iyas.com.tr/parex-mikrofiber-temizlik-bezi-39493-p-131363
Parex Ovma Teli 3 Lu Eko Paket,8699971791691,74.90,99.90,39509,https://iyas.com.tr/parex-ovma-teli-3-lu-eko-paket-39509-p-131364
Parex Ovma Teli 6 Li Eko Paket,8699971792360,249.00,189.00,63748,https://iyas.com.tr/parex-ovma-teli-6-li-eko-paket-63748-p-131365
Parex Pamuk Mikrofiber Paspas,8699971793046,279.00,99.90,39519,https://iyas.com.tr/parex-pamuk-mikrofiber-paspas-39519-p-131367
Parex Paspas Mikrofiber Havlu,8699971793961,279.00,129.90,55438,https://iyas.com.tr/parex-paspas-mikrofiber-havlu-55438-p-131366
Parex Pisirme Kagidi 8 Mt,8699971794210,119.00,99.90,39537,https://iyas.com.tr/parex-pisirme-kagidi-8-mt-39537-p-131370
Parex Premium Klozet Fircasi,8680895120520,239.00,99.90,67676,https://iyas.com.tr/parex-premium-klozet-fircasi-67676-p-131372
Parex Sensitive Eldiven Kucuk,8680895135555,159.00,129.00,67671,https://iyas.com.tr/parex-sensitive-eldiven-kucuk-67671-p-131850
Parex Standart Paspas,8699971793008,149.00,99.90,39517,https://iyas.com.tr/parex-standart-paspas-39517-p-131369
Parex Strec Film 15 Mt,8699971794166,119.00,84.90,39532,https://iyas.com.tr/parex-strec-film-15-mt-39532-p-131376
Parex Strec Film 33 Mt,8699971794173,179.00,149.00,39533,https://iyas.com.tr/parex-strec-film-33-mt-39533-p-131377
Parex Sunger 5li Duz,8699971791639,129.90,39.90,39504,https://iyas.com.tr/parex-sunger-5li-duz-39504-p-131384
Parex Sunger 5li Oluklu,8699971791646,39.90,99.90,39505,https://iyas.com.tr/parex-sunger-5li-oluklu-39505-p-131385
Parex Sunger 8 Li Duz,8699971791660,169.90,129.00,39507,https://iyas.com.tr/parex-sunger-8-li-duz-39507-p-131386
Parex Sunger 8li Oluklu,8699971791653,169.90,129.00,39506,https://iyas.com.tr/parex-sunger-8li-oluklu-39506-p-131387
Parex Sunger Cizmez 4 Lu Oluklu,8699971792827,114.90,89.90,61675,https://iyas.com.tr/parex-sunger-cizmez-4-lu-oluklu-61675-p-131379
Parex Sunger Mega Confor 2 Li Oluklu,8699971792612,119.90,99.90,51877,https://iyas.com.tr/parex-sunger-mega-confor-2-li-oluklu-51877-p-131381
Parex Sunger Yesil 2li Oluklu,8699971791561,39.90,99.90,39499,https://iyas.com.tr/parex-sunger-yesil-2li-oluklu-39499-p-131383
Parex Teleskopik Camsil,8699971798157,629.00,499.00,91017,https://iyas.com.tr/parex-teleskopik-camsil-91017-p-142065
Parex Temizlik Bezi 3lu Trend,8699971791370,44.90,99.90,48767,https://iyas.com.tr/parex-temizlik-bezi-3lu-trend-48767-p-131388
Parex Temizlik Bezi 5li,8699971790014,154.90,99.90,39485,https://iyas.com.tr/parex-temizlik-bezi-5li-39485-p-131391
Parex Temizlik Bezi 9lu Trend,8699971791394,124.90,99.90,48440,https://iyas.com.tr/parex-temizlik-bezi-9lu-trend-48440-p-131389
Parodontax 50 Ml Tam Koruma Ferahlik,8681291004711,89.90,179.90,101035,https://iyas.com.tr/parodontax-50-ml-tam-koruma-ferahlik-101035-p-586124
Parodontax 500 Ml Aloe Vera Suyu Extra Fresh,8681291004483,199.90,179.90,99271,https://iyas.com.tr/parodontax-500-ml-aloe-vera-suyu-extra-fresh-99271-p-121982
Parodontax 500 Ml Aloe Vera Suyu Nane Ferahligi,8681291004469,199.90,179.90,92913,https://iyas.com.tr/parodontax-500-ml-aloe-vera-suyu-nane-ferahligi-92913-p-138041
Parodontax 75 Ml Beyazlatici,8681291002298,199.90,179.90,98453,https://iyas.com.tr/parodontax-75-ml-beyazlatici-98453-p-126166
Parodontax 75 Ml Dis Eti Hassasiyet,8681291003677,349.90,179.90,86620,https://iyas.com.tr/parodontax-75-ml-dis-eti-hassasiyet-86620-p-125028
Parodontax 75 Ml Dis Eti Hassasiyet Beyazlatici,8681291003653,299.90,179.90,86621,https://iyas.com.tr/parodontax-75-ml-dis-eti-hassasiyet-beyazlatici-86621-p-129083
Parodontax 75 Ml Florurlu,8681291002311,189.90,179.90,98451,https://iyas.com.tr/parodontax-75-ml-florurlu-98451-p-126164
Parodontax 75 Ml Orginal,8681291003035,189.90,179.90,98452,https://iyas.com.tr/parodontax-75-ml-orginal-98452-p-126165
Parodontax 75 Ml Tam Koruma Beyazlatici,8681291004735,299.90,179.90,99059,https://iyas.com.tr/parodontax-75-ml-tam-koruma-beyazlatici-99059-p-147368
Parodontax Aktif Dis Eti Onarimi Beyazlatici Dis Macunu 75 Ml,8681291005398,299.90,179.90,94774,https://iyas.com.tr/parodontax-aktif-dis-eti-onarimi-beyazlatici-dis-macunu-75-ml-94774-p-142560
Parodontax Dis Fircasi Dis Eti Uzman 11,8681291000188,199.90,179.90,98746,https://iyas.com.tr/parodontax-dis-fircasi-dis-eti-uzman-11-98746-p-138812
Parodontax Dis Fircasi Uzman Bakim 11,8681291000201,199.90,179.90,98748,https://iyas.com.tr/parodontax-dis-fircasi-uzman-bakim-11-98748-p-138814
Parodontax Tam Koruma Ferahlik Dis Macunu 75 Ml,8681291004698,299.90,179.90,93472,https://iyas.com.tr/parodontax-tam-koruma-ferahlik-dis-macunu-75-ml-93472-p-133892
Parti Boy Patos Cipso 2li Paket,8681506023346,135.00,99.90,112134,https://iyas.com.tr/parti-boy-patos-cipso-2li-paket-112134-p-589112
Pastel De Nata Classic 60 Gr,5603152125383,164.90,279.00,112473,https://iyas.com.tr/pastel-de-nata-classic-60-gr-112473-p-596575
Pastel Oje 01,8690644001017,89.90,37.90,8505,https://iyas.com.tr/pastel-oje-01-8505-p-127945
Pastel Oje,8690644242472,79.90,37.90,97328,https://iyas.com.tr/pastel-oje-97328-p-125931
Patates Adana Kilo,2209038,59.90,64.90,20640,https://iyas.com.tr/patates-adana-kilo-20640-p-127212
Patates Cips,2183000551470,160.00,290.00,99692,https://iyas.com.tr/patates-cips-99692-p-134735
Patates Tatli Kilo,2201433,249.90,199.90,108040,https://iyas.com.tr/patates-tatli-kilo-108040-p-588041
Patlican Kebap,2183000551104,500.00,290.00,99674,https://iyas.com.tr/patlican-kebap-99674-p-134717
Patlican Kilo,2201079,69.90,59.90,85056,https://iyas.com.tr/patlican-kilo-85056-p-123527
Patlican Top Kilo,2201059,69.90,59.90,77128,https://iyas.com.tr/patlican-top-kilo-77128-p-144126
Pavone Profiterole 100 Gr,8006420101008,179.00,279.00,112405,https://iyas.com.tr/pavone-profiterole-100-gr-112405-p-596825
Pek Food Artizan 3 Peynirli Pizza 480 Gr,8696056104681,199.00,279.00,109209,https://iyas.com.tr/pek-food-artizan-3-peynirli-pizza-480-gr-109209-p-588556
Pek Food Artizan Karisik Pizza 560 Gr,8696056104728,199.00,279.00,108887,https://iyas.com.tr/pek-food-artizan-karisik-pizza-560-gr-108887-p-588550
Pek Food Citir Patates 1000 Gr,8696056102014,210.00,279.00,106879,https://iyas.com.tr/pek-food-citir-patates-1000-gr-106879-p-588551
Pek Food Icli Kofte 300 Gr,8696056104872,379.00,279.00,110633,https://iyas.com.tr/pek-food-icli-kofte-300-gr-110633-p-588557
Pek Food Jumbo Patates 1000 Gr,8696056102021,210.00,279.00,106880,https://iyas.com.tr/pek-food-jumbo-patates-1000-gr-106880-p-588552
Pek Food Karisik Pizza 545 Gr,8696056103356,229.00,279.00,105838,https://iyas.com.tr/pek-food-karisik-pizza-545-gr-105838-p-586673
Pek Food Klasik Lahmacun 400 Gr 4 Lu,8696056103097,269.00,279.00,105572,https://iyas.com.tr/pek-food-klasik-lahmacun-400-gr-4-lu-105572-p-587046
Pek Food Peynirli Susamli Citir Borek 400 Gr,8696056104155,114.90,279.00,109062,https://iyas.com.tr/pek-food-peynirli-susamli-citir-borek-400-gr-109062-p-588554
Pek Food Simit 400 Gr,8696056102731,129.00,279.00,106881,https://iyas.com.tr/pek-food-simit-400-gr-106881-p-588553
Pek Food Zeytinyagli Milfoy Hamuru 1000 Gr,8696056102199,159.00,279.00,109066,https://iyas.com.tr/pek-food-zeytinyagli-milfoy-hamuru-1000-gr-109066-p-588555
Pepsi 1 5 Lt Cola Pet,8690574114498,67.00,81.00,100442,https://iyas.com.tr/pepsi-1-5-lt-cola-pet-100442-p-581482
Pepsi 1 Lt Cola Pet,8690574114795,57.00,81.00,99961,https://iyas.com.tr/pepsi-1-lt-cola-pet-99961-p-581198
Pepsi 1 Lt Zero Sugar,8690574114511,57.00,81.00,103922,https://iyas.com.tr/pepsi-1-lt-zero-sugar-103922-p-581322
Pepsi 200 Ml Fuji Cam,86927383,34.90,81.00,21066,https://iyas.com.tr/pepsi-200-ml-fuji-cam-21066-p-115474
Pepsi 25 Lt Pet,8690574950515,81.00,89.50,21069,https://iyas.com.tr/pepsi-25-lt-pet-21069-p-135261
Permatik Banyo 10 Poset 5194,7702018883981,159.90,89.90,21086,https://iyas.com.tr/permatik-banyo-10-poset-5194-21086-p-118436
Permatik Banyo 5 Poset 3796,7702018480111,89.90,99.90,97749,https://iyas.com.tr/permatik-banyo-5-poset-3796-97749-p-138707
Permatik I Bicak 10li Poset,3014260296865,159.90,89.90,21088,https://iyas.com.tr/permatik-i-bicak-10li-poset-21088-p-118437
Permatik I Bicak 5li Poset 0239,7702018480159,89.90,89.90,97750,https://iyas.com.tr/permatik-i-bicak-5li-poset-0239-97750-p-138708
Permatik Kullan At Tekli,3014260264628,19.90,89.90,80748,https://iyas.com.tr/permatik-kullan-at-tekli-80748-p-144169
Peros Camasir Kapsulu 26 Adet Beyazlar,8697713823051,249.90,189.90,114132,https://iyas.com.tr/peros-camasir-kapsulu-26-adet-beyazlar-114132-p-595840
Peros Camasir Kapsulu 26 Adet Renkliler,8697713823044,249.90,189.90,114131,https://iyas.com.tr/peros-camasir-kapsulu-26-adet-renkliler-114131-p-595841
Persil Jel 26 Yikama 1744 Ml Color,9000101597578,239.90,74.90,96516,https://iyas.com.tr/persil-jel-26-yikama-1744-ml-color-96516-p-130129
Persil Jel 26 Yikama 1744 Ml Gulun Buyusu,9000101597929,239.90,74.90,99849,https://iyas.com.tr/persil-jel-26-yikama-1744-ml-gulun-buyusu-99849-p-147479
Persil Jel 38 Yikama 2470 Gr Power Jel Color,9000101597639,379.90,74.90,99769,https://iyas.com.tr/persil-jel-38-yikama-2470-gr-power-jel-color-99769-p-147460
Persil Toz Camasir Deterjani Gulun Buyusu 10 Yikama 15 Kg,9000101598537,179.90,44.90,96019,https://iyas.com.tr/persil-toz-camasir-deterjani-gulun-buyusu-10-yikama-15-kg-96019-p-147014
Persilmatik 15 Kg Renkliler,9000101598506,179.90,44.90,96517,https://iyas.com.tr/persilmatik-15-kg-renkliler-96517-p-130130
Persilmatik 5 Kg Gul,9000101598735,299.90,44.90,100161,https://iyas.com.tr/persilmatik-5-kg-gul-100161-p-583027
Persilmatik 7 Kg Color,9000101598018,389.90,74.90,96296,https://iyas.com.tr/persilmatik-7-kg-color-96296-p-125800
Persilmatik 7 Kg Gul,9000101598032,389.90,74.90,99542,https://iyas.com.tr/persilmatik-7-kg-gul-99542-p-130470
Persilmatik 7 Kg Okyanus Ferahligi,9000101837780,389.90,44.90,110166,https://iyas.com.tr/persilmatik-7-kg-okyanus-ferahligi-110166-p-588410
Perwoll 1 32 Lt Cicek Cazibesi Koyu Renk,9000101814071,189.90,74.90,111569,https://iyas.com.tr/perwoll-1-32-lt-cicek-cazibesi-koyu-renk-111569-p-597961
Perwoll 1 485 Lt Renkli,9000101594171,189.90,74.90,95645,https://iyas.com.tr/perwoll-1-485-lt-renkli-95645-p-138403
Perwoll 1 485 Lt Siyah,9000101594133,189.90,74.90,96020,https://iyas.com.tr/perwoll-1-485-lt-siyah-96020-p-147015
Perwoll 2 75 Lt Cicek Cazibe Yenileme,9000101814361,229.90,209.90,102111,https://iyas.com.tr/perwoll-2-75-lt-cicek-cazibe-yenileme-102111-p-582179
Perwoll 2 97 Lt Renkiler,9000101814545,229.90,209.90,102877,https://iyas.com.tr/perwoll-2-97-lt-renkiler-102877-p-585541
Perwoll 2 97 Lt Siyah,9000101593907,229.90,209.90,96306,https://iyas.com.tr/perwoll-2-97-lt-siyah-96306-p-125810
Perwoll 275 Lt Cicek Cazibesi Koyu Renkler,9000101814330,229.90,209.90,102830,https://iyas.com.tr/perwoll-275-lt-cicek-cazibesi-koyu-renkler-102830-p-579500
Perwoll 3 96 Lt Camasir Deterjani Acik Renkliler,9000101835397,269.90,74.90,111570,https://iyas.com.tr/perwoll-3-96-lt-camasir-deterjani-acik-renkliler-111570-p-597924
Perwoll Yumusatici Amber Isiltisi 12 L,9000101866537,199.90,179.90,117804,https://iyas.com.tr/perwoll-yumusatici-amber-isiltisi-12-l-117804-p-599115
Perwoll Yumusatici Cicek Ferahligi 12 L,9000101866650,199.90,179.90,117805,https://iyas.com.tr/perwoll-yumusatici-cicek-ferahligi-12-l-117805-p-599116
Perwoll Yumusatici Derin Ferahlik 12 L,9000101866599,199.90,179.90,117803,https://iyas.com.tr/perwoll-yumusatici-derin-ferahlik-12-l-117803-p-599117
Petekli Cicek Bal Kilo,2203026,395.00,249.00,15217,https://iyas.com.tr/petekli-cicek-bal-kilo-15217-p-118607
Petlove Cilekli Sampuan 500 Ml,8684122205028,249.90,69.90,101827,https://iyas.com.tr/petlove-cilekli-sampuan-500-ml-101827-p-586369
Petlove Kedi Kumu Aktif Karbon 10 Lt,8684122205172,369.90,199.90,103233,https://iyas.com.tr/petlove-kedi-kumu-aktif-karbon-10-lt-103233-p-581258
Petlove Kedi Kumu Bebek Pudra Kokulu 10 Lu,8684122205189,369.90,199.90,103234,https://iyas.com.tr/petlove-kedi-kumu-bebek-pudra-kokulu-10-lu-103234-p-584896
Pidemiss Karisik Peynirli Pide 375 Gr,8680628427674,225.00,279.00,116639,https://iyas.com.tr/pidemiss-karisik-peynirli-pide-375-gr-116639-p-597327
Pidemiss Kasarli Pide 375 Gr,8680628427766,245.00,279.00,116640,https://iyas.com.tr/pidemiss-kasarli-pide-375-gr-116640-p-597318
Pidemiss Kiymali Ordu Pidesi 300 Gr,8681820159721,295.00,279.00,116645,https://iyas.com.tr/pidemiss-kiymali-ordu-pidesi-300-gr-116645-p-597324
Pidemiss Kiymali Pide 375 Gr,8680628427537,245.00,279.00,116641,https://iyas.com.tr/pidemiss-kiymali-pide-375-gr-116641-p-597328
Pidemiss Kiymali Pide 400 Gr,8681820151527,295.00,279.00,116642,https://iyas.com.tr/pidemiss-kiymali-pide-400-gr-116642-p-597319
Pidemiss Kusbasi Kasarli Pide 375 Gr,8680628427667,295.00,279.00,116643,https://iyas.com.tr/pidemiss-kusbasi-kasarli-pide-375-gr-116643-p-597329
Pidemiss Lahmacun 500 Gr,8680628427018,345.00,279.00,116644,https://iyas.com.tr/pidemiss-lahmacun-500-gr-116644-p-597320
Pidemiss Napolitan Pesto Soslu Pizza 460 Gr,8681820156287,195.00,279.00,116648,https://iyas.com.tr/pidemiss-napolitan-pesto-soslu-pizza-460-gr-116648-p-597322
Pidemiss Peynirli Ordu Pidesi 300 Gr,8681820159714,245.00,279.00,116646,https://iyas.com.tr/pidemiss-peynirli-ordu-pidesi-300-gr-116646-p-597321
Pidemiss Thincrust Sucuk Zeytin Pizza 320 Gr,8681820152388,245.00,279.00,116650,https://iyas.com.tr/pidemiss-thincrust-sucuk-zeytin-pizza-320-gr-116650-p-597323
Pilav Ustu Et Doner,2183000551111,500.00,290.00,99660,https://iyas.com.tr/pilav-ustu-et-doner-99660-p-134703
Pinar Beyaz 180 Gr,8690565006702,89.90,379.00,84749,https://iyas.com.tr/pinar-beyaz-180-gr-84749-p-115115
Pinar Bitkisel Icecek Findik 1 Lt,8690565026502,119.00,49.90,105554,https://iyas.com.tr/pinar-bitkisel-icecek-findik-1-lt-105554-p-597346
Pinar Bitkisel Icecek Yulaf 1 Lt,8690565026489,119.00,49.90,105555,https://iyas.com.tr/pinar-bitkisel-icecek-yulaf-1-lt-105555-p-596710
Pinar Bohca Manti 400 Gr,8690527110300,129.00,279.00,53000,https://iyas.com.tr/pinar-bohca-manti-400-gr-53000-p-139065
Pinar Burger 225 Gr,8690527100011,279.00,279.00,21190,https://iyas.com.tr/pinar-burger-225-gr-21190-p-139953
Pinar Cocuk Balli Devam Sutu 500 Ml,8690565100578,49.90,49.90,97739,https://iyas.com.tr/pinar-cocuk-balli-devam-sutu-500-ml-97739-p-138697
Pinar Cocuk Sutu 1 Lt,8690565025550,79.90,49.90,85097,https://iyas.com.tr/pinar-cocuk-sutu-1-lt-85097-p-119355
Pinar Denge Laktozsuz 11,8690565005538,69.90,49.90,69267,https://iyas.com.tr/pinar-denge-laktozsuz-11-69267-p-115018
Pinar Hindi Doyum Sucuk 225 Gr,8690527021910,124.90,895.00,90349,https://iyas.com.tr/pinar-hindi-doyum-sucuk-225-gr-90349-p-120897
Pinar Hindi Fileto Kusbasi Kilo,2827276,449.00,214.90,111992,https://iyas.com.tr/pinar-hindi-fileto-kusbasi-kilo-111992-p-596657
Pinar Hindi Fume 60 Gr Ac Bitir,8690527200278,39.90,895.00,91303,https://iyas.com.tr/pinar-hindi-fume-60-gr-ac-bitir-91303-p-146354
Pinar Hindi Kemiksiz Ust But Kilo,2827275,579.00,214.90,111993,https://iyas.com.tr/pinar-hindi-kemiksiz-ust-but-kilo-111993-p-596654
Pinar Kahvalti Keyfi Taze 180 Gr,8690565028056,74.90,379.00,99841,https://iyas.com.tr/pinar-kahvalti-keyfi-taze-180-gr-99841-p-147451
Pinar Ketcap Acili 420 Gr,8690565140635,74.90,59.90,20356,https://iyas.com.tr/pinar-ketcap-acili-420-gr-20356-p-135091
Pinar Ketcap Sade 420 Gr,8690565040638,74.90,59.90,20355,https://iyas.com.tr/pinar-ketcap-sade-420-gr-20355-p-139145
Pinar Kido Cilek 180 Ml,8690565022054,17.90,49.90,76502,https://iyas.com.tr/pinar-kido-cilek-180-ml-76502-p-135768
Pinar Kido Kakaolu 180 Ml,8690565022108,17.90,49.90,76627,https://iyas.com.tr/pinar-kido-kakaolu-180-ml-76627-p-135700
Pinar Kido Muzlu 180 Ml,8690565022085,17.90,49.90,76501,https://iyas.com.tr/pinar-kido-muzlu-180-ml-76501-p-135767
Pinar Kofte Misket Illaki 390 Gr,8690527103340,479.00,279.00,90990,https://iyas.com.tr/pinar-kofte-misket-illaki-390-gr-90990-p-142073
Pinar Krem Peynir 300 Gr,8690565025864,114.90,379.00,20358,https://iyas.com.tr/pinar-krem-peynir-300-gr-20358-p-115017
Pinar Krem Santi Sade 150 Gr,8690565050828,89.90,49.90,20336,https://iyas.com.tr/pinar-krem-santi-sade-150-gr-20336-p-127146
Pinar Krema Yemeklik 200 Ml,8690565023549,39.90,34.90,79527,https://iyas.com.tr/pinar-krema-yemeklik-200-ml-79527-p-114933
Pinar Macar Salam Ac Bitir 60 Gr,8690527010938,74.90,895.00,45440,https://iyas.com.tr/pinar-macar-salam-ac-bitir-60-gr-45440-p-139850
Pinar Mayonez Pls 350 Gr,8690565041406,94.90,59.90,20354,https://iyas.com.tr/pinar-mayonez-pls-350-gr-20354-p-139153
Pinar Mayonez Pls Bufe 500 Gr153654,8690565040416,119.00,59.90,97740,https://iyas.com.tr/pinar-mayonez-pls-bufe-500-gr153654-97740-p-138698
Pinar Meyve Icecek 11 Kayisi,8690565023921,64.90,99.90,94672,https://iyas.com.tr/pinar-meyve-icecek-11-kayisi-94672-p-121317
Pinar Meyve Icecek 15 Kayisi,8690565023945,14.90,99.90,94673,https://iyas.com.tr/pinar-meyve-icecek-15-kayisi-94673-p-138337
Pinar Meyve Suyu 11 Akdeniz Kokteyl Meyveli Icece,8690565021262,59.90,99.90,75226,https://iyas.com.tr/pinar-meyve-suyu-11-akdeniz-kokteyl-meyveli-icece-75226-p-118415
Pinar Meyve Suyu 11 Seftali,8690565430538,64.90,99.90,21210,https://iyas.com.tr/pinar-meyve-suyu-11-seftali-21210-p-122666
Pinar Meyve Suyu 11 Visne Icecek,8690565019672,59.90,99.90,73088,https://iyas.com.tr/pinar-meyve-suyu-11-visne-icecek-73088-p-126790
Pinar Meyve Suyu 15 Seftali,86903172,14.90,99.90,21177,https://iyas.com.tr/pinar-meyve-suyu-15-seftali-21177-p-122661
Pinar Meyveli Icecek 15 Akdeniz,8690565021286,14.90,99.90,75689,https://iyas.com.tr/pinar-meyveli-icecek-15-akdeniz-75689-p-135290
Pinar Meyveli Icecek 15 Visne,8690565020357,14.90,99.90,75688,https://iyas.com.tr/pinar-meyveli-icecek-15-visne-75688-p-135289
Pinar Peynir Krem Chedar 270 Gr,8690565025673,114.90,379.00,91383,https://iyas.com.tr/pinar-peynir-krem-chedar-270-gr-91383-p-146364
Pinar Peynir Labne 3x180 Gr,8690565022856,219.00,379.00,80301,https://iyas.com.tr/pinar-peynir-labne-3x180-gr-80301-p-144211
Pinar Peynir Labne 750 Gr,8690565030554,269.00,379.00,30352,https://iyas.com.tr/pinar-peynir-labne-750-gr-30352-p-115007
Pinar Peynir Labne Kurutulmus Domates 180 Gr,8690565023648,79.90,379.00,102929,https://iyas.com.tr/pinar-peynir-labne-kurutulmus-domates-180-gr-102929-p-583699
Pinar Peynir Labne Sarimsak F Sog 180 Gr,8690565021200,79.90,379.00,100218,https://iyas.com.tr/pinar-peynir-labne-sarimsak-f-sog-180-gr-100218-p-582411
Pinar Peynir Labne Taze 180 Gr,8690565006832,74.90,379.00,97738,https://iyas.com.tr/pinar-peynir-labne-taze-180-gr-97738-p-138696
Pinar Peynir Labne Taze 400 Gr,8690565041734,139.00,379.00,21227,https://iyas.com.tr/pinar-peynir-labne-taze-400-gr-21227-p-119195
Pinar Peynir Ucgen Kahvalti Key 12 5 Gr,8690565010822,54.90,379.00,65463,https://iyas.com.tr/pinar-peynir-ucgen-kahvalti-key-12-5-gr-65463-p-115012
Pinar Pilic Kroket 430 Gr,8690527100271,219.00,279.00,105532,https://iyas.com.tr/pinar-pilic-kroket-430-gr-105532-p-596506
Pinar Pilic Snitzel 415 Gr,8690527100332,219.00,279.00,21206,https://iyas.com.tr/pinar-pilic-snitzel-415-gr-21206-p-139074
Pinar Pizza Karisik 4li 800 Gr,8690527110102,319.00,279.00,21203,https://iyas.com.tr/pinar-pizza-karisik-4li-800-gr-21203-p-139043
Pinar Rulo Borek Kiymapat 500 Gr,8690527110379,199.00,279.00,103630,https://iyas.com.tr/pinar-rulo-borek-kiymapat-500-gr-103630-p-584311
Pinar Rulo Borek Labneispanak 500 Gr,8690527110409,169.00,279.00,103631,https://iyas.com.tr/pinar-rulo-borek-labneispanak-500-gr-103631-p-586220
Pinar Rulo Borek Peynirli 500 Gr,8690527110546,169.00,279.00,105537,https://iyas.com.tr/pinar-rulo-borek-peynirli-500-gr-105537-p-586975
Pinar Salam 225 Gr Doyum,8690527010556,79.90,895.00,20314,https://iyas.com.tr/pinar-salam-225-gr-doyum-20314-p-139857
Pinar Salam 250gr Kahvaltilik,8690527010099,319.00,895.00,20316,https://iyas.com.tr/pinar-salam-250gr-kahvaltilik-20316-p-139859
Pinar Salam 700 Gr Doyum,8690527011188,219.00,895.00,65164,https://iyas.com.tr/pinar-salam-700-gr-doyum-65164-p-139834
Pinar Salam Ac Bitir 60 Gr Buyuk Dilim,8690527011294,34.90,895.00,70217,https://iyas.com.tr/pinar-salam-ac-bitir-60-gr-buyuk-dilim-70217-p-115356
Pinar Salam Ac Bitir 75 Gr,8690527010839,44.90,895.00,33082,https://iyas.com.tr/pinar-salam-ac-bitir-75-gr-33082-p-139842
Pinar Sosis Ekonomik 430 Gr,8690527030134,489.00,895.00,20298,https://iyas.com.tr/pinar-sosis-ekonomik-430-gr-20298-p-135890
Pinar Sosis Minik 215 Gr,8690527030028,289.00,895.00,20299,https://iyas.com.tr/pinar-sosis-minik-215-gr-20299-p-139921
Pinar Sosis Uzun 225 Gr,8690527030073,289.00,895.00,20301,https://iyas.com.tr/pinar-sosis-uzun-225-gr-20301-p-139922
Pinar Sucuk Gurme 100 Dana Eti 250 Gr,8690527020920,489.00,895.00,40157,https://iyas.com.tr/pinar-sucuk-gurme-100-dana-eti-250-gr-40157-p-139862
Pinar Sucuk Klasik 225 Gr,8690527021149,379.00,895.00,60446,https://iyas.com.tr/pinar-sucuk-klasik-225-gr-60446-p-139856
Pinar Sucuk Mangal Keyfi Sade 300 Gr,8690527021088,219.00,895.00,60667,https://iyas.com.tr/pinar-sucuk-mangal-keyfi-sade-300-gr-60667-p-139835
Pinar Sucuk Solen Kangal 180 Gr,8690527021866,239.00,895.00,98735,https://iyas.com.tr/pinar-sucuk-solen-kangal-180-gr-98735-p-138801
Pinar Sut 1 Yagli 1 Lt,8690565026335,54.90,49.90,91771,https://iyas.com.tr/pinar-sut-1-yagli-1-lt-91771-p-121004
Pinar Sut 15 Sade,86903103,26.90,49.90,20320,https://iyas.com.tr/pinar-sut-15-sade-20320-p-135777
Pinar Sut Cocuk 200ml 1532257,8690565100721,27.90,49.90,20341,https://iyas.com.tr/pinar-sut-cocuk-200ml-1532257-20341-p-139803
Pinar Sut Protein Cilekli 12,8690565019412,74.90,49.90,72607,https://iyas.com.tr/pinar-sut-protein-cilekli-12-72607-p-135773
Pinar Sut Protein Kahveli 12,8690565023594,74.90,49.90,79733,https://iyas.com.tr/pinar-sut-protein-kahveli-12-79733-p-118816
Pinar Sut Protein Kakaolu 12,8690565017555,74.90,49.90,69337,https://iyas.com.tr/pinar-sut-protein-kakaolu-12-69337-p-135772
Pinar Sut Protein Muzyer Fistik 12,8690565019436,74.90,49.90,72608,https://iyas.com.tr/pinar-sut-protein-muzyer-fistik-12-72608-p-144172
Pinar Sut Protein Vanilyali 12,8690565017531,74.90,49.90,69336,https://iyas.com.tr/pinar-sut-protein-vanilyali-12-69336-p-135771
Pinar Sut Tam Yagli 11,8690565100530,69.90,49.90,20318,https://iyas.com.tr/pinar-sut-tam-yagli-11-20318-p-117905
Pinar Suzme Peynir 500 Gr,8690565011928,154.90,149.00,60666,https://iyas.com.tr/pinar-suzme-peynir-500-gr-60666-p-139783
Pinar Tereyag 125 Gr,8690565020814,99.90,599.00,20343,https://iyas.com.tr/pinar-tereyag-125-gr-20343-p-118775
Pinar Ton Baligi 2x150 Gr 75 Gr Hedi,8690527132364,319.00,59.90,90345,https://iyas.com.tr/pinar-ton-baligi-2x150-gr-75-gr-hedi-90345-p-120895
Pinar Ton Baligi 4x75 Gr,8690527132357,279.00,59.90,90344,https://iyas.com.tr/pinar-ton-baligi-4x75-gr-90344-p-120894
Pirasa Kilo,2209014,79.90,25.00,21258,https://iyas.com.tr/pirasa-kilo-21258-p-122096
Pizza Karisik Kucuk Boy,2183000551487,180.00,290.00,99686,https://iyas.com.tr/pizza-karisik-kucuk-boy-99686-p-134729
Pizza Karisik Orta Boy,2183000551494,290.00,199.90,99685,https://iyas.com.tr/pizza-karisik-orta-boy-99685-p-134728
Pizza Menu Orta Boy Pizza Cips Cola,2183000551340,450.00,290.00,99693,https://iyas.com.tr/pizza-menu-orta-boy-pizza-cips-cola-99693-p-134736
Pizza Ton Balikli Orta Boy,2183000551999,300.00,199.90,99687,https://iyas.com.tr/pizza-ton-balikli-orta-boy-99687-p-134730
Pizza Vejeteryan Kucuk Boy,2183000551500,160.00,290.00,99689,https://iyas.com.tr/pizza-vejeteryan-kucuk-boy-99689-p-134732
Pizza Vejeteryan Orta Boy,2183000551517,230.00,159.90,99688,https://iyas.com.tr/pizza-vejeteryan-orta-boy-99688-p-134731
Pm Disposable Agda Bezi 2 Mt,8681176078028,9.90,169.90,91483,https://iyas.com.tr/pm-disposable-agda-bezi-2-mt-91483-p-116799
Pm Starwax Disposable Agda Bezi 10 Mt,8681176078042,24.90,169.90,99189,https://iyas.com.tr/pm-starwax-disposable-agda-bezi-10-mt-99189-p-117864
Porcoz 1000 Ml Kirec Cozucu,8690802028528,94.90,74.90,21582,https://iyas.com.tr/porcoz-1000-ml-kirec-cozucu-21582-p-139210
Porcoz 1000 Ml Lavabo Acici Jel,8690802038015,114.90,69.90,97786,https://iyas.com.tr/porcoz-1000-ml-lavabo-acici-jel-97786-p-138744
Porcoz 1000 Ml Lekecikartici Premium,8690802039845,149.90,69.90,97789,https://iyas.com.tr/porcoz-1000-ml-lekecikartici-premium-97789-p-138747
Porcoz 1000 Ml Yag Coz,8690802037988,84.90,69.90,97524,https://iyas.com.tr/porcoz-1000-ml-yag-coz-97524-p-130235
Porcoz 1850 Ml Camasir Suyu Bahar Tazeligi,8690802103720,114.90,74.90,101209,https://iyas.com.tr/porcoz-1850-ml-camasir-suyu-bahar-tazeligi-101209-p-578815
Porcoz 2000 Ml Kirec Cozucu,8690802032778,144.90,114.90,41657,https://iyas.com.tr/porcoz-2000-ml-kirec-cozucu-41657-p-139233
Porcoz 250 Ml Bulasik Makarna Temizlik,8690802038497,109.90,74.90,72099,https://iyas.com.tr/porcoz-250-ml-bulasik-makarna-temizlik-72099-p-139209
Porcoz 250 Ml Bulasik Makarna Temizlik Bodrum Mand,8690802041510,109.90,74.90,80045,https://iyas.com.tr/porcoz-250-ml-bulasik-makarna-temizlik-bodrum-mand-80045-p-123430
Porcoz 400 Ml Buharli Utu Temizleyici,8690802041404,114.90,74.90,79966,https://iyas.com.tr/porcoz-400-ml-buharli-utu-temizleyici-79966-p-123433
Porcoz 4000 Ml Kirec Cozucu,8690802037858,249.90,74.90,91268,https://iyas.com.tr/porcoz-4000-ml-kirec-cozucu-91268-p-146300
Porcoz 500 Ml Bulasik Makarna Parlatici Bodrum Mandln,8690802035083,99.90,74.90,86178,https://iyas.com.tr/porcoz-500-ml-bulasik-makarna-parlatici-bodrum-mandln-86178-p-123792
Porcoz 500 Ml Cam Temizleyici,8690802103003,64.90,74.90,94322,https://iyas.com.tr/porcoz-500-ml-cam-temizleyici-94322-p-146684
Porcoz 675 Ml Bulasik Deterjani Limon,8690802051144,74.90,219.90,101210,https://iyas.com.tr/porcoz-675-ml-bulasik-deterjani-limon-101210-p-586126
Porcoz 675 Ml Bulasik Elde Yikama Aloe Vera,8690802051137,74.90,219.90,101408,https://iyas.com.tr/porcoz-675-ml-bulasik-elde-yikama-aloe-vera-101408-p-581525
Porcoz 750 Ml Camasir Suyu Bahar Tazeligi,8690802103713,64.90,74.90,101208,https://iyas.com.tr/porcoz-750-ml-camasir-suyu-bahar-tazeligi-101208-p-578804
Porcoz 750 Ml Camasir Suyu Yaz Yagmuru,8690802103706,64.90,74.90,101207,https://iyas.com.tr/porcoz-750-ml-camasir-suyu-yaz-yagmuru-101207-p-578791
Porcoz 750 Ml Cok Amacli Sprey,8690802038671,94.90,69.90,94105,https://iyas.com.tr/porcoz-750-ml-cok-amacli-sprey-94105-p-142519
Porcoz 750 Ml Firin Temizleyici,8690802039531,114.90,74.90,86179,https://iyas.com.tr/porcoz-750-ml-firin-temizleyici-86179-p-127947
Porcoz 750 Ml Leke Cikarici Sprey Premium,8690802039920,129.90,119.90,98947,https://iyas.com.tr/porcoz-750-ml-leke-cikarici-sprey-premium-98947-p-143149
Porcoz 750 Ml Sprey Banyo,8690802038626,94.90,69.90,98213,https://iyas.com.tr/porcoz-750-ml-sprey-banyo-98213-p-121817
Porcoz 750 Ml Sprey Kirec Cozucu,8690802039869,99.90,69.90,76634,https://iyas.com.tr/porcoz-750-ml-sprey-kirec-cozucu-76634-p-143572
Porcoz 750 Ml Sprey Mutfak,8690802038619,94.90,74.90,98824,https://iyas.com.tr/porcoz-750-ml-sprey-mutfak-98824-p-138890
Porcoz 750 Ml Sprey Yag Cozucu,8690802039883,99.90,69.90,76635,https://iyas.com.tr/porcoz-750-ml-sprey-yag-cozucu-76635-p-143573
Porcoz 750 Ml Wc Okyanus Esintisi,8690802052417,109.90,74.90,85099,https://iyas.com.tr/porcoz-750-ml-wc-okyanus-esintisi-85099-p-140462
Porcoz 750 Ml Wc Orkide Kokusu,8690802052424,109.90,74.90,85100,https://iyas.com.tr/porcoz-750-ml-wc-orkide-kokusu-85100-p-140463
Porcoz 900 Ml Bulasik Makarna Deterjan 50 Yikama,8690802020010,219.90,74.90,86176,https://iyas.com.tr/porcoz-900-ml-bulasik-makarna-deterjan-50-yikama-86176-p-123766
Porcoz Kucuk Ev Aletleri Temizleyici 400 Ml,8690802038473,139.90,74.90,72097,https://iyas.com.tr/porcoz-kucuk-ev-aletleri-temizleyici-400-ml-72097-p-114040
Porcoz Lavabo Acici 2x50 Gr Granul,8690802070404,55.90,49.90,91267,https://iyas.com.tr/porcoz-lavabo-acici-2x50-gr-granul-91267-p-146299
Porcoz Lavabo Acici 4x50 Gr Granul,8690802101009,109.90,69.90,99275,https://iyas.com.tr/porcoz-lavabo-acici-4x50-gr-granul-99275-p-121986
Porsiyon Yaprak Et Doner,2183000551173,480.00,290.00,99657,https://iyas.com.tr/porsiyon-yaprak-et-doner-99657-p-134700
Portakal Gercek Finike Kilo,2209530,69.90,84.90,92448,https://iyas.com.tr/portakal-gercek-finike-kilo-92448-p-129596
Portakal Sikmalik Kilo,2209027,69.90,84.90,21592,https://iyas.com.tr/portakal-sikmalik-kilo-21592-p-127215
Portakal Washington Kilo,2209058,69.90,84.90,21593,https://iyas.com.tr/portakal-washington-kilo-21593-p-144129
President Cheddarli Ucgen Peynir 100 Gr,8692971434667,49.90,379.00,81153,https://iyas.com.tr/president-cheddarli-ucgen-peynir-100-gr-81153-p-128573
President Krema 200 Ml,8692971441573,74.90,49.90,79475,https://iyas.com.tr/president-krema-200-ml-79475-p-114928
Pretty Beauty Concealer Pb 125,8697406105730,119.90,37.90,95779,https://iyas.com.tr/pretty-beauty-concealer-pb-125-95779-p-142669
Pretty Beauty Concealer Pb125 02,8682376122672,119.90,37.90,95780,https://iyas.com.tr/pretty-beauty-concealer-pb125-02-95780-p-142670
Pretty Beauty Concealer Pb125 03,8682376122689,119.90,37.90,95781,https://iyas.com.tr/pretty-beauty-concealer-pb125-03-95781-p-142671
Pretty Beauty Dudak Kalemi,8682376125208,151.00,34.90,113721,https://iyas.com.tr/pretty-beauty-dudak-kalemi-113721-p-597057
Pretty Beauty Instant Age Waterproof Pb 183b,8682376123709,145.50,149.90,99945,https://iyas.com.tr/pretty-beauty-instant-age-waterproof-pb-183b-99945-p-584846
Pretty Beauty Kiss Me Lip Tattoo 01,8682376122016,124.90,37.90,99198,https://iyas.com.tr/pretty-beauty-kiss-me-lip-tattoo-01-99198-p-117873
Pretty Beauty Kiss Me Lip Tattoo 02,8682376122023,124.90,37.90,99201,https://iyas.com.tr/pretty-beauty-kiss-me-lip-tattoo-02-99201-p-117876
Pretty Beauty Kiss Me Lip Tattoo 03,8682376122030,124.90,37.90,99204,https://iyas.com.tr/pretty-beauty-kiss-me-lip-tattoo-03-99204-p-117879
Pretty Beauty Kiss Me Lip Tattoo 04,8682376122047,124.90,37.90,99202,https://iyas.com.tr/pretty-beauty-kiss-me-lip-tattoo-04-99202-p-117877
Pretty Beauty Kiss Me Lip Tattoo 05,8682376122054,124.90,37.90,99206,https://iyas.com.tr/pretty-beauty-kiss-me-lip-tattoo-05-99206-p-117881
Pretty Beauty Kiss Me Lip Tattoo 07,8682376122078,124.90,37.90,99203,https://iyas.com.tr/pretty-beauty-kiss-me-lip-tattoo-07-99203-p-117878
Pretty Bp 2006 Natural Brow Tatto 02,8682376129442,129.90,37.90,102007,https://iyas.com.tr/pretty-bp-2006-natural-brow-tatto-02-102007-p-583672
Pretty Bp 2007 Super Matte Powder 04,8684663640111,124.90,37.90,108623,https://iyas.com.tr/pretty-bp-2007-super-matte-powder-04-108623-p-597222
Pretty Contour Correct Pb 414,8682376129947,139.90,37.90,109850,https://iyas.com.tr/pretty-contour-correct-pb-414-109850-p-597200
Pretty Lip Gloss Topper Pb 910 02,8682376126342,69.90,37.90,95356,https://iyas.com.tr/pretty-lip-gloss-topper-pb-910-02-95356-p-125759
Pretty Lip Gloss Topper Pb 910 03,8682376126359,69.90,37.90,95357,https://iyas.com.tr/pretty-lip-gloss-topper-pb-910-03-95357-p-125760
Pretty Lip Gloss Topper Pb 910 04,8682376126366,69.90,37.90,95360,https://iyas.com.tr/pretty-lip-gloss-topper-pb-910-04-95360-p-125763
Pretty Lip Gloss Topper Pb 910 05,8682376126373,69.90,37.90,95359,https://iyas.com.tr/pretty-lip-gloss-topper-pb-910-05-95359-p-125762
Pretty Lip To Cheek Tint Pb 911,8682376126410,84.90,37.90,95346,https://iyas.com.tr/pretty-lip-to-cheek-tint-pb-911-95346-p-125749
Pretty Pb 406 Sweet Kiss Far Paleti 18 Li,8682376128087,164.90,37.90,108624,https://iyas.com.tr/pretty-pb-406-sweet-kiss-far-paleti-18-li-108624-p-597249
Pretty Pb 915 Likit Allik 04,8682376126854,89.90,37.90,111492,https://iyas.com.tr/pretty-pb-915-likit-allik-04-111492-p-597156
Pretty Pb 924 Matte Lipstick Gloss 04,8682376130264,94.90,37.90,108396,https://iyas.com.tr/pretty-pb-924-matte-lipstick-gloss-04-108396-p-597273
Pretty Pb408a Double Lipgloss 5,8682376129022,149.90,149.90,103844,https://iyas.com.tr/pretty-pb408a-double-lipgloss-5-103844-p-584642
Pretty Pb409 Matte Lipgloos 2,8682376129152,114.90,37.90,103827,https://iyas.com.tr/pretty-pb409-matte-lipgloos-2-103827-p-582533
Pretty Pb409 Matte Lipgloos 3,8682376129169,114.90,239.90,103828,https://iyas.com.tr/pretty-pb409-matte-lipgloos-3-103828-p-585864
Pretty Pb409 Matte Lipgloos 7,8682376129213,114.90,239.90,103832,https://iyas.com.tr/pretty-pb409-matte-lipgloos-7-103832-p-584957
Pretty Pb925 Matte Contour Stick,8682376130332,119.90,37.90,103825,https://iyas.com.tr/pretty-pb925-matte-contour-stick-103825-p-586410
Pril Bulasik Makarna Deodorant Perls Lemon Fresh,8690572401262,104.90,99.90,21656,https://iyas.com.tr/pril-bulasik-makarna-deodorant-perls-lemon-fresh-21656-p-123005
Pril Bulasik Makarna Deterjan Gold Jel 900 Ml Yag,9000101412208,319.90,219.90,98422,https://iyas.com.tr/pril-bulasik-makarna-deterjan-gold-jel-900-ml-yag-98422-p-126135
Pril Bulasik Makarna Parlatici 750 Ml,8690572403617,159.90,134.90,33088,https://iyas.com.tr/pril-bulasik-makarna-parlatici-750-ml-33088-p-123006
Pril Bulasik Makarna Tuzu 2 Kg,9000101420890,109.90,74.90,79074,https://iyas.com.tr/pril-bulasik-makarna-tuzu-2-kg-79074-p-118933
Pril Hijyen 675 Gr,9000101537123,94.90,219.90,92622,https://iyas.com.tr/pril-hijyen-675-gr-92622-p-117074
Pril Makine Temizleyici 250 Ml,8690572401842,139.90,114.90,21660,https://iyas.com.tr/pril-makine-temizleyici-250-ml-21660-p-118918
Pril Sivi 1350 Ml Amasya Elmasi,9000101419467,149.90,114.90,97763,https://iyas.com.tr/pril-sivi-1350-ml-amasya-elmasi-97763-p-138721
Pril Sivi 1405 Ml Losyon Aloe Vera,90004568,149.90,219.90,21681,https://iyas.com.tr/pril-sivi-1405-ml-losyon-aloe-vera-21681-p-123022
Pril Sivi 2500 Gr Mavi,8690572406076,189.90,159.90,97764,https://iyas.com.tr/pril-sivi-2500-gr-mavi-97764-p-138722
Pril Sivi 4 Kg Limon,9000101017649,219.90,89.90,65166,https://iyas.com.tr/pril-sivi-4-kg-limon-65166-p-123010
Pril Sivi 675 Gr Power Amasya Elmasi,9000101419528,79.90,219.90,98445,https://iyas.com.tr/pril-sivi-675-gr-power-amasya-elmasi-98445-p-126158
Pril Sivi 675 Gr Power Limon,86900652,79.90,219.90,26659,https://iyas.com.tr/pril-sivi-675-gr-power-limon-26659-p-123009
Pril Sivi 750 Ml Power Losyon Aloevera,9000101412543,79.90,219.90,97761,https://iyas.com.tr/pril-sivi-750-ml-power-losyon-aloevera-97761-p-138719
Prima Ab Standart 2 Beden 39,8006540044834,389.90,599.90,99167,https://iyas.com.tr/prima-ab-standart-2-beden-39-99167-p-117842
Prima Bebek Bezi Aktif Bebek 4 Numara 30 Adet Mini Firsat Paketi,8006540044995,389.90,599.90,99169,https://iyas.com.tr/prima-bebek-bezi-aktif-bebek-4-numara-30-adet-mini-firsat-paketi-99169-p-117844
Prima Bebek Bezi Aktif Bebek 5 Numara 25 Adet 11 16 Kg Mini Firsat Paketi,8006540045114,389.90,599.90,85171,https://iyas.com.tr/prima-bebek-bezi-aktif-bebek-5-numara-25-adet-11-16-kg-mini-firsat-paketi-85171-p-120287
Prima Bebek Bezi Aktif Bebek 6 Numara 22 Adet 13 18 Kg Mini Firsat Paketi,8006540045152,389.90,599.90,85172,https://iyas.com.tr/prima-bebek-bezi-aktif-bebek-6-numara-22-adet-13-18-kg-mini-firsat-paketi-85172-p-120288
Prima Firsat Paket 3 Beden 62li Midi,8001841588117,549.90,599.90,98681,https://iyas.com.tr/prima-firsat-paket-3-beden-62li-midi-98681-p-134617
Prima Firsat Paket 4 Beden 54 Lu Maxi,8001841588193,549.90,599.90,98686,https://iyas.com.tr/prima-firsat-paket-4-beden-54-lu-maxi-98686-p-134622
Prima Kulot Firsat Paket 4 Maxi 62li,8001841581613,984.90,790.00,105268,https://iyas.com.tr/prima-kulot-firsat-paket-4-maxi-62li-105268-p-597892
Prima Pampers Islak Havlu 3 Lu Temiz Ve Ferah 3x52,8006540478172,310.00,369.90,89801,https://iyas.com.tr/prima-pampers-islak-havlu-3-lu-temiz-ve-ferah-3x52-89801-p-141959
Prima Pants Kulot Bebek Bezi Tekli Extra Large,8001090597915,359.90,599.90,98818,https://iyas.com.tr/prima-pants-kulot-bebek-bezi-tekli-extra-large-98818-p-138884
Prima Pants Kulot Bebek Bezi Tekli Junior,8001090597878,359.90,599.90,98817,https://iyas.com.tr/prima-pants-kulot-bebek-bezi-tekli-junior-98817-p-138883
Prima Pants Kulot Bebek Bezi Tekli Ma 25 Adet 9 15,8006540898154,389.90,599.90,96268,https://iyas.com.tr/prima-pants-kulot-bebek-bezi-tekli-ma-25-adet-9-15-96268-p-121660
Prima Premcare Ekonomik Junior 42 Li,4015400765363,659.90,599.90,98415,https://iyas.com.tr/prima-premcare-ekonomik-junior-42-li-98415-p-126128
Prima Premcare Ekonomik Maxi 46 Li,8001841742397,659.90,599.90,98413,https://iyas.com.tr/prima-premcare-ekonomik-maxi-46-li-98413-p-126126
Prima Premcare Ekonomik Midi 52 Li,8001841742311,659.90,599.90,98409,https://iyas.com.tr/prima-premcare-ekonomik-midi-52-li-98409-p-126122
Prima Premcare Ekonomik Mini 60 Li,8001841742236,659.90,599.90,98607,https://iyas.com.tr/prima-premcare-ekonomik-mini-60-li-98607-p-134543
Prima Premcare Ekonomik Yenidogan 70 Li,8001841742151,659.90,599.90,98693,https://iyas.com.tr/prima-premcare-ekonomik-yenidogan-70-li-98693-p-134629
Prima Premium Care 7 Numara 30 Adet,8700216575157,659.90,229.90,108026,https://iyas.com.tr/prima-premium-care-7-numara-30-adet-108026-p-597885
Pritt Stick 43 Gr Yapistirici,4015000090940,115.00,20.00,72941,https://iyas.com.tr/pritt-stick-43-gr-yapistirici-72941-p-119419
Privacy Deodorant Man 150 Ml Addiction,8690506495930,179.90,99.90,75784,https://iyas.com.tr/privacy-deodorant-man-150-ml-addiction-75784-p-134945
Privacy Deodorant Man 150 Ml Gold Sensation,8690586015981,179.90,99.90,50448,https://iyas.com.tr/privacy-deodorant-man-150-ml-gold-sensation-50448-p-122337
Privacy Deodorant Man 150 Ml Siyah,8690586221603,179.90,99.90,7561,https://iyas.com.tr/privacy-deodorant-man-150-ml-siyah-7561-p-131710
Privacy Deodorant Woman 150 Ml Addiction,8690506495947,179.90,99.90,75785,https://iyas.com.tr/privacy-deodorant-woman-150-ml-addiction-75785-p-134946
Privacy Deodorant Woman 150 Ml Beyaz,8690586223607,179.90,99.90,7562,https://iyas.com.tr/privacy-deodorant-woman-150-ml-beyaz-7562-p-144317
Privacy Deodorant Woman 150 Ml Gold Sensation,8690586015967,179.90,99.90,50449,https://iyas.com.tr/privacy-deodorant-woman-150-ml-gold-sensation-50449-p-122353
Privacy Edt 100 Ml Gold Sensation,8690586015950,499.90,149.90,94148,https://iyas.com.tr/privacy-edt-100-ml-gold-sensation-94148-p-142528
Privacy Edt 100 Ml Man Addiction,8690586017688,499.90,149.90,101944,https://iyas.com.tr/privacy-edt-100-ml-man-addiction-101944-p-579092
Privacy Edt 100 Ml Woman Addiction,8690586017695,499.90,149.90,99106,https://iyas.com.tr/privacy-edt-100-ml-woman-addiction-99106-p-117781
Privacy Edt Erkek Parfumu 100 Ml,8690586221009,499.90,149.90,93708,https://iyas.com.tr/privacy-edt-erkek-parfumu-100-ml-93708-p-142416
Privacy Edt Kadin Parfumu 100 Ml,8690586223003,499.90,149.90,93709,https://iyas.com.tr/privacy-edt-kadin-parfumu-100-ml-93709-p-142417
Privacy Kofre 100 Ml Edt 150 Ml Deodorant Man,8690586015615,549.90,499.90,49256,https://iyas.com.tr/privacy-kofre-100-ml-edt-150-ml-deodorant-man-49256-p-122373
Privacy Kofre 100 Ml Edt 150 Ml Deodorant Woman,8690586015653,549.90,499.90,49509,https://iyas.com.tr/privacy-kofre-100-ml-edt-150-ml-deodorant-woman-49509-p-126519
Proline Adult 400 Gr Cat Food Chicken,8698995030656,135.90,69.90,110659,https://iyas.com.tr/proline-adult-400-gr-cat-food-chicken-110659-p-588508
Proline Adult 400 Gr Cat Food Chicken Multicolor,8698995030670,135.90,69.90,110661,https://iyas.com.tr/proline-adult-400-gr-cat-food-chicken-multicolor-110661-p-588513
Proline Adult 400 Gr Cat Food Fish And Rice,8698995030694,135.90,69.90,110662,https://iyas.com.tr/proline-adult-400-gr-cat-food-fish-and-rice-110662-p-588498
Proline Adult 400 Gr Cat Food Lamb And Rice,8698995030717,135.90,69.90,110663,https://iyas.com.tr/proline-adult-400-gr-cat-food-lamb-and-rice-110663-p-588514
Proline Adult 400 Gr Cat Sterilized Chicken 3111,8698995030731,135.90,69.90,110666,https://iyas.com.tr/proline-adult-400-gr-cat-sterilized-chicken-3111-110666-p-588485
Proline Bentonit 10 Lt Kedi Kumu Aktif Karbon,8698995031202,259.90,69.90,110776,https://iyas.com.tr/proline-bentonit-10-lt-kedi-kumu-aktif-karbon-110776-p-588517
Proline Bentonit 10 Lt Kedi Kumu Kokulu Renkli,8698995010146,234.90,69.90,110681,https://iyas.com.tr/proline-bentonit-10-lt-kedi-kumu-kokulu-renkli-110681-p-588512
Proline Bentonit Kedi Kumu 5 Lt,8698995010122,134.90,69.90,110675,https://iyas.com.tr/proline-bentonit-kedi-kumu-5-lt-110675-p-588483
Proline Bentonit Kedi Kumu Lavantali 10 Lt,8698995026826,234.90,69.90,110683,https://iyas.com.tr/proline-bentonit-kedi-kumu-lavantali-10-lt-110683-p-588491
Proline Bentonit Kedi Kumu Sabunlu 10 Lt,8698995011709,234.90,69.90,110777,https://iyas.com.tr/proline-bentonit-kedi-kumu-sabunlu-10-lt-110777-p-588515
Proline Kitten 400 Gr Cat Food Chicken,8698995030755,129.90,69.90,110664,https://iyas.com.tr/proline-kitten-400-gr-cat-food-chicken-110664-p-588519
Pronto Ahsap Temizleyici 750 Ml 750 Ml Normal,8690784917445,214.90,69.90,15617,https://iyas.com.tr/pronto-ahsap-temizleyici-750-ml-750-ml-normal-15617-p-114143
Pronto Yuzey Temizleyici 750 Ml Klasik,8690784431101,184.90,69.90,112015,https://iyas.com.tr/pronto-yuzey-temizleyici-750-ml-klasik-112015-p-597080
Prosafe Emici Kulot B M 30 Lu,8690742330125,549.90,499.90,90917,https://iyas.com.tr/prosafe-emici-kulot-b-m-30-lu-90917-p-137860
Prosafe Emici Kulot B Xl 30lu,8690742332877,599.90,499.90,110482,https://iyas.com.tr/prosafe-emici-kulot-b-xl-30lu-110482-p-599122
Prosafe Emici Kulot Buyuk Boy L 8li,8690742330606,149.90,129.90,86604,https://iyas.com.tr/prosafe-emici-kulot-buyuk-boy-l-8li-86604-p-124993
Prosafe Emici Kulot Kucuk Boy M 10 Lu,8690742330590,174.50,129.90,86602,https://iyas.com.tr/prosafe-emici-kulot-kucuk-boy-m-10-lu-86602-p-125012
Prosafe Emici Kulot Xl N 7li,8690742333096,159.90,129.90,115349,https://iyas.com.tr/prosafe-emici-kulot-xl-n-7li-115349-p-597964
Prosafe Hasta Bezi B L Boy 30lu,8690742330101,489.90,179.90,90914,https://iyas.com.tr/prosafe-hasta-bezi-b-l-boy-30lu-90914-p-137857
Prosafe Hasta Bezi B M Boy 30lu,8690742330095,449.90,179.90,90915,https://iyas.com.tr/prosafe-hasta-bezi-b-m-boy-30lu-90915-p-137858
Prosafe Hasta Bezi B Xl Boy 30lu,8690742330118,529.90,179.90,90916,https://iyas.com.tr/prosafe-hasta-bezi-b-xl-boy-30lu-90916-p-137859
Prosafe Hasta Bezi L Boy 7 Li,8690742330408,169.90,179.90,80736,https://iyas.com.tr/prosafe-hasta-bezi-l-boy-7-li-80736-p-136075
Prosafe Multiped Mesane Lohusa M Extra 10 Lu,8690742332297,115.00,179.90,110122,https://iyas.com.tr/prosafe-multiped-mesane-lohusa-m-extra-10-lu-110122-p-597959
Prosafe Vucut Temizlik Men 48 Li,8690742400385,84.90,179.90,94374,https://iyas.com.tr/prosafe-vucut-temizlik-men-48-li-94374-p-117187
Prosafe Yatak Koruyucu Ortu 10 Lu,8690742330828,89.90,179.90,94375,https://iyas.com.tr/prosafe-yatak-koruyucu-ortu-10-lu-94375-p-117188
Protex Sivi Sabun 1 5 Lt Ultra Koruma,8718951622487,450.00,99.90,100600,https://iyas.com.tr/protex-sivi-sabun-1-5-lt-ultra-koruma-100600-p-578722
Protex Sivi Sabun 300 Ml Ultra Koruma,8718951622401,150.00,99.90,115082,https://iyas.com.tr/protex-sivi-sabun-300-ml-ultra-koruma-115082-p-597240
Pure Baby 2 Li 6 No Xl 32 Li,8682241207657,189.90,599.90,91659,https://iyas.com.tr/pure-baby-2-li-6-no-xl-32-li-91659-p-120940
Pure Baby 2li 5 No Junior 40li,8682241207640,189.90,229.90,91658,https://iyas.com.tr/pure-baby-2li-5-no-junior-40li-91658-p-120939
Puretex Yuzey Temizlik 100 Lu Mor Bitki,8684117001338,69.90,129.90,114810,https://iyas.com.tr/puretex-yuzey-temizlik-100-lu-mor-bitki-114810-p-597034
Puretex Yuzey Temizlik 100 Lu Pembe Cicek,8684117001321,69.90,69.90,114809,https://iyas.com.tr/puretex-yuzey-temizlik-100-lu-pembe-cicek-114809-p-597957
Puretex Yuzey Temizlik 100 Lu Turuncu Meyve,8684117001345,69.90,69.90,114811,https://iyas.com.tr/puretex-yuzey-temizlik-100-lu-turuncu-meyve-114811-p-597958
Purina Felix 4x85 Gr Avantaj Paket Sigir Etli,7613287487636,124.90,69.90,107964,https://iyas.com.tr/purina-felix-4x85-gr-avantaj-paket-sigir-etli-107964-p-597851
Purina Felix 4x85 Gr Somonlu Kedi Yas Mama,7613287487162,124.90,69.90,108410,https://iyas.com.tr/purina-felix-4x85-gr-somonlu-kedi-yas-mama-108410-p-597857
Purina Felix 85 Gr Kuzu Etli,7613287484123,39.90,69.90,107962,https://iyas.com.tr/purina-felix-85-gr-kuzu-etli-107962-p-597849
Purina Felix 85 Gr Sigir Etli Kedi Yas Mama,7613287484406,39.90,69.90,108643,https://iyas.com.tr/purina-felix-85-gr-sigir-etli-kedi-yas-mama-108643-p-597855
Purina Felix 85 Gr Sigir Etli Yavru Kedi Yas Mama,7613287491060,39.90,69.90,106993,https://iyas.com.tr/purina-felix-85-gr-sigir-etli-yavru-kedi-yas-mama-106993-p-597861
Purina Felix 85 Gr Somonlu Kedi Yas Mama,7613287484147,39.90,69.90,106991,https://iyas.com.tr/purina-felix-85-gr-somonlu-kedi-yas-mama-106991-p-597836
Purina Felix 85 Gr Tavuk Etli Kedi Yas Mama,7613287484161,39.90,69.90,106992,https://iyas.com.tr/purina-felix-85-gr-tavuk-etli-kedi-yas-mama-106992-p-597852
Purina Felix 85 Gr Tavuklu,7613287491084,39.90,69.90,107961,https://iyas.com.tr/purina-felix-85-gr-tavuklu-107961-p-597844
Purina Felix 85 Gr Ton Balikli,7613287484185,39.90,69.90,107963,https://iyas.com.tr/purina-felix-85-gr-ton-balikli-107963-p-597850
Purina Friskies 300 Gr Kuru Mama,7613287171467,99.90,69.90,106995,https://iyas.com.tr/purina-friskies-300-gr-kuru-mama-106995-p-597837
Purina Friskies 85 Gr Tavuk Etli Kedi Yas Mama,7613036964043,34.90,69.90,106994,https://iyas.com.tr/purina-friskies-85-gr-tavuk-etli-kedi-yas-mama-106994-p-597843
Purina Friskies Sigir Etli Yas Mama 85 Gr,7613036964166,34.90,69.90,107959,https://iyas.com.tr/purina-friskies-sigir-etli-yas-mama-85-gr-107959-p-597841
Purina Gourmet 85 Gr Gold Parca Tavk Cig Yas Mama,7613032814601,54.90,69.90,106998,https://iyas.com.tr/purina-gourmet-85-gr-gold-parca-tavk-cig-yas-mama-106998-p-597838
Raid 45 Gece Sistem Sinek Kovucu 35 Ml,8690784121200,394.90,319.90,15634,https://iyas.com.tr/raid-45-gece-sistem-sinek-kovucu-35-ml-15634-p-118189
Raid Boceksavar Max 300 Ml,8690784812115,269.90,199.90,41211,https://iyas.com.tr/raid-boceksavar-max-300-ml-41211-p-113992
Raid Sineksavar 2 In 1 300 Ml,8690784311557,179.90,139.90,45442,https://iyas.com.tr/raid-sineksavar-2-in-1-300-ml-45442-p-143400
Ravioli 5 Peynirli 250 Gr,8682773395150,199.00,279.00,112478,https://iyas.com.tr/ravioli-5-peynirli-250-gr-112478-p-596479
Rebul Kofre Charlotte 50 Ml Edt 150 Ml Deo,8691226646312,344.90,149.90,101149,https://iyas.com.tr/rebul-kofre-charlotte-50-ml-edt-150-ml-deo-101149-p-569197
Rebul Kofre Isabella 50 Ml Edt 150 Ml Deo,8691226646350,344.90,149.90,101151,https://iyas.com.tr/rebul-kofre-isabella-50-ml-edt-150-ml-deo-101151-p-569159
Rebul Kofre Men 50 Ml Edt 150 Ml Deodorant Blazer,8691226646459,344.90,149.90,101802,https://iyas.com.tr/rebul-kofre-men-50-ml-edt-150-ml-deodorant-blazer-101802-p-569241
Rebul Kofre Men 50 Ml Edt 150 Ml Deodorant Sport,8691226643373,344.90,149.90,101801,https://iyas.com.tr/rebul-kofre-men-50-ml-edt-150-ml-deodorant-sport-101801-p-569180
Rebul Kofre Women 50 Ml Edt 150 Ml Deodorant Angel,8691226646374,344.90,149.90,101148,https://iyas.com.tr/rebul-kofre-women-50-ml-edt-150-ml-deodorant-angel-101148-p-569219
Rebul Kolonya 125 Ml Aqua,8691226642932,124.90,239.90,101159,https://iyas.com.tr/rebul-kolonya-125-ml-aqua-101159-p-583637
Rebul Kolonya 125 Ml Bouguet,8691226642963,124.90,239.90,101160,https://iyas.com.tr/rebul-kolonya-125-ml-bouguet-101160-p-586354
Rebul Kolonya 125 Ml Dark Spice,8691226642949,124.90,239.90,101161,https://iyas.com.tr/rebul-kolonya-125-ml-dark-spice-101161-p-584537
Rebul Kolonya 125 Ml Green Tea,8691226643007,124.90,239.90,101162,https://iyas.com.tr/rebul-kolonya-125-ml-green-tea-101162-p-584538
Rebul Kolonya 125 Ml Ice,8691226642925,124.90,239.90,101163,https://iyas.com.tr/rebul-kolonya-125-ml-ice-101163-p-582133
Rebul Kolonya 125 Ml Jasmine,8691226642970,124.90,239.90,101164,https://iyas.com.tr/rebul-kolonya-125-ml-jasmine-101164-p-582717
Rebul Kolonya 125 Ml Lavanta,8691226642987,124.90,239.90,101150,https://iyas.com.tr/rebul-kolonya-125-ml-lavanta-101150-p-583636
Rebul Kolonya 125 Ml Lime,8691226642994,124.90,239.90,101156,https://iyas.com.tr/rebul-kolonya-125-ml-lime-101156-p-581830
Rebul Kolonya 125 Ml Mandarine,8691226642956,124.90,239.90,101157,https://iyas.com.tr/rebul-kolonya-125-ml-mandarine-101157-p-581512
Rebul Kolonya 250 Ml Green Tea,8691226642437,249.90,239.90,101167,https://iyas.com.tr/rebul-kolonya-250-ml-green-tea-101167-p-584539
Rebul Kolonya 250 Ml Lime,8691226642420,249.90,239.90,101170,https://iyas.com.tr/rebul-kolonya-250-ml-lime-101170-p-586127
Rebul Kolonya 250 Ml Mandarine,8691226642352,249.90,239.90,101171,https://iyas.com.tr/rebul-kolonya-250-ml-mandarine-101171-p-583049
Rebul Kolonya 50 Ml Aqua,8691226631714,59.90,239.90,101798,https://iyas.com.tr/rebul-kolonya-50-ml-aqua-101798-p-581532
Rebul Kolonya 50 Ml Bouquet,8691226631745,59.90,239.90,101800,https://iyas.com.tr/rebul-kolonya-50-ml-bouquet-101800-p-584244
Rebul Kolonya 50 Ml Lavanta,8691226631691,59.90,239.90,101173,https://iyas.com.tr/rebul-kolonya-50-ml-lavanta-101173-p-584214
Rebul Kolonya 50 Ml Lime,8691226600369,59.90,239.90,101146,https://iyas.com.tr/rebul-kolonya-50-ml-lime-101146-p-586131
Rebul Kolonya 50 Ml Mandarine,8691226631707,59.90,239.90,101804,https://iyas.com.tr/rebul-kolonya-50-ml-mandarine-101804-p-584231
Rebul Kolonya 50 Ml Pine Forest,8691226646558,59.90,239.90,101147,https://iyas.com.tr/rebul-kolonya-50-ml-pine-forest-101147-p-585491
Rebul Men 50 Ml Edt150 Ml Deo Black Set,8691226646398,344.90,149.90,101803,https://iyas.com.tr/rebul-men-50-ml-edt150-ml-deo-black-set-101803-p-569146
Rebul S Sabun 500 Ml Ice,8691226656588,159.90,99.90,108453,https://iyas.com.tr/rebul-s-sabun-500-ml-ice-108453-p-596941
Rebul S Sabun 500 Ml Magnolia,8691226656601,159.90,99.90,108455,https://iyas.com.tr/rebul-s-sabun-500-ml-magnolia-108455-p-597012
Red Qeen Cimbiz Rq,8697888080228,54.90,37.90,93981,https://iyas.com.tr/red-qeen-cimbiz-rq-93981-p-125629
Red Qeen Torpu,8697888080211,49.90,37.90,93983,https://iyas.com.tr/red-qeen-torpu-93983-p-125631
Redbull Enerji Icecegi 250 Ml,90162602,59.90,81.00,33949,https://iyas.com.tr/redbull-enerji-icecegi-250-ml-33949-p-114197
Redbull Enerji Icecegi 250 Ml Blue Edition,90376894,59.90,81.00,50994,https://iyas.com.tr/redbull-enerji-icecegi-250-ml-blue-edition-50994-p-118515
Redbull Enerji Icecegi 250 Ml Elma,90486654,59.90,81.00,112394,https://iyas.com.tr/redbull-enerji-icecegi-250-ml-elma-112394-p-596275
Redbull Enerji Icecegi 250 Ml Karpuz,90448317,59.90,81.00,84811,https://iyas.com.tr/redbull-enerji-icecegi-250-ml-karpuz-84811-p-144573
Redbull Enerji Icecegi 250 Ml Lilac,90493652,59.90,81.00,114367,https://iyas.com.tr/redbull-enerji-icecegi-250-ml-lilac-114367-p-596277
Redbull Enerji Icecegi 250 Ml Seftali,90474675,59.90,81.00,112879,https://iyas.com.tr/redbull-enerji-icecegi-250-ml-seftali-112879-p-596276
Redbull Enerji Icecegi 250 Ml Sekersiz,90162848,59.90,81.00,34568,https://iyas.com.tr/redbull-enerji-icecegi-250-ml-sekersiz-34568-p-114196
Redbull Enerji Icecegi 250 Ml Wihite Edition,90433894,59.90,81.00,72104,https://iyas.com.tr/redbull-enerji-icecegi-250-ml-wihite-edition-72104-p-114202
Redbull Enerji Icecegi 355 Ml,9002490207960,95.00,81.00,33950,https://iyas.com.tr/redbull-enerji-icecegi-355-ml-33950-p-114200
Redbull Enerji Icecegi 473 Ml,9002490217754,120.00,81.00,43330,https://iyas.com.tr/redbull-enerji-icecegi-473-ml-43330-p-114201
Reflex Plus Somonlu Sticks Odul Mamasi 15 Gr,8698995033879,55.00,69.90,115452,https://iyas.com.tr/reflex-plus-somonlu-sticks-odul-mamasi-15-gr-115452-p-596835
Reflex Plus Tavuklu Ve Ordekli Sticks 15 Gr,8698995030212,55.00,69.90,115453,https://iyas.com.tr/reflex-plus-tavuklu-ve-ordekli-sticks-15-gr-115453-p-596837
Restorex 500 Ml 7 Besleyici Yag,8680512630937,129.90,99.90,91334,https://iyas.com.tr/restorex-500-ml-7-besleyici-yag-91334-p-146333
Restorex 500 Ml Collagen Biotin,8680512630616,129.90,99.90,89584,https://iyas.com.tr/restorex-500-ml-collagen-biotin-89584-p-141859
Restorex 500 Ml Ince Telli Ve Yagli Saclar,8697432096460,129.90,149.90,44489,https://iyas.com.tr/restorex-500-ml-ince-telli-ve-yagli-saclar-44489-p-131028
Restorex 500 Ml Keratin Argan,8680512630920,129.90,149.90,89583,https://iyas.com.tr/restorex-500-ml-keratin-argan-89583-p-141850
Restorex 500 Ml Kuru Ypranmis Saclar,8697432096453,129.90,99.90,44488,https://iyas.com.tr/restorex-500-ml-kuru-ypranmis-saclar-44488-p-131030
Restorex 500 Ml Sac Dokulmesine Karsi,8697432096477,129.90,99.90,44490,https://iyas.com.tr/restorex-500-ml-sac-dokulmesine-karsi-44490-p-131032
Restorex Sac Bakim Kremi 250 Ml Collogen Biotin,8680512630609,154.90,149.90,89588,https://iyas.com.tr/restorex-sac-bakim-kremi-250-ml-collogen-biotin-89588-p-141858
Restorex Sac Bakim Kremi 250 Ml Keratin Argan,8680512632993,154.90,149.90,102642,https://iyas.com.tr/restorex-sac-bakim-kremi-250-ml-keratin-argan-102642-p-581870
Restorex Sac Bakim Kremi 250 Ml Sarmasik Ozlu,8680512632801,154.90,149.90,99410,https://iyas.com.tr/restorex-sac-bakim-kremi-250-ml-sarmasik-ozlu-99410-p-126230
Restorex Sac Bakim Yagi 80 Ml 7 Besleyici Yag,8680512633686,209.90,149.90,102645,https://iyas.com.tr/restorex-sac-bakim-yagi-80-ml-7-besleyici-yag-102645-p-584014
Restorex Sac Maskesi 300 Ml Keratin Argan,8680512634362,154.90,149.90,102643,https://iyas.com.tr/restorex-sac-maskesi-300-ml-keratin-argan-102643-p-581259
Restorex Sivi Sac Kremi 200 Ml Collogen Biotin,8680512630630,154.90,149.90,89587,https://iyas.com.tr/restorex-sivi-sac-kremi-200-ml-collogen-biotin-89587-p-141860
Restorex Sivi Sac Kremi 200 Ml Hizli Uzama Etki,8680512607687,154.90,149.90,64435,https://iyas.com.tr/restorex-sivi-sac-kremi-200-ml-hizli-uzama-etki-64435-p-131042
Rexona Deodorant 150 Ml Musk,8683130019207,179.90,149.90,95599,https://iyas.com.tr/rexona-deodorant-150-ml-musk-95599-p-134226
Rexona Deodorant 150 Ml Ocean Fresh,8683130019214,179.90,149.90,95598,https://iyas.com.tr/rexona-deodorant-150-ml-ocean-fresh-95598-p-134225
Rexona Deodorant Bayan 150 Ml Cotton Dry,8683130019283,179.90,149.90,94243,https://iyas.com.tr/rexona-deodorant-bayan-150-ml-cotton-dry-94243-p-129874
Rexona Deodorant Bayan 150 Ml Diamond Invisible Bw,8683130020265,179.90,149.90,46135,https://iyas.com.tr/rexona-deodorant-bayan-150-ml-diamond-invisible-bw-46135-p-143290
Rexona Deodorant Bayan 150 Ml Mystic,8683130070536,179.90,149.90,103177,https://iyas.com.tr/rexona-deodorant-bayan-150-ml-mystic-103177-p-585556
Rexona Deodorant Bayan 150 Ml Seftali Limon Otu,8683130019306,179.90,149.90,94809,https://iyas.com.tr/rexona-deodorant-bayan-150-ml-seftali-limon-otu-94809-p-142655
Rexona Deodorant Bayan 150 Ml Sexy Bouquet,8683130019269,179.90,149.90,30983,https://iyas.com.tr/rexona-deodorant-bayan-150-ml-sexy-bouquet-30983-p-143287
Rexona Deodorant Bayan 150 Ml Shower Fresh,8683130019290,179.90,149.90,93671,https://iyas.com.tr/rexona-deodorant-bayan-150-ml-shower-fresh-93671-p-138171
Rexona Deodorant Men 150 Ml Black White,8683130020302,179.90,149.90,94805,https://iyas.com.tr/rexona-deodorant-men-150-ml-black-white-94805-p-142651
Rexona Deodorant Men 150 Ml Extra Cool,8683130019344,179.90,149.90,94807,https://iyas.com.tr/rexona-deodorant-men-150-ml-extra-cool-94807-p-142653
Rexona Deodorant Men 150 Ml Invisible Ice Fresh,8683130020296,179.90,149.90,95172,https://iyas.com.tr/rexona-deodorant-men-150-ml-invisible-ice-fresh-95172-p-121463
Rexona Deodorant Men 150 Ml Komur Detox,8683130019320,179.90,149.90,94804,https://iyas.com.tr/rexona-deodorant-men-150-ml-komur-detox-94804-p-142650
Rexona Deodorant Men 150 Ml Mentol,8683130131183,179.90,149.90,114563,https://iyas.com.tr/rexona-deodorant-men-150-ml-mentol-114563-p-598369
Rexona Deodorant Men 150 Ml Ocean Deep,8683130039090,179.90,149.90,95600,https://iyas.com.tr/rexona-deodorant-men-150-ml-ocean-deep-95600-p-134227
Rexona Men Champions Deodorant 150 Ml,8683130027486,179.90,149.90,94077,https://iyas.com.tr/rexona-men-champions-deodorant-150-ml-94077-p-142482
Rexona Roll On Bayan 50 Ml Cotton Dry,6221155149213,169.90,149.90,102898,https://iyas.com.tr/rexona-roll-on-bayan-50-ml-cotton-dry-102898-p-581875
Rexona Roll On Clinical Men 45 Ml Clean Scent,8683130070376,389.90,149.90,104218,https://iyas.com.tr/rexona-roll-on-clinical-men-45-ml-clean-scent-104218-p-584984
Rexona Roll On Men 50 Ml Mentol,8683130131305,169.90,149.90,114564,https://iyas.com.tr/rexona-roll-on-men-50-ml-mentol-114564-p-596973
Rexona Stick Men 50 Ml Invisible On Bw Clothes,8683130088203,199.90,149.90,104223,https://iyas.com.tr/rexona-stick-men-50-ml-invisible-on-bw-clothes-104223-p-582826
Reyhan Adet,2306073,50.00,30.00,91712,https://iyas.com.tr/reyhan-adet-91712-p-129478
Rinso Bkm Seri 2500 Ml Siyah Komur,8683130123553,159.90,74.90,113020,https://iyas.com.tr/rinso-bkm-seri-2500-ml-siyah-komur-113020-p-597953
Rinso Deniz Mineralleri Toz Camasir Deterjani 6 Kg,8690637959707,289.90,44.90,98903,https://iyas.com.tr/rinso-deniz-mineralleri-toz-camasir-deterjani-6-kg-98903-p-143105
Rinso Matik 10 Kg Limon Karbonat,8690637959967,339.90,44.90,89365,https://iyas.com.tr/rinso-matik-10-kg-limon-karbonat-89365-p-129171
Rinsomatik 6 Kg Limon Karbonat,8690637959714,279.90,44.90,99066,https://iyas.com.tr/rinsomatik-6-kg-limon-karbonat-99066-p-147375
Rinsomatik 8 Kg Limon Karbonat,8690637959806,299.90,44.90,90618,https://iyas.com.tr/rinsomatik-8-kg-limon-karbonat-90618-p-133545
Rinsomatik Konsantre 4 Kg Limon Karbonat,8690637959486,219.90,44.90,97790,https://iyas.com.tr/rinsomatik-konsantre-4-kg-limon-karbonat-97790-p-138748
Rinsomatik Konstre 1500 Gr Limon Karbonat,8690637959394,104.90,44.90,98875,https://iyas.com.tr/rinsomatik-konstre-1500-gr-limon-karbonat-98875-p-143077
Riposte Parfum 100 Ml Bayan Cristal,8681480121670,229.90,149.90,115040,https://iyas.com.tr/riposte-parfum-100-ml-bayan-cristal-115040-p-597288
Riposte Parfum 100 Ml Bayan Madame,8681480121571,239.90,149.90,115044,https://iyas.com.tr/riposte-parfum-100-ml-bayan-madame-115044-p-598273
Riposte Parfum 100 Ml Bayan Sweet,8681480121700,239.90,149.90,115048,https://iyas.com.tr/riposte-parfum-100-ml-bayan-sweet-115048-p-597096
Riposte Parfum 100 Ml Bayram Premium,8681480121663,229.90,149.90,115046,https://iyas.com.tr/riposte-parfum-100-ml-bayram-premium-115046-p-597113
Roka Adet,2306006,25.00,25.00,21932,https://iyas.com.tr/roka-adet-21932-p-127216
Roll On Sir Agda 100 Ml Cay,8697422250629,84.90,149.90,95421,https://iyas.com.tr/roll-on-sir-agda-100-ml-cay-95421-p-129933
Roll On Sir Agda 100 Ml Limon,8697422250407,79.90,149.90,95426,https://iyas.com.tr/roll-on-sir-agda-100-ml-limon-95426-p-129938
Roll On Sir Agda 100 Ml Portakal,8697422250674,79.90,149.90,95419,https://iyas.com.tr/roll-on-sir-agda-100-ml-portakal-95419-p-129931
Roll On Sir Agda Bandi 100 Ml Hindistan Cevizi,8697422250391,84.90,149.90,95417,https://iyas.com.tr/roll-on-sir-agda-bandi-100-ml-hindistan-cevizi-95417-p-129929
Roll On Sir Agda Bandi 100 Ml Kavun,8697422250681,84.90,149.90,95449,https://iyas.com.tr/roll-on-sir-agda-bandi-100-ml-kavun-95449-p-129961
Ronassi 4in1 Dudak Parlatici Rns,8683543712979,49.50,239.90,94842,https://iyas.com.tr/ronassi-4in1-dudak-parlatici-rns-94842-p-142597
Ronassi 7 Shade Multi Finish Eyeshadow Palette,8683543712856,69.90,37.90,94885,https://iyas.com.tr/ronassi-7-shade-multi-finish-eyeshadow-palette-94885-p-142638
Ronassi Allik Rns 133,8683543716939,79.90,37.90,96191,https://iyas.com.tr/ronassi-allik-rns-133-96191-p-121583
Ronassi Bronzer Rns,8683543713198,69.90,37.90,102253,https://iyas.com.tr/ronassi-bronzer-rns-102253-p-583079
Ronassi Glitter Ruj Rns 048,8683543712108,44.90,37.90,94872,https://iyas.com.tr/ronassi-glitter-ruj-rns-048-94872-p-142625
Ronassi Goz Kalemi Beyaz,8683543712917,34.90,149.90,96214,https://iyas.com.tr/ronassi-goz-kalemi-beyaz-96214-p-121606
Ronassi Lipgloss Matte Velvet Rns 071,8683543712375,69.90,54.90,94883,https://iyas.com.tr/ronassi-lipgloss-matte-velvet-rns-071-94883-p-142636
Ronassi Matte Velvet Lipstick Rns,8683543717578,69.90,37.90,102255,https://iyas.com.tr/ronassi-matte-velvet-lipstick-rns-102255-p-581243
Ronassi Rival Mascara Rns,8683543712238,69.90,149.90,102252,https://iyas.com.tr/ronassi-rival-mascara-rns-102252-p-585208
Ronassi Ruj Rns 007,8683543711224,69.90,239.90,94838,https://iyas.com.tr/ronassi-ruj-rns-007-94838-p-142593
Ronassi Ruj Rns 127,8683543716878,69.90,239.90,96195,https://iyas.com.tr/ronassi-ruj-rns-127-96195-p-121587
Ronassi Ruj Rns 297,8683543719923,74.90,37.90,111619,https://iyas.com.tr/ronassi-ruj-rns-297-111619-p-597201
Ronassi Sivi Highlighter Rns 123,8683543713259,89.90,69.90,96189,https://iyas.com.tr/ronassi-sivi-highlighter-rns-123-96189-p-121581
Rose Katlanan Tarak Rf1521,6926676012090,79.90,149.90,108127,https://iyas.com.tr/rose-katlanan-tarak-rf1521-108127-p-597294
Rose Kavanoz Sunger Lotus Rf 441,6926676012168,94.90,37.90,113736,https://iyas.com.tr/rose-kavanoz-sunger-lotus-rf-441-113736-p-597108
Rosemix Gulsuyu 400 Ml,8680422910884,145.00,149.90,107056,https://iyas.com.tr/rosemix-gulsuyu-400-ml-107056-p-587718
Rosense Gul Kolonyasi 300 Ml,8693347003104,195.00,239.90,34135,https://iyas.com.tr/rosense-gul-kolonyasi-300-ml-34135-p-144372
Rosense Gul Yagi 250 Ml Dus Jeli,8693347009885,155.00,99.90,112086,https://iyas.com.tr/rosense-gul-yagi-250-ml-dus-jeli-112086-p-596980
Royal P Cimbiz Rc 38,6985423361386,27.90,37.90,108134,https://iyas.com.tr/royal-p-cimbiz-rc-38-108134-p-597210
Royal P Cocuk Taragi Rc 510,6900202300455,94.90,149.90,113757,https://iyas.com.tr/royal-p-cocuk-taragi-rc-510-113757-p-597243
Royal P Diamond Lip Oil Rpl 601,6970916452818,49.90,37.90,113745,https://iyas.com.tr/royal-p-diamond-lip-oil-rpl-601-113745-p-598359
Royal P Lip Oil Rp 008,6942366100892,139.90,37.90,113749,https://iyas.com.tr/royal-p-lip-oil-rp-008-113749-p-597143
Royal P Takma Kirpik Rc 65,6929123400211,44.90,37.90,109032,https://iyas.com.tr/royal-p-takma-kirpik-rc-65-109032-p-597138
Royal Paris 10 X Ayna Rc 216,99999311181,54.90,37.90,101921,https://iyas.com.tr/royal-paris-10-x-ayna-rc-216-101921-p-583657
Royal Paris 4 In 1 Shine Far Rps,6933495864472,109.90,37.90,102243,https://iyas.com.tr/royal-paris-4-in-1-shine-far-rps-102243-p-586161
Royal Paris Buyuk Boy Tirnak Makasi Rc 233,6985423362338,39.90,37.90,111101,https://iyas.com.tr/royal-paris-buyuk-boy-tirnak-makasi-rc-233-111101-p-597056
Royal Paris Katlanir Kas Fircasi Rc 214,6985423362147,39.90,37.90,110900,https://iyas.com.tr/royal-paris-katlanir-kas-fircasi-rc-214-110900-p-597110
Royal Paris Kucuk Boy Tirnak Makasi Rc 234,6985423362345,39.90,37.90,110904,https://iyas.com.tr/royal-paris-kucuk-boy-tirnak-makasi-rc-234-110904-p-597174
Royal Paris Lipliner Pencil Set,6928381484100,39.90,37.90,99954,https://iyas.com.tr/royal-paris-lipliner-pencil-set-99954-p-585472
Royal Paris Mini Sac Duzlestirici Rc 318,6940076660019,154.90,37.90,110906,https://iyas.com.tr/royal-paris-mini-sac-duzlestirici-rc-318-110906-p-596971
Ruffles Orta 50 Gr Ketcap,8690624105667,35.00,74.90,91902,https://iyas.com.tr/ruffles-orta-50-gr-ketcap-91902-p-137926
Sabah Margarin 250 Gr Pkt Hesapli,8690566100072,44.90,59.90,22006,https://iyas.com.tr/sabah-margarin-250-gr-pkt-hesapli-22006-p-118764
Sac Masaj Taragi,8683347805860,39.90,149.90,100832,https://iyas.com.tr/sac-masaj-taragi-100832-p-581790
Sade Ekmek Kadayifi 1 Kg,2183000555348,399.90,129.90,115096,https://iyas.com.tr/sade-ekmek-kadayifi-1-kg-115096-p-595998
Sade Ekmek Kadayifi 400 Gr,2183000555294,149.90,129.90,115090,https://iyas.com.tr/sade-ekmek-kadayifi-400-gr-115090-p-596000
Sade Ekmek Kadayifi 500 Gr,2183000555317,199.90,129.90,115093,https://iyas.com.tr/sade-ekmek-kadayifi-500-gr-115093-p-596001
Sade Kakaolu Kucuk Pismaniye 220 Gr,2183000555140,149.90,129.90,114683,https://iyas.com.tr/sade-kakaolu-kucuk-pismaniye-220-gr-114683-p-595629
Sade Kakaolu Mini Pismaniye 150 Gr,2183000555133,99.90,129.90,114682,https://iyas.com.tr/sade-kakaolu-mini-pismaniye-150-gr-114682-p-595628
Sade Konya Sarmasi 180 Gr,2183000555195,149.90,129.90,114688,https://iyas.com.tr/sade-konya-sarmasi-180-gr-114688-p-595634
Sade Kunefe,2183000551593,220.00,290.00,99704,https://iyas.com.tr/sade-kunefe-99704-p-134747
Sade Lokum 1 Kg,2183000554983,149.90,129.90,114667,https://iyas.com.tr/sade-lokum-1-kg-114667-p-595588
Sade Lokum 300 Gr,2183000554860,49.90,129.90,114655,https://iyas.com.tr/sade-lokum-300-gr-114655-p-595576
Sade Lokum 500 Gr,2183000554921,99.90,129.90,114661,https://iyas.com.tr/sade-lokum-500-gr-114661-p-595582
Sade Mevlana Sekeri 350 Gr,2183000555201,99.90,129.90,114689,https://iyas.com.tr/sade-mevlana-sekeri-350-gr-114689-p-595635
Salamura Yaprak 5 Lik Bidon Adet,2301403,899.90,849.90,106783,https://iyas.com.tr/salamura-yaprak-5-lik-bidon-adet-106783-p-587376
Salatalik Kilo,2209011,49.90,59.90,22035,https://iyas.com.tr/salatalik-kilo-22035-p-127217
Salatalik Silor Kilo,2209091,54.90,49.90,22809,https://iyas.com.tr/salatalik-silor-kilo-22809-p-114709
Sami Efendi Bitki Cayi 30 Gr Adacayi,8681619006632,99.90,69.90,80686,https://iyas.com.tr/sami-efendi-bitki-cayi-30-gr-adacayi-80686-p-131610
Sami Efendi Bitki Cayi 30 Gr Ihlamur,8681619006649,119.00,89.90,80685,https://iyas.com.tr/sami-efendi-bitki-cayi-30-gr-ihlamur-80685-p-131609
Sami Efendi Bitki Cayi 30 Gr Kekik Dal,8681619006625,99.90,69.90,80687,https://iyas.com.tr/sami-efendi-bitki-cayi-30-gr-kekik-dal-80687-p-131611
Sami Efendi Bitki Cayi 30 Gr Papatya,8681619006861,99.90,69.90,99870,https://iyas.com.tr/sami-efendi-bitki-cayi-30-gr-papatya-99870-p-585771
Sami Efendi Bitki Cayi 75 Gr Kis Serisi,8681619006717,99.90,69.90,80689,https://iyas.com.tr/sami-efendi-bitki-cayi-75-gr-kis-serisi-80689-p-131612
Sami Efendi Bitki Cayi 90 Gr Rezene,8681619006854,99.90,69.90,99869,https://iyas.com.tr/sami-efendi-bitki-cayi-90-gr-rezene-99869-p-584850
Sami Efendi Kakao 500 Gr,8681619006212,279.00,249.00,114868,https://iyas.com.tr/sami-efendi-kakao-500-gr-114868-p-596704
Sami Efendi Kup Cay 170 Gr Bomba Atom,8681619006809,79.90,59.90,99867,https://iyas.com.tr/sami-efendi-kup-cay-170-gr-bomba-atom-99867-p-585769
Sami Efendi Kup Cay 170 Gr Nane Limon,8681619006793,79.90,59.90,99868,https://iyas.com.tr/sami-efendi-kup-cay-170-gr-nane-limon-99868-p-585770
Sami Efendi Soda Bi Karbonat 100 Gr,8681619006007,17.90,14.90,77849,https://iyas.com.tr/sami-efendi-soda-bi-karbonat-100-gr-77849-p-122821
Sami Efendi Soda Bi Karbonat 250 Gr,8681619006076,39.90,29.90,77850,https://iyas.com.tr/sami-efendi-soda-bi-karbonat-250-gr-77850-p-122822
Sami Efendi Toz Cay 230 Gr Bomba Atom,8681619006618,74.90,59.90,80690,https://iyas.com.tr/sami-efendi-toz-cay-230-gr-bomba-atom-80690-p-131613
Sami Efendi Toz Cay 230 Gr Nane Limon,8681619006571,74.90,59.90,105298,https://iyas.com.tr/sami-efendi-toz-cay-230-gr-nane-limon-105298-p-587306
Sana Ekmekustu Kase Margarin 500 Gr,8719200751576,139.00,59.90,97798,https://iyas.com.tr/sana-ekmekustu-kase-margarin-500-gr-97798-p-138756
Sana Paket Margarin 250 Gr,8719200751613,49.90,29.90,97794,https://iyas.com.tr/sana-paket-margarin-250-gr-97794-p-138752
Sana Tereyagi Lezzeti Margarin 250 Gr,8719200751569,59.90,59.90,98545,https://iyas.com.tr/sana-tereyagi-lezzeti-margarin-250-gr-98545-p-130365
Saray Gold Kahve 150 Gr,8683295140051,185.00,89.50,114373,https://iyas.com.tr/saray-gold-kahve-150-gr-114373-p-596807
Saray Kahve 200 Gr Dibek,8683295140013,99.90,69.90,100842,https://iyas.com.tr/saray-kahve-200-gr-dibek-100842-p-584177
Saray Kahve 200 Gr Osmanli,8683295140006,99.90,69.90,100841,https://iyas.com.tr/saray-kahve-200-gr-osmanli-100841-p-583302
Saray Kahve 200 Gr Osmanli Kakuleli,8683295140037,99.90,69.90,100844,https://iyas.com.tr/saray-kahve-200-gr-osmanli-kakuleli-100844-p-585436
Saray Kahve 200 Gr Sutlu Menengic,8683295140020,99.90,69.90,100843,https://iyas.com.tr/saray-kahve-200-gr-sutlu-menengic-100843-p-585435
Saray Kahve O 200 Gr Damla Sakizli,8683295140044,99.50,89.50,100845,https://iyas.com.tr/saray-kahve-o-200-gr-damla-sakizli-100845-p-583303
Saray Kahve O 200 Gr Findikli,8683295140303,99.50,89.50,100846,https://iyas.com.tr/saray-kahve-o-200-gr-findikli-100846-p-582083
Saray Kahve O 200 Gr Karamelli,8683295140297,99.50,89.50,100847,https://iyas.com.tr/saray-kahve-o-200-gr-karamelli-100847-p-585437
Saray Turk Kahvesi 100 Gr,8683295140105,65.00,89.50,114374,https://iyas.com.tr/saray-turk-kahvesi-100-gr-114374-p-596693
Sarelle 33 Gr Antep Fistikli,8683417003370,44.90,30.00,109540,https://iyas.com.tr/sarelle-33-gr-antep-fistikli-109540-p-596716
Sarelle 33 Gr Orman Meyveli,8683417002748,26.95,9.90,109539,https://iyas.com.tr/sarelle-33-gr-orman-meyveli-109539-p-596745
Sarelle 350 Gr Duo,8683417000041,199.00,249.00,98071,https://iyas.com.tr/sarelle-350-gr-duo-98071-p-147272
Sarelle 350 Gr Findik Bitter Cikolatali,8683417000065,215.00,249.00,97801,https://iyas.com.tr/sarelle-350-gr-findik-bitter-cikolatali-97801-p-138759
Sarelle 350 Gr Kak Findik Kremasi,8683417000027,199.00,249.00,97799,https://iyas.com.tr/sarelle-350-gr-kak-findik-kremasi-97799-p-138757
Sarelle 50 Gr Kak Findik Kremasi,8683417000003,39.90,249.00,22243,https://iyas.com.tr/sarelle-50-gr-kak-findik-kremasi-22243-p-136190
Sarelle 700 Gr Kak Findik Kremasi,8683417000126,395.00,249.00,97800,https://iyas.com.tr/sarelle-700-gr-kak-findik-kremasi-97800-p-138758
Sarelle Duo Gofret Gold Sutlu 33 Gr,8683417000720,26.95,30.00,98386,https://iyas.com.tr/sarelle-duo-gofret-gold-sutlu-33-gr-98386-p-126099
Sarelle Gofret Gold 33 Gr,8683417000669,26.95,30.00,98171,https://iyas.com.tr/sarelle-gofret-gold-33-gr-98171-p-117738
Sarelle Gofret Gold Bitter 33 Gr,8683417000690,26.95,30.00,98387,https://iyas.com.tr/sarelle-gofret-gold-bitter-33-gr-98387-p-126100
Sarelle Gofret Hindistan Cevi 33 Gr,8683417001338,26.95,30.00,93853,https://iyas.com.tr/sarelle-gofret-hindistan-cevi-33-gr-93853-p-138272
Sarelle Grissini 50 Gr,8683417003059,39.90,249.00,109094,https://iyas.com.tr/sarelle-grissini-50-gr-109094-p-596429
Sarimsak Kuru Kilo,2209033,349.90,249.90,22250,https://iyas.com.tr/sarimsak-kuru-kilo-22250-p-127218
Sariyer 1 5 Lt Sade Gazoz,8683789552124,44.50,34.50,100556,https://iyas.com.tr/sariyer-1-5-lt-sade-gazoz-100556-p-575160
Sariyer 1 Lt Cola,8683789552193,39.50,34.50,102503,https://iyas.com.tr/sariyer-1-lt-cola-102503-p-583678
Sariyer 1 Lt Sade Gazoz,8698720870946,34.50,81.00,100544,https://iyas.com.tr/sariyer-1-lt-sade-gazoz-100544-p-575550
Sariyer 2 5 Lt Cola,8683789552216,65.00,81.00,101537,https://iyas.com.tr/sariyer-2-5-lt-cola-101537-p-582151
Sariyer 2 5 Lt Portakal,8683789552179,65.00,81.00,101576,https://iyas.com.tr/sariyer-2-5-lt-portakal-101576-p-568455
Sariyer 200 Ml Cam Sade Gazoz,8683789552643,20.00,81.00,101331,https://iyas.com.tr/sariyer-200-ml-cam-sade-gazoz-101331-p-568299
Sariyer 330 Ml Teneke Kola,8683789552513,27.50,81.00,102374,https://iyas.com.tr/sariyer-330-ml-teneke-kola-102374-p-575544
Sariyer 330 Ml Teneke Portakal,8683789552490,27.50,81.00,102373,https://iyas.com.tr/sariyer-330-ml-teneke-portakal-102373-p-578726
Sariyer Karisik Meyve Aromali Cam Sise Gazoz 250 Ml,8683789552186,15.00,12.50,86891,https://iyas.com.tr/sariyer-karisik-meyve-aromali-cam-sise-gazoz-250-ml-86891-p-129141
Sariyer Limonata 1 Lt Pet,8683789552537,39.50,32.50,106678,https://iyas.com.tr/sariyer-limonata-1-lt-pet-106678-p-587860
Sarma Beyti,2183000551128,600.00,290.00,99670,https://iyas.com.tr/sarma-beyti-99670-p-134713
Sasta Bambu 50 Ml Oda Kokusu Lavanta,8683613400782,104.90,99.90,112919,https://iyas.com.tr/sasta-bambu-50-ml-oda-kokusu-lavanta-112919-p-597099
Sasta Bambu 50 Ml Oda Kokusu Yasemin,8683613410972,104.90,149.90,111503,https://iyas.com.tr/sasta-bambu-50-ml-oda-kokusu-yasemin-111503-p-597100
Sasta Mini Cam Kulluk,8683613417612,95.00,20.00,114701,https://iyas.com.tr/sasta-mini-cam-kulluk-114701-p-599113
Saygin 100 Nar Eksisi 340 Gr,8684059900423,149.00,59.90,106402,https://iyas.com.tr/saygin-100-nar-eksisi-340-gr-106402-p-587320
Saygin 500 Ml Sivi Tuz,8684059900447,199.00,29.95,114361,https://iyas.com.tr/saygin-500-ml-sivi-tuz-114361-p-596618
Saygin Cesni 50 Gr,8680817009698,199.00,29.95,106401,https://iyas.com.tr/saygin-cesni-50-gr-106401-p-597932
Saygin Derin Yeralti Kaynak Tuzu 500 Gr,8680817009308,59.90,29.90,112227,https://iyas.com.tr/saygin-derin-yeralti-kaynak-tuzu-500-gr-112227-p-597933
Saygin Himalaya Tuzu Degirmen 110 G,8680817009384,159.00,29.95,106399,https://iyas.com.tr/saygin-himalaya-tuzu-degirmen-110-g-106399-p-597934
Saygin Himayala Tuzu 250 Gr Tuzluklu,8680817009025,84.90,29.95,106400,https://iyas.com.tr/saygin-himayala-tuzu-250-gr-tuzluklu-106400-p-597935
Saygin Himayala Tuzu 500 Gr 106397,,,,,https://iyas.com.tr/saygin-himayala-tuzu-500-gr-106397-p-597936
Saygin Himayala Tuzu 500 Gr Ogutme,8680817009681,114.90,29.95,106398,https://iyas.com.tr/saygin-himayala-tuzu-500-gr-ogutme-106398-p-597937
Saygin Kaya Tuzu 110 Gr Degirmen,8680817009377,149.00,29.95,106395,https://iyas.com.tr/saygin-kaya-tuzu-110-gr-degirmen-106395-p-597938
Saygin Kaya Tuzu 1100 Gr Hediyeli,8684059900614,189.00,179.00,109534,https://iyas.com.tr/saygin-kaya-tuzu-1100-gr-hediyeli-109534-p-597939
Saygin Kaya Tuzu 1500 Gr Salamura,8684059900386,179.00,99.90,109535,https://iyas.com.tr/saygin-kaya-tuzu-1500-gr-salamura-109535-p-597940
Saygin Kaya Tuzu 250 Gr Tuzluklu,8680817009728,69.90,29.95,106396,https://iyas.com.tr/saygin-kaya-tuzu-250-gr-tuzluklu-106396-p-597941
Saygin Kaya Tuzu 500 Gr Ogutme,8680817009636,84.90,29.95,106394,https://iyas.com.tr/saygin-kaya-tuzu-500-gr-ogutme-106394-p-597942
Saygin Kaya Tuzu 500 Gr Sofralik,8680817009643,39.90,29.95,106393,https://iyas.com.tr/saygin-kaya-tuzu-500-gr-sofralik-106393-p-596633
Saygin Organik 500 Ml Ananas Sirkesi,8684059900737,229.00,59.90,110849,https://iyas.com.tr/saygin-organik-500-ml-ananas-sirkesi-110849-p-597943
Saygin Organik 500 Ml Ceviz Sirkesi,8684059900317,229.00,59.90,110851,https://iyas.com.tr/saygin-organik-500-ml-ceviz-sirkesi-110851-p-597944
Saygin Organik 500 Ml Elma Sirkesi,8680817009513,229.00,59.90,110850,https://iyas.com.tr/saygin-organik-500-ml-elma-sirkesi-110850-p-597945
Saygin Organik 500 Ml Enginar Sirkesi,8684059900416,229.00,59.90,110852,https://iyas.com.tr/saygin-organik-500-ml-enginar-sirkesi-110852-p-597946
Saygin Organik 500 Ml Uzum Sirkesi,8680817009445,229.00,59.90,110853,https://iyas.com.tr/saygin-organik-500-ml-uzum-sirkesi-110853-p-598017
Schweppes 1 Lt Pet Limon,5000112666403,85.00,81.00,103426,https://iyas.com.tr/schweppes-1-lt-pet-limon-103426-p-583120
Schweppes 1 Lt Pet Mandalina,5000112666427,85.00,81.00,102684,https://iyas.com.tr/schweppes-1-lt-pet-mandalina-102684-p-584584
Schweppes 1 Lt Pet Tonik,5000112666410,85.00,81.00,104068,https://iyas.com.tr/schweppes-1-lt-pet-tonik-104068-p-583793
Sector Wax 150 Ml Mavi,8697426871714,119.90,149.90,86901,https://iyas.com.tr/sector-wax-150-ml-mavi-86901-p-129159
Sector Wax 150 Ml Siyah,8697426871028,129.90,149.90,86900,https://iyas.com.tr/sector-wax-150-ml-siyah-86900-p-133324
Sector Wax 150 Ml Turuncu,8697426871752,119.90,149.90,86899,https://iyas.com.tr/sector-wax-150-ml-turuncu-86899-p-133337
Seftali Kilo,2209062,109.90,84.90,22328,https://iyas.com.tr/seftali-kilo-22328-p-114674
Selin Kolonya Bidon 700 Ml,8690530055643,159.90,129.90,115006,https://iyas.com.tr/selin-kolonya-bidon-700-ml-115006-p-596900
Selin Kolonya Bidon 900 Ml,8690530030176,199.90,239.90,38198,https://iyas.com.tr/selin-kolonya-bidon-900-ml-38198-p-117910
Selin Kolonya Buz Ferahligi 100 Ml,8690530034105,69.90,239.90,89810,https://iyas.com.tr/selin-kolonya-buz-ferahligi-100-ml-89810-p-141965
Selin Kolonya Limon Pet 200 Ml,8693239233633,79.90,239.90,98144,https://iyas.com.tr/selin-kolonya-limon-pet-200-ml-98144-p-117711
Selin Kolonya Limon Pet 400 Ml,8693239233664,129.90,239.90,98143,https://iyas.com.tr/selin-kolonya-limon-pet-400-ml-98143-p-117710
Selin Kolonya Limon Sprey 150 Ml,8693239203308,84.90,239.90,38194,https://iyas.com.tr/selin-kolonya-limon-sprey-150-ml-38194-p-144381
Selin Kolonya Parfumlu 100 Ml Sprey Cicek,8690530034044,69.90,239.90,89808,https://iyas.com.tr/selin-kolonya-parfumlu-100-ml-sprey-cicek-89808-p-141963
Selin Kolonya Parfumlu 100 Ml Sprey Kiraz,8690530034075,69.90,239.90,89809,https://iyas.com.tr/selin-kolonya-parfumlu-100-ml-sprey-kiraz-89809-p-141964
Selin Kolonya Parfumlu 400 Ml Ardic,8690530033771,129.90,149.90,89812,https://iyas.com.tr/selin-kolonya-parfumlu-400-ml-ardic-89812-p-146177
Selin Kolonya Parfumlu 400 Ml Buz,8690530033955,129.90,239.90,89816,https://iyas.com.tr/selin-kolonya-parfumlu-400-ml-buz-89816-p-146150
Selin Kolonya Parfumlu 400 Ml Cicek,8690530033863,129.90,239.90,89814,https://iyas.com.tr/selin-kolonya-parfumlu-400-ml-cicek-89814-p-146158
Selin Kolonya Parfumlu 400 Ml Kiraz,8690530033917,129.90,239.90,89815,https://iyas.com.tr/selin-kolonya-parfumlu-400-ml-kiraz-89815-p-141967
Selin Kolonya Parfumlu 400 Ml Lavanta,8690530033535,129.90,239.90,89813,https://iyas.com.tr/selin-kolonya-parfumlu-400-ml-lavanta-89813-p-146175
Selin Kolonya Parfumlu 400 Ml Mandalina,8690530033832,129.90,239.90,91130,https://iyas.com.tr/selin-kolonya-parfumlu-400-ml-mandalina-91130-p-137927
Selin Kolonya Parfumlu 400 Ml Okyanus,8690530033986,129.90,239.90,89817,https://iyas.com.tr/selin-kolonya-parfumlu-400-ml-okyanus-89817-p-146170
Selin Lavanta Sprey Kolonya 100 Ml,8690530047884,69.90,239.90,99151,https://iyas.com.tr/selin-lavanta-sprey-kolonya-100-ml-99151-p-117826
Selin Okyanus Esintisi Kolonya Sprey 100 Ml,8690530034143,69.90,239.90,89811,https://iyas.com.tr/selin-okyanus-esintisi-kolonya-sprey-100-ml-89811-p-141966
Selpak Extra Banyo Ferahlatma Tuvalet Kagidi 16 Adet,8690530044746,229.90,369.90,90726,https://iyas.com.tr/selpak-extra-banyo-ferahlatma-tuvalet-kagidi-16-adet-90726-p-133613
Selpak Extra Yag Emici Havlu 8 Adet,8690530045361,169.90,369.90,90727,https://iyas.com.tr/selpak-extra-yag-emici-havlu-8-adet-90727-p-133614
Selpak Havlu Beyaz 12li,8690530125001,249.90,199.90,37231,https://iyas.com.tr/selpak-havlu-beyaz-12li-37231-p-122093
Selpak Havlu Dev Rulo 1 2 Maxi,8690530036499,69.90,54.90,94007,https://iyas.com.tr/selpak-havlu-dev-rulo-1-2-maxi-94007-p-142454
Selpak Havlu Dev Rulo 2li,8690530036451,114.90,369.90,85708,https://iyas.com.tr/selpak-havlu-dev-rulo-2li-85708-p-127865
Selpak Kutu Mendil 50 Li,8690530036697,74.90,369.90,91183,https://iyas.com.tr/selpak-kutu-mendil-50-li-91183-p-142146
Selpak Mendil Cicek Kokulu,8690530001350,7.50,369.90,37253,https://iyas.com.tr/selpak-mendil-cicek-kokulu-37253-p-114489
Selpak Mendil Klasik,8690530001336,6.90,369.90,37251,https://iyas.com.tr/selpak-mendil-klasik-37251-p-144426
Selpak Mendil Losyonlu,8690530261327,7.50,369.90,37254,https://iyas.com.tr/selpak-mendil-losyonlu-37254-p-139619
Selpak Mendil Mentollu,8690530001343,7.50,369.90,37252,https://iyas.com.tr/selpak-mendil-mentollu-37252-p-139620
Selpak Pecete 75li,8690530016514,74.90,369.90,99077,https://iyas.com.tr/selpak-pecete-75li-99077-p-147386
Selpak Pecete Collection Desenli 20 Li,8690530029330,34.90,369.90,97811,https://iyas.com.tr/selpak-pecete-collection-desenli-20-li-97811-p-138769
Selpak Tuvalet Kagidi 16 Li 4 Katli,8690530072503,259.90,369.90,110844,https://iyas.com.tr/selpak-tuvalet-kagidi-16-li-4-katli-110844-p-597981
Selpak Tuvalet Kagidi 32 Li 4 Katli,8690530072497,499.90,369.90,110846,https://iyas.com.tr/selpak-tuvalet-kagidi-32-li-4-katli-110846-p-597897
Selpak Tuvalet Kagidi 32 Li Extra,8690530074453,369.90,289.90,115008,https://iyas.com.tr/selpak-tuvalet-kagidi-32-li-extra-115008-p-597916
Selpak Tuvalet Kagidi 4 Lu,8690530004412,74.90,369.90,37216,https://iyas.com.tr/selpak-tuvalet-kagidi-4-lu-37216-p-139623
Selver Ana Kara Cam Kozalagi Surubu 500 Gr,8682033101156,279.00,249.00,80591,https://iyas.com.tr/selver-ana-kara-cam-kozalagi-surubu-500-gr-80591-p-144492
Semiz Otu Adet,2306034,34.90,25.00,22459,https://iyas.com.tr/semiz-otu-adet-22459-p-127219
Sennur Hanim Siyah Sele Zeytin Kilo,2201174,219.00,229.00,114230,https://iyas.com.tr/sennur-hanim-siyah-sele-zeytin-kilo-114230-p-595384
Senpilic Poset Kilo,2205047,114.90,109.90,17162,https://iyas.com.tr/senpilic-poset-kilo-17162-p-140692
Senpilic Tabakli Baget Kilo,2819103,99.90,214.90,106235,https://iyas.com.tr/senpilic-tabakli-baget-kilo-106235-p-587602
Senpilic Tabakli Buyuk Bonfile Kilo,2819110,179.95,214.90,106293,https://iyas.com.tr/senpilic-tabakli-buyuk-bonfile-kilo-106293-p-588313
Senpilic Tabakli Ciger Kilo,2825339,64.90,214.90,106242,https://iyas.com.tr/senpilic-tabakli-ciger-kilo-106242-p-587601
Senpilic Tabakli Incik Firinlik Kilo,2819130,174.90,214.90,106237,https://iyas.com.tr/senpilic-tabakli-incik-firinlik-kilo-106237-p-588312
Senpilic Tabakli Izgara Tava Kilo,2819105,269.90,214.90,106236,https://iyas.com.tr/senpilic-tabakli-izgara-tava-kilo-106236-p-587606
Senpilic Tabakli Kalcali But Kilo,2819101,104.90,214.90,106234,https://iyas.com.tr/senpilic-tabakli-kalcali-but-kilo-106234-p-587607
Senpilic Tabakli Karisik Izgara Kanat Kilo,2819132,299.00,214.90,106239,https://iyas.com.tr/senpilic-tabakli-karisik-izgara-kanat-kilo-106239-p-588315
Senpilic Tabakli Kelebek Kilo,2819032,124.95,214.90,106231,https://iyas.com.tr/senpilic-tabakli-kelebek-kilo-106231-p-588059
Senpilic Tabakli Kucuk Bonfile Kilo,2819234,179.95,214.90,106233,https://iyas.com.tr/senpilic-tabakli-kucuk-bonfile-kilo-106233-p-588314
Senpilic Tabakli Pirzola Kilo,2819407,184.90,214.90,106238,https://iyas.com.tr/senpilic-tabakli-pirzola-kilo-106238-p-587599
Senpilic Tabakli Taslik Kilo,2823479,89.90,214.90,106241,https://iyas.com.tr/senpilic-tabakli-taslik-kilo-106241-p-587600
Sensodyne 100 Ml Extra Fresh,8681291340512,189.90,179.90,97814,https://iyas.com.tr/sensodyne-100-ml-extra-fresh-97814-p-138772
Sensodyne 100 Ml F 7009,8699543630090,189.90,179.90,22472,https://iyas.com.tr/sensodyne-100-ml-f-7009-22472-p-139558
Sensodyne 100 Ml Naneli Fresh Mint,8681291002212,189.90,179.90,97815,https://iyas.com.tr/sensodyne-100-ml-naneli-fresh-mint-97815-p-138773
Sensodyne 50 Ml Total Care Whitening,8699543004457,79.90,179.90,22482,https://iyas.com.tr/sensodyne-50-ml-total-care-whitening-22482-p-126933
Sensodyne 75 Ml Cok Yon Koruyucu Ferah Nefes,8681291003905,299.90,179.90,90622,https://iyas.com.tr/sensodyne-75-ml-cok-yon-koruyucu-ferah-nefes-90622-p-133549
Sensodyne 75 Ml Cok Yon Koruyucu Gelismis Beyazlik,8681291003929,299.90,179.90,90623,https://iyas.com.tr/sensodyne-75-ml-cok-yon-koruyucu-gelismis-beyazlik-90623-p-133550
Sensodyne 75 Ml Derin Temizlik,8699522005598,99.90,179.90,65917,https://iyas.com.tr/sensodyne-75-ml-derin-temizlik-65917-p-126939
Sensodyne 75 Ml Hassasiyet Dis Eti Beyazlatic,8681291005329,299.90,179.90,96515,https://iyas.com.tr/sensodyne-75-ml-hassasiyet-dis-eti-beyazlatic-96515-p-130128
Sensodyne 75 Ml Hassasiyet Disetidisminesi,8681291005374,349.90,179.90,94775,https://iyas.com.tr/sensodyne-75-ml-hassasiyet-disetidisminesi-94775-p-142561
Sensodyne 75 Ml Hizli Rahatlama Beyazlatici Rapid,5054563022592,349.90,179.90,68615,https://iyas.com.tr/sensodyne-75-ml-hizli-rahatlama-beyazlatici-rapid-68615-p-126938
Sensodyne 75 Ml Onarim Ve Koruma,5054563016621,349.90,179.90,98207,https://iyas.com.tr/sensodyne-75-ml-onarim-ve-koruma-98207-p-121811
Sensodyne 75 Ml Onarim Ve Koruma Beyazlatici,5054563016676,399.90,179.90,98344,https://iyas.com.tr/sensodyne-75-ml-onarim-ve-koruma-beyazlatici-98344-p-126057
Sensodyne 75 Ml Tam Koruma,8699522004416,199.90,179.90,62937,https://iyas.com.tr/sensodyne-75-ml-tam-koruma-62937-p-126932
Sensodyne 75 Ml Tam Koruma Beyazlatici,8681291001727,199.90,179.90,97818,https://iyas.com.tr/sensodyne-75-ml-tam-koruma-beyazlatici-97818-p-138776
Sensodyne 75 Ml Tam Koruma Firca,8681291001635,129.90,179.90,79336,https://iyas.com.tr/sensodyne-75-ml-tam-koruma-firca-79336-p-127604
Sensodyne 75 Ml Uzman Beyazlik Derin Temizlik,8681291343216,359.00,299.90,115174,https://iyas.com.tr/sensodyne-75-ml-uzman-beyazlik-derin-temizlik-115174-p-597036
Sensodyne Cok Yonlu Koruma 50 Ml 50 Ml,8681291341250,179.90,85.00,100006,https://iyas.com.tr/sensodyne-cok-yonlu-koruma-50-ml-50-ml-100006-p-568305
Sensodyne Dis Fircasi Cok Kr Orta 11,8681291002618,219.90,179.90,97957,https://iyas.com.tr/sensodyne-dis-fircasi-cok-kr-orta-11-97957-p-147158
Sensodyne Dis Fircasi Dis Eti Bakim Gum Care,8681291002595,69.90,179.90,98346,https://iyas.com.tr/sensodyne-dis-fircasi-dis-eti-bakim-gum-care-98346-p-126059
Sensodyne Dis Fircasi Gentle Hassas Bakim Yumusak,8681291002373,199.90,179.90,85529,https://iyas.com.tr/sensodyne-dis-fircasi-gentle-hassas-bakim-yumusak-85529-p-140558
Sensodyne Dis Fircasi Hassasiyetdis Eti,8681291000805,199.90,179.90,99043,https://iyas.com.tr/sensodyne-dis-fircasi-hassasiyetdis-eti-99043-p-147352
Sensodyne Dis Fircasi Hizli Rahatlama Yumusak,8681291002557,199.90,179.90,95213,https://iyas.com.tr/sensodyne-dis-fircasi-hizli-rahatlama-yumusak-95213-p-121504
Sensodyne Dis Fircasi Nourish Beyazlik,8681291004223,199.90,179.90,91981,https://iyas.com.tr/sensodyne-dis-fircasi-nourish-beyazlik-91981-p-125250
Sensodyne Dis Fircasi Nourish Temizlik 11,8681291004384,179.90,179.90,92914,https://iyas.com.tr/sensodyne-dis-fircasi-nourish-temizlik-11-92914-p-138042
Sensodyne Dis Fircasi Nourish Temizlik,8681291004186,199.90,179.90,91982,https://iyas.com.tr/sensodyne-dis-fircasi-nourish-temizlik-91982-p-125251
Sensodyne Dis Fircasi Onarim Koruma Extra Soft,8681291002519,199.90,179.90,85472,https://iyas.com.tr/sensodyne-dis-fircasi-onarim-koruma-extra-soft-85472-p-123701
Sensodyne Dis Fircasi Promine Gentle Care,8681291001031,199.90,179.90,78824,https://iyas.com.tr/sensodyne-dis-fircasi-promine-gentle-care-78824-p-135974
Sensodyne Dis Fircasi Tam Koruma Yumusak,8681291002397,199.90,179.90,85473,https://iyas.com.tr/sensodyne-dis-fircasi-tam-koruma-yumusak-85473-p-123702
Sensodyne Dis Fircasi True White Medium,8699522003914,199.90,179.90,60853,https://iyas.com.tr/sensodyne-dis-fircasi-true-white-medium-60853-p-131104
Sensodyne Dis Fircasi True White Soft,8699522006335,199.90,179.90,69698,https://iyas.com.tr/sensodyne-dis-fircasi-true-white-soft-69698-p-139524
Sensodyne Dis Ipi Total Care Gentle Floss 30m,8699522000432,249.90,179.90,36475,https://iyas.com.tr/sensodyne-dis-ipi-total-care-gentle-floss-30m-36475-p-131115
Sensodyne Hassas Temizlik 11 Dis Fircasi Soft,8681291004445,149.90,179.90,95596,https://iyas.com.tr/sensodyne-hassas-temizlik-11-dis-fircasi-soft-95596-p-134223
Sensodyne Hizli Rahatlama 11 Yumusak,8681291002571,199.90,179.90,86804,https://iyas.com.tr/sensodyne-hizli-rahatlama-11-yumusak-86804-p-129164
Sensodyne Kids Firca Kids 6 Yas Soft,8681291340734,199.90,179.90,100087,https://iyas.com.tr/sensodyne-kids-firca-kids-6-yas-soft-100087-p-585459
Sensodyne Promine 75 Ml Aktik Dis Minesi Beyazlat,8681291005343,299.90,179.90,94087,https://iyas.com.tr/sensodyne-promine-75-ml-aktik-dis-minesi-beyazlat-94087-p-142501
Sensodyne Promine 75 Ml Aktik Dis Minesi Nane,8681291005145,249.90,179.90,94088,https://iyas.com.tr/sensodyne-promine-75-ml-aktik-dis-minesi-nane-94088-p-142502
Sepetcioglu Cikolata Kapli Pismaniye 140 Gr,8698990291403,84.90,249.00,92279,https://iyas.com.tr/sepetcioglu-cikolata-kapli-pismaniye-140-gr-92279-p-125375
Sepetcioglu Pismaniye 150 Gr,8698990290154,84.90,79.50,92013,https://iyas.com.tr/sepetcioglu-pismaniye-150-gr-92013-p-137929
Sera 2 Li Firsat Paket Aluminyum Folyo Strec,8699413463988,99.90,79.90,115189,https://iyas.com.tr/sera-2-li-firsat-paket-aluminyum-folyo-strec-115189-p-597084
Sera 2 Li Firsat Paket Dogal Pisirme Kagidi 10 Lu,8699413463971,99.90,59.90,115188,https://iyas.com.tr/sera-2-li-firsat-paket-dogal-pisirme-kagidi-10-lu-115188-p-597925
Sera 4 Lu Buzgulu Cop Torbasi,8699413463995,129.00,99.90,115190,https://iyas.com.tr/sera-4-lu-buzgulu-cop-torbasi-115190-p-597928
Sera Akilli Folyo Hazir Kesim 10lu,8699413469850,174.90,99.90,92287,https://iyas.com.tr/sera-akilli-folyo-hazir-kesim-10lu-92287-p-125378
Sera Aluminyum Folyo 8 Mt,8690718028001,89.90,99.90,42062,https://iyas.com.tr/sera-aluminyum-folyo-8-mt-42062-p-145111
Sera B Dolab Poset Buyuk 20li,8699413460628,54.90,99.90,50896,https://iyas.com.tr/sera-b-dolab-poset-buyuk-20li-50896-p-119878
Sera Cicek Bamya Cam 580 Cc,8690777103121,299.90,59.90,115302,https://iyas.com.tr/sera-cicek-bamya-cam-580-cc-115302-p-596853
Sera Cop Torbasi 1limon Kok Buzg Ruyuk,8699413460789,129.00,99.90,89579,https://iyas.com.tr/sera-cop-torbasi-1limon-kok-buzg-ruyuk-89579-p-137660
Sera Cop Torbasi 1vanilya Kok Buzg Buyuk,8699413469706,89.90,79.90,98764,https://iyas.com.tr/sera-cop-torbasi-1vanilya-kok-buzg-buyuk-98764-p-138830
Sera Cop Torbasi 1vanilya Kok Buzg Orta,8699413469690,79.90,99.90,99354,https://iyas.com.tr/sera-cop-torbasi-1vanilya-kok-buzg-orta-99354-p-122065
Sera Cop Torbasi Battal 10 Lu,8699413460734,124.90,99.90,90849,https://iyas.com.tr/sera-cop-torbasi-battal-10-lu-90849-p-137815
Sera Cop Torbasi Buyuk Boy,8699413460727,49.90,99.90,65786,https://iyas.com.tr/sera-cop-torbasi-buyuk-boy-65786-p-145191
Sera Cop Torbasi Jumbo 10 Lu,8699413460741,199.00,149.00,90851,https://iyas.com.tr/sera-cop-torbasi-jumbo-10-lu-90851-p-137817
Sera Cop Torbasi Kucuk Boy,8699413460703,49.90,99.90,86841,https://iyas.com.tr/sera-cop-torbasi-kucuk-boy-86841-p-129097
Sera Cop Torbasi Limon Kokulu Buzgulu Orta,8699413460772,99.90,99.90,89578,https://iyas.com.tr/sera-cop-torbasi-limon-kokulu-buzgulu-orta-89578-p-137671
Sera Cop Torbasi Orta Boy,8699413460710,49.90,99.90,22557,https://iyas.com.tr/sera-cop-torbasi-orta-boy-22557-p-132214
Sera Firin Torbasi 8 Adet,8699413460307,54.90,44.90,40357,https://iyas.com.tr/sera-firin-torbasi-8-adet-40357-p-145160
Sera Strec Film 15 M,8690718011003,94.90,69.90,97822,https://iyas.com.tr/sera-strec-film-15-m-97822-p-138780
Sera Sultani Bamya 720 Cc,8690777564007,199.90,59.90,115301,https://iyas.com.tr/sera-sultani-bamya-720-cc-115301-p-597261
Sera Yagli Pisirme Kagidi Hazir Kesilmis 16 Li,8699413465395,119.00,89.90,86844,https://iyas.com.tr/sera-yagli-pisirme-kagidi-hazir-kesilmis-16-li-86844-p-133403
Sera Yagli Pisirme Kagidi Hazir Kesilmis 24 Lu,8699413469485,99.90,84.90,89459,https://iyas.com.tr/sera-yagli-pisirme-kagidi-hazir-kesilmis-24-lu-89459-p-137597
Serhat Mangal Komuru,8680029008888,99.90,99.90,111986,https://iyas.com.tr/serhat-mangal-komuru-111986-p-596833
Servis Pecete 100 Lu,8690530002944,29.90,24.90,37248,https://iyas.com.tr/servis-pecete-100-lu-37248-p-135446
Servis Pecete 200 Lu,8690530002920,49.90,369.90,37249,https://iyas.com.tr/servis-pecete-200-lu-37249-p-139624
Sesu Agda Bandi Hassas Cilt 20 Li,8690605078805,169.90,109.90,101143,https://iyas.com.tr/sesu-agda-bandi-hassas-cilt-20-li-101143-p-579079
Sesu Agda Bandi Soft Yulaf 32 Li,8690605078782,209.90,169.90,101144,https://iyas.com.tr/sesu-agda-bandi-soft-yulaf-32-li-101144-p-579056
Sesu Agda Bandi Soft Yuz 12 Li,8690605078799,99.90,169.90,101142,https://iyas.com.tr/sesu-agda-bandi-soft-yuz-12-li-101142-p-579074
Sesu Boncuk Sir Agda Killi 250 Gr,8690605073718,259.90,169.90,99036,https://iyas.com.tr/sesu-boncuk-sir-agda-killi-250-gr-99036-p-147345
Sesu Boncuk Sir Agda Komurlu 250 Gr,8690605073695,259.90,169.90,99035,https://iyas.com.tr/sesu-boncuk-sir-agda-komurlu-250-gr-99035-p-147344
Sesu Klasik El Agdasi Yesil,8690605670023,124.90,169.90,97184,https://iyas.com.tr/sesu-klasik-el-agdasi-yesil-97184-p-121681
Sesu Makina Set Rollon Agda Mor,8690605073909,549.90,169.90,94500,https://iyas.com.tr/sesu-makina-set-rollon-agda-mor-94500-p-117230
Sesu Men Tuy Dokucu Krem Sprey 150 Ml,8690605063160,349.90,169.90,84732,https://iyas.com.tr/sesu-men-tuy-dokucu-krem-sprey-150-ml-84732-p-140570
Sesu Sir Agda Kartus 100 Ml Normal Yesil Soft,8690605072957,119.90,169.90,98471,https://iyas.com.tr/sesu-sir-agda-kartus-100-ml-normal-yesil-soft-98471-p-130291
Sesu Sir Agda Temizleyici Bakim Yagi 150 Ml,8690605073503,159.50,169.90,98066,https://iyas.com.tr/sesu-sir-agda-temizleyici-bakim-yagi-150-ml-98066-p-147267
Sesu Soguk Agda Bandi Yuz 20 Adet,8690605073374,99.90,169.90,97194,https://iyas.com.tr/sesu-soguk-agda-bandi-yuz-20-adet-97194-p-121691
Sesu Tuy Dokucu Kopuk 150 Ml Hassas,8690605072797,369.90,169.90,51200,https://iyas.com.tr/sesu-tuy-dokucu-kopuk-150-ml-hassas-51200-p-113941
Sesu Tuy Dokucu Krem 100 Ml Formen,8690605662615,189.90,169.90,7807,https://iyas.com.tr/sesu-tuy-dokucu-krem-100-ml-formen-7807-p-113938
Sesu Tuy Dokucu Krem 100 Ml Sensitive,8690605073015,189.90,169.90,97195,https://iyas.com.tr/sesu-tuy-dokucu-krem-100-ml-sensitive-97195-p-121692
Sesu Tuy Dokucu Krem 150 Ml Hassas Cilt,8690605073121,299.90,169.90,50584,https://iyas.com.tr/sesu-tuy-dokucu-krem-150-ml-hassas-cilt-50584-p-126483
Sesu Tuy Sarartici Krem 3518 Gr,8690605670108,169.90,169.90,7813,https://iyas.com.tr/sesu-tuy-sarartici-krem-3518-gr-7813-p-131644
Sesu Vucut Peeling 250 Ml,8690605078218,219.90,239.90,103956,https://iyas.com.tr/sesu-vucut-peeling-250-ml-103956-p-582228
Sesu Y Shimmering Body Oil 150 Ml,8690605075316,149.90,239.90,103955,https://iyas.com.tr/sesu-y-shimmering-body-oil-150-ml-103955-p-583408
Sesu Y Vucut Lotion 175 Ml,8690605078249,169.90,239.90,103957,https://iyas.com.tr/sesu-y-vucut-lotion-175-ml-103957-p-586399
Sezer Jumbo Siyah Sele Zeytin Kilo,2201013,295.00,59.90,15389,https://iyas.com.tr/sezer-jumbo-siyah-sele-zeytin-kilo-15389-p-123316
She 50 Ml Cool Edt 150 Ml Deo,8684254000768,499.90,149.90,100945,https://iyas.com.tr/she-50-ml-cool-edt-150-ml-deo-100945-p-569217
She 50 Ml Fun Edt 150 Ml Deo,8684254000744,499.90,149.90,100950,https://iyas.com.tr/she-50-ml-fun-edt-150-ml-deo-100950-p-569154
She 50 Ml Love Edt 150 Ml Deo,8684254000751,499.90,149.90,100948,https://iyas.com.tr/she-50-ml-love-edt-150-ml-deo-100948-p-569216
She Deodorant 150 Ml Angel,8684254000225,89.90,149.90,100961,https://iyas.com.tr/she-deodorant-150-ml-angel-100961-p-569128
She Deodorant 150 Ml Love,8684254000171,89.90,149.90,100962,https://iyas.com.tr/she-deodorant-150-ml-love-100962-p-569225
She Roll On 50 Ml Angel,8684254000324,89.90,149.90,102576,https://iyas.com.tr/she-roll-on-50-ml-angel-102576-p-585555
Shiny Beauty Balyaj Boyasi 250 Ml Mor K 130,8698623373056,94.90,149.90,113328,https://iyas.com.tr/shiny-beauty-balyaj-boyasi-250-ml-mor-k-130-113328-p-597130
Signal 100 Ml Curuklere Karsi Nane,6221155075130,59.90,179.90,97825,https://iyas.com.tr/signal-100-ml-curuklere-karsi-nane-97825-p-142920
Signal 100 Ml Fresh Beyazlik 2 Li Compack,8683130085899,99.90,179.90,106619,https://iyas.com.tr/signal-100-ml-fresh-beyazlik-2-li-compack-106619-p-596839
Signal 120 Ml Uclu Koruma Dis Macunu,6221155095411,119.90,179.90,22787,https://iyas.com.tr/signal-120-ml-uclu-koruma-dis-macunu-22787-p-131748
Signal 50 Ml Curuklere Karsi Nane Ferahligi,6221155147738,34.90,179.90,92766,https://iyas.com.tr/signal-50-ml-curuklere-karsi-nane-ferahligi-92766-p-133856
Signal 50 Ml Uclu Koruma,6221155147745,49.90,179.90,92767,https://iyas.com.tr/signal-50-ml-uclu-koruma-92767-p-133857
Signal 75 Ml Komple Bakim 8 Etki Mavi,6221155147769,119.90,179.90,94032,https://iyas.com.tr/signal-75-ml-komple-bakim-8-etki-mavi-94032-p-142458
Signal 75 Ml White Now,8717163736944,159.90,124.90,97832,https://iyas.com.tr/signal-75-ml-white-now-97832-p-142927
Signal 75 Ml White Now Gold,8717163854655,134.90,179.90,98520,https://iyas.com.tr/signal-75-ml-white-now-gold-98520-p-130340
Signal 75 Ml White Now Ice Coll Extra Fresh,8710522444252,169.90,179.90,98069,https://iyas.com.tr/signal-75-ml-white-now-ice-coll-extra-fresh-98069-p-147270
Signal 75 Ml White Now Lekesiz Beyazlik,8720181342639,179.90,179.90,94556,https://iyas.com.tr/signal-75-ml-white-now-lekesiz-beyazlik-94556-p-117257
Signal 75 Ml White Now Sensitive,8720181196133,179.90,179.90,86677,https://iyas.com.tr/signal-75-ml-white-now-sensitive-86677-p-129069
Signal 75 Ml White System,6221155127129,124.90,179.90,86676,https://iyas.com.tr/signal-75-ml-white-system-86676-p-124991
Signal 75 Ml White System Arindirici Beyazlik,6221155141644,109.90,179.90,92769,https://iyas.com.tr/signal-75-ml-white-system-arindirici-beyazlik-92769-p-133859
Signal 75 Ml White System Guclu Beyazlik,6221155141620,109.90,179.90,92768,https://iyas.com.tr/signal-75-ml-white-system-guclu-beyazlik-92768-p-133858
Signal Dis Fircasi Beyaz Guc,8690637612428,62.50,179.90,97828,https://iyas.com.tr/signal-dis-fircasi-beyaz-guc-97828-p-142923
Signal Dis Fircasi Macun White Now Extr Ferahkl,8683130033975,179.90,179.90,96321,https://iyas.com.tr/signal-dis-fircasi-macun-white-now-extr-ferahkl-96321-p-125825
Signal Dis Fircasi Nazik Dis Eti Bakim 11,8690637945823,169.90,179.90,79559,https://iyas.com.tr/signal-dis-fircasi-nazik-dis-eti-bakim-11-79559-p-127605
Signal Dis Fircasi Performance,8690637612657,99.90,179.90,97829,https://iyas.com.tr/signal-dis-fircasi-performance-97829-p-142924
Signal Dis Fircasi Performans 21,8690637883484,219.90,179.90,22783,https://iyas.com.tr/signal-dis-fircasi-performans-21-22783-p-139550
Signal Dis Fircasi Performans Black 11,8690637883507,199.90,179.90,22781,https://iyas.com.tr/signal-dis-fircasi-performans-black-11-22781-p-143726
Signal Dis Fircasi Premium Clean Action 31,8690637883460,224.90,179.90,75080,https://iyas.com.tr/signal-dis-fircasi-premium-clean-action-31-75080-p-139531
Signal Dis Fircasi Professional,8690637991455,109.90,179.90,37292,https://iyas.com.tr/signal-dis-fircasi-professional-37292-p-132046
Signal Komple Bakim 8 Etki Dis Macunu Tam Koruma 75 Ml,6221155147752,119.90,179.90,94031,https://iyas.com.tr/signal-komple-bakim-8-etki-dis-macunu-tam-koruma-75-ml-94031-p-142457
Signal White Gold 75 Ml Tb Copack,8690637980787,179.90,179.90,93186,https://iyas.com.tr/signal-white-gold-75-ml-tb-copack-93186-p-142349
Silen Havlu 12 Li,8690530030152,109.90,369.90,98418,https://iyas.com.tr/silen-havlu-12-li-98418-p-126131
Silen Tuvalet Kagidi Ultra 32 Li,8690530324930,169.90,369.90,22806,https://iyas.com.tr/silen-tuvalet-kagidi-ultra-32-li-22806-p-139626
Silky Kiss 12 Li Klasik,6934439737050,62.90,59.90,109133,https://iyas.com.tr/silky-kiss-12-li-klasik-109133-p-596917
Silky Kiss 12 Li Maksimum,6934439737067,62.90,59.90,109131,https://iyas.com.tr/silky-kiss-12-li-maksimum-109131-p-596915
Silky Kiss 12 Li Yakin Temas,6934439737074,62.90,59.90,109130,https://iyas.com.tr/silky-kiss-12-li-yakin-temas-109130-p-596950
Simsaroglu Hashas Ezmesi 450 Gr,8698985840012,199.90,79.50,97984,https://iyas.com.tr/simsaroglu-hashas-ezmesi-450-gr-97984-p-147185
Siore For Men 100 Ml Dunles Yesil,8697671918479,179.90,37.90,95143,https://iyas.com.tr/siore-for-men-100-ml-dunles-yesil-95143-p-121434
Sis Kofte,2183000551135,440.00,290.00,99667,https://iyas.com.tr/sis-kofte-99667-p-134710
Sis Kofte Durum,2183000551203,420.00,290.00,99683,https://iyas.com.tr/sis-kofte-durum-99683-p-134726
Sitil 50 Gr Krem Boya Siyah,8691206001018,29.90,69.90,98080,https://iyas.com.tr/sitil-50-gr-krem-boya-siyah-98080-p-117647
Sitil Parlatma Sungeri Naturel,8691206020514,15.90,149.90,36426,https://iyas.com.tr/sitil-parlatma-sungeri-naturel-36426-p-136317
Sitil Siyah Ayakkabi Boyasi 175 Ml,8691206011710,69.90,69.90,98082,https://iyas.com.tr/sitil-siyah-ayakkabi-boyasi-175-ml-98082-p-117649
Slazenger Deo Women 150 Ml Body Mor,8690587006155,149.90,149.90,101282,https://iyas.com.tr/slazenger-deo-women-150-ml-body-mor-101282-p-569158
Slazenger Deodorant As 150 Ml Gold,8690587001952,149.90,149.90,86185,https://iyas.com.tr/slazenger-deodorant-as-150-ml-gold-86185-p-128917
Slazenger Deodorant As 150 Ml Mavi,8690587001051,149.90,149.90,7959,https://iyas.com.tr/slazenger-deodorant-as-150-ml-mavi-7959-p-119611
Slazenger Deodorant As 150 Ml Sport Yesil,8690587001150,149.90,149.90,7960,https://iyas.com.tr/slazenger-deodorant-as-150-ml-sport-yesil-7960-p-119612
Slazenger Set Edt As 125 Ml Gold Deodorant 84670,,,,,https://iyas.com.tr/slazenger-set-edt-as-125-ml-gold-deodorant-84670-p-123500
Slazenger Set Edt As 125 Ml Mavi Deodorant,8690587201000,549.90,149.90,28135,https://iyas.com.tr/slazenger-set-edt-as-125-ml-mavi-deodorant-28135-p-119334
Slazenger Set Edt As 125 Ml Yesil Deodorant,8690587201109,549.90,149.90,28136,https://iyas.com.tr/slazenger-set-edt-as-125-ml-yesil-deodorant-28136-p-119333
Sleepy 100 Lu Yuzey Temizlik Hav K Arap Sabunu,8682241212873,119.90,109.90,99533,https://iyas.com.tr/sleepy-100-lu-yuzey-temizlik-hav-k-arap-sabunu-99533-p-130461
Sleepy 100 Lu Yuzey Temizlik Hav M Ananas,8682241224562,119.90,109.90,114796,https://iyas.com.tr/sleepy-100-lu-yuzey-temizlik-hav-m-ananas-114796-p-597918
Sleepy 100 Lu Yuzey Temizlik Hav M Portakal,8682241217830,119.90,109.90,114798,https://iyas.com.tr/sleepy-100-lu-yuzey-temizlik-hav-m-portakal-114798-p-597911
Sleepy 25 Li Islak Havlu Sensitive,8682241215010,22.50,369.90,99884,https://iyas.com.tr/sleepy-25-li-islak-havlu-sensitive-99884-p-147571
Sleepy 50x3 Li Gul Havlu Kutulu,8681212060970,74.90,369.90,98777,https://iyas.com.tr/sleepy-50x3-li-gul-havlu-kutulu-98777-p-138843
Sleepy 90 Li Gul Havlu Kapakli,8681212062158,44.90,369.90,72232,https://iyas.com.tr/sleepy-90-li-gul-havlu-kapakli-72232-p-114530
Sleepy 90 Li Zeytin Yag Havlu Kapakli,8681212063520,44.90,369.90,98888,https://iyas.com.tr/sleepy-90-li-zeytin-yag-havlu-kapakli-98888-p-143090
Sleepy Bio Natural Gross 1 Newborn 100lu,8682241216987,329.90,229.90,106059,https://iyas.com.tr/sleepy-bio-natural-gross-1-newborn-100lu-106059-p-597893
Sleepy Dogal Organik Temizlik Havlu 50li Kapakli,8681212069805,49.90,369.90,79015,https://iyas.com.tr/sleepy-dogal-organik-temizlik-havlu-50li-kapakli-79015-p-114467
Sleepy Extra Islak Havlu 70 Li Kapakli,8682241204052,34.90,369.90,99018,https://iyas.com.tr/sleepy-extra-islak-havlu-70-li-kapakli-99018-p-147327
Sleepy Gross 1 Newborn 100lu,8682241217045,289.90,229.90,105098,https://iyas.com.tr/sleepy-gross-1-newborn-100lu-105098-p-587299
Sleepy Kisisel Bakim 100 Lu Natural,8682241221974,114.90,69.90,114807,https://iyas.com.tr/sleepy-kisisel-bakim-100-lu-natural-114807-p-597123
Sleepy Natural Double Soft Ultra 3 Midi 42 Li,8682241224173,229.90,179.90,114804,https://iyas.com.tr/sleepy-natural-double-soft-ultra-3-midi-42-li-114804-p-597263
Sleepy Natural Ultra 3 Midi 108x2,8682241220823,399.90,179.90,108683,https://iyas.com.tr/sleepy-natural-ultra-3-midi-108x2-108683-p-597085
Sleepy Ped Bio Natural Gunluk 1 Normal 40 Adet,8682241208722,62.50,54.90,93272,https://iyas.com.tr/sleepy-ped-bio-natural-gunluk-1-normal-40-adet-93272-p-146549
Sleepy Ped Bio Natural Super Eko Normal 24 Ad,8682241207930,79.90,179.90,93275,https://iyas.com.tr/sleepy-ped-bio-natural-super-eko-normal-24-ad-93275-p-146552
Sleepy Ped Black Gunluk Normal 40li,8682241208593,99.90,54.90,92388,https://iyas.com.tr/sleepy-ped-black-gunluk-normal-40li-92388-p-129567
Sleepy Ped Black Gunluk Uzun 32li,8682241208609,99.90,54.90,92389,https://iyas.com.tr/sleepy-ped-black-gunluk-uzun-32li-92389-p-129568
Sleepy Ped Ecologic Gunluk Normal 40li,8682241208746,64.90,179.90,92387,https://iyas.com.tr/sleepy-ped-ecologic-gunluk-normal-40li-92387-p-129566
Sleepy Ped Natural Super Eko Normal 24 Lu,8682241207848,79.90,179.90,94383,https://iyas.com.tr/sleepy-ped-natural-super-eko-normal-24-lu-94383-p-146754
Sleepy Sensitive Bebek Bakim Ortusu 60x90,8681212060338,169.90,599.90,67136,https://iyas.com.tr/sleepy-sensitive-bebek-bakim-ortusu-60x90-67136-p-140224
Sma Optipro 800 Gr 2 6 12 Ay Mama,8445290940490,1245.00,229.90,100898,https://iyas.com.tr/sma-optipro-800-gr-2-6-12-ay-mama-100898-p-579131
Sma Optipro 800 Gr 3 1 3 Yas Mama,8445290940117,1245.00,165.50,100899,https://iyas.com.tr/sma-optipro-800-gr-3-1-3-yas-mama-100899-p-579133
Smile Cat 400 Gr Kedi Yavru Kuzulu,8682631200718,109.90,69.90,92505,https://iyas.com.tr/smile-cat-400-gr-kedi-yavru-kuzulu-92505-p-129633
Smile Cat 400 Gr Kisir Kedi Mamasi,8682631200749,109.90,69.90,92506,https://iyas.com.tr/smile-cat-400-gr-kisir-kedi-mamasi-92506-p-129634
Smile Cat Kuzu Etli Yavru Kedi Mamasi 1 Kg,8682631200756,244.90,69.90,89423,https://iyas.com.tr/smile-cat-kuzu-etli-yavru-kedi-mamasi-1-kg-89423-p-137575
Smile Kedi Mamasi 1000 Gr Kuzulu,8682631200770,244.90,69.90,85493,https://iyas.com.tr/smile-kedi-mamasi-1000-gr-kuzulu-85493-p-123707
Smile Kopek Mamasi 1500 Gr Kuzulu,8682631200794,299.90,849.90,85494,https://iyas.com.tr/smile-kopek-mamasi-1500-gr-kuzulu-85494-p-123708
Snickers Cikolata 50 Gr,5900951311505,44.50,9.90,102098,https://iyas.com.tr/snickers-cikolata-50-gr-102098-p-583368
Snob Classic Deo 150 Ml,8690644006067,159.90,149.90,92674,https://iyas.com.tr/snob-classic-deo-150-ml-92674-p-138025
Snob Classic Edt Deodorant Set,8690644015717,869.90,149.90,92672,https://iyas.com.tr/snob-classic-edt-deodorant-set-92672-p-138024
Sofia 12 Li Mutfak Havlu,8698996008715,179.90,139.90,107046,https://iyas.com.tr/sofia-12-li-mutfak-havlu-107046-p-587871
Sofia 32 Li Tuvalet Kagidi,8698996008555,299.90,249.90,107044,https://iyas.com.tr/sofia-32-li-tuvalet-kagidi-107044-p-595838
Sofia Dev Havlu,8698996008852,49.90,39.90,107058,https://iyas.com.tr/sofia-dev-havlu-107058-p-587770
Softto Plus 150 Gr Sac Ve Cilt Sabunu Cay Agaci,8680540173185,119.90,99.90,111952,https://iyas.com.tr/softto-plus-150-gr-sac-ve-cilt-sabunu-cay-agaci-111952-p-597060
Softto Plus Biberiye Suyu Tonik 200 Ml,8680540173888,149.90,124.90,106826,https://iyas.com.tr/softto-plus-biberiye-suyu-tonik-200-ml-106826-p-597197
Softto Plus Black Hair Shampoo 25 Ml X 10,8680540174069,329.90,274.90,109798,https://iyas.com.tr/softto-plus-black-hair-shampoo-25-ml-x-10-109798-p-598257
Softto Plus Oil 120 Ml 10in1 Bakim Yagi,8680540173802,549.90,519.90,110581,https://iyas.com.tr/softto-plus-oil-120-ml-10in1-bakim-yagi-110581-p-597025
Softto Plus Salyangoz Sac Ve Cilt Sabunu 150 Gr,8680540173161,119.90,99.90,107065,https://iyas.com.tr/softto-plus-salyangoz-sac-ve-cilt-sabunu-150-gr-107065-p-596966
Sogan Takoz Kilo,2201468,79.90,59.90,113376,https://iyas.com.tr/sogan-takoz-kilo-113376-p-597241
Sogan Taze Bag Adet,2306066,50.00,40.00,18566,https://iyas.com.tr/sogan-taze-bag-adet-18566-p-127206
Sogan Taze Yesil Kilo,2209032,500.00,25.00,22981,https://iyas.com.tr/sogan-taze-yesil-kilo-22981-p-127221
Soke Un 1 Kg,8690577018120,49.50,169.00,91955,https://iyas.com.tr/soke-un-1-kg-91955-p-125235
Soke Un 5 Kg,8690577018502,219.50,169.50,91957,https://iyas.com.tr/soke-un-5-kg-91957-p-125237
Solen Biscolata Ice Fire 40 Gr,8699141058814,32.50,26.50,114128,https://iyas.com.tr/solen-biscolata-ice-fire-40-gr-114128-p-596631
Solen Biscolata Mood 125 Gr Bardak,8699141057053,79.90,64.90,44832,https://iyas.com.tr/solen-biscolata-mood-125-gr-bardak-44832-p-118671
Solen Biscolata Mood 125 Gr Bardak Karamel,8699141058319,79.90,64.90,93089,https://iyas.com.tr/solen-biscolata-mood-125-gr-bardak-karamel-93089-p-121266
Solen Biscolata Mood 125 Gr Bitter Bardak,8699141057039,79.90,64.90,67925,https://iyas.com.tr/solen-biscolata-mood-125-gr-bitter-bardak-67925-p-135439
Solen Biscolata Mood 40 Gr Cikolata Dolgulu Biskuvi,8699141157005,27.50,69.90,35154,https://iyas.com.tr/solen-biscolata-mood-40-gr-cikolata-dolgulu-biskuvi-35154-p-127157
Solen Biscolata Stix 34 Gr Pirinc Patlakli,8691707140414,32.90,9.90,57812,https://iyas.com.tr/solen-biscolata-stix-34-gr-pirinc-patlakli-57812-p-144011
Solen Biscolata Stix 36 Gr Hindistan Cevizli,8691707140025,32.90,9.90,57813,https://iyas.com.tr/solen-biscolata-stix-36-gr-hindistan-cevizli-57813-p-127138
Solen Biscolata Stix 40 Gr,8691707140193,32.90,9.90,42601,https://iyas.com.tr/solen-biscolata-stix-40-gr-42601-p-127085
Solen Biscolata Veni Cikolatali 110 Gr,8691707096520,54.90,30.00,60801,https://iyas.com.tr/solen-biscolata-veni-cikolatali-110-gr-60801-p-122513
Solen Biscolata Veni Cikolatali 50 Gr,8691707096193,26.90,30.00,95914,https://iyas.com.tr/solen-biscolata-veni-cikolatali-50-gr-95914-p-146909
Solen Biscolata Veni Findikli 110 Gr,8691707096544,54.90,30.00,60800,https://iyas.com.tr/solen-biscolata-veni-findikli-110-gr-60800-p-122516
Solen Biscolata Veni Findikli 50 Gr,8691707096131,26.90,30.00,95915,https://iyas.com.tr/solen-biscolata-veni-findikli-50-gr-95915-p-146910
Solen Boombastic Cikolatali Kek Bar 40 Gr,8699141059699,26.90,30.00,67075,https://iyas.com.tr/solen-boombastic-cikolatali-kek-bar-40-gr-67075-p-130846
Solen Boombastic Fantastik Bar 40 Gr,8699141059286,26.90,9.90,78028,https://iyas.com.tr/solen-boombastic-fantastik-bar-40-gr-78028-p-143557
Solen Chocodans 125 Gr Cikolata,8691707135052,99.90,69.90,23011,https://iyas.com.tr/solen-chocodans-125-gr-cikolata-23011-p-114572
Solen Greta Mevsim Yesillik 4x30 Gr,8691707088495,69.90,16.90,80191,https://iyas.com.tr/solen-greta-mevsim-yesillik-4x30-gr-80191-p-127395
Solen Greta Zey Kekik Kraker 4x30 Gr,8691707088075,69.90,7.90,62930,https://iyas.com.tr/solen-greta-zey-kekik-kraker-4x30-gr-62930-p-126961
Solen Lup Lup Browni Islak Kek 40 Gr,8699141013318,16.90,84.90,96238,https://iyas.com.tr/solen-lup-lup-browni-islak-kek-40-gr-96238-p-121630
Solen Lup Lup Sufle 40 Gr,8699141059507,26.90,15.00,96237,https://iyas.com.tr/solen-lup-lup-sufle-40-gr-96237-p-121629
Solen Luppo Cakewich 182 Gr Cilek,8691707058351,84.90,69.90,101355,https://iyas.com.tr/solen-luppo-cakewich-182-gr-cilek-101355-p-585492
Solen Luppo Cakewich 182 Gr Karamel 7 Li,8691707059099,84.90,69.90,76917,https://iyas.com.tr/solen-luppo-cakewich-182-gr-karamel-7-li-76917-p-122772
Solen Luppo Cakewich 182 Gr Velvet 8 Li,8691707058207,84.90,69.90,91989,https://iyas.com.tr/solen-luppo-cakewich-182-gr-velvet-8-li-91989-p-137942
Solen Luppo Cakewich 184 Gr Kakaolu 8 Li,8699141059125,84.90,69.90,46113,https://iyas.com.tr/solen-luppo-cakewich-184-gr-kakaolu-8-li-46113-p-135433
Solen Luppo Cakewich 184 Gr Sade 8 Li,8699141059101,84.90,69.90,27648,https://iyas.com.tr/solen-luppo-cakewich-184-gr-sade-8-li-27648-p-127086
Solen Luppo Cakewich Mini Kakaolu 55 Gr,8691707059877,32.90,30.00,86248,https://iyas.com.tr/solen-luppo-cakewich-mini-kakaolu-55-gr-86248-p-123786
Solen Luppo Cakewich Mini Sade 55 Gr,8691707059853,32.90,30.00,86234,https://iyas.com.tr/solen-luppo-cakewich-mini-sade-55-gr-86234-p-116610
Solen Luppo Mini 162 Gr Brownie Islak Kek,8699141013370,64.90,15.00,114392,https://iyas.com.tr/solen-luppo-mini-162-gr-brownie-islak-kek-114392-p-596625
Solen Luppo Mini 162 Gr Visne Brownie Islak Kek,8699141013363,64.90,15.00,114580,https://iyas.com.tr/solen-luppo-mini-162-gr-visne-brownie-islak-kek-114580-p-596666
Solen Milango Crystal 250 Gr Beyaz Cikolatali Bdm,8691707545813,329.90,9.90,107614,https://iyas.com.tr/solen-milango-crystal-250-gr-beyaz-cikolatali-bdm-107614-p-596725
Solen Nutymax 40 Gr Ekstra Findik Parcali,8691707096964,39.90,9.90,80848,https://iyas.com.tr/solen-nutymax-40-gr-ekstra-findik-parcali-80848-p-127295
Solen Nutymax 44 Gr Antep Fistikli,8691707096001,39.90,9.90,23078,https://iyas.com.tr/solen-nutymax-44-gr-antep-fistikli-23078-p-126716
Solen Nutymax 44 Gr Findikli,8691707095936,39.90,9.90,23076,https://iyas.com.tr/solen-nutymax-44-gr-findikli-23076-p-143561
Solen Ogopogo Cilekli Kek 30 Gr,8691707059839,14.90,30.00,92224,https://iyas.com.tr/solen-ogopogo-cilekli-kek-30-gr-92224-p-121103
Solen Ozmo 35 Gr Kavrulmus Findik Kremasi Tup,8691707036694,29.95,9.90,44834,https://iyas.com.tr/solen-ozmo-35-gr-kavrulmus-findik-kremasi-tup-44834-p-127168
Solen Ozmo Burger 36 Gr,8691707057293,29.90,16.90,69926,https://iyas.com.tr/solen-ozmo-burger-36-gr-69926-p-114547
Solen Ozmo Chocolette 30 Gr,8691707062181,34.90,9.90,100446,https://iyas.com.tr/solen-ozmo-chocolette-30-gr-100446-p-585135
Solen Ozmo Cornet 25 Gr,8691707090122,19.90,9.90,42316,https://iyas.com.tr/solen-ozmo-cornet-25-gr-42316-p-139327
Solen Ozmo Cornet Cilekli 25 Gr,8691707090344,19.90,9.90,92223,https://iyas.com.tr/solen-ozmo-cornet-cilekli-25-gr-92223-p-125328
Solen Ozmo Cornet Sutlu 25 Gr,8691707090696,19.90,9.90,74411,https://iyas.com.tr/solen-ozmo-cornet-sutlu-25-gr-74411-p-126660
Solen Ozmo Fun 23 Gr Cikolata,8691707087962,25.90,9.90,23059,https://iyas.com.tr/solen-ozmo-fun-23-gr-cikolata-23059-p-139329
Solen Ozmo Fun 23 Gr Cikolata,8691707080208,25.90,9.90,97833,https://iyas.com.tr/solen-ozmo-fun-23-gr-cikolata-97833-p-142928
Solen Ozmo Hoppo 40 Gr Cikolata Dolgulu Biskuvi,8699141157104,26.90,9.90,32745,https://iyas.com.tr/solen-ozmo-hoppo-40-gr-cikolata-dolgulu-biskuvi-32745-p-143507
Solen Ozmo Hoppo 40 Gr Cilekli Dolgulu Biskuvi,8699141157111,26.90,9.90,44949,https://iyas.com.tr/solen-ozmo-hoppo-40-gr-cilekli-dolgulu-biskuvi-44949-p-139333
Solen Ozmo Hoppo 90 Gr Bardak,8699141057138,59.90,9.90,67928,https://iyas.com.tr/solen-ozmo-hoppo-90-gr-bardak-67928-p-135438
Solen Ozmo Ogopogo 38 Gr Kek,8699141058104,14.90,9.90,27649,https://iyas.com.tr/solen-ozmo-ogopogo-38-gr-kek-27649-p-143521
Solen Ozmo Popsy 24 Gr,8691707079660,25.90,9.90,66599,https://iyas.com.tr/solen-ozmo-popsy-24-gr-66599-p-139339
Solen Ozmo Popsy 3x24 Gr,8691707079677,74.90,9.90,89574,https://iyas.com.tr/solen-ozmo-popsy-3x24-gr-89574-p-137670
Solen Ozmo Yumurta Tekli 20 Gr,8691707036014,44.90,9.90,40244,https://iyas.com.tr/solen-ozmo-yumurta-tekli-20-gr-40244-p-143563
Solen Papita Karamel 20 Gr,8691707062860,12.50,9.90,75283,https://iyas.com.tr/solen-papita-karamel-20-gr-75283-p-126674
Solen Papita Sutlu 20 Gr,8691707062877,12.50,9.90,75284,https://iyas.com.tr/solen-papita-sutlu-20-gr-75284-p-126675
Solingen Ayak Torpusu,8697888002053,189.90,239.90,93975,https://iyas.com.tr/solingen-ayak-torpusu-93975-p-125623
Solingen Cimbiz Duz,8697888001865,114.90,37.90,93979,https://iyas.com.tr/solingen-cimbiz-duz-93979-p-125627
Solingen Cimbiz Ince,8697888001681,149.90,37.90,93978,https://iyas.com.tr/solingen-cimbiz-ince-93978-p-125626
Solingen Tirnak Makas 318 Inox,8697888006532,329.90,37.90,92789,https://iyas.com.tr/solingen-tirnak-makas-318-inox-92789-p-133771
Solingen Tirnak Torpusu 6,8697888001834,139.90,37.90,95276,https://iyas.com.tr/solingen-tirnak-torpusu-6-95276-p-125679
Solo Havlu 8 Li Bambu,8690530059290,139.90,369.90,96022,https://iyas.com.tr/solo-havlu-8-li-bambu-96022-p-147017
Solo Hijyenim Temizlik Bezi 20 Adet,8690530054158,104.90,99.90,94495,https://iyas.com.tr/solo-hijyenim-temizlik-bezi-20-adet-94495-p-117225
Solo Islak Havlu 90 Li,8690530037946,44.90,369.90,99023,https://iyas.com.tr/solo-islak-havlu-90-li-99023-p-147332
Solo Islak Havlu 90 Li Okyanus Fer,8690530037953,49.90,369.90,99135,https://iyas.com.tr/solo-islak-havlu-90-li-okyanus-fer-99135-p-117810
Solo Pecete 100 Lu,8690530212688,59.90,369.90,37243,https://iyas.com.tr/solo-pecete-100-lu-37243-p-139628
Solo Pecete 200 Lu,8690530232686,119.90,369.90,37244,https://iyas.com.tr/solo-pecete-200-lu-37244-p-117982
Solo Yuzey Temizlik Hav 100lu Beyaz Sabun,8690530064362,94.90,69.90,104957,https://iyas.com.tr/solo-yuzey-temizlik-hav-100lu-beyaz-sabun-104957-p-586896
Solo Yuzey Temizlik Hav 100lu Okaliptus Cam,8690530064454,94.90,69.90,104959,https://iyas.com.tr/solo-yuzey-temizlik-hav-100lu-okaliptus-cam-104959-p-586993
Solo Yuzey Temizlik Hav 100lu Sedir Yasemin,8690530064430,94.90,69.90,104958,https://iyas.com.tr/solo-yuzey-temizlik-hav-100lu-sedir-yasemin-104958-p-587183
Sprite 1 5 Lt Pet,5000112665390,75.00,81.00,101236,https://iyas.com.tr/sprite-1-5-lt-pet-101236-p-582433
Sprite 1 Lt Pet,5000112664997,69.50,81.00,101505,https://iyas.com.tr/sprite-1-lt-pet-101505-p-584230
Sprite 2 5 Lt Pet,5000112665376,85.00,77.50,102124,https://iyas.com.tr/sprite-2-5-lt-pet-102124-p-584250
Sprite Kutu 250 Ml,5000112664782,54.00,81.00,103796,https://iyas.com.tr/sprite-kutu-250-ml-103796-p-584626
Ss Senirkent Kadin Girisim Koop Dis Tarhana 500 Gr,2183000552637,179.00,142.50,108373,https://iyas.com.tr/ss-senirkent-kadin-girisim-koop-dis-tarhana-500-gr-108373-p-595916
Ss Senirkent Kadin Girisim Koop Eriste 800 Gr,2183000552590,259.00,142.50,108369,https://iyas.com.tr/ss-senirkent-kadin-girisim-koop-eriste-800-gr-108369-p-595917
Ss Senirkent Kadin Girisim Koop Tarhana 1000 Gr,2183000552583,295.00,142.50,108368,https://iyas.com.tr/ss-senirkent-kadin-girisim-koop-tarhana-1000-gr-108368-p-595914
Ss Senirkent Kadin Girisim Koop Tatar 500 Gr,2183000552606,179.00,142.50,108370,https://iyas.com.tr/ss-senirkent-kadin-girisim-koop-tatar-500-gr-108370-p-595915
Standart Durum 100 Gr,2183000550435,120.00,160.00,105859,https://iyas.com.tr/standart-durum-100-gr-105859-p-586594
Starbucks Capucino 18 Gr,8690632014890,34.90,89.50,101759,https://iyas.com.tr/starbucks-capucino-18-gr-101759-p-584892
Starbucks Caramel Cam 250 Ml,5711953072055,190.00,30.00,84275,https://iyas.com.tr/starbucks-caramel-cam-250-ml-84275-p-133103
Starbucks Caramel Latte 23 Gr,8690632014869,34.90,89.50,101758,https://iyas.com.tr/starbucks-caramel-latte-23-gr-101758-p-586139
Starbucks Coffee Cam 250 Ml,5711953072017,190.00,89.50,84274,https://iyas.com.tr/starbucks-coffee-cam-250-ml-84274-p-133102
Starbucks Latte 18 Gr,8690632014852,34.90,89.50,101756,https://iyas.com.tr/starbucks-latte-18-gr-101756-p-584256
Starbucks Mocha 22 Gr,8690632014876,34.90,89.50,101757,https://iyas.com.tr/starbucks-mocha-22-gr-101757-p-581568
Starbucks Vanilya Latte 21 5 Gr,8690632014883,34.90,89.50,101755,https://iyas.com.tr/starbucks-vanilya-latte-21-5-gr-101755-p-585222
Stop Filtreli Agizlik 30lu,8693203013506,34.90,32.90,84970,https://iyas.com.tr/stop-filtreli-agizlik-30lu-84970-p-140427
Sucuk Izgara,2183000551142,274.00,290.00,99669,https://iyas.com.tr/sucuk-izgara-99669-p-134712
Sudocrem Cilt Bakim Kremi 22 Gr,8699638355693,139.90,239.90,93863,https://iyas.com.tr/sudocrem-cilt-bakim-kremi-22-gr-93863-p-142412
Sudocrem Cilt Bakim Kremi 60 Gr 93864,,,,,https://iyas.com.tr/sudocrem-cilt-bakim-kremi-60-gr-93864-p-142413
Sultan Cevizli Lokum 1 Kg,2183000554730,439.90,129.90,114642,https://iyas.com.tr/sultan-cevizli-lokum-1-kg-114642-p-595563
Sultan Cevizli Lokum 300 Gr,2183000554433,129.90,129.90,114612,https://iyas.com.tr/sultan-cevizli-lokum-300-gr-114612-p-595533
Sultan Cevizli Lokum 500 Gr,2183000554587,219.90,129.90,114627,https://iyas.com.tr/sultan-cevizli-lokum-500-gr-114627-p-595548
Sultan Cikolatali Lokum 1 Kg,2183000554839,439.90,129.90,114652,https://iyas.com.tr/sultan-cikolatali-lokum-1-kg-114652-p-595573
Sultan Cikolatali Lokum 300 Gr,2183000554532,129.90,129.90,114622,https://iyas.com.tr/sultan-cikolatali-lokum-300-gr-114622-p-595543
Sultan Cikolatali Lokum 500 Gr,2183000554686,219.90,129.90,114637,https://iyas.com.tr/sultan-cikolatali-lokum-500-gr-114637-p-595558
Sultan Findikli Lokum 1 Kg,2183000554723,439.90,129.90,114641,https://iyas.com.tr/sultan-findikli-lokum-1-kg-114641-p-595562
Sultan Findikli Lokum 300 Gr,2183000555225,129.90,129.90,114611,https://iyas.com.tr/sultan-findikli-lokum-300-gr-114611-p-595532
Sultan Findikli Lokum 500 Gr,2183000554570,219.90,129.90,114626,https://iyas.com.tr/sultan-findikli-lokum-500-gr-114626-p-595547
Sultan Karamelli Lokum 1 Kg,2183000554846,439.90,129.90,114653,https://iyas.com.tr/sultan-karamelli-lokum-1-kg-114653-p-595574
Sultan Karamelli Lokum 300 Gr,2183000554549,129.90,129.90,114623,https://iyas.com.tr/sultan-karamelli-lokum-300-gr-114623-p-595544
Sultan Karamelli Lokum 500 Gr,2183000554693,219.90,129.90,114638,https://iyas.com.tr/sultan-karamelli-lokum-500-gr-114638-p-595559
Super Peynir Mayasi Buyuk 100 Gr,8697408620026,44.90,49.90,23240,https://iyas.com.tr/super-peynir-mayasi-buyuk-100-gr-23240-p-114629
Superfresh 150 Gr Kinoali Ton Salata,8690612605643,189.00,139.00,113047,https://iyas.com.tr/superfresh-150-gr-kinoali-ton-salata-113047-p-596531
Superfresh 150 Gr Meksika Fasulyeli Ton Salata,8690612605667,189.00,139.00,113048,https://iyas.com.tr/superfresh-150-gr-meksika-fasulyeli-ton-salata-113048-p-596543
Superfresh 150 Gr Misirli Ton Salata,8690612605629,189.00,139.00,113046,https://iyas.com.tr/superfresh-150-gr-misirli-ton-salata-113046-p-596466
Superfresh 450 Gr Ispanak,8690612410032,129.00,279.00,23260,https://iyas.com.tr/superfresh-450-gr-ispanak-23260-p-139055
Superfresh 450 Gr Taze Fasulye,8690612426071,149.00,119.00,110485,https://iyas.com.tr/superfresh-450-gr-taze-fasulye-110485-p-588345
Superfresh Bezelye 450 Gr,8690612402013,129.00,110.00,40155,https://iyas.com.tr/superfresh-bezelye-450-gr-40155-p-139070
Superfresh Bogurtlen 300 Gr,8690612479213,259.00,219.00,114606,https://iyas.com.tr/superfresh-bogurtlen-300-gr-114606-p-596478
Superfresh Citir Cubuk Patates 1000 Gr,8690612415204,249.00,199.00,85160,https://iyas.com.tr/superfresh-citir-cubuk-patates-1000-gr-85160-p-137424
Superfresh Citir Toplar 360 Gr,8690612417864,169.00,279.00,80027,https://iyas.com.tr/superfresh-citir-toplar-360-gr-80027-p-139954
Superfresh Dana Baba Burger 360 Gr,8690612601867,579.00,279.00,68918,https://iyas.com.tr/superfresh-dana-baba-burger-360-gr-68918-p-139061
Superfresh Dana Izgara Kofte 300 Gr,8690612603915,629.00,279.00,106311,https://iyas.com.tr/superfresh-dana-izgara-kofte-300-gr-106311-p-588320
Superfresh Donerli Durum Tost 180 Gr,8690612518929,114.90,279.00,105010,https://iyas.com.tr/superfresh-donerli-durum-tost-180-gr-105010-p-588329
Superfresh Falafel 450 Gr Kofte,8690612417260,169.00,279.00,79510,https://iyas.com.tr/superfresh-falafel-450-gr-kofte-79510-p-120125
Superfresh Firindan Mini Baget Ekmek 8 Li 300 Gr,8690612515065,99.90,279.00,106305,https://iyas.com.tr/superfresh-firindan-mini-baget-ekmek-8-li-300-gr-106305-p-588335
Superfresh Firindan Simit 4 Lu 400 Gr,8690612515041,169.00,129.00,81158,https://iyas.com.tr/superfresh-firindan-simit-4-lu-400-gr-81158-p-124076
Superfresh Firindan Tereyagli Kuruvasan 360 Gr,8690612517281,210.00,169.00,106306,https://iyas.com.tr/superfresh-firindan-tereyagli-kuruvasan-360-gr-106306-p-588336
Superfresh Garnitur Kons 550 Gr,8690612315900,99.90,89.90,108408,https://iyas.com.tr/superfresh-garnitur-kons-550-gr-108408-p-588339
Superfresh Hamburger Koftesi 500 Gr,8690612603151,729.00,279.00,78893,https://iyas.com.tr/superfresh-hamburger-koftesi-500-gr-78893-p-144750
Superfresh Katkat Borek Peynir 400 Gr,8690612519629,149.00,119.00,108540,https://iyas.com.tr/superfresh-katkat-borek-peynir-400-gr-108540-p-588321
Superfresh Kepekli Mini Baget Ekmek 8 Li 300 Gr,8690612515102,99.90,279.00,106304,https://iyas.com.tr/superfresh-kepekli-mini-baget-ekmek-8-li-300-gr-106304-p-588334
Superfresh Kunefe 200 Gr Serbetli,8690612603861,159.00,279.00,110250,https://iyas.com.tr/superfresh-kunefe-200-gr-serbetli-110250-p-588342
Superfresh Kup Sogan 450 Gr,8690612418014,99.90,89.90,53024,https://iyas.com.tr/superfresh-kup-sogan-450-gr-53024-p-123725
Superfresh Light Ton Baligi 3 X 75 Gr,8690612313890,399.00,59.90,92816,https://iyas.com.tr/superfresh-light-ton-baligi-3-x-75-gr-92816-p-138032
Superfresh Manti Kayseri 400 Gr,8690612506087,169.00,139.00,78545,https://iyas.com.tr/superfresh-manti-kayseri-400-gr-78545-p-139107
Superfresh Manti Pelmeni Manti 400 Gr,8690612519780,329.00,279.00,109365,https://iyas.com.tr/superfresh-manti-pelmeni-manti-400-gr-109365-p-588322
Superfresh Milfoy 1000 Gr,8690612502058,219.00,169.00,23267,https://iyas.com.tr/superfresh-milfoy-1000-gr-23267-p-139104
Superfresh Milfoy 1000 Gr Tereyagli,8690612501976,249.00,199.00,35379,https://iyas.com.tr/superfresh-milfoy-1000-gr-tereyagli-35379-p-139076
Superfresh Mini Borek Ispanakli 500 Gr,8690612502997,210.00,169.00,50619,https://iyas.com.tr/superfresh-mini-borek-ispanakli-500-gr-50619-p-139081
Superfresh Mini Borek Patatesli 500 Gr,8690612502973,210.00,169.00,50620,https://iyas.com.tr/superfresh-mini-borek-patatesli-500-gr-50620-p-139080
Superfresh Mini Borek Peynirli 500 Gr,8690612502959,210.00,169.00,50621,https://iyas.com.tr/superfresh-mini-borek-peynirli-500-gr-50621-p-139029
Superfresh Mini Borek Sosisli 420 Gr,8690612507602,210.00,169.00,95970,https://iyas.com.tr/superfresh-mini-borek-sosisli-420-gr-95970-p-146965
Superfresh Misir 200 Gr,8690612315047,52.90,59.90,99998,https://iyas.com.tr/superfresh-misir-200-gr-99998-p-583965
Superfresh Misir 450 Gr 068,8690612420062,139.00,119.00,23271,https://iyas.com.tr/superfresh-misir-450-gr-068-23271-p-130775
Superfresh Misir Kons 3 X 200 Gr,8690612315054,99.90,279.00,94957,https://iyas.com.tr/superfresh-misir-kons-3-x-200-gr-94957-p-146791
Superfresh Mozzarella Cubuklari 280 Gr,8690612417628,310.00,279.00,106307,https://iyas.com.tr/superfresh-mozzarella-cubuklari-280-gr-106307-p-588319
Superfresh Orman Meyveleri 300 Gr,8690612470111,395.00,329.00,108539,https://iyas.com.tr/superfresh-orman-meyveleri-300-gr-108539-p-588341
Superfresh Patates 1000 Gr,8690612416782,249.00,199.00,23278,https://iyas.com.tr/superfresh-patates-1000-gr-23278-p-139041
Superfresh Patates Elma Dil 1000 Gr,8690612415822,249.00,279.00,23273,https://iyas.com.tr/superfresh-patates-elma-dil-1000-gr-23273-p-139056
Superfresh Patates Kroket 450 Gr,8690612416058,119.00,279.00,23275,https://iyas.com.tr/superfresh-patates-kroket-450-gr-23275-p-139110
Superfresh Patates Parmak 1000 Gr,8690612415037,239.00,189.00,108424,https://iyas.com.tr/superfresh-patates-parmak-1000-gr-108424-p-588340
Superfresh Pizza King 4li 17 Cm Eko,8690612510046,349.00,289.00,97842,https://iyas.com.tr/superfresh-pizza-king-4li-17-cm-eko-97842-p-142937
Superfresh Pizza King Extra Xl 475 Gr,8690612518660,249.00,219.00,109364,https://iyas.com.tr/superfresh-pizza-king-extra-xl-475-gr-109364-p-588323
Superfresh Pizza King Kumru Xl Karisik 485 Gr,8690612519926,219.00,279.00,110091,https://iyas.com.tr/superfresh-pizza-king-kumru-xl-karisik-485-gr-110091-p-588344
Superfresh Pizza King Margarita 460 Gr,8690612519940,219.00,279.00,110090,https://iyas.com.tr/superfresh-pizza-king-margarita-460-gr-110090-p-588343
Superfresh Pizza Supreme 300 Gr,8690612518387,179.00,279.00,93379,https://iyas.com.tr/superfresh-pizza-supreme-300-gr-93379-p-129653
Superfresh Pizza Tost 200 Gr,8690612518769,119.00,94.90,105009,https://iyas.com.tr/superfresh-pizza-tost-200-gr-105009-p-588328
Superfresh Pizza Tost Chedarli 200 Gr,8690612518745,119.00,94.90,105008,https://iyas.com.tr/superfresh-pizza-tost-chedarli-200-gr-105008-p-587269
Superfresh Sogan Kroket Gurme 450 Gr,8690612423186,159.00,129.00,91342,https://iyas.com.tr/superfresh-sogan-kroket-gurme-450-gr-91342-p-146356
Superfresh Super Ton 2x135 Gr,8690612314934,274.90,189.00,103485,https://iyas.com.tr/superfresh-super-ton-2x135-gr-103485-p-582763
Superfresh Superton Aycicek Yagli Ton Baligi 3x75 Gr,8690612314316,274.90,59.90,81129,https://iyas.com.tr/superfresh-superton-aycicek-yagli-ton-baligi-3x75-gr-81129-p-127658
Superfresh Tekirdag Dana Kofte 300 Gr,8690612603939,629.00,279.00,106310,https://iyas.com.tr/superfresh-tekirdag-dana-kofte-300-gr-106310-p-588337
Superfresh Ton Baligi 3 X 75 Gr Klasik,8690612314156,199.00,59.90,81204,https://iyas.com.tr/superfresh-ton-baligi-3-x-75-gr-klasik-81204-p-127656
Superfresh Ton Baligi 3 X 75 Gr Zeytinyagli,8690612314217,439.00,59.90,86266,https://iyas.com.tr/superfresh-ton-baligi-3-x-75-gr-zeytinyagli-86266-p-116323
Superfresh Ton Baligi 4 X 75 Gr Klasik,8690612311438,399.00,59.90,107585,https://iyas.com.tr/superfresh-ton-baligi-4-x-75-gr-klasik-107585-p-588338
Superfresh Ton Baligi 75 Gr Tek Classic,8690612314149,75.00,59.90,84316,https://iyas.com.tr/superfresh-ton-baligi-75-gr-tek-classic-84316-p-132124
Superfresh Ton Misirli Ton Baligi 2 X 150 Gr,8690612314514,209.90,59.90,89615,https://iyas.com.tr/superfresh-ton-misirli-ton-baligi-2-x-150-gr-89615-p-141852
Superfresh Ton Mix Fasulyeli Ton Balik 2 X 150 Gr,8690612314538,209.90,59.90,89617,https://iyas.com.tr/superfresh-ton-mix-fasulyeli-ton-balik-2-x-150-gr-89617-p-141857
Superfresh Ton Tahilli Ton Balik 2 X 150 Gr,8690612314491,209.90,59.90,89616,https://iyas.com.tr/superfresh-ton-tahilli-ton-balik-2-x-150-gr-89616-p-141853
Superfresh Tonbaligi 2 X 140 Gr,8690612314965,410.00,299.00,103721,https://iyas.com.tr/superfresh-tonbaligi-2-x-140-gr-103721-p-584315
Superfresh Tonbaligi Zeytinyagli 2 X 140 Gr,8690612314996,449.00,59.90,104953,https://iyas.com.tr/superfresh-tonbaligi-zeytinyagli-2-x-140-gr-104953-p-588317
Superfresh Visne 350 Gr,8690612479251,489.00,399.00,111540,https://iyas.com.tr/superfresh-visne-350-gr-111540-p-596809
Sushi Mate Crispy California Roll 500 Gr,8684407662072,354.90,279.00,111581,https://iyas.com.tr/sushi-mate-crispy-california-roll-500-gr-111581-p-593553
Sushi Mate Crispy Salmon Roll 470 Gr,8684407662065,394.90,279.00,111582,https://iyas.com.tr/sushi-mate-crispy-salmon-roll-470-gr-111582-p-593554
Susi Dilim Cigkofte 150 Gr,2183000550442,150.00,160.00,105863,https://iyas.com.tr/susi-dilim-cigkofte-150-gr-105863-p-586596
Sutas Ayran 1 Lt,8690767160189,55.00,99.90,30043,https://iyas.com.tr/sutas-ayran-1-lt-30043-p-122970
Sutas Ayran 175 Ml,8690767714450,12.50,99.90,75598,https://iyas.com.tr/sutas-ayran-175-ml-75598-p-114655
Sutas Ayran 2 Lt,8690767671081,99.50,99.90,30044,https://iyas.com.tr/sutas-ayran-2-lt-30044-p-123039
Sutas Barista Sut 1 Lt,8681324009621,72.50,49.90,106900,https://iyas.com.tr/sutas-barista-sut-1-lt-106900-p-596518
Sutas Bubble Mix 140 Gr Cilek,8681324010290,49.50,139.00,114521,https://iyas.com.tr/sutas-bubble-mix-140-gr-cilek-114521-p-596750
Sutas Bubble Mix 140 Gr Orman Meyveli,8681324010306,49.50,139.00,114522,https://iyas.com.tr/sutas-bubble-mix-140-gr-orman-meyveli-114522-p-596817
Sutas Cikolatali Uht Sut 6x180 Ml,8690767675416,89.90,49.90,108922,https://iyas.com.tr/sutas-cikolatali-uht-sut-6x180-ml-108922-p-596650
Sutas Cilekli Minimix 90 Gr,8681324000253,50.00,139.00,72179,https://iyas.com.tr/sutas-cilekli-minimix-90-gr-72179-p-114651
Sutas Cilekli Uht Sut 180 Ml,8690767716706,16.00,49.90,75496,https://iyas.com.tr/sutas-cilekli-uht-sut-180-ml-75496-p-135684
Sutas Dil 200 Gr,8681324006569,149.00,379.00,86323,https://iyas.com.tr/sutas-dil-200-gr-86323-p-127853
Sutas Dilimli Kasar 60 Gr,8681324000352,37.50,379.00,64192,https://iyas.com.tr/sutas-dilimli-kasar-60-gr-64192-p-139794
Sutas Hellim Peyniri 225 Gr,8690767674723,169.50,379.00,113190,https://iyas.com.tr/sutas-hellim-peyniri-225-gr-113190-p-597915
Sutas Huptrik Cilekli 30 Gr,8681324006149,5.00,139.00,85403,https://iyas.com.tr/sutas-huptrik-cilekli-30-gr-85403-p-120305
Sutas Kakaolu Uht Sut 180 Ml,8681324004312,16.00,49.90,75494,https://iyas.com.tr/sutas-kakaolu-uht-sut-180-ml-75494-p-135682
Sutas Kasar 600 Gr,8690767716546,299.50,259.00,75511,https://iyas.com.tr/sutas-kasar-600-gr-75511-p-139739
Sutas Kasar Dilim Dilim 150 Gr,8690767710162,97.50,379.00,103997,https://iyas.com.tr/sutas-kasar-dilim-dilim-150-gr-103997-p-583411
Sutas Kaymaksiz Yogurt 1000 Gr,8690767160127,87.50,139.00,30066,https://iyas.com.tr/sutas-kaymaksiz-yogurt-1000-gr-30066-p-136263
Sutas Kaymaksiz Yogurt 500 Gr,8690767670268,49.50,139.00,75501,https://iyas.com.tr/sutas-kaymaksiz-yogurt-500-gr-75501-p-114638
Sutas Kaymaksiz Yogurt Yarim Yagli 3000 Gr,8681324005869,189.50,139.00,85030,https://iyas.com.tr/sutas-kaymaksiz-yogurt-yarim-yagli-3000-gr-85030-p-116623
Sutas Kefir 1 Lt Cilek,8681324006538,99.50,99.90,85281,https://iyas.com.tr/sutas-kefir-1-lt-cilek-85281-p-116235
Sutas Kefir 1 Lt Orman Meyveli,8681324007146,99.50,99.90,86738,https://iyas.com.tr/sutas-kefir-1-lt-orman-meyveli-86738-p-124959
Sutas Kefir 1 Lt Sade,8681324004503,99.50,99.90,75497,https://iyas.com.tr/sutas-kefir-1-lt-sade-75497-p-135666
Sutas Kefir 250 Ml Cilek,8681324004831,39.50,99.90,75499,https://iyas.com.tr/sutas-kefir-250-ml-cilek-75499-p-114637
Sutas Klasik Beyaz Peynir 450 Gr Dilimli,8681324007023,329.00,379.00,100313,https://iyas.com.tr/sutas-klasik-beyaz-peynir-450-gr-dilimli-100313-p-583609
Sutas Krem Peynir 150 Gr,8690767714436,55.00,379.00,57910,https://iyas.com.tr/sutas-krem-peynir-150-gr-57910-p-139798
Sutas Krem Peynir 300 Gr,8690767711350,105.00,379.00,49353,https://iyas.com.tr/sutas-krem-peynir-300-gr-49353-p-139797
Sutas Krema 1 Lt,8690767670121,359.50,599.00,95871,https://iyas.com.tr/sutas-krema-1-lt-95871-p-142761
Sutas Krema 15,8690767670060,75.00,599.00,30042,https://iyas.com.tr/sutas-krema-15-30042-p-118767
Sutas Labne Peynir 200 Gr,8690767710469,69.50,379.00,41524,https://iyas.com.tr/sutas-labne-peynir-200-gr-41524-p-119194
Sutas Labne Peynir 400 Gr,8690767714641,129.50,379.00,53781,https://iyas.com.tr/sutas-labne-peynir-400-gr-53781-p-144473
Sutas Laktozsuz Sut 1 Lt,8690767716430,60.00,49.90,70494,https://iyas.com.tr/sutas-laktozsuz-sut-1-lt-70494-p-118802
Sutas Latte 1 Lt,8681324009652,175.00,89.50,103995,https://iyas.com.tr/sutas-latte-1-lt-103995-p-584945
Sutas Meyveli Yogurt 500 Gr Seftali Kayisi,8681324010245,79.50,139.00,110263,https://iyas.com.tr/sutas-meyveli-yogurt-500-gr-seftali-kayisi-110263-p-596515
Sutas Muzlu 6x180 Gr,8690767675621,89.90,49.90,104677,https://iyas.com.tr/sutas-muzlu-6x180-gr-104677-p-596581
Sutas Muzlu Uht Sut 180 Ml,8690767716942,16.00,49.90,75495,https://iyas.com.tr/sutas-muzlu-uht-sut-180-ml-75495-p-135683
Sutas Piknik Kasar 400 Gr,8690767671029,209.50,379.00,72234,https://iyas.com.tr/sutas-piknik-kasar-400-gr-72234-p-139733
Sutas Porsiyon Peynir 8x12 5 Gr,8690767670190,47.50,379.00,30022,https://iyas.com.tr/sutas-porsiyon-peynir-8x12-5-gr-30022-p-115113
Sutas Sade 6x180 Gr 2 5 Yagli,8690767675485,89.90,49.90,104679,https://iyas.com.tr/sutas-sade-6x180-gr-2-5-yagli-104679-p-596708
Sutas Suzme Beyaz Peynir 900 Gr,8681324003056,257.50,154.90,75514,https://iyas.com.tr/sutas-suzme-beyaz-peynir-900-gr-75514-p-139741
Sutas Suzme Kup Kup 200 Gr,8690767716805,84.50,379.00,113341,https://iyas.com.tr/sutas-suzme-kup-kup-200-gr-113341-p-597994
Sutas Suzme Yogurt 375 Gr,8681324005883,72.50,139.00,84633,https://iyas.com.tr/sutas-suzme-yogurt-375-gr-84633-p-115390
Sutas Suzme Yogurt 750 Gr 30084,,,,,https://iyas.com.tr/sutas-suzme-yogurt-750-gr-30084-p-123651
Sutas Tatlim Cikolata Cilekli Puding 4x60 Gr,8690767710278,40.00,49.90,31694,https://iyas.com.tr/sutas-tatlim-cikolata-cilekli-puding-4x60-gr-31694-p-126971
Sutas Tatlim Cilek Puding 4x50 Gr,8690767710087,40.00,39.90,75521,https://iyas.com.tr/sutas-tatlim-cilek-puding-4x50-gr-75521-p-139489
Sutas Uht Puding 200 Gr,8681324004428,21.50,49.90,93077,https://iyas.com.tr/sutas-uht-puding-200-gr-93077-p-121262
Sutas Uht Puding Kakaolu 200 Gr,8681324005852,21.50,39.90,95081,https://iyas.com.tr/sutas-uht-puding-kakaolu-200-gr-95081-p-117347
Sutas Uht Sut 200 Ml 3 5 Yagli,8681324005647,18.00,49.90,106960,https://iyas.com.tr/sutas-uht-sut-200-ml-3-5-yagli-106960-p-596491
Sutas Uht Sut 200 Ml Laktozsuz,8690767716577,17.00,445.00,113673,https://iyas.com.tr/sutas-uht-sut-200-ml-laktozsuz-113673-p-596709
Sutas Uht Sut 200 Ml Light,8690767714658,18.50,49.90,113672,https://iyas.com.tr/sutas-uht-sut-200-ml-light-113672-p-596557
Sutas Uht Sut Light 11,8690767674952,60.00,49.90,30007,https://iyas.com.tr/sutas-uht-sut-light-11-30007-p-123484
Sutas Yagli Sut 2 5 Yagli 1 Lt,8690767716034,62.50,49.90,75493,https://iyas.com.tr/sutas-yagli-sut-2-5-yagli-1-lt-75493-p-135681
Sutas Yagli Sut 2 5 Yagli 500 Ml,8690767002175,39.90,49.90,99953,https://iyas.com.tr/sutas-yagli-sut-2-5-yagli-500-ml-99953-p-581197
Sutas Yagli Sut 3 5 Yagli 1 Lt,8681324005449,72.50,49.90,93075,https://iyas.com.tr/sutas-yagli-sut-3-5-yagli-1-lt-93075-p-121260
Sutas Yarim Yagli Uht Sut 11,8690767670053,55.00,49.95,30002,https://iyas.com.tr/sutas-yarim-yagli-uht-sut-11-30002-p-135679
Sutas Yarim Yagli Uht Sut 200 Ml,8690767716621,16.00,49.90,75686,https://iyas.com.tr/sutas-yarim-yagli-uht-sut-200-ml-75686-p-135687
Sutas Yayik Dilimli Tereyagi 1000 Gr,8681324005494,799.00,379.00,100310,https://iyas.com.tr/sutas-yayik-dilimli-tereyagi-1000-gr-100310-p-581180
Sutas Yemeklik Krema 15,8681324005968,55.00,599.00,99172,https://iyas.com.tr/sutas-yemeklik-krema-15-99172-p-117847
Sutas Yk Kasar 200 Gr,8690767716638,127.50,379.00,75596,https://iyas.com.tr/sutas-yk-kasar-200-gr-75596-p-139746
Sutas Yoresel Kaymakli Yogurt 2000 Gr,8681324008419,135.00,139.00,106625,https://iyas.com.tr/sutas-yoresel-kaymakli-yogurt-2000-gr-106625-p-595333
Tadelle 30 Gr Beyaz Cikolata Kapli Findik Dolgulu Sut Cikolata,8683417000201,36.90,30.00,97847,https://iyas.com.tr/tadelle-30-gr-beyaz-cikolata-kapli-findik-dolgulu-sut-cikolata-97847-p-142942
Tadelle 30 Gr Findik Dolgulu Sut Cikolata,8683417000140,36.90,30.00,97845,https://iyas.com.tr/tadelle-30-gr-findik-dolgulu-sut-cikolata-97845-p-142940
Tadelle Findik Dolgulu Bitter Cikolata 30 Gr,8683417000171,36.90,30.00,97846,https://iyas.com.tr/tadelle-findik-dolgulu-bitter-cikolata-30-gr-97846-p-142941
Tadelle Gofret 28 Gr,8683417003295,16.95,30.00,108893,https://iyas.com.tr/tadelle-gofret-28-gr-108893-p-588113
Tadelle Gofret Bitter 35 Gr,8683417000560,16.95,30.00,98493,https://iyas.com.tr/tadelle-gofret-bitter-35-gr-98493-p-130313
Tadelle King Size 52 Gr,8683417000270,59.90,30.00,98530,https://iyas.com.tr/tadelle-king-size-52-gr-98530-p-130350
Tadelle Kup Gofret Bitter Kremali 200 Gr,8683417001574,84.90,30.00,91157,https://iyas.com.tr/tadelle-kup-gofret-bitter-kremali-200-gr-91157-p-142129
Tadelle Kup Gofret Findik Kremali 200 Gr,8683417001543,84.90,30.00,91158,https://iyas.com.tr/tadelle-kup-gofret-findik-kremali-200-gr-91158-p-142130
Tadelle Kup Gofret Kakao Kremali 200 Gr,8683417001512,84.90,30.00,91159,https://iyas.com.tr/tadelle-kup-gofret-kakao-kremali-200-gr-91159-p-142131
Tadelle Maxinut 30 Gr Gofret,8683417000614,24.95,30.00,98378,https://iyas.com.tr/tadelle-maxinut-30-gr-gofret-98378-p-126091
Tadelle Seker Ilavesiz Findikli Sutlu Cikolata 20 Gr,8690550915330,34.90,30.00,47809,https://iyas.com.tr/tadelle-seker-ilavesiz-findikli-sutlu-cikolata-20-gr-47809-p-123156
Taft Sac Kopuk 150 Ml Powerful Age,4015100810202,219.90,149.90,108602,https://iyas.com.tr/taft-sac-kopuk-150-ml-powerful-age-108602-p-598252
Taft Sac Sprey 250 Ml Power Express Tr,4015100811353,219.90,149.90,103202,https://iyas.com.tr/taft-sac-sprey-250-ml-power-express-tr-103202-p-586181
Taft Sac Sprey 250 Ml Power Kafein Haptiq,4015100811490,219.90,149.90,98514,https://iyas.com.tr/taft-sac-sprey-250-ml-power-kafein-haptiq-98514-p-130334
Tagliatelle 300 Gr,8682773393149,139.00,28.90,112482,https://iyas.com.tr/tagliatelle-300-gr-112482-p-596540
Tahsildaroglu Enhos Klasik Peynir Kilo,2202051,495.00,445.00,5715,https://iyas.com.tr/tahsildaroglu-enhos-klasik-peynir-kilo-5715-p-139701
Tahsildaroglu Ezine Peynir 500 Gr,8691225156355,359.00,379.00,104022,https://iyas.com.tr/tahsildaroglu-ezine-peynir-500-gr-104022-p-581616
Tahsildaroglu Ezine Peynir 500 Gr Keci,8691225156379,519.00,379.00,104023,https://iyas.com.tr/tahsildaroglu-ezine-peynir-500-gr-keci-104023-p-583139
Tahsildaroglu Lor Peyniri 500 Gr,8691225152197,110.00,379.00,104801,https://iyas.com.tr/tahsildaroglu-lor-peyniri-500-gr-104801-p-587079
Tampax Tampon Eko Normal 22li,4015400715320,209.90,179.90,93192,https://iyas.com.tr/tampax-tampon-eko-normal-22li-93192-p-146542
Tampax Tampon Eko Super 20li,8006540458976,209.90,179.90,93193,https://iyas.com.tr/tampax-tampon-eko-super-20li-93193-p-146543
Tampax Tampon Eko Super Plus 18li,8006540468081,209.90,179.90,108362,https://iyas.com.tr/tampax-tampon-eko-super-plus-18li-108362-p-596981
Taris Zeytinyagi Naturel Sizma 500 Ml Cam Canta,8690102406996,469.50,385.00,113178,https://iyas.com.tr/taris-zeytinyagi-naturel-sizma-500-ml-cam-canta-113178-p-596503
Taris Zeytinyagi Riviera 5 Lt Teneke,8690102405050,1499.50,1299.50,111561,https://iyas.com.tr/taris-zeytinyagi-riviera-5-lt-teneke-111561-p-596724
Tarko Dus Lifi 40 Gr,8697888009144,23.90,99.90,93078,https://iyas.com.tr/tarko-dus-lifi-40-gr-93078-p-121263
Tat Aci Biber Salcasi 550 Gr,8690635030569,94.90,59.90,23508,https://iyas.com.tr/tat-aci-biber-salcasi-550-gr-23508-p-131572
Tat Aci Biber Tursusu 330 Gr,8690635190362,94.90,59.90,43588,https://iyas.com.tr/tat-aci-biber-tursusu-330-gr-43588-p-119069
Tat Barbunya Pilaki 400 Gr,8690635070022,69.90,59.90,23499,https://iyas.com.tr/tat-barbunya-pilaki-400-gr-23499-p-143358
Tat Bezelye Garnitur 340 Gr Cam,8690635060733,49.90,59.90,23501,https://iyas.com.tr/tat-bezelye-garnitur-340-gr-cam-23501-p-143356
Tat Bezelye Garnitur 550 Gr Cam,8690635060948,64.90,59.90,23502,https://iyas.com.tr/tat-bezelye-garnitur-550-gr-cam-23502-p-143357
Tat Biberiye Tursu 330 Gr,8690635190379,94.90,59.90,23512,https://iyas.com.tr/tat-biberiye-tursu-330-gr-23512-p-119071
Tat Domates Salcasi 360 Gr Cam,8690635030910,59.90,59.90,23519,https://iyas.com.tr/tat-domates-salcasi-360-gr-cam-23519-p-139162
Tat Domates Salcasi 4300 Gr,8690635031184,379.00,359.00,74484,https://iyas.com.tr/tat-domates-salcasi-4300-gr-74484-p-139165
Tat Domates Salcasi 710 Gr 720 Cc Cam,8690635030323,99.90,59.90,23522,https://iyas.com.tr/tat-domates-salcasi-710-gr-720-cc-cam-23522-p-139157
Tat Domates Salcasi 830 Gr,8690635030163,94.90,84.90,23516,https://iyas.com.tr/tat-domates-salcasi-830-gr-23516-p-139164
Tat Kahvaltilik Sos 210 Gr,8690635260393,74.90,249.00,115388,https://iyas.com.tr/tat-kahvaltilik-sos-210-gr-115388-p-596560
Tat Ketcap 650 Grmayonez 560 Gr Sade,8690635990528,229.00,199.00,74507,https://iyas.com.tr/tat-ketcap-650-grmayonez-560-gr-sade-74507-p-135105
Tat Ketcap Aci 390 Gr,8690635151561,74.90,59.90,85632,https://iyas.com.tr/tat-ketcap-aci-390-gr-85632-p-119361
Tat Ketcap Aci 650 Gr,8690635151462,99.90,59.90,74500,https://iyas.com.tr/tat-ketcap-aci-650-gr-74500-p-135099
Tat Ketcap Sade 390 Gr,8690635151554,74.90,59.90,86816,https://iyas.com.tr/tat-ketcap-sade-390-gr-86816-p-125042
Tat Ketcap Sade 650 Gr,8690635151424,99.90,59.90,74499,https://iyas.com.tr/tat-ketcap-sade-650-gr-74499-p-135098
Tat Kornison Tursu Cam 680 Gr,8690635190010,169.00,149.00,23547,https://iyas.com.tr/tat-kornison-tursu-cam-680-gr-23547-p-119067
Tat Lemon Pepper Mayonez 210 Gr,8690635260812,129.00,89.90,115391,https://iyas.com.tr/tat-lemon-pepper-mayonez-210-gr-115391-p-596549
Tat Mayonez 330 Gr,8690635300815,99.90,94.90,74502,https://iyas.com.tr/tat-mayonez-330-gr-74502-p-135101
Tat Mayonez 550 Gr,8690635300822,149.00,59.90,74503,https://iyas.com.tr/tat-mayonez-550-gr-74503-p-135102
Tat Misir Konservesi 3x210 Gr,8690635061181,119.00,59.90,97850,https://iyas.com.tr/tat-misir-konservesi-3x210-gr-97850-p-142945
Tat Patlican Kizartma 400 Gr,8690635070329,119.00,59.90,36774,https://iyas.com.tr/tat-patlican-kizartma-400-gr-36774-p-135847
Tat Salatalik Tursu 350 Gr Cam,8690635190034,124.90,59.90,42824,https://iyas.com.tr/tat-salatalik-tursu-350-gr-cam-42824-p-119068
Tat Turlu 820 Gr,8690635060078,129.00,59.90,23566,https://iyas.com.tr/tat-turlu-820-gr-23566-p-119066
Tavuk Sis,2183000551159,400.00,290.00,99671,https://iyas.com.tr/tavuk-sis-99671-p-134714
Tavuk Sis Durum,2183000551210,380.00,290.00,99681,https://iyas.com.tr/tavuk-sis-durum-99681-p-134724
Tavuk Sis Menu Tavuk Sis Kola Firin Sutlac,2183000551357,530.00,290.00,99701,https://iyas.com.tr/tavuk-sis-menu-tavuk-sis-kola-firin-sutlac-99701-p-134744
Tayas 1000 Gr Multi Fruit,8690997167071,169.90,79.50,107587,https://iyas.com.tr/tayas-1000-gr-multi-fruit-107587-p-596574
Tayas 300 Gr Choco Mint,8690997172921,74.90,49.90,108436,https://iyas.com.tr/tayas-300-gr-choco-mint-108436-p-596562
Tayas 90 Gr Damla Karisik Meyveli,8690997154408,27.50,19.90,108833,https://iyas.com.tr/tayas-90-gr-damla-karisik-meyveli-108833-p-596571
Taze Iran Hurma Kilo,2205014,199.00,729.00,17500,https://iyas.com.tr/taze-iran-hurma-kilo-17500-p-113857
Taze Kayisi 1 Kg,2209063,129.90,99.90,15957,https://iyas.com.tr/taze-kayisi-1-kg-15957-p-123047
Taze Sikilmis Portakal Suyu 1 Lt,2301493,119.90,99.90,117076,https://iyas.com.tr/taze-sikilmis-portakal-suyu-1-lt-117076-p-597662
Tek Kiymali Pide,2183000551418,250.00,290.00,99650,https://iyas.com.tr/tek-kiymali-pide-99650-p-134693
Tek Porsiyon Et Doner Iskender,2183000551043,500.00,290.00,99658,https://iyas.com.tr/tek-porsiyon-et-doner-iskender-99658-p-134701
Tekzen Hiper Siyah Sele Zeytin Kilo,2203028,275.00,195.00,104779,https://iyas.com.tr/tekzen-hiper-siyah-sele-zeytin-kilo-104779-p-586888
Tel Kadayifli Antep Fistik Ezmeli Lokum 1 Kg,2183000554792,439.90,129.90,114648,https://iyas.com.tr/tel-kadayifli-antep-fistik-ezmeli-lokum-1-kg-114648-p-595569
Tel Kadayifli Antep Fistik Ezmeli Lokum 300 Gr,2183000554495,129.90,129.90,114618,https://iyas.com.tr/tel-kadayifli-antep-fistik-ezmeli-lokum-300-gr-114618-p-595539
Tel Kadayifli Antep Fistik Ezmeli Lokum 500 Gr,2183000554648,219.90,129.90,114633,https://iyas.com.tr/tel-kadayifli-antep-fistik-ezmeli-lokum-500-gr-114633-p-595554
Teng Tang Soya Sosu 750 Gr,51685003789,129.00,59.90,98700,https://iyas.com.tr/teng-tang-soya-sosu-750-gr-98700-p-134636
Teno Tuvalet Kagidi Cift Katli 16 Li,8690536025206,134.90,369.90,97479,https://iyas.com.tr/teno-tuvalet-kagidi-cift-katli-16-li-97479-p-130190
Tere Adet,2306007,29.90,25.00,23855,https://iyas.com.tr/tere-adet-23855-p-127222
Terem Kase Margarin 250 Gr,8691375608551,74.90,59.90,2377,https://iyas.com.tr/terem-kase-margarin-250-gr-2377-p-118770
Terem Kase Margarin 600 Gr,8691375615511,159.00,99.90,75397,https://iyas.com.tr/terem-kase-margarin-600-gr-75397-p-115987
Terem Paket Margarin 250 Gr,8691375608407,59.90,159.00,2378,https://iyas.com.tr/terem-paket-margarin-250-gr-2378-p-118765
Ticon Puffy Bayrak,8694340106199,13.00,20.00,110278,https://iyas.com.tr/ticon-puffy-bayrak-110278-p-588266
Timex Dis Fircasi Koruma Kutusu Tim 128,8682169181282,34.90,139.90,112615,https://iyas.com.tr/timex-dis-fircasi-koruma-kutusu-tim-128-112615-p-596935
Tmn Kokusuz Kck Kulluk,8680440311373,20.00,115.00,73812,https://iyas.com.tr/tmn-kokusuz-kck-kulluk-73812-p-137055
Toblerone Cheesecake 2x85 Gr,5412949098096,399.00,9.90,114258,https://iyas.com.tr/toblerone-cheesecake-2x85-gr-114258-p-596535
Toblerone Pasta 400 Gr Cikolatali,7312930002201,599.00,279.00,114257,https://iyas.com.tr/toblerone-pasta-400-gr-cikolatali-114257-p-596475
Tokana Antep Katmer 150 Gr,8698636385497,189.00,279.00,114265,https://iyas.com.tr/tokana-antep-katmer-150-gr-114265-p-595408
Tokana Kunefe Serbetli 135 Gr,8698636385480,269.00,279.00,114264,https://iyas.com.tr/tokana-kunefe-serbetli-135-gr-114264-p-595405
Tokana Pide Kasar 125 Gr,8698636387019,219.00,279.00,114262,https://iyas.com.tr/tokana-pide-kasar-125-gr-114262-p-595406
Tokana Pide Kiymali 125 Gr,8698636383660,219.00,279.00,114261,https://iyas.com.tr/tokana-pide-kiymali-125-gr-114261-p-595411
Tokana Pide Kusbasi 125 Gr,8698636387538,259.00,279.00,114263,https://iyas.com.tr/tokana-pide-kusbasi-125-gr-114263-p-595413
Ton Balikli Pizza Kucuk Boy,2183000551524,200.00,290.00,15214,https://iyas.com.tr/ton-balikli-pizza-kucuk-boy-15214-p-128063
Toposmanoglu Helva Antep Fistigi 370 Gr,8694022106349,195.00,249.00,63818,https://iyas.com.tr/toposmanoglu-helva-antep-fistigi-370-gr-63818-p-114567
Toposmanoglu Helva Antep Fistigi 940 Gr,8694022105045,395.00,249.00,63871,https://iyas.com.tr/toposmanoglu-helva-antep-fistigi-940-gr-63871-p-122918
Toposmanoglu Helva Kak 370 Gr,8694022102341,84.90,249.00,59472,https://iyas.com.tr/toposmanoglu-helva-kak-370-gr-59472-p-122882
Toposmanoglu Helva Kak 940 Gr,8694022107759,195.00,249.00,59466,https://iyas.com.tr/toposmanoglu-helva-kak-940-gr-59466-p-144038
Toposmanoglu Helva Sade 370 Gr,8694022101344,84.90,249.00,59471,https://iyas.com.tr/toposmanoglu-helva-sade-370-gr-59471-p-122884
Toposmanoglu Helva Sade 40 Gr,8694022200047,39.90,10.90,114575,https://iyas.com.tr/toposmanoglu-helva-sade-40-gr-114575-p-596559
Toposmanoglu Helva Sade 940 Gr,8694022104871,195.00,249.00,59465,https://iyas.com.tr/toposmanoglu-helva-sade-940-gr-59465-p-114581
Toposmanoglu Kova Ayva Receli 950gr,8694022121151,139.00,249.00,60209,https://iyas.com.tr/toposmanoglu-kova-ayva-receli-950gr-60209-p-118650
Toposmanoglu Kova Gul Receli 950 Gr,8694022121113,139.00,249.00,60208,https://iyas.com.tr/toposmanoglu-kova-gul-receli-950-gr-60208-p-115228
Toposmanoglu Kova Incir Receli 950 Gr,8694022121168,139.00,249.00,60210,https://iyas.com.tr/toposmanoglu-kova-incir-receli-950-gr-60210-p-118638
Toposmanoglu Kova Kayisi Receli 950 Gr,8694022121120,139.00,249.00,60213,https://iyas.com.tr/toposmanoglu-kova-kayisi-receli-950-gr-60213-p-118653
Toposmanoglu Kova Visne Receli 950 Gr,8694022121144,199.00,249.00,60212,https://iyas.com.tr/toposmanoglu-kova-visne-receli-950-gr-60212-p-118648
Toposmanoglu Pekmez 1000 Gr,8694022183081,199.00,249.00,59464,https://iyas.com.tr/toposmanoglu-pekmez-1000-gr-59464-p-127135
Toposmanoglu Pekmez Kilo,2203016,199.00,249.00,19151,https://iyas.com.tr/toposmanoglu-pekmez-kilo-19151-p-144402
Toposmanoglu Sadekakaolu Helva Kilo,2203004,199.00,249.00,3736,https://iyas.com.tr/toposmanoglu-sadekakaolu-helva-kilo-3736-p-144191
Toposmanoglu Tahin 470 Gr,8694022106257,109.90,249.00,59473,https://iyas.com.tr/toposmanoglu-tahin-470-gr-59473-p-127083
Toposmanoglu Tahin 960 Gr,8694022106110,199.00,249.00,59463,https://iyas.com.tr/toposmanoglu-tahin-960-gr-59463-p-127080
Toposmanoglu Tahin Kilo,2203022,229.00,249.00,758,https://iyas.com.tr/toposmanoglu-tahin-kilo-758-p-144403
Topzcorn Popcorn 160 Gr Glutensiz Tatli D Tuzlu,8685080680001,54.90,74.90,114016,https://iyas.com.tr/topzcorn-popcorn-160-gr-glutensiz-tatli-d-tuzlu-114016-p-596507
Topzcorn Popcorn 160 Gr Glutensiz Tatli Tarcin,8685080680025,54.90,74.90,114017,https://iyas.com.tr/topzcorn-popcorn-160-gr-glutensiz-tatli-tarcin-114017-p-597112
Torku 30 Gr Antep Fistikli Baton Cikolata,8690120127620,44.90,9.90,106555,https://iyas.com.tr/torku-30-gr-antep-fistikli-baton-cikolata-106555-p-596810
Torku 30 Gr Findikli Baton Cikolata,8690120127606,29.90,30.00,106557,https://iyas.com.tr/torku-30-gr-findikli-baton-cikolata-106557-p-596609
Torku 65 Gr Antep Fistikli Cikolata,8690120127453,84.90,30.00,81132,https://iyas.com.tr/torku-65-gr-antep-fistikli-cikolata-81132-p-123622
Torku 700 Gr Petibor,8690120060286,79.90,69.90,56056,https://iyas.com.tr/torku-700-gr-petibor-56056-p-139493
Torku Ac Bitir Fistikli Salam 50 Gr,8680181103268,54.95,895.00,72409,https://iyas.com.tr/torku-ac-bitir-fistikli-salam-50-gr-72409-p-139852
Torku Ayran 1 Lt,8680181000512,54.90,99.90,54063,https://iyas.com.tr/torku-ayran-1-lt-54063-p-122958
Torku Banada Bitter Findik Kremasi 370 Gr Cam,8690120061207,174.90,164.90,64110,https://iyas.com.tr/torku-banada-bitter-findik-kremasi-370-gr-cam-64110-p-127016
Torku Banada Efsane Kakaolu Findik Kremasi 370 Gr,8690120152127,299.00,445.00,105808,https://iyas.com.tr/torku-banada-efsane-kakaolu-findik-kremasi-370-gr-105808-p-596718
Torku Banada Findik Ezmesi 370 Gr,8690120062235,249.00,249.00,64111,https://iyas.com.tr/torku-banada-findik-ezmesi-370-gr-64111-p-139469
Torku Banada Kakaolu Findik Kremasi 400 Gr Cam,8690120070124,159.00,249.00,49842,https://iyas.com.tr/torku-banada-kakaolu-findik-kremasi-400-gr-cam-49842-p-127076
Torku Banada Kakaolu Findik Kremasi 700 Gr,8690120070148,249.00,199.00,55926,https://iyas.com.tr/torku-banada-kakaolu-findik-kremasi-700-gr-55926-p-139471
Torku Banada Kakaolu Findik Kremasi Kilo,2201105,345.00,249.00,110779,https://iyas.com.tr/torku-banada-kakaolu-findik-kremasi-kilo-110779-p-595305
Torku Beyaz Peynir 500 Gr,8680181000178,179.00,379.00,54047,https://iyas.com.tr/torku-beyaz-peynir-500-gr-54047-p-139726
Torku Beyaz Peynir 900 Gr,8680181105705,269.00,379.00,72825,https://iyas.com.tr/torku-beyaz-peynir-900-gr-72825-p-139767
Torku Cikolata 1 Daha 32 Gr,8690120128313,19.90,9.90,84768,https://iyas.com.tr/torku-cikolata-1-daha-32-gr-84768-p-127822
Torku Citir Gofret 25 Gr,8690120161815,6.90,30.00,108529,https://iyas.com.tr/torku-citir-gofret-25-gr-108529-p-587907
Torku Cokofest 55 Gr Franbuazli,8690120041285,34.90,9.90,54073,https://iyas.com.tr/torku-cokofest-55-gr-franbuazli-54073-p-135005
Torku Cubuk Kraker 32 Gr,8690120127729,5.90,4.90,81299,https://iyas.com.tr/torku-cubuk-kraker-32-gr-81299-p-141433
Torku Delidolu 36 Gr Antepfistikli,8690120164229,29.90,30.00,114996,https://iyas.com.tr/torku-delidolu-36-gr-antepfistikli-114996-p-596621
Torku Delidolu 36 Gr Cikolata,8690120164205,14.90,9.90,114995,https://iyas.com.tr/torku-delidolu-36-gr-cikolata-114995-p-596733
Torku Dogal Kangal Sucuk Kilo,2207031,995.00,895.00,13011,https://iyas.com.tr/torku-dogal-kangal-sucuk-kilo-13011-p-115031
Torku Dream Kalp Beyaz Cikolata 180 Gr,8690120581507,144.90,9.90,114400,https://iyas.com.tr/torku-dream-kalp-beyaz-cikolata-180-gr-114400-p-596675
Torku Enjoy Ahududu Soslu Kek 55 Gr,8690120110417,12.00,15.00,74448,https://iyas.com.tr/torku-enjoy-ahududu-soslu-kek-55-gr-74448-p-126653
Torku Enjoy Cikolata Soslu Kek 55 Gr,8690120110370,12.00,15.00,74446,https://iyas.com.tr/torku-enjoy-cikolata-soslu-kek-55-gr-74446-p-126651
Torku Enjoy Muz Soslu Kek 55 Gr,8690120110431,12.00,15.00,74447,https://iyas.com.tr/torku-enjoy-muz-soslu-kek-55-gr-74447-p-126652
Torku Favorimo Biskuvi 4x61 Gr Kakaolu,8690120097961,44.90,69.90,55622,https://iyas.com.tr/torku-favorimo-biskuvi-4x61-gr-kakaolu-55622-p-127145
Torku Favorimo Kremali Biskuvi 61 Gr Cikolatali,8690120060323,14.90,69.90,54084,https://iyas.com.tr/torku-favorimo-kremali-biskuvi-61-gr-cikolatali-54084-p-132014
Torku Favorimo Kremali Biskuvi 61 Gr Findikli,8690120508528,14.90,69.90,53390,https://iyas.com.tr/torku-favorimo-kremali-biskuvi-61-gr-findikli-53390-p-132016
Torku Favorimo Kremali Biskuvi 61 Gr Muzlu,8690120508535,14.90,69.90,58183,https://iyas.com.tr/torku-favorimo-kremali-biskuvi-61-gr-muzlu-58183-p-124479
Torku Favorimo Muz Kremali 4x61 Gr,8690120047935,44.90,69.90,58935,https://iyas.com.tr/torku-favorimo-muz-kremali-4x61-gr-58935-p-132017
Torku Fermante Kangal Sucuk 225 Gr,8680181001984,299.00,895.00,56054,https://iyas.com.tr/torku-fermante-kangal-sucuk-225-gr-56054-p-139847
Torku Frema Kakaolu Findik Kremasi 1000 Gr,8690120062891,199.00,249.00,70055,https://iyas.com.tr/torku-frema-kakaolu-findik-kremasi-1000-gr-70055-p-144014
Torku Frema Kakaolu Findik Kremasi 1500 Gr,8690120070094,329.00,299.00,85182,https://iyas.com.tr/torku-frema-kakaolu-findik-kremasi-1500-gr-85182-p-120289
Torku Frema Kakaolu Findik Kremasi 400 Gr Pls,8690120070049,89.90,249.00,50145,https://iyas.com.tr/torku-frema-kakaolu-findik-kremasi-400-gr-pls-50145-p-127167
Torku Gofret 142 Gr Cilekli,8690120060149,49.90,30.00,49852,https://iyas.com.tr/torku-gofret-142-gr-cilekli-49852-p-130855
Torku Gofret 142 Gr Findikli,8690120060132,49.90,30.00,49849,https://iyas.com.tr/torku-gofret-142-gr-findikli-49849-p-130856
Torku Gofret 142 Gr Kakao Vanilyali,8690120060156,49.90,30.00,49851,https://iyas.com.tr/torku-gofret-142-gr-kakao-vanilyali-49851-p-130857
Torku Gofret 142 Gr Kara Findik,8690120060163,49.90,30.00,49850,https://iyas.com.tr/torku-gofret-142-gr-kara-findik-49850-p-130858
Torku Gofret 142 Gr Orman Meyveli,8690120112497,49.90,30.00,76248,https://iyas.com.tr/torku-gofret-142-gr-orman-meyveli-76248-p-126722
Torku Gofret 142 Gr Portakal Bitter,8690120112473,49.90,30.00,76247,https://iyas.com.tr/torku-gofret-142-gr-portakal-bitter-76247-p-126721
Torku Gofret Cikolata 26 Gr Yer Fistikli,8690120164717,10.90,9.90,114397,https://iyas.com.tr/torku-gofret-cikolata-26-gr-yer-fistikli-114397-p-596599
Torku Gofret Cikolata 35 Gr,8690120060170,14.90,30.00,49848,https://iyas.com.tr/torku-gofret-cikolata-35-gr-49848-p-126730
Torku Helva 400 Gr Tahin Kakao,8690120163277,119.90,249.00,110634,https://iyas.com.tr/torku-helva-400-gr-tahin-kakao-110634-p-596539
Torku Kangal Sucuk 180 Gr,8680181056779,199.00,895.00,62418,https://iyas.com.tr/torku-kangal-sucuk-180-gr-62418-p-139849
Torku Kavurma Dilimli 100 Gr,8680181091442,219.00,210.00,100697,https://iyas.com.tr/torku-kavurma-dilimli-100-gr-100697-p-584492
Torku Kefir 1 Lt,8680181161947,94.90,99.90,112499,https://iyas.com.tr/torku-kefir-1-lt-112499-p-597950
Torku Kek Gala Kar Sos 50 Gr,8690120082080,19.90,15.00,70761,https://iyas.com.tr/torku-kek-gala-kar-sos-50-gr-70761-p-126705
Torku Kek Gala Or Meyve Sos 50 Gr,8690120082127,19.90,15.00,70762,https://iyas.com.tr/torku-kek-gala-or-meyve-sos-50-gr-70762-p-143504
Torku Kek Hepkek Hceviz 45 Gr,8690120122526,10.90,15.00,79319,https://iyas.com.tr/torku-kek-hepkek-hceviz-45-gr-79319-p-136267
Torku Kek Hepkek Karamel 45 Gr,8690120122502,10.90,15.00,79318,https://iyas.com.tr/torku-kek-hepkek-karamel-45-gr-79318-p-136266
Torku Kek Kakao Findikli 35 Gr,8690120060729,10.90,15.00,60499,https://iyas.com.tr/torku-kek-kakao-findikli-35-gr-60499-p-131564
Torku Kek Meyveli 35 Gr,8690120060736,10.90,15.00,64119,https://iyas.com.tr/torku-kek-meyveli-35-gr-64119-p-143541
Torku Kraker Kitrak 55 Gr Jalapeno Zeytin,8690120164014,14.90,7.90,114032,https://iyas.com.tr/torku-kraker-kitrak-55-gr-jalapeno-zeytin-114032-p-596738
Torku Kraker Kitrak 55 Gr Sriracha,8690120164038,14.90,7.90,114033,https://iyas.com.tr/torku-kraker-kitrak-55-gr-sriracha-114033-p-596741
Torku Krem Pare Peynir 400 Gr,8680181000833,124.90,379.00,57825,https://iyas.com.tr/torku-krem-pare-peynir-400-gr-57825-p-131518
Torku Krem Peynir 300 Gr,8680181000765,114.90,379.00,60485,https://iyas.com.tr/torku-krem-peynir-300-gr-60485-p-141249
Torku Kremali Biskuvi 61 Gr Sade,8690120508481,14.90,69.90,58517,https://iyas.com.tr/torku-kremali-biskuvi-61-gr-sade-58517-p-132028
Torku Kremali Biskuvu 4x61 Gr Sade,8690120048017,44.90,69.90,55621,https://iyas.com.tr/torku-kremali-biskuvu-4x61-gr-sade-55621-p-132012
Torku Kremali Findikli 4x61 Gr,8690120047997,44.90,69.90,58936,https://iyas.com.tr/torku-kremali-findikli-4x61-gr-58936-p-132029
Torku Kurek Helva 400 Gr Kakaolu,8690120132907,119.90,249.00,106710,https://iyas.com.tr/torku-kurek-helva-400-gr-kakaolu-106710-p-596517
Torku Labne Peynir 400 Gr,8680181000796,129.00,379.00,54051,https://iyas.com.tr/torku-labne-peynir-400-gr-54051-p-115014
Torku Limon Kolonyasi 1000 Ml Bidon,8690120124254,174.90,239.90,78945,https://iyas.com.tr/torku-limon-kolonyasi-1000-ml-bidon-78945-p-144391
Torku Limon Kolonyasi 400 Ml Pvc,8690120124988,99.90,239.90,79400,https://iyas.com.tr/torku-limon-kolonyasi-400-ml-pvc-79400-p-144378
Torku Lokum 390 Gr Gullu,8690120034881,74.95,79.50,100727,https://iyas.com.tr/torku-lokum-390-gr-gullu-100727-p-586086
Torku Lor Peyniri 500 Gr,8680181051392,94.90,379.00,64126,https://iyas.com.tr/torku-lor-peyniri-500-gr-64126-p-144624
Torku Mevlana Sekeri Sade 450 Gr,8690120055152,79.90,79.50,100735,https://iyas.com.tr/torku-mevlana-sekeri-sade-450-gr-100735-p-584180
Torku Miniki Cikolata 9 Gr,8690120061306,5.90,9.90,64107,https://iyas.com.tr/torku-miniki-cikolata-9-gr-64107-p-135014
Torku Miniki Nugo Bar 25 Gr Sut,8690120062174,9.90,9.90,64106,https://iyas.com.tr/torku-miniki-nugo-bar-25-gr-sut-64106-p-135013
Torku Miniki Tur Cil 94 Gr,8690120069661,16.90,9.90,68875,https://iyas.com.tr/torku-miniki-tur-cil-94-gr-68875-p-135406
Torku Miniki Turtacik 3x94 Gr Cilek Biskuvi,8690120163512,44.90,69.90,112372,https://iyas.com.tr/torku-miniki-turtacik-3x94-gr-cilek-biskuvi-112372-p-596694
Torku No Bir Summer Findikli 32 Gr,8690120152806,9.90,30.00,103530,https://iyas.com.tr/torku-no-bir-summer-findikli-32-gr-103530-p-583095
Torku Premio Biskuvi 3x86 Gr,8690120093932,54.90,44.90,70758,https://iyas.com.tr/torku-premio-biskuvi-3x86-gr-70758-p-122920
Torku Salam Dilimli Dana Macar 50 Gr,8680181105064,49.95,895.00,84818,https://iyas.com.tr/torku-salam-dilimli-dana-macar-50-gr-84818-p-120465
Torku Sut Cilekli 180 Ml,8680181000345,18.90,49.90,53048,https://iyas.com.tr/torku-sut-cilekli-180-ml-53048-p-135779
Torku Sut Cilekli 6x180 Ml,8680181000376,110.00,49.90,71255,https://iyas.com.tr/torku-sut-cilekli-6x180-ml-71255-p-139886
Torku Sut Kakaolu 180 Ml,8680181000321,18.90,49.90,54045,https://iyas.com.tr/torku-sut-kakaolu-180-ml-54045-p-139804
Torku Sut Muzlu 180 Ml,8680181000338,18.90,49.90,53049,https://iyas.com.tr/torku-sut-muzlu-180-ml-53049-p-139810
Torku Sut Muzlu 6x180 Ml,8680181001328,110.00,49.90,71254,https://iyas.com.tr/torku-sut-muzlu-6x180-ml-71254-p-118820
Torku Sut Tam Yagli 1 Lt,8680181000017,79.90,49.90,53046,https://iyas.com.tr/torku-sut-tam-yagli-1-lt-53046-p-135776
Torku Sut Tam Yagli 12 Lt,8680181000024,49.90,49.90,67448,https://iyas.com.tr/torku-sut-tam-yagli-12-lt-67448-p-135778
Torku Sut Yarim Yagli 1 Lt,8680181000048,49.90,49.90,53045,https://iyas.com.tr/torku-sut-yarim-yagli-1-lt-53045-p-139805
Torku Suzme Beyaz 200 Gr,8680181055994,79.90,154.90,64284,https://iyas.com.tr/torku-suzme-beyaz-200-gr-64284-p-131513
Torku Suzme Beyaz 450 Gr,8680181055970,134.90,119.90,64285,https://iyas.com.tr/torku-suzme-beyaz-450-gr-64285-p-143976
Torku Suzme Beyaz 850 Gr,8680181055956,239.00,219.90,64286,https://iyas.com.tr/torku-suzme-beyaz-850-gr-64286-p-139758
Torku Tam Bugdayli 131 Gr,8690120060569,21.90,30.00,55623,https://iyas.com.tr/torku-tam-bugdayli-131-gr-55623-p-127152
Torku Tam Bugdayli 3 X 131 Gr Biskuvi,8690120060576,54.90,69.90,57947,https://iyas.com.tr/torku-tam-bugdayli-3-x-131-gr-biskuvi-57947-p-114545
Torku Tam Bugdayli Sade Kremali Sandvic Biskuvi 80 Gr,8690120057309,19.90,69.90,63008,https://iyas.com.tr/torku-tam-bugdayli-sade-kremali-sandvic-biskuvi-80-gr-63008-p-122850
Torku Tam Cikolata Biskuvi 83 Gr,8690120060521,25.90,30.00,57421,https://iyas.com.tr/torku-tam-cikolata-biskuvi-83-gr-57421-p-144022
Torku Tam Cikolatam Biskuvi 3x83 Gr,8690120093239,59.90,54.90,71330,https://iyas.com.tr/torku-tam-cikolatam-biskuvi-3x83-gr-71330-p-127137
Torku Tam Kak Kre 83 Gr,8690120061849,19.90,30.00,68870,https://iyas.com.tr/torku-tam-kak-kre-83-gr-68870-p-127103
Torku Tam Kak Krem 3x83 Gr,8690120081397,59.90,30.00,68867,https://iyas.com.tr/torku-tam-kak-krem-3x83-gr-68867-p-131311
Torku Tam Kek Limonlu 45 Gr,8690120098159,12.00,15.00,62513,https://iyas.com.tr/torku-tam-kek-limonlu-45-gr-62513-p-122530
Torku Tam Rus Orm Mey 384 Gr,8690120104232,84.90,30.00,73420,https://iyas.com.tr/torku-tam-rus-orm-mey-384-gr-73420-p-122496
Torku Tam Rusey Cikolata Kapli 84 Gr,8690120105475,29.90,30.00,73417,https://iyas.com.tr/torku-tam-rusey-cikolata-kapli-84-gr-73417-p-127357
Torku Tam Ruseymli Cikolata Kapli 3x84 Gr,8690120104256,84.90,30.00,73418,https://iyas.com.tr/torku-tam-ruseymli-cikolata-kapli-3x84-gr-73418-p-127358
Torku Tam Sut Kre 3x83 Gr,8690120081410,59.90,30.00,68868,https://iyas.com.tr/torku-tam-sut-kre-3x83-gr-68868-p-127110
Torku Tam Yagli Tost Peyniri 600 Gr,8680181125246,229.00,379.00,80447,https://iyas.com.tr/torku-tam-yagli-tost-peyniri-600-gr-80447-p-144214
Torku Tam Yulafli 125 Gr,8690120098302,21.90,69.90,55997,https://iyas.com.tr/torku-tam-yulafli-125-gr-55997-p-144046
Torku Tam Yulafli 3x125 Gr,8690120060590,54.90,30.00,58321,https://iyas.com.tr/torku-tam-yulafli-3x125-gr-58321-p-114628
Torku Tatkrak Baharatli Kraker 3x60 Gr,8690120158419,34.90,7.90,110156,https://iyas.com.tr/torku-tatkrak-baharatli-kraker-3x60-gr-110156-p-596671
Torku Tatkrak Peynirli Kraker 3x60 Gr,8690120158433,34.90,7.90,110158,https://iyas.com.tr/torku-tatkrak-peynirli-kraker-3x60-gr-110158-p-596655
Torku Tereyagi 1000 Gr,8680181000895,699.90,599.00,54056,https://iyas.com.tr/torku-tereyagi-1000-gr-54056-p-119168
Torku Tereyagi 250 Gr,8680181000901,259.00,599.00,54059,https://iyas.com.tr/torku-tereyagi-250-gr-54059-p-118766
Torku Tereyagi 500 Gr,8680181000888,439.00,599.00,54057,https://iyas.com.tr/torku-tereyagi-500-gr-54057-p-118774
Torku Ucgen Peynir 100 Gr,8680181000727,54.90,379.00,54050,https://iyas.com.tr/torku-ucgen-peynir-100-gr-54050-p-115013
Torku Yogurt Tam Yagli 500 Gr,8680181000086,49.90,139.00,54070,https://iyas.com.tr/torku-yogurt-tam-yagli-500-gr-54070-p-135661
Torku Yogurt Yagli 2000 Gr,8680181052801,149.00,139.00,60486,https://iyas.com.tr/torku-yogurt-yagli-2000-gr-60486-p-123040
Torku Yogurt Yagli 750 Gr,8680181138659,74.90,139.00,104006,https://iyas.com.tr/torku-yogurt-yagli-750-gr-104006-p-582793
Toros Baget Donuk Tabakli Kilo,2823333,299.00,214.90,79943,https://iyas.com.tr/toros-baget-donuk-tabakli-kilo-79943-p-118792
Toros Bonfile Donuk Tabakli Kilo,2823334,459.00,214.90,79944,https://iyas.com.tr/toros-bonfile-donuk-tabakli-kilo-79944-p-118793
Toros But Donuk Tabakli Kilo,2823327,239.00,214.90,79945,https://iyas.com.tr/toros-but-donuk-tabakli-kilo-79945-p-118794
Toros Firinlik Ust But Kilo,2828399,199.00,214.90,114282,https://iyas.com.tr/toros-firinlik-ust-but-kilo-114282-p-595402
Toros Lahmacun 700 Gr,8699250042414,379.00,279.00,105788,https://iyas.com.tr/toros-lahmacun-700-gr-105788-p-586920
Toros Pizza Karisik 680 Gr,8699250042216,329.00,279.00,95191,https://iyas.com.tr/toros-pizza-karisik-680-gr-95191-p-121482
Toros Pizza Karisik 760 Gr,8699250042209,259.00,279.00,105088,https://iyas.com.tr/toros-pizza-karisik-760-gr-105088-p-596238
Toros Tavuk Kilo,2826420,249.00,214.90,61567,https://iyas.com.tr/toros-tavuk-kilo-61567-p-139890
Toros Yaprak Tavuk Doner 250 Gr,8699250040977,175.00,214.90,79948,https://iyas.com.tr/toros-yaprak-tavuk-doner-250-gr-79948-p-118799
Tortadoce Savoiardi Kedi Dili 200 Gr,8683548276315,99.90,99.90,91068,https://iyas.com.tr/tortadoce-savoiardi-kedi-dili-200-gr-91068-p-142091
Tortelloni 3 Renkli 3 Peynirli 250 Gr,8682773395198,179.00,28.90,112480,https://iyas.com.tr/tortelloni-3-renkli-3-peynirli-250-gr-112480-p-596529
Tortelloni Ispanakli Ricotta Peynirli 250 Gr,8682773395211,179.00,28.90,112481,https://iyas.com.tr/tortelloni-ispanakli-ricotta-peynirli-250-gr-112481-p-596596
Trakya Eski Kasar Peyniri Acik Kilo,2202020,425.00,379.00,15892,https://iyas.com.tr/trakya-eski-kasar-peyniri-acik-kilo-15892-p-139710
Trakyag Aycicek Yagi 5 Lt Pet Koseli Dar,8690106161051,499.50,479.50,93404,https://iyas.com.tr/trakyag-aycicek-yagi-5-lt-pet-koseli-dar-93404-p-129642
Tuliana Karakovan Petek Bal Kilo,2203051,1199.00,249.00,3744,https://iyas.com.tr/tuliana-karakovan-petek-bal-kilo-3744-p-119063
Turem Bildircin Yumurtasi 12 Li,8681569036048,59.90,155.00,106229,https://iyas.com.tr/turem-bildircin-yumurtasi-12-li-106229-p-596492
Turk Seker Toz Seker 5 Kg,8682884000141,219.90,142.50,81015,https://iyas.com.tr/turk-seker-toz-seker-5-kg-81015-p-123111
Turp Findik Adet,2306054,29.90,59.90,24346,https://iyas.com.tr/turp-findik-adet-24346-p-114706
Tursil Bakim Tum Renkliler Sivi Deterjan 27 Lt,9000101855425,189.90,129.90,116810,https://iyas.com.tr/tursil-bakim-tum-renkliler-sivi-deterjan-27-lt-116810-p-597729
Tursil Jel 33 Yikama 2145 Ml Leylak,9000101598209,219.90,74.90,99770,https://iyas.com.tr/tursil-jel-33-yikama-2145-ml-leylak-99770-p-147461
Tursil Jel 53 Yikama 3440 Ml Leylak,9000101598322,229.90,74.90,111774,https://iyas.com.tr/tursil-jel-53-yikama-3440-ml-leylak-111774-p-597986
Tursil Matik 1 5 Kg Leylak,9000100650229,134.90,44.90,41337,https://iyas.com.tr/tursil-matik-1-5-kg-leylak-41337-p-131429
Tursil Matik 8 Kg Leylak,9000101426755,344.90,299.90,66030,https://iyas.com.tr/tursil-matik-8-kg-leylak-66030-p-127699
Tursil Matik Leylak Bahcesi Deterjan 30 Yikama 45 Kg,9000101008562,239.90,44.90,92610,https://iyas.com.tr/tursil-matik-leylak-bahcesi-deterjan-30-yikama-45-kg-92610-p-133870
Tursil Sivi Bakim Deterjani 27 Lt,9000101855548,189.90,129.90,117092,https://iyas.com.tr/tursil-sivi-bakim-deterjani-27-lt-117092-p-597730
Tursil Sivi Bulasik Deterjani Limon 1500 Ml,9000101855487,119.90,219.90,116812,https://iyas.com.tr/tursil-sivi-bulasik-deterjani-limon-1500-ml-116812-p-597731
Tursil Sivi Bulasik Deterjani Limon 750 Ml,9000101855364,59.90,219.90,116811,https://iyas.com.tr/tursil-sivi-bulasik-deterjani-limon-750-ml-116811-p-597728
Tursu Market Acuka Kilo,2201087,215.00,249.00,54630,https://iyas.com.tr/tursu-market-acuka-kilo-54630-p-144453
Tursu Market Biberiye Kilo,2201018,249.00,59.90,569,https://iyas.com.tr/tursu-market-biberiye-kilo-569-p-114445
Tursu Market Jalopene Kilo,2201080,199.00,59.90,46064,https://iyas.com.tr/tursu-market-jalopene-kilo-46064-p-139784
Tursu Market Kornison Tursu Kilo,2201015,249.00,59.90,15193,https://iyas.com.tr/tursu-market-kornison-tursu-kilo-15193-p-139813
Tursu Market Turlu Tursu Kilo,2201010,149.00,59.90,5706,https://iyas.com.tr/tursu-market-turlu-tursu-kilo-5706-p-114993
Twix Cikolata 50 Gr,5000159559485,44.50,9.90,102504,https://iyas.com.tr/twix-cikolata-50-gr-102504-p-581858
U Deep Spiralli Pp Kapak Ekstra Defter A4 601,8682484502601,106.00,45.00,110370,https://iyas.com.tr/u-deep-spiralli-pp-kapak-ekstra-defter-a4-601-110370-p-588239
U Deep Spiralli Pp Kapak Ekstra Defter A4 604,8682484502618,59.00,20.00,110371,https://iyas.com.tr/u-deep-spiralli-pp-kapak-ekstra-defter-a4-604-110371-p-588290
U Deep Spiralli Pp Kapak Ekstra Defter A4 721,8682484502632,65.00,20.00,110372,https://iyas.com.tr/u-deep-spiralli-pp-kapak-ekstra-defter-a4-721-110372-p-588291
U Deep Tel Dikisli Pp Kapak Defter A4 601,8682484504537,59.00,20.00,110363,https://iyas.com.tr/u-deep-tel-dikisli-pp-kapak-defter-a4-601-110363-p-588229
Ucel Elma Sirkesi 1 Lt,8681665472443,49.90,59.90,95294,https://iyas.com.tr/ucel-elma-sirkesi-1-lt-95294-p-125697
Ucel Nar Eksisi 100 1000 Gr,8697762810811,129.90,59.90,110218,https://iyas.com.tr/ucel-nar-eksisi-100-1000-gr-110218-p-596682
Ucel Salata Sosu 1000 Gr,8681665472115,99.90,59.90,108461,https://iyas.com.tr/ucel-salata-sosu-1000-gr-108461-p-595831
Ucel Sirkelim 5 Lt,8681665472061,99.90,59.90,93373,https://iyas.com.tr/ucel-sirkelim-5-lt-93373-p-129656
Ugurhan Acuka Kilo,2203013,195.00,89.90,19149,https://iyas.com.tr/ugurhan-acuka-kilo-19149-p-119059
Ugurhan Acukasi 200 Gr,8680648090018,89.90,195.00,96477,https://iyas.com.tr/ugurhan-acukasi-200-gr-96477-p-130091
Ugursan Gullu Kus Lokumu 250 Gr,8680474365403,104.90,79.50,99802,https://iyas.com.tr/ugursan-gullu-kus-lokumu-250-gr-99802-p-582707
Ugursan Gullu Kus Lokumu 450 Gr,8680474365434,119.00,79.50,99803,https://iyas.com.tr/ugursan-gullu-kus-lokumu-450-gr-99803-p-147471
Ulker 2 In 1 Cafe Crown 10x11 Gr Sade,8690504097051,94.90,89.50,86044,https://iyas.com.tr/ulker-2-in-1-cafe-crown-10x11-gr-sade-86044-p-123742
Ulker 2 In 1cafe Crown Findikli,8690504098362,12.90,89.50,97908,https://iyas.com.tr/ulker-2-in-1cafe-crown-findikli-97908-p-143003
Ulker 3 In 1 Cafe Crown 10x11 Gr Findik,8690504096412,94.90,89.50,86045,https://iyas.com.tr/ulker-3-in-1-cafe-crown-10x11-gr-findik-86045-p-128618
Ulker 3 In 1 Cafe Crown 10x17 5 Gr,8690504096085,94.90,89.50,86046,https://iyas.com.tr/ulker-3-in-1-cafe-crown-10x17-5-gr-86046-p-128619
Ulker 3 In 1 Cafe Crown,8690504098256,12.90,89.50,97883,https://iyas.com.tr/ulker-3-in-1-cafe-crown-97883-p-142978
Ulker 3 In 1 Cafe Crown Action,8690504098508,12.90,89.50,98067,https://iyas.com.tr/ulker-3-in-1-cafe-crown-action-98067-p-147268
Ulker 3 In 1 Cafe Crown Findik,8690504098904,12.90,89.50,25061,https://iyas.com.tr/ulker-3-in-1-cafe-crown-findik-25061-p-135226
Ulker 9 Kat Ince Ince Cilekli Cev 114 Gr,8690504085317,39.90,30.00,74700,https://iyas.com.tr/ulker-9-kat-ince-ince-cilekli-cev-114-gr-74700-p-139488
Ulker 9 Kat Ince Ince Findikli 114 Gr,8690504085591,39.90,30.00,71652,https://iyas.com.tr/ulker-9-kat-ince-ince-findikli-114-gr-71652-p-127127
Ulker 9 Kat Ince Ince Hindistan Cev 114 Gr,8690766085735,39.90,30.00,71651,https://iyas.com.tr/ulker-9-kat-ince-ince-hindistan-cev-114-gr-71651-p-127161
Ulker 9 Kat Ince Portakalli Kremali Gofret 114 Gr,8690504085355,39.90,30.00,106907,https://iyas.com.tr/ulker-9-kat-ince-portakalli-kremali-gofret-114-gr-106907-p-596561
Ulker 9 Kat Lux Gofret Findikli 39 Gr,8690504019503,12.90,30.00,25058,https://iyas.com.tr/ulker-9-kat-lux-gofret-findikli-39-gr-25058-p-122791
Ulker 9 Kat Lux Gofret Muz Ar 39 Gr,8690504019404,12.90,30.00,25057,https://iyas.com.tr/ulker-9-kat-lux-gofret-muz-ar-39-gr-25057-p-122747
Ulker 9 Kat Lux Gofret Portakali 39 Gr,8690504086093,12.90,30.00,91403,https://iyas.com.tr/ulker-9-kat-lux-gofret-portakali-39-gr-91403-p-146373
Ulker Albeni 170 Gr Atis Extra,8690504036210,84.90,9.90,77767,https://iyas.com.tr/ulker-albeni-170-gr-atis-extra-77767-p-122534
Ulker Albeni 29 Gr Tane Tane,8690504154594,29.90,9.90,79590,https://iyas.com.tr/ulker-albeni-29-gr-tane-tane-79590-p-123170
Ulker Albeni 4 Lu Poset,8690504036319,69.90,9.90,89719,https://iyas.com.tr/ulker-albeni-4-lu-poset-89719-p-146104
Ulker Albeni 40 Gr,8690504034506,19.90,9.90,25167,https://iyas.com.tr/ulker-albeni-40-gr-25167-p-126704
Ulker Albeni 43 Gr Kek Kaplamali Cikolata,8690504033899,24.90,9.90,35606,https://iyas.com.tr/ulker-albeni-43-gr-kek-kaplamali-cikolata-35606-p-122507
Ulker Albeni 52 Gr Buyuk Boy,8690504033936,21.90,9.90,40064,https://iyas.com.tr/ulker-albeni-52-gr-buyuk-boy-40064-p-126706
Ulker Albeni 72 Gr Atistirmal,8690504034735,34.90,9.90,44391,https://iyas.com.tr/ulker-albeni-72-gr-atistirmal-44391-p-126640
Ulker Alpella Gofret 3 Gen 28 Gr Beyaz,8690504090106,14.90,30.00,96675,https://iyas.com.tr/ulker-alpella-gofret-3-gen-28-gr-beyaz-96675-p-138535
Ulker Altinbasak 125 Gr Cavdar,8690504074311,69.90,69.90,92369,https://iyas.com.tr/ulker-altinbasak-125-gr-cavdar-92369-p-129548
Ulker Altinbasak 40 Gr Corek Otlu Kinoali,8690504011699,14.90,69.90,75684,https://iyas.com.tr/ulker-altinbasak-40-gr-corek-otlu-kinoali-75684-p-122755
Ulker Altinbasak 46 Gr Yulafli,8690504011606,14.90,69.90,24859,https://iyas.com.tr/ulker-altinbasak-46-gr-yulafli-24859-p-127093
Ulker Altinbasak 50 Gr Tahil Cips,8690504011521,21.90,69.90,94344,https://iyas.com.tr/ulker-altinbasak-50-gr-tahil-cips-94344-p-146745
Ulker Altinbasak 50 Gr Tahil Cips Taco Aromali,8690504011378,21.90,74.90,108787,https://iyas.com.tr/ulker-altinbasak-50-gr-tahil-cips-taco-aromali-108787-p-596446
Ulker Altinbasak 5x40 Gr Light Corba Kino,8690504011828,69.90,69.90,80539,https://iyas.com.tr/ulker-altinbasak-5x40-gr-light-corba-kino-80539-p-132013
Ulker Altinbasak 5x46 Gr Light,8690504011613,69.90,69.90,24860,https://iyas.com.tr/ulker-altinbasak-5x46-gr-light-24860-p-144006
Ulker Altinbasak 60 Gr Corek Otlu Kinoali Labne,8690504116257,19.90,69.90,85362,https://iyas.com.tr/ulker-altinbasak-60-gr-corek-otlu-kinoali-labne-85362-p-123688
Ulker Bayram 455 Gr Ece Define,8690766156329,429.00,9.90,78991,https://iyas.com.tr/ulker-bayram-455-gr-ece-define-78991-p-143640
Ulker Bebe Biskuvi 172 Gr,8690504014300,44.90,165.50,24913,https://iyas.com.tr/ulker-bebe-biskuvi-172-gr-24913-p-127092
Ulker Bebe Biskuvi 400 Gr,8690504014508,84.90,165.50,24921,https://iyas.com.tr/ulker-bebe-biskuvi-400-gr-24921-p-127116
Ulker Bebe Biskuvi 4x200 Gr,8690504016885,129.00,165.50,73621,https://iyas.com.tr/ulker-bebe-biskuvi-4x200-gr-73621-p-144016
Ulker Beyaz Tablet Cikolata 70 Gr,8690766157760,89.90,9.90,90869,https://iyas.com.tr/ulker-beyaz-tablet-cikolata-70-gr-90869-p-142119
Ulker Biskrem 100 Gr Rulo Kakao,8690504020233,24.90,69.90,97878,https://iyas.com.tr/ulker-biskrem-100-gr-rulo-kakao-97878-p-142973
Ulker Biskrem 150 Gr Buyuk Boy Rulo,8690504115380,34.90,69.90,66217,https://iyas.com.tr/ulker-biskrem-150-gr-buyuk-boy-rulo-66217-p-135420
Ulker Biskrem 184 Gr Extra Kakaolu,8690504115304,49.90,69.90,84575,https://iyas.com.tr/ulker-biskrem-184-gr-extra-kakaolu-84575-p-127897
Ulker Biskrem 200 Gr Kakaolu,8690504115014,44.90,69.90,60885,https://iyas.com.tr/ulker-biskrem-200-gr-kakaolu-60885-p-127133
Ulker Biskrem 3x100 Kakaolu Rulo,8690504114628,69.90,114.90,98220,https://iyas.com.tr/ulker-biskrem-3x100-kakaolu-rulo-98220-p-121824
Ulker Bitter Tablet Kuvertur Cikolata 200 Gr 54,8690504180791,219.00,49.90,78138,https://iyas.com.tr/ulker-bitter-tablet-kuvertur-cikolata-200-gr-54-78138-p-126953
Ulker Bizim Acili Ketcap 400 Gr Mayonez 330 Gr,8690504568117,149.00,59.90,80291,https://iyas.com.tr/ulker-bizim-acili-ketcap-400-gr-mayonez-330-gr-80291-p-135877
Ulker Bonbon 32 5 Gr Rulo Meyveli,8690840054664,24.90,79.50,97898,https://iyas.com.tr/ulker-bonbon-32-5-gr-rulo-meyveli-97898-p-142993
Ulker Bonbon 32 5 Gr Rulo Naneli,8690840054763,24.90,79.50,97899,https://iyas.com.tr/ulker-bonbon-32-5-gr-rulo-naneli-97899-p-142994
Ulker Bonbon 36 Gr Rulo Limonlu,8690504055082,24.90,79.50,97902,https://iyas.com.tr/ulker-bonbon-36-gr-rulo-limonlu-97902-p-142997
Ulker Cafe Crown Beyaz Cikolata Mocca,8690504096603,12.90,89.50,98728,https://iyas.com.tr/ulker-cafe-crown-beyaz-cikolata-mocca-98728-p-138794
Ulker Cafe Crown Clasik 100 Gr,8690504095095,229.00,89.50,91408,https://iyas.com.tr/ulker-cafe-crown-clasik-100-gr-91408-p-146375
Ulker Cafe Crown Filtre Kahve 250 Gr,8690504095071,250.00,89.50,91407,https://iyas.com.tr/ulker-cafe-crown-filtre-kahve-250-gr-91407-p-137940
Ulker Cafe Crown Gold 100 Gr,8690504096122,339.00,89.50,91409,https://iyas.com.tr/ulker-cafe-crown-gold-100-gr-91409-p-146376
Ulker Cafe Crown Latte Karamel,8690504096511,12.90,89.50,52484,https://iyas.com.tr/ulker-cafe-crown-latte-karamel-52484-p-122558
Ulker Cafe Crown Sicak Cikolata,8690504095590,13.90,89.50,98267,https://iyas.com.tr/ulker-cafe-crown-sicak-cikolata-98267-p-121871
Ulker Cafe Crown Sutlu Kopuklu,8690504096672,12.90,89.50,92365,https://iyas.com.tr/ulker-cafe-crown-sutlu-kopuklu-92365-p-129544
Ulker Cafe Crown Turk Kahvesi 100 Gr,8690504095088,89.90,89.50,91905,https://iyas.com.tr/ulker-cafe-crown-turk-kahvesi-100-gr-91905-p-125177
Ulker Canpare 81 Gr Cikolatali,8690504087038,24.90,69.90,97907,https://iyas.com.tr/ulker-canpare-81-gr-cikolatali-97907-p-143002
Ulker Canpare 81 Gr Findikli,8690504086529,24.90,69.90,97906,https://iyas.com.tr/ulker-canpare-81-gr-findikli-97906-p-143001
Ulker Caramio 32 Gr,8690766149949,26.90,9.90,77782,https://iyas.com.tr/ulker-caramio-32-gr-77782-p-122542
Ulker Caramio 55 Gr Karamel,8690504141273,44.90,9.90,24903,https://iyas.com.tr/ulker-caramio-55-gr-karamel-24903-p-122510
Ulker Cikolata 16 Gr Antep Stick,8690504156666,16.90,9.90,79822,https://iyas.com.tr/ulker-cikolata-16-gr-antep-stick-79822-p-123155
Ulker Cikolata 30 Gr A Fistikli,8690504156833,49.90,9.90,80296,https://iyas.com.tr/ulker-cikolata-30-gr-a-fistikli-80296-p-127362
Ulker Cikolata 30 Gr Baton Bitter,8690504156826,34.90,9.90,80962,https://iyas.com.tr/ulker-cikolata-30-gr-baton-bitter-80962-p-127342
Ulker Cikolata 30 Gr Findikli,8690504156802,34.90,9.90,80606,https://iyas.com.tr/ulker-cikolata-30-gr-findikli-80606-p-127294
Ulker Cikolata 30 Gr Sutlu,8690504156819,34.90,9.90,80295,https://iyas.com.tr/ulker-cikolata-30-gr-sutlu-80295-p-127361
Ulker Cikolata 60 Gr Kare Bitter 60,8690504142973,59.90,9.90,75344,https://iyas.com.tr/ulker-cikolata-60-gr-kare-bitter-60-75344-p-126668
Ulker Cikolata 60 Gr Kare Bitter 80,8690504142980,69.90,9.90,75345,https://iyas.com.tr/ulker-cikolata-60-gr-kare-bitter-80-75345-p-127366
Ulker Cikolata 60 Gr Kare Findikli,8690504145066,69.90,9.90,97885,https://iyas.com.tr/ulker-cikolata-60-gr-kare-findikli-97885-p-142980
Ulker Cikolata 60 Gr Kare Sutlu,8690504142959,49.90,9.90,75342,https://iyas.com.tr/ulker-cikolata-60-gr-kare-sutlu-75342-p-139343
Ulker Cikolata 60 Gr Kare Uzum Findik,8690504145073,69.90,9.90,99055,https://iyas.com.tr/ulker-cikolata-60-gr-kare-uzum-findik-99055-p-147364
Ulker Cikolata 65 Gr Kare Antep Beyaz,8690504142713,99.90,9.90,76004,https://iyas.com.tr/ulker-cikolata-65-gr-kare-antep-beyaz-76004-p-126735
Ulker Cikolata 65 Gr Kare Antep Bitter,8690504157656,99.90,9.90,80955,https://iyas.com.tr/ulker-cikolata-65-gr-kare-antep-bitter-80955-p-131904
Ulker Cikolata 65 Gr Kare Antepfistik,8690504157649,99.90,9.90,80954,https://iyas.com.tr/ulker-cikolata-65-gr-kare-antepfistik-80954-p-127666
Ulker Cikolata 80 Gr Dolu Dolu 32 Badem,8690766145118,119.90,16.90,112026,https://iyas.com.tr/ulker-cikolata-80-gr-dolu-dolu-32-badem-112026-p-592127
Ulker Cikolata 80 Gr Dolu Dolu 32 Findik,8683508143800,119.90,16.90,112025,https://iyas.com.tr/ulker-cikolata-80-gr-dolu-dolu-32-findik-112025-p-592126
Ulker Cikolata 93 Gr Dubai Antep Fis Dolgulu,8690504143727,119.90,9.90,104561,https://iyas.com.tr/ulker-cikolata-93-gr-dubai-antep-fis-dolgulu-104561-p-586669
Ulker Cikolata Dido 35 Gr,8690504028536,26.90,9.90,25147,https://iyas.com.tr/ulker-cikolata-dido-35-gr-25147-p-143520
Ulker Cikolata Dido 36 5 Gr Trio Beyaz,8690504131458,29.90,9.90,76811,https://iyas.com.tr/ulker-cikolata-dido-36-5-gr-trio-beyaz-76811-p-122511
Ulker Cikolata Dido 37 Gr Franbuaz,8690504130697,26.90,9.90,61461,https://iyas.com.tr/ulker-cikolata-dido-37-gr-franbuaz-61461-p-141209
Ulker Cikolata Dido 55 5 Gr Kare,8690504028925,42.90,9.90,91845,https://iyas.com.tr/ulker-cikolata-dido-55-5-gr-kare-91845-p-133663
Ulker Cikolata Dido Gold 36 Gr,8690504131595,27.90,9.90,86404,https://iyas.com.tr/ulker-cikolata-dido-gold-36-gr-86404-p-132123
Ulker Cikolata Findik Ruyasi 40 5 Gr,8690504142096,34.90,9.90,62904,https://iyas.com.tr/ulker-cikolata-findik-ruyasi-40-5-gr-62904-p-139326
Ulker Cikolata Finger Sutlu 6 6 Gr,8690766142469,6.90,9.90,78970,https://iyas.com.tr/ulker-cikolata-finger-sutlu-6-6-gr-78970-p-123161
Ulker Cikolata Kare Findik Ruy 75 Gr,8683508142056,69.90,9.90,93788,https://iyas.com.tr/ulker-cikolata-kare-findik-ruy-75-gr-93788-p-138218
Ulker Cikolata Laviva 35 Gr 653 09,8690504065395,27.90,9.90,52942,https://iyas.com.tr/ulker-cikolata-laviva-35-gr-653-09-52942-p-139297
Ulker Cikolata Napoliten 33 Gr Sutlu,8690504023135,44.90,9.90,25090,https://iyas.com.tr/ulker-cikolata-napoliten-33-gr-sutlu-25090-p-135022
Ulker Cikolata Tablet 70 Gr Bitter,8690766157777,89.90,9.90,90861,https://iyas.com.tr/ulker-cikolata-tablet-70-gr-bitter-90861-p-137891
Ulker Cikolata Tablet 70 Gr Sutlu,8690766157784,89.90,9.90,90816,https://iyas.com.tr/ulker-cikolata-tablet-70-gr-sutlu-90816-p-137888
Ulker Cikolatali Gofret Cok Citir 100 Gr,8683508135416,79.90,30.00,109328,https://iyas.com.tr/ulker-cikolatali-gofret-cok-citir-100-gr-109328-p-589116
Ulker Citir Pane Harci 88 Gr 91963,,,,,https://iyas.com.tr/ulker-citir-pane-harci-88-gr-91963-p-146513
Ulker Cizi 4x70 Gr Kraker 92 1,8690766009212,44.90,7.90,80044,https://iyas.com.tr/ulker-cizi-4x70-gr-kraker-92-1-80044-p-123114
Ulker Cizi 70 Gr 92 00,8690766009205,16.90,7.90,79585,https://iyas.com.tr/ulker-cizi-70-gr-92-00-79585-p-123126
Ulker Cizi Citir Peynir Biftek 50 Gr,8690504077558,23.90,7.90,112925,https://iyas.com.tr/ulker-cizi-citir-peynir-biftek-50-gr-112925-p-596437
Ulker Cizi Kraker Bigbang 50 Gr Mexican Taco,8690504058748,19.90,7.90,115035,https://iyas.com.tr/ulker-cizi-kraker-bigbang-50-gr-mexican-taco-115035-p-596526
Ulker Cizi Kraker Bigbang 50 Gr Ranch Cheddar,8690504009498,29.90,19.90,115034,https://iyas.com.tr/ulker-cizi-kraker-bigbang-50-gr-ranch-cheddar-115034-p-596435
Ulker Cizi Kraker Bigbang 70 Gr Yerfistigi Dolgulu,8690504058786,29.90,7.90,115033,https://iyas.com.tr/ulker-cizi-kraker-bigbang-70-gr-yerfistigi-dolgulu-115033-p-596440
Ulker Cizivic 82 Gr Peynirli Sandvic Kraker,8690504009542,22.90,7.90,79976,https://iyas.com.tr/ulker-cizivic-82-gr-peynirli-sandvic-kraker-79976-p-123141
Ulker Cizivic Peynirli Kraker 3li Paket,8690504009245,64.90,7.90,24805,https://iyas.com.tr/ulker-cizivic-peynirli-kraker-3li-paket-24805-p-122885
Ulker Coco Pops 225 Gr Toplari,5050083310959,133.95,249.00,25123,https://iyas.com.tr/ulker-coco-pops-225-gr-toplari-25123-p-118554
Ulker Coco Pops 40 Gr Toplari,8690504271758,25.00,249.00,65214,https://iyas.com.tr/ulker-coco-pops-40-gr-toplari-65214-p-122739
Ulker Coco Pops 450 Gr Toplari 2703 04,8682530220107,194.95,249.00,97954,https://iyas.com.tr/ulker-coco-pops-450-gr-toplari-2703-04-97954-p-147155
Ulker Coco Pops 700 Gr Toplari,8682530220121,261.95,249.00,99053,https://iyas.com.tr/ulker-coco-pops-700-gr-toplari-99053-p-147362
Ulker Coco Star 100 Gr 4 Lu,8690504027256,54.90,9.90,92364,https://iyas.com.tr/ulker-coco-star-100-gr-4-lu-92364-p-129543
Ulker Coco Star 154 Gr Atis 7x22 Gr,8690766050559,79.90,9.90,73664,https://iyas.com.tr/ulker-coco-star-154-gr-atis-7x22-gr-73664-p-122908
Ulker Coco Star 25 Gr,8690504050056,14.90,9.90,84198,https://iyas.com.tr/ulker-coco-star-25-gr-84198-p-131909
Ulker Coco Star 66 Gr Atistirmalik,8690766050078,29.90,9.90,74064,https://iyas.com.tr/ulker-coco-star-66-gr-atistirmalik-74064-p-135417
Ulker Cokokrem 180 Gr Kuv Eko,8690504005308,64.90,249.00,24785,https://iyas.com.tr/ulker-cokokrem-180-gr-kuv-eko-24785-p-127169
Ulker Cokokrem 40 Gr Tup,8690504005100,29.90,9.90,24782,https://iyas.com.tr/ulker-cokokrem-40-gr-tup-24782-p-114546
Ulker Cokokrem 400 Gr,8690504121336,129.90,249.00,75385,https://iyas.com.tr/ulker-cokokrem-400-gr-75385-p-122742
Ulker Cokokrem 650 Gr,8690504121558,199.00,249.00,75386,https://iyas.com.tr/ulker-cokokrem-650-gr-75386-p-122743
Ulker Cokokrem 650 Gr Cam,8690504121527,279.00,249.00,75707,https://iyas.com.tr/ulker-cokokrem-650-gr-cam-75707-p-122749
Ulker Cokokrem Golden 350 Gr,8690504121534,159.00,249.00,75968,https://iyas.com.tr/ulker-cokokrem-golden-350-gr-75968-p-126968
Ulker Cokomel 3x12 Gr Sade 91584,,,,,https://iyas.com.tr/ulker-cokomel-3x12-gr-sade-91584-p-116848
Ulker Cokomel Dev Muz 22 Gr,8690504131021,9.90,9.90,100205,https://iyas.com.tr/ulker-cokomel-dev-muz-22-gr-100205-p-568335
Ulker Cokomel Marsmallov Cilek 15x12 Gr,8690504131601,89.90,9.90,92340,https://iyas.com.tr/ulker-cokomel-marsmallov-cilek-15x12-gr-92340-p-129522
Ulker Cokomel Marsmallov Sade 15x12 Gr,8690504131618,89.90,9.90,92277,https://iyas.com.tr/ulker-cokomel-marsmallov-sade-15x12-gr-92277-p-125374
Ulker Cokomilk 24 Gr,8690504050124,9.90,9.90,2501,https://iyas.com.tr/ulker-cokomilk-24-gr-2501-p-143553
Ulker Cokonat 33 Gr,8690504027508,29.90,9.90,25143,https://iyas.com.tr/ulker-cokonat-33-gr-25143-p-143518
Ulker Cokonat 3li Poset,8690504031567,79.90,30.00,91695,https://iyas.com.tr/ulker-cokonat-3li-poset-91695-p-120968
Ulker Cokonat Antep Fistik 30 Gr,8690504073772,29.90,30.00,105529,https://iyas.com.tr/ulker-cokonat-antep-fistik-30-gr-105529-p-586919
Ulker Cokoprens 10li Paket 78 0,8690504007807,64.90,69.90,97873,https://iyas.com.tr/ulker-cokoprens-10li-paket-78-0-97873-p-142968
Ulker Cokoprens 30 Gr 90 08,8690504009085,7.95,69.90,64178,https://iyas.com.tr/ulker-cokoprens-30-gr-90-08-64178-p-144017
Ulker Cokoprens Atistirmalik 81 Gr 82 7,8690504008002,19.90,69.90,49229,https://iyas.com.tr/ulker-cokoprens-atistirmalik-81-gr-82-7-49229-p-127084
Ulker Corn Flakes 400 Gr,8690504271628,177.95,249.00,64295,https://iyas.com.tr/ulker-corn-flakes-400-gr-64295-p-127687
Ulker Cubuk Kraker 195 Gr Sade,8690504117865,32.90,25.90,84197,https://iyas.com.tr/ulker-cubuk-kraker-195-gr-sade-84197-p-136111
Ulker Cubuk Kraker 40 Gr Sade,8690504017301,7.90,9.90,25001,https://iyas.com.tr/ulker-cubuk-kraker-40-gr-sade-25001-p-131968
Ulker Cubuk Kraker 45 Gr Susamli,8690504024538,12.90,7.90,84193,https://iyas.com.tr/ulker-cubuk-kraker-45-gr-susamli-84193-p-136109
Ulker Cubuk Kraker 70 Gr Susamli,8690504117827,16.90,7.90,78205,https://iyas.com.tr/ulker-cubuk-kraker-70-gr-susamli-78205-p-123117
Ulker Cubuk Kraker 80 Gr,8690504117858,13.90,7.90,84397,https://iyas.com.tr/ulker-cubuk-kraker-80-gr-84397-p-131973
Ulker Damla 120 Gr Bitter,8690504180906,129.90,49.90,90815,https://iyas.com.tr/ulker-damla-120-gr-bitter-90815-p-137812
Ulker Dankek 8 Kek 55 Gr Cilek,8690504065623,14.90,15.00,69282,https://iyas.com.tr/ulker-dankek-8-kek-55-gr-cilek-69282-p-122512
Ulker Dankek 8 Kek 55 Gr Duble Cikolatali,8690504065661,14.90,15.00,69283,https://iyas.com.tr/ulker-dankek-8-kek-55-gr-duble-cikolatali-69283-p-126714
Ulker Dankek 8 Kek 55 Gr Muzlu,8690504063223,14.90,15.00,69281,https://iyas.com.tr/ulker-dankek-8-kek-55-gr-muzlu-69281-p-126712
Ulker Dankek 8 Kek 55 Gr Orman,8690504063476,14.90,15.00,91962,https://iyas.com.tr/ulker-dankek-8-kek-55-gr-orman-91962-p-133741
Ulker Dankek Cay Saati 200 Gr Kakaolu,8690504067887,59.90,15.00,76057,https://iyas.com.tr/ulker-dankek-cay-saati-200-gr-kakaolu-76057-p-126701
Ulker Dankek Cay Saati 200 Gr Meyveli,8690504067870,59.90,15.00,76055,https://iyas.com.tr/ulker-dankek-cay-saati-200-gr-meyveli-76055-p-126699
Ulker Dankek Cay Saati 200 Gr Mozaik,8690504067863,59.90,15.00,76056,https://iyas.com.tr/ulker-dankek-cay-saati-200-gr-mozaik-76056-p-126700
Ulker Dankek Lokmalik Havuc Tarcin 160 Gr,8690504064428,54.90,39.90,65215,https://iyas.com.tr/ulker-dankek-lokmalik-havuc-tarcin-160-gr-65215-p-127088
Ulker Dankek Lokmalik Hindistan Ceviz 160 Gr,8690504080435,54.90,39.90,71635,https://iyas.com.tr/ulker-dankek-lokmalik-hindistan-ceviz-160-gr-71635-p-122770
Ulker Dankek Lokmalik Kakaolu 160 Gr,8690504064374,54.90,39.90,58034,https://iyas.com.tr/ulker-dankek-lokmalik-kakaolu-160-gr-58034-p-126644
Ulker Dankek Lokmalik Uzumlu 160 Gr,8690504064367,54.90,39.90,58035,https://iyas.com.tr/ulker-dankek-lokmalik-uzumlu-160-gr-58035-p-143565
Ulker Dankek Magma Cikolata 65 Gr,8690504065647,19.90,15.00,86943,https://iyas.com.tr/ulker-dankek-magma-cikolata-65-gr-86943-p-133399
Ulker Dankek Magma Karamel 65 Gr,8690504065630,19.90,15.00,86942,https://iyas.com.tr/ulker-dankek-magma-karamel-65-gr-86942-p-133402
Ulker Dankek Poti 35 Gr,8690504079323,9.90,15.00,44367,https://iyas.com.tr/ulker-dankek-poti-35-gr-44367-p-126639
Ulker Dankek Poti 35 Gr Hindistan Cevizli,8690504079729,9.90,15.00,44864,https://iyas.com.tr/ulker-dankek-poti-35-gr-hindistan-cevizli-44864-p-126731
Ulker Dankek Poti 35 Gr Kakaolu,8690504079279,9.90,15.00,45199,https://iyas.com.tr/ulker-dankek-poti-35-gr-kakaolu-45199-p-139332
Ulker Dankek Rulo 3x28 Gr Muzlu,8690504068181,34.90,30.00,110928,https://iyas.com.tr/ulker-dankek-rulo-3x28-gr-muzlu-110928-p-596447
Ulker Dankek Rulo Pasta Cikolata Kapli 235 Gr,8690504067818,64.90,15.00,76053,https://iyas.com.tr/ulker-dankek-rulo-pasta-cikolata-kapli-235-gr-76053-p-139519
Ulker Dankek Rulo Pasta Cilekli 235 Gr,8690504066828,64.90,15.00,97905,https://iyas.com.tr/ulker-dankek-rulo-pasta-cilekli-235-gr-97905-p-143000
Ulker Dankek Rulo Pasta Muz Kapli 235 Gr,8690504067825,64.90,15.00,76054,https://iyas.com.tr/ulker-dankek-rulo-pasta-muz-kapli-235-gr-76054-p-139520
Ulker Dankek Tart Cilek 180 Gr,8690504103349,89.90,15.00,84194,https://iyas.com.tr/ulker-dankek-tart-cilek-180-gr-84194-p-136110
Ulker Dore Sutlu Cikolatali Kremali 86 Gr 86 06,8690504008699,29.90,69.90,98460,https://iyas.com.tr/ulker-dore-sutlu-cikolatali-kremali-86-gr-86-06-98460-p-126173
Ulker Eglence Paket,8690840163335,149.00,129.00,112070,https://iyas.com.tr/ulker-eglence-paket-112070-p-596564
Ulker Everwell Murver Cinko 67 5 Gr,8690840173211,190.00,79.50,100101,https://iyas.com.tr/ulker-everwell-murver-cinko-67-5-gr-100101-p-585143
Ulker Everwell Vitamin C Efervesan Tabakli 67 5 Gr,8690840173075,160.00,32.90,100100,https://iyas.com.tr/ulker-everwell-vitamin-c-efervesan-tabakli-67-5-gr-100100-p-585759
Ulker Findik Ruyasi 30 Gr Tup,8690504005360,29.90,9.90,109326,https://iyas.com.tr/ulker-findik-ruyasi-30-gr-tup-109326-p-596430
Ulker Finger 750 Gr,8690504017271,114.90,99.90,73623,https://iyas.com.tr/ulker-finger-750-gr-73623-p-127065
Ulker Go Ahead 35 Gr Kirmizi Meyve,8683508112042,59.90,16.90,106091,https://iyas.com.tr/ulker-go-ahead-35-gr-kirmizi-meyve-106091-p-586988
Ulker Go Ahead 35 Gr Portakal Uzum Kuru Yemis,8683508112059,59.90,199.00,106094,https://iyas.com.tr/ulker-go-ahead-35-gr-portakal-uzum-kuru-yemis-106094-p-587281
Ulker Go Ahead 45 Gr Uc Kat Lezzet,8683508112066,64.90,30.00,106092,https://iyas.com.tr/ulker-go-ahead-45-gr-uc-kat-lezzet-106092-p-586978
Ulker Go Ahead 45 Gr Yer Fistigi Parcacikli,8683508112073,64.90,16.90,106093,https://iyas.com.tr/ulker-go-ahead-45-gr-yer-fistigi-parcacikli-106093-p-587042
Ulker Gofret 220 Gr Findikli,8690766040451,54.90,30.00,97892,https://iyas.com.tr/ulker-gofret-220-gr-findikli-97892-p-142987
Ulker Gofret 220 Gr Vanilyali,8690504040637,54.90,30.00,97880,https://iyas.com.tr/ulker-gofret-220-gr-vanilyali-97880-p-142975
Ulker Gofret Cikolatali 144 Gr 4li,8690504135562,69.90,30.00,92370,https://iyas.com.tr/ulker-gofret-cikolatali-144-gr-4li-92370-p-129549
Ulker Gofret Cikolatali 36 Gr,8690504135913,17.90,30.00,76716,https://iyas.com.tr/ulker-gofret-cikolatali-36-gr-76716-p-143542
Ulker Gofret Cikolatali Beyaz 35 Gr,8690504136521,17.90,30.00,80429,https://iyas.com.tr/ulker-gofret-cikolatali-beyaz-35-gr-80429-p-127351
Ulker Gofret Cikolatali Bitter 36 Gr,8690504085720,17.90,30.00,76817,https://iyas.com.tr/ulker-gofret-cikolatali-bitter-36-gr-76817-p-127818
Ulker Gofret Cikolatali Maxi 47 Gr,8690504136514,22.90,30.00,91398,https://iyas.com.tr/ulker-gofret-cikolatali-maxi-47-gr-91398-p-146369
Ulker Golden Findik Ezmesi 350 Gr,8690504120643,289.00,249.00,31960,https://iyas.com.tr/ulker-golden-findik-ezmesi-350-gr-31960-p-144041
Ulker Grissini 125 Gr Kepekli,8690504074397,64.90,56.00,97904,https://iyas.com.tr/ulker-grissini-125-gr-kepekli-97904-p-142999
Ulker Grissini 125 Gr Sade,8690504074380,64.90,56.00,97903,https://iyas.com.tr/ulker-grissini-125-gr-sade-97903-p-142998
Ulker Halley 30 Gr,8690504034032,12.90,30.00,25165,https://iyas.com.tr/ulker-halley-30-gr-25165-p-122862
Ulker Halley 3x66 Gr Mini Granurlu,8690504036784,74.90,30.00,98073,https://iyas.com.tr/ulker-halley-3x66-gr-mini-granurlu-98073-p-147274
Ulker Halley 74 Gr Mini Karadut Dolgulu,8690504186922,26.90,30.00,74360,https://iyas.com.tr/ulker-halley-74-gr-mini-karadut-dolgulu-74360-p-139473
Ulker Hanimeller 150 Gr Asorti Poset,8690504011422,39.90,69.90,81210,https://iyas.com.tr/ulker-hanimeller-150-gr-asorti-poset-81210-p-127661
Ulker Hanimeller 150 Gr Cokodam Poset,8690504011903,39.90,69.90,84363,https://iyas.com.tr/ulker-hanimeller-150-gr-cokodam-poset-84363-p-136116
Ulker Hanimeller 150 Gr Franbuaz Poset,8690504116349,44.90,39.90,94341,https://iyas.com.tr/ulker-hanimeller-150-gr-franbuaz-poset-94341-p-146742
Ulker Hanimeller 150 Gr Tuzlu Kurabiye,8690504011927,39.90,69.90,84765,https://iyas.com.tr/ulker-hanimeller-150-gr-tuzlu-kurabiye-84765-p-132030
Ulker Hanimeller 81 Gr Mahlep Tuzlu,8690504119050,19.90,69.90,84829,https://iyas.com.tr/ulker-hanimeller-81-gr-mahlep-tuzlu-84829-p-132026
Ulker Hanimeller 82 Gr Cokodamla Rulo,8690504012139,19.90,69.90,37844,https://iyas.com.tr/ulker-hanimeller-82-gr-cokodamla-rulo-37844-p-135430
Ulker Hanimeller 82 Gr Findikli Rulo,8690504011804,19.90,69.90,24863,https://iyas.com.tr/ulker-hanimeller-82-gr-findikli-rulo-24863-p-127069
Ulker Hanimeller 94 5 Gr Limon Soslu Kurabiye,8690504119609,27.90,69.90,115377,https://iyas.com.tr/ulker-hanimeller-94-5-gr-limon-soslu-kurabiye-115377-p-596428
Ulker Haylayf 3x84 Gr Sandvic,8690504008897,64.90,30.00,115036,https://iyas.com.tr/ulker-haylayf-3x84-gr-sandvic-115036-p-596758
Ulker Haylayf 4x64 Gr,8690504008187,44.90,69.90,75263,https://iyas.com.tr/ulker-haylayf-4x64-gr-75263-p-122941
Ulker Haylayf 64 Gr 82 4,8690504008101,11.90,69.90,24798,https://iyas.com.tr/ulker-haylayf-64-gr-82-4-24798-p-139494
Ulker Hobby Bar 25 Gr,8690504027010,9.90,9.90,25118,https://iyas.com.tr/ulker-hobby-bar-25-gr-25118-p-139264
Ulker Hobby Kak Findik Kremasi 650 Gr,8690766121587,169.00,249.00,79277,https://iyas.com.tr/ulker-hobby-kak-findik-kremasi-650-gr-79277-p-136185
Ulker Icim Msuyu 11 Seftali Icecek,8697520471551,59.90,99.90,94737,https://iyas.com.tr/ulker-icim-msuyu-11-seftali-icecek-94737-p-138394
Ulker Ikram 3x84 Findikli,8690504110224,59.90,69.90,60107,https://iyas.com.tr/ulker-ikram-3x84-findikli-60107-p-127070
Ulker Ikram 3x92 Cikolatali,8690504110231,59.90,69.90,60108,https://iyas.com.tr/ulker-ikram-3x92-cikolatali-60108-p-127074
Ulker Ikram 84 Gr Cikolatali,8690504010104,21.90,69.90,24816,https://iyas.com.tr/ulker-ikram-84-gr-cikolatali-24816-p-127096
Ulker Ikram 84 Gr Pralinli,8690504010203,21.90,69.90,24820,https://iyas.com.tr/ulker-ikram-84-gr-pralinli-24820-p-127114
Ulker K Flakes Sade 420 Gr 2718 6,8690504271123,169.90,249.00,48002,https://iyas.com.tr/ulker-k-flakes-sade-420-gr-2718-6-48002-p-127683
Ulker K Flakes Sps Cikolat Gevregi 400 Gr,8690504271840,239.90,249.00,98266,https://iyas.com.tr/ulker-k-flakes-sps-cikolat-gevregi-400-gr-98266-p-121870
Ulker K Flakes Sps Kirmizi Mey 400 Gr,8690504271833,239.90,249.00,98234,https://iyas.com.tr/ulker-k-flakes-sps-kirmizi-mey-400-gr-98234-p-121838
Ulker Kakao 25 Gr,8690504060604,27.90,49.90,25249,https://iyas.com.tr/ulker-kakao-25-gr-25249-p-127758
Ulker Kakao 50 Gr,8690504060802,59.90,49.90,25250,https://iyas.com.tr/ulker-kakao-50-gr-25250-p-127757
Ulker Kanki Mini Yumurta 70 Gr,8690504116677,74.90,9.90,89806,https://iyas.com.tr/ulker-kanki-mini-yumurta-70-gr-89806-p-141961
Ulker Kanky Eglence Kutusu 40 Gr,8683508117917,54.90,9.90,113951,https://iyas.com.tr/ulker-kanky-eglence-kutusu-40-gr-113951-p-596761
Ulker Kanky Kornet 26 5 Gr,8690504116615,19.90,9.90,89710,https://iyas.com.tr/ulker-kanky-kornet-26-5-gr-89710-p-146103
Ulker Kat Kat 25 Gr Tat Kak Findik K,8690504069003,9.90,30.00,25281,https://iyas.com.tr/ulker-kat-kat-25-gr-tat-kak-findik-k-25281-p-122748
Ulker Kat Kat 28 Gr Antep Fistikli Milfoy,8690504069522,19.90,15.00,102201,https://iyas.com.tr/ulker-kat-kat-28-gr-antep-fistikli-milfoy-102201-p-585206
Ulker Kat Kat 28 Gr Cilekli,8690504069409,9.90,30.00,25283,https://iyas.com.tr/ulker-kat-kat-28-gr-cilekli-25283-p-122731
Ulker Kekstra Jolebol 40 Gr Cilekli,8690504067108,12.90,15.00,25279,https://iyas.com.tr/ulker-kekstra-jolebol-40-gr-cilekli-25279-p-126708
Ulker Kekstra Konfeti 38 Gr Kakaolu,8690504077411,14.90,15.00,34720,https://iyas.com.tr/ulker-kekstra-konfeti-38-gr-kakaolu-34720-p-126711
Ulker Kekstra Layer Kek 33 Gr Cilek,8690504037088,11.90,15.00,113115,https://iyas.com.tr/ulker-kekstra-layer-kek-33-gr-cilek-113115-p-596695
Ulker Kekstra Layer Kek 33 Gr Hindistan Cevizi,8690504037187,11.90,15.00,113114,https://iyas.com.tr/ulker-kekstra-layer-kek-33-gr-hindistan-cevizi-113114-p-596462
Ulker Kekstra Mini Cilek 150 Gr,8690766082307,59.90,30.00,99744,https://iyas.com.tr/ulker-kekstra-mini-cilek-150-gr-99744-p-134784
Ulker Kekstra Portakalli,8690504067009,12.90,15.00,25278,https://iyas.com.tr/ulker-kekstra-portakalli-25278-p-126713
Ulker Kelloggs Extra Granola Cik Fin 340 Gr,8682530000204,239.90,249.00,81038,https://iyas.com.tr/ulker-kelloggs-extra-granola-cik-fin-340-gr-81038-p-127686
Ulker Kelloggs Extra Granola Meyvali 340 Gr,8682530000181,239.90,249.00,81036,https://iyas.com.tr/ulker-kelloggs-extra-granola-meyvali-340-gr-81036-p-127684
Ulker Kelloggs Granola Beyantep 300 Gr,8682530221197,239.90,249.00,86682,https://iyas.com.tr/ulker-kelloggs-granola-beyantep-300-gr-86682-p-125017
Ulker Kremali 4x61 Gr Sade,8690766109998,54.90,69.90,80288,https://iyas.com.tr/ulker-kremali-4x61-gr-sade-80288-p-123143
Ulker Kremali 61 Gr Sade,8690766109981,14.90,69.90,80287,https://iyas.com.tr/ulker-kremali-61-gr-sade-80287-p-123142
Ulker Kremali 8x61 Gr Sade,8690504111177,79.90,69.90,80289,https://iyas.com.tr/ulker-kremali-8x61-gr-sade-80289-p-123144
Ulker Kremini Ahududu Aromali 44 Gr,8690840053773,24.90,79.50,97896,https://iyas.com.tr/ulker-kremini-ahududu-aromali-44-gr-97896-p-142991
Ulker Kremini Candy Mini Tropikal 30 Gr,8690840183876,24.90,79.50,64454,https://iyas.com.tr/ulker-kremini-candy-mini-tropikal-30-gr-64454-p-143540
Ulker Kremini Cilekli Toffe Sek 44 Gr,8690840053766,24.90,79.50,97895,https://iyas.com.tr/ulker-kremini-cilekli-toffe-sek-44-gr-97895-p-142990
Ulker Kremini Karpuzl Toffe Seker 44 Gr,8690840053988,24.90,79.50,71634,https://iyas.com.tr/ulker-kremini-karpuzl-toffe-seker-44-gr-71634-p-127400
Ulker Kremini Visneli Toffe Seker 44 Gr,8690840053797,24.90,79.50,97897,https://iyas.com.tr/ulker-kremini-visneli-toffe-seker-44-gr-97897-p-142992
Ulker Krispi 43 Gr Cubuk Acili,8690504108825,9.90,7.90,77793,https://iyas.com.tr/ulker-krispi-43-gr-cubuk-acili-77793-p-114616
Ulker Krispi 43 Gr Cubuk Baharatli,8690504108832,9.90,7.90,77794,https://iyas.com.tr/ulker-krispi-43-gr-cubuk-baharatli-77794-p-114617
Ulker Krispi 43 Gr Cubuk Peynirli,8690504108849,9.90,7.90,77795,https://iyas.com.tr/ulker-krispi-43-gr-cubuk-peynirli-77795-p-114618
Ulker Krispi 48 Gr Tirtikli Acili,8690504108429,16.90,7.90,77785,https://iyas.com.tr/ulker-krispi-48-gr-tirtikli-acili-77785-p-114608
Ulker Krispi 48 Gr Tirtikli Baharatli,8690504108771,16.90,7.90,77792,https://iyas.com.tr/ulker-krispi-48-gr-tirtikli-baharatli-77792-p-114615
Ulker Latte Cafe Crown 10x17 Gr,8690504096078,94.90,89.50,86047,https://iyas.com.tr/ulker-latte-cafe-crown-10x17-gr-86047-p-123743
Ulker Link 200 Ml Sise Cilekli,8692971071107,16.90,99.90,2491,https://iyas.com.tr/ulker-link-200-ml-sise-cilekli-2491-p-126792
Ulker Link 200 Ml Sise Seftali,8692971071206,16.90,99.90,2492,https://iyas.com.tr/ulker-link-200-ml-sise-seftali-2492-p-135278
Ulker Link 200 Ml Sise Visne,8692971071008,16.90,99.90,2489,https://iyas.com.tr/ulker-link-200-ml-sise-visne-2489-p-126750
Ulker Lokumcuk Bogurtlen 1000 Gr,8690840183951,199.00,79.50,103889,https://iyas.com.tr/ulker-lokumcuk-bogurtlen-1000-gr-103889-p-581919
Ulker Lokumcuk Visne 1000 Gr,8690840185528,199.00,79.50,103892,https://iyas.com.tr/ulker-lokumcuk-visne-1000-gr-103892-p-586230
Ulker Metro 36 Gr,8690504035909,16.90,9.90,97891,https://iyas.com.tr/ulker-metro-36-gr-97891-p-142986
Ulker Metro 4li Poset,8690504039334,59.90,9.90,91367,https://iyas.com.tr/ulker-metro-4li-poset-91367-p-146389
Ulker Metro 50 4 Gr Buyuk Boy,8690504039884,20.00,9.90,75752,https://iyas.com.tr/ulker-metro-50-4-gr-buyuk-boy-75752-p-126732
Ulker Mini Albeni 89 Gr Coklu Paket,8690504136330,59.90,9.90,78835,https://iyas.com.tr/ulker-mini-albeni-89-gr-coklu-paket-78835-p-127322
Ulker Mini Coklu Karma 91 Gr,8690504136361,59.90,9.90,78837,https://iyas.com.tr/ulker-mini-coklu-karma-91-gr-78837-p-127324
Ulker Mini Gofret Cikolatali 82 Gr Coklu Paket,8690504136347,59.90,9.90,78836,https://iyas.com.tr/ulker-mini-gofret-cikolatali-82-gr-coklu-paket-78836-p-127323
Ulker Mini Hobby 600 Gr,8690504127208,249.00,9.90,97886,https://iyas.com.tr/ulker-mini-hobby-600-gr-97886-p-142981
Ulker Mini Metro 102 Grcoklu Paket,8690504135791,59.90,9.90,78834,https://iyas.com.tr/ulker-mini-metro-102-grcoklu-paket-78834-p-127321
Ulker Mocha Cafe Crown 17 Gr,8690504096689,12.90,89.50,92731,https://iyas.com.tr/ulker-mocha-cafe-crown-17-gr-92731-p-129618
Ulker Olala Kek Sufle Mini 162 Gr,8690504081661,69.90,15.00,69286,https://iyas.com.tr/ulker-olala-kek-sufle-mini-162-gr-69286-p-122521
Ulker Olala Kek Tiramisu 45 Gr,8690504067610,24.90,15.00,99642,https://iyas.com.tr/ulker-olala-kek-tiramisu-45-gr-99642-p-134685
Ulker Olala Sufle Kek 70 Gr,8690504080893,39.90,15.00,55849,https://iyas.com.tr/ulker-olala-sufle-kek-70-gr-55849-p-143566
Ulker Olala Sufle Kek Franbuaz 70 Gr,8690504081333,39.90,15.00,66714,https://iyas.com.tr/ulker-olala-sufle-kek-franbuaz-70-gr-66714-p-139336
Ulker Oneo 14 Gr Portkivi C Vitami,8690504228936,24.90,79.50,91137,https://iyas.com.tr/ulker-oneo-14-gr-portkivi-c-vitami-91137-p-121016
Ulker Oneo 14 Gr Slim Cilek Aromali Sakiz,8690840228607,24.90,79.50,73875,https://iyas.com.tr/ulker-oneo-14-gr-slim-cilek-aromali-sakiz-73875-p-127745
Ulker Oneo 14 Gr Slim Karpuz Aromali Sakiz,8690840228560,24.90,79.50,98619,https://iyas.com.tr/ulker-oneo-14-gr-slim-karpuz-aromali-sakiz-98619-p-134555
Ulker Oneo 14 Gr Slim Limon Aromali Sakiz,8690840229369,24.90,79.50,95989,https://iyas.com.tr/ulker-oneo-14-gr-slim-limon-aromali-sakiz-95989-p-146984
Ulker Oneo 14 Gr Slim Nane Aromali Sakiz,8690840228508,24.90,79.50,98620,https://iyas.com.tr/ulker-oneo-14-gr-slim-nane-aromali-sakiz-98620-p-134556
Ulker Oneo 14 Gr Slim Nane Aromali Sakiz,8690840228546,24.90,79.50,98621,https://iyas.com.tr/ulker-oneo-14-gr-slim-nane-aromali-sakiz-98621-p-134557
Ulker Oneo 21 Gr Flip Karpuz,8690840226672,29.90,79.50,98622,https://iyas.com.tr/ulker-oneo-21-gr-flip-karpuz-98622-p-134558
Ulker Oneo 21 Gr Flip Nane 2161 6,8690840216161,29.90,79.50,60892,https://iyas.com.tr/ulker-oneo-21-gr-flip-nane-2161-6-60892-p-122735
Ulker Oneo 27 Gr Slim 60 Dk Meyve Aromali,8690840229475,49.90,79.50,114525,https://iyas.com.tr/ulker-oneo-27-gr-slim-60-dk-meyve-aromali-114525-p-596591
Ulker Oneo 27 Gr Slim 60 Dk Nane,8690840174690,49.90,30.00,114524,https://iyas.com.tr/ulker-oneo-27-gr-slim-60-dk-nane-114524-p-596553
Ulker Oneo 27 Gr Slim 60 Dk Yesil Nane,8690840229482,49.90,30.00,114523,https://iyas.com.tr/ulker-oneo-27-gr-slim-60-dk-yesil-nane-114523-p-596551
Ulker Oneo 60 Gr Buble Mini Draje,8690840228973,54.90,79.50,86748,https://iyas.com.tr/ulker-oneo-60-gr-buble-mini-draje-86748-p-125038
Ulker Oneo 60 Gr Sise Cilek Draje,8690840216390,69.90,79.50,63267,https://iyas.com.tr/ulker-oneo-60-gr-sise-cilek-draje-63267-p-122789
Ulker Oneo 60 Gr Sise Karpuz Draje,8690840227952,69.90,79.50,68925,https://iyas.com.tr/ulker-oneo-60-gr-sise-karpuz-draje-68925-p-122729
Ulker Oneo 60 Gr Sise Nane Draje,8690840216383,69.90,79.50,63268,https://iyas.com.tr/ulker-oneo-60-gr-sise-nane-draje-63268-p-122730
Ulker Oneo 76 Gr Buble Dev Draje,8690840228362,69.90,79.50,86749,https://iyas.com.tr/ulker-oneo-76-gr-buble-dev-draje-86749-p-125021
Ulker Oneo Dopdolu 76 Gr Sise Nane,8690840228058,114.90,79.50,101508,https://iyas.com.tr/ulker-oneo-dopdolu-76-gr-sise-nane-101508-p-582737
Ulker Oneo Dopdolu Meyve Aromali Sakiz 48 Gr,8690840229055,69.90,79.50,90584,https://iyas.com.tr/ulker-oneo-dopdolu-meyve-aromali-sakiz-48-gr-90584-p-129374
Ulker Pastil Ihlamur Limon Propolis 22 4,8690840179091,49.90,79.50,80882,https://iyas.com.tr/ulker-pastil-ihlamur-limon-propolis-22-4-80882-p-131544
Ulker Pastil Karamu Asero Prop Cink 22 4 Gr,8690840179077,49.90,79.50,92116,https://iyas.com.tr/ulker-pastil-karamu-asero-prop-cink-22-4-gr-92116-p-121065
Ulker Pastil Ok Men Nan 22 4 Gr,8690840179084,49.90,79.50,80881,https://iyas.com.tr/ulker-pastil-ok-men-nan-22-4-gr-80881-p-131543
Ulker Pastil Zen Zer Prop 22 4 Gr,8690840179015,49.90,79.50,86442,https://iyas.com.tr/ulker-pastil-zen-zer-prop-22-4-gr-86442-p-124915
Ulker Pembo Meyve Aromali Sakiz 22 5 Gr,8690840229093,14.90,30.00,99959,https://iyas.com.tr/ulker-pembo-meyve-aromali-sakiz-22-5-gr-99959-p-583973
Ulker Petibor 175 Gr,8690504011101,29.90,69.90,97876,https://iyas.com.tr/ulker-petibor-175-gr-97876-p-142971
Ulker Petibor 175 Gr Cifte Kavrulmus,8690504011705,29.90,69.90,24861,https://iyas.com.tr/ulker-petibor-175-gr-cifte-kavrulmus-24861-p-127129
Ulker Petibor 175 Gr Kakaolu,8690504011200,29.90,69.90,24847,https://iyas.com.tr/ulker-petibor-175-gr-kakaolu-24847-p-127097
Ulker Petibor 450 Gr,8690504011408,64.90,69.90,24854,https://iyas.com.tr/ulker-petibor-450-gr-24854-p-122887
Ulker Petibor 450 Gr Cifte Kavrumlus,8690504011712,64.90,69.90,24862,https://iyas.com.tr/ulker-petibor-450-gr-cifte-kavrumlus-24862-p-127123
Ulker Petibor 450 Gr Kakaolu,8690504011507,64.90,69.90,24858,https://iyas.com.tr/ulker-petibor-450-gr-kakaolu-24858-p-122886
Ulker Petibor 800 Gr,8690504017264,114.90,69.90,73622,https://iyas.com.tr/ulker-petibor-800-gr-73622-p-127014
Ulker Piko Cikolata Buyuk Boy 18 Gr,8690504114925,9.90,25.00,58569,https://iyas.com.tr/ulker-piko-cikolata-buyuk-boy-18-gr-58569-p-122522
Ulker Probis 101 Gr Seker Ilavesiz,8690504080145,34.90,69.90,109614,https://iyas.com.tr/ulker-probis-101-gr-seker-ilavesiz-109614-p-596757
Ulker Probis 10x28 Gr,8690504007203,74.90,69.90,24791,https://iyas.com.tr/ulker-probis-10x28-gr-24791-p-127149
Ulker Probis 75 Gr Atistirmalik,8690504961482,24.90,69.90,75206,https://iyas.com.tr/ulker-probis-75-gr-atistirmalik-75206-p-139499
Ulker Pul Cikolata 100 Gr 54,8690504180913,129.90,49.90,99098,https://iyas.com.tr/ulker-pul-cikolata-100-gr-54-99098-p-147407
Ulker Pul Cikolata 100 Gr Sutlu,8690766180805,129.90,49.90,93043,https://iyas.com.tr/ulker-pul-cikolata-100-gr-sutlu-93043-p-138108
Ulker Pul Cikolata Beyaz 100 Gr,8690504180920,129.90,49.90,99119,https://iyas.com.tr/ulker-pul-cikolata-beyaz-100-gr-99119-p-117794
Ulker Rondo 61 Gr Muzlu,8690504111030,14.90,69.90,98296,https://iyas.com.tr/ulker-rondo-61-gr-muzlu-98296-p-121900
Ulker Rondo 8x61 Gr Cilekli,8690504109860,104.90,79.90,99163,https://iyas.com.tr/ulker-rondo-8x61-gr-cilekli-99163-p-117838
Ulker Rondo Cilek 61 Gr,8690504109846,14.90,69.90,98311,https://iyas.com.tr/ulker-rondo-cilek-61-gr-98311-p-121915
Ulker Rulokat Gofret 42 Gr Findikli,8690504086444,19.90,30.00,97881,https://iyas.com.tr/ulker-rulokat-gofret-42-gr-findikli-97881-p-142976
Ulker Sakli Koy Fran Krem Ciz Kek 100 Gr,8690504116189,37.90,15.00,85555,https://iyas.com.tr/ulker-sakli-koy-fran-krem-ciz-kek-100-gr-85555-p-140590
Ulker Saklikoy 100 Gr Cikolata Ve Sutlu Kremali,8690504082996,37.90,69.90,71259,https://iyas.com.tr/ulker-saklikoy-100-gr-cikolata-ve-sutlu-kremali-71259-p-122783
Ulker Saklikoy 100 Gr Sutlu Kremali,8690504082651,24.90,69.90,98496,https://iyas.com.tr/ulker-saklikoy-100-gr-sutlu-kremali-98496-p-130316
Ulker Saklikoy 3x88 Gr Sutlu Kremali,8690504082668,54.90,69.90,60884,https://iyas.com.tr/ulker-saklikoy-3x88-gr-sutlu-kremali-60884-p-122785
Ulker Saklikoy 87 Gr Cikolata Kremali,8690504083177,24.90,69.90,63698,https://iyas.com.tr/ulker-saklikoy-87-gr-cikolata-kremali-63698-p-122745
Ulker Tac Kraker 3x76 Gr,8690504190554,49.90,7.90,85689,https://iyas.com.tr/ulker-tac-kraker-3x76-gr-85689-p-119359
Ulker Tac Kraker 76 Gr,8690504009603,16.90,7.90,24810,https://iyas.com.tr/ulker-tac-kraker-76-gr-24810-p-127087
Ulker Tek 2 In 1 Cafe Crown 11 Gr,8690504098348,12.90,89.50,97909,https://iyas.com.tr/ulker-tek-2-in-1-cafe-crown-11-gr-97909-p-143004
Ulker Teremyag Kase Margarin 500 Gr,8691375608568,149.00,59.90,2517,https://iyas.com.tr/ulker-teremyag-kase-margarin-500-gr-2517-p-122982
Ulker Yildiz Sakiz 3x7 Gr Cilek,8690840225286,29.90,79.50,86041,https://iyas.com.tr/ulker-yildiz-sakiz-3x7-gr-cilek-86041-p-123739
Ulker Yildiz Sakiz 3x7 Gr Damla,8690840225255,29.90,79.50,86043,https://iyas.com.tr/ulker-yildiz-sakiz-3x7-gr-damla-86043-p-123741
Ulker Yildiz Sakiz 3x7 Gr Nane,8690840225262,29.90,79.50,86042,https://iyas.com.tr/ulker-yildiz-sakiz-3x7-gr-nane-86042-p-123740
Ulker Yupo 110 Gr Lolipop 10 Lu Lunapark,8690840180110,79.90,79.50,112933,https://iyas.com.tr/ulker-yupo-110-gr-lolipop-10-lu-lunapark-112933-p-596484
Ulker Yupo Ayicik 80 Gr,8690840176212,34.90,79.50,57504,https://iyas.com.tr/ulker-yupo-ayicik-80-gr-57504-p-143546
Ulker Yupo Coko Jelo Bogurtlen 20 Gr,8690840185344,12.90,79.50,66668,https://iyas.com.tr/ulker-yupo-coko-jelo-bogurtlen-20-gr-66668-p-143506
Ulker Yupo Coko Jelo Portakal 20 Gr,8690840185306,12.90,79.50,66667,https://iyas.com.tr/ulker-yupo-coko-jelo-portakal-20-gr-66667-p-143516
Ulker Yupo Draje Tup 20 Gr,8690840176038,22.90,79.50,59111,https://iyas.com.tr/ulker-yupo-draje-tup-20-gr-59111-p-139334
Ulker Yupo Draje Tup 3x20 Gr,8690840176045,59.90,9.90,110512,https://iyas.com.tr/ulker-yupo-draje-tup-3x20-gr-110512-p-596536
Ulker Yupo Eglenceli Cilek 80 Gr,8690766175542,34.90,79.50,103146,https://iyas.com.tr/ulker-yupo-eglenceli-cilek-80-gr-103146-p-583092
Ulker Yupo Eglenceli Kalp 80 Gr,8690840178025,34.90,79.50,93142,https://iyas.com.tr/ulker-yupo-eglenceli-kalp-80-gr-93142-p-142335
Ulker Yupo Jeli Eksi 65 Gr,8690840215249,34.90,79.50,85159,https://iyas.com.tr/ulker-yupo-jeli-eksi-65-gr-85159-p-123798
Ulker Yupo Jeli Eylenceli Icecekler,8690840175437,34.90,79.50,103811,https://iyas.com.tr/ulker-yupo-jeli-eylenceli-icecekler-103811-p-581296
Ulker Yupo Kola 80 Gr,8690840176441,34.90,79.50,57508,https://iyas.com.tr/ulker-yupo-kola-80-gr-57508-p-122518
Ulker Yupo Metre Cilek 50 Gr,8690840168941,17.95,79.50,99643,https://iyas.com.tr/ulker-yupo-metre-cilek-50-gr-99643-p-134686
Ulker Yupo Metre Kola 50 Gr,8690840168965,17.95,79.50,99644,https://iyas.com.tr/ulker-yupo-metre-kola-50-gr-99644-p-134687
Ulker Yupo Meyve Bahcesi 80 Gr,8690840176434,34.90,79.50,57506,https://iyas.com.tr/ulker-yupo-meyve-bahcesi-80-gr-57506-p-143527
Ulker Yupo Portakal Halkasi 70 Gr,8690840176335,34.90,79.50,80878,https://iyas.com.tr/ulker-yupo-portakal-halkasi-70-gr-80878-p-131542
Ulker Yupo Seftali Halkasi 70 Gr,8690840163366,34.90,79.50,113949,https://iyas.com.tr/ulker-yupo-seftali-halkasi-70-gr-113949-p-596604
Ulker Yupo Solucan 80 Gr,8690840176427,34.90,79.50,57505,https://iyas.com.tr/ulker-yupo-solucan-80-gr-57505-p-143531
Ulker Yupo Super Jel Bd Vit 64 Gr,8690840176304,34.90,79.50,89867,https://iyas.com.tr/ulker-yupo-super-jel-bd-vit-64-gr-89867-p-129185
Ulker Yupo Super Jel C Vit 64 Gr,8690840176205,34.90,79.50,89868,https://iyas.com.tr/ulker-yupo-super-jel-c-vit-64-gr-89868-p-129182
Ulker Yupo Vampir Disi 80 Gr,8690504176404,34.90,79.50,90648,https://iyas.com.tr/ulker-yupo-vampir-disi-80-gr-90648-p-133568
Uludag 1 Lt Meyvelim Ananas,1500144801611,52.50,81.00,102697,https://iyas.com.tr/uludag-1-lt-meyvelim-ananas-102697-p-585811
Uludag 1 Lt Meyvelim Greyfurt,8690723153507,52.50,99.90,56331,https://iyas.com.tr/uludag-1-lt-meyvelim-greyfurt-56331-p-136273
Uludag 1 Lt Meyvelim Mandalina,1500144801581,52.50,81.00,101661,https://iyas.com.tr/uludag-1-lt-meyvelim-mandalina-101661-p-582169
Uludag 1 Lt Meyvelim Nar,1500144801598,52.50,81.00,101662,https://iyas.com.tr/uludag-1-lt-meyvelim-nar-101662-p-582453
Uludag 1 Lt Meyvelim Portakal,8690723773507,69.50,99.90,69169,https://iyas.com.tr/uludag-1-lt-meyvelim-portakal-69169-p-136296
Uludag Efsane 1 Lt Gazoz,8690723113501,59.50,81.00,43472,https://iyas.com.tr/uludag-efsane-1-lt-gazoz-43472-p-126797
Uludag Efsane 1 Lt Portakal,8690723313505,59.50,81.00,45134,https://iyas.com.tr/uludag-efsane-1-lt-portakal-45134-p-126798
Uludag Efsane 15 Lt Gazoz,86949057,72.95,81.00,97910,https://iyas.com.tr/uludag-efsane-15-lt-gazoz-97910-p-143005
Uludag Efsane 15 Lt Portakal,8690723313604,73.50,81.00,25357,https://iyas.com.tr/uludag-efsane-15-lt-portakal-25357-p-126802
Uludag Efsane 25 Lt Gazoz,86937924,89.50,81.00,97911,https://iyas.com.tr/uludag-efsane-25-lt-gazoz-97911-p-143006
Uludag Efsane 25 Lt Portakal,8690723313802,89.95,81.00,97914,https://iyas.com.tr/uludag-efsane-25-lt-portakal-97914-p-143009
Uludag Efsane 250 Ml Gazoz,86928458,44.50,81.00,25356,https://iyas.com.tr/uludag-efsane-250-ml-gazoz-25356-p-126800
Uludag Efsane 250 Ml Portakal,86931960,44.50,81.00,25355,https://iyas.com.tr/uludag-efsane-250-ml-portakal-25355-p-135279
Uludag Efsane 330 Ml Gazoz,1500144802045,39.90,81.00,103729,https://iyas.com.tr/uludag-efsane-330-ml-gazoz-103729-p-582515
Uludag Efsane 330 Ml Portakal,1500144802120,39.90,81.00,103730,https://iyas.com.tr/uludag-efsane-330-ml-portakal-103730-p-586214
Uludag Frutti 1 Lt Extra Mandalina,1500144801819,52.50,12.00,100979,https://iyas.com.tr/uludag-frutti-1-lt-extra-mandalina-100979-p-585786
Uludag Frutti 1 Lt Extra Orman Meyveli,1500144801802,52.50,12.00,100553,https://iyas.com.tr/uludag-frutti-1-lt-extra-orman-meyveli-100553-p-584498
Uludag Frutti 1 Lt Extra Yesil Limon,1500144801796,52.50,44.90,100978,https://iyas.com.tr/uludag-frutti-1-lt-extra-yesil-limon-100978-p-584542
Uludag Frutti 200 Ml C Max Kivi,8690723271201,18.50,14.00,66569,https://iyas.com.tr/uludag-frutti-200-ml-c-max-kivi-66569-p-118389
Uludag Frutti 200 Ml C Max Limon C Vitaminl,8690723031201,18.50,14.00,47773,https://iyas.com.tr/uludag-frutti-200-ml-c-max-limon-c-vitaminl-47773-p-126746
Uludag Frutti 200 Ml Elma,8690723561234,18.50,14.00,25358,https://iyas.com.tr/uludag-frutti-200-ml-elma-25358-p-135277
Uludag Frutti 200 Ml Karpuz Cilek,8690723521238,18.50,14.00,25361,https://iyas.com.tr/uludag-frutti-200-ml-karpuz-cilek-25361-p-114317
Uludag Frutti 200 Ml Limon,8690723541236,18.50,14.00,25367,https://iyas.com.tr/uludag-frutti-200-ml-limon-25367-p-117907
Uludag Frutti 200 Ml Narli,8690723961201,18.50,14.00,25374,https://iyas.com.tr/uludag-frutti-200-ml-narli-25374-p-122561
Uludag Frutti 250 Ml Extra Armutlu,8690723631890,34.75,12.00,41364,https://iyas.com.tr/uludag-frutti-250-ml-extra-armutlu-41364-p-126765
Uludag Frutti 250 Ml Extra Kavunlu,8690723681895,34.75,12.00,56223,https://iyas.com.tr/uludag-frutti-250-ml-extra-kavunlu-56223-p-122660
Uludag Frutti 250 Ml Extra Mandalin,8690723611892,34.75,12.00,41365,https://iyas.com.tr/uludag-frutti-250-ml-extra-mandalin-41365-p-126766
Uludag Frutti 250 Ml Extra Orman Meyveli,1500144801840,34.75,12.00,100004,https://iyas.com.tr/uludag-frutti-250-ml-extra-orman-meyveli-100004-p-581492
Uludag Frutti 250 Ml Extra Yesil Limon,8690723701890,34.75,12.00,56219,https://iyas.com.tr/uludag-frutti-250-ml-extra-yesil-limon-56219-p-122667
Uludag Klipsi Maden Suyu 200 Ml,8690723511208,12.00,12.00,25362,https://iyas.com.tr/uludag-klipsi-maden-suyu-200-ml-25362-p-122663
Uludag Limonata 1 Lt Normal,1500144801659,52.50,99.90,100977,https://iyas.com.tr/uludag-limonata-1-lt-normal-100977-p-568454
Uludag Limonata 1 Lt Sekersiz,1500144801765,52.50,99.90,101135,https://iyas.com.tr/uludag-limonata-1-lt-sekersiz-101135-p-583051
Uludag Limonata 2 Lt Sade,1500144801642,99.90,99.90,101026,https://iyas.com.tr/uludag-limonata-2-lt-sade-101026-p-586357
Uludag Limonata 2 Lt Sekersiz,1500144801758,99.90,99.90,101027,https://iyas.com.tr/uludag-limonata-2-lt-sekersiz-101027-p-582438
Uludag Limonata 250 Ml,1500144801673,35.00,99.90,98264,https://iyas.com.tr/uludag-limonata-250-ml-98264-p-121868
Uludag Premium Dogal Kaynak Suyu 1000 Ml,8690723193503,38.95,36.50,74570,https://iyas.com.tr/uludag-premium-dogal-kaynak-suyu-1000-ml-74570-p-130602
Uludag Premium Dogal Kaynak Suyu 400 Ml,86939515,21.95,36.50,74569,https://iyas.com.tr/uludag-premium-dogal-kaynak-suyu-400-ml-74569-p-130601
Uludag Premium Maden Suyu Cam 250 Ml,86932318,42.00,12.00,33312,https://iyas.com.tr/uludag-premium-maden-suyu-cam-250-ml-33312-p-118475
Uni Baby Bebek Kolonyasi 150 Ml Bebeksi Dokulme,8690530046269,94.90,239.90,91910,https://iyas.com.tr/uni-baby-bebek-kolonyasi-150-ml-bebeksi-dokulme-91910-p-125179
Uni Baby Bebek Kolonyasi 150 Ml Ciceksi Fer,8690530046290,94.90,239.90,91911,https://iyas.com.tr/uni-baby-bebek-kolonyasi-150-ml-ciceksi-fer-91911-p-125180
Uni Baby Camasir Deterjani 1500 Ml Aktif,8692190007642,339.90,44.90,61893,https://iyas.com.tr/uni-baby-camasir-deterjani-1500-ml-aktif-61893-p-144077
Uni Baby Camasir Deterjani 1500 Ml Sensitive Haslanmis D,8692190008274,339.90,229.90,67248,https://iyas.com.tr/uni-baby-camasir-deterjani-1500-ml-sensitive-haslanmis-d-67248-p-135214
Uni Baby Camasir Deterjani 1500 Ml Yenidogan Sivi,8690530025523,339.90,229.90,80182,https://iyas.com.tr/uni-baby-camasir-deterjani-1500-ml-yenidogan-sivi-80182-p-119208
Uni Baby Camasir Yum Kons 1200 Ml Baby Pudra K,8692190008908,159.90,44.90,73823,https://iyas.com.tr/uni-baby-camasir-yum-kons-1200-ml-baby-pudra-k-73823-p-139914
Uni Baby Camasir Yumusatici 1500 Ml Hassas Cilt,8692190007666,179.90,44.90,61894,https://iyas.com.tr/uni-baby-camasir-yumusatici-1500-ml-hassas-cilt-61894-p-139913
Uni Baby Islak Havlu 52 X 3 Lu Aile,8690530040526,74.90,64.90,91913,https://iyas.com.tr/uni-baby-islak-havlu-52-x-3-lu-aile-91913-p-125232
Uni Baby Islak Havlu 72 Li Aktif,8690530031326,44.90,34.90,85150,https://iyas.com.tr/uni-baby-islak-havlu-72-li-aktif-85150-p-127733
Uni Baby Islak Havlu 90 Li Aile,8690530038233,34.90,29.90,98989,https://iyas.com.tr/uni-baby-islak-havlu-90-li-aile-98989-p-147298
Uni Baby Kolay Tarama Sampuani 700 Ml,8690530045088,179.90,149.90,98972,https://iyas.com.tr/uni-baby-kolay-tarama-sampuani-700-ml-98972-p-147281
Uni Baby Kolay Tarama Sprey 200 Ml,8692190008649,179.90,149.90,55006,https://iyas.com.tr/uni-baby-kolay-tarama-sprey-200-ml-55006-p-139366
Uni Baby Sampuan 500 Ml,8690530045194,129.90,149.90,97921,https://iyas.com.tr/uni-baby-sampuan-500-ml-97921-p-143016
Uni Baby Sampuan 700 Ml,8690530045057,159.90,149.90,90874,https://iyas.com.tr/uni-baby-sampuan-700-ml-90874-p-137848
Uni Care Vazelin 100 Ml,8690530041417,159.90,144.90,98882,https://iyas.com.tr/uni-care-vazelin-100-ml-98882-p-143084
Uni Care Vazelin 170 Ml,8690530041424,199.90,169.90,99343,https://iyas.com.tr/uni-care-vazelin-170-ml-99343-p-122054
Uno Pastaban 3 Kat Sade 320 Gr,8690698514914,160.00,49.90,91738,https://iyas.com.tr/uno-pastaban-3-kat-sade-320-gr-91738-p-129469
Unsut Az Tuzlu Klasik Peynir Kilo,2201136,265.00,249.00,112775,https://iyas.com.tr/unsut-az-tuzlu-klasik-peynir-kilo-112775-p-596324
Unsut Cecil Peyniri Kilo,2202021,399.00,379.00,10013,https://iyas.com.tr/unsut-cecil-peyniri-kilo-10013-p-139688
Unsut Cecil Tel Peyniri 200 Gr,8699241780455,149.00,379.00,52949,https://iyas.com.tr/unsut-cecil-tel-peyniri-200-gr-52949-p-144216
Unsut Chedar Peyniri Kilo,2207003,395.00,379.00,13009,https://iyas.com.tr/unsut-chedar-peyniri-kilo-13009-p-119671
Unsut Coban Peyniri Kilo,2202063,299.00,379.00,103209,https://iyas.com.tr/unsut-coban-peyniri-kilo-103209-p-581596
Unsut Dil Peyniri 200 Gr,8699241780493,149.00,379.00,80911,https://iyas.com.tr/unsut-dil-peyniri-200-gr-80911-p-144233
Unsut Karin Tereyagi Kilo,2202095,599.00,599.00,108596,https://iyas.com.tr/unsut-karin-tereyagi-kilo-108596-p-588075
Unsut Kasar Loru Tuzsuz Kilo,2207071,69.90,379.00,13012,https://iyas.com.tr/unsut-kasar-loru-tuzsuz-kilo-13012-p-144192
Unsut Kasar Peyniri 1000 Gr,8699241780257,379.00,349.00,50111,https://iyas.com.tr/unsut-kasar-peyniri-1000-gr-50111-p-139800
Unsut Kasar Peyniri Kilo,2202030,379.00,379.00,26367,https://iyas.com.tr/unsut-kasar-peyniri-kilo-26367-p-135667
Unsut Kaymak Kilo,2203007,649.00,249.00,26218,https://iyas.com.tr/unsut-kaymak-kilo-26218-p-123419
Unsut Mevsim Klasik Peyniri Kilo,2209704,499.00,379.00,27149,https://iyas.com.tr/unsut-mevsim-klasik-peyniri-kilo-27149-p-133490
Unsut Suzme Yogurt Kilo,2202012,139.00,159.00,9128,https://iyas.com.tr/unsut-suzme-yogurt-kilo-9128-p-139721
Unsut Taze Beyaz Peynir Acik Kilo,2209992,149.00,379.00,44863,https://iyas.com.tr/unsut-taze-beyaz-peynir-acik-kilo-44863-p-139697
Unsut Tereyag 500 Gr,8699241780219,299.00,599.00,44922,https://iyas.com.tr/unsut-tereyag-500-gr-44922-p-118763
Unsut Tereyagi Kilo,2203060,599.00,549.00,36703,https://iyas.com.tr/unsut-tereyagi-kilo-36703-p-118757
Unsut Tost Peyniri 1000 Gr,8699241780264,349.00,379.00,106230,https://iyas.com.tr/unsut-tost-peyniri-1000-gr-106230-p-595302
Unsut Tost Peyniri Kilo,2202007,349.00,379.00,23955,https://iyas.com.tr/unsut-tost-peyniri-kilo-23955-p-139691
Unsut Yarim Yagli Beyaz Peynir Kilo,2202016,169.00,379.00,9117,https://iyas.com.tr/unsut-yarim-yagli-beyaz-peynir-kilo-9117-p-143967
Unsut Yogurt 2000 Gr Kaymakli,8699241780431,149.00,139.00,59636,https://iyas.com.tr/unsut-yogurt-2000-gr-kaymakli-59636-p-122956
Unsut Yogurt 2000 Gr Yarim Yagli,8699241780097,115.00,139.00,85036,https://iyas.com.tr/unsut-yogurt-2000-gr-yarim-yagli-85036-p-123682
Unsut Yuksek Kaynama T Yagli Beyaz Pey Kilo,2202014,275.00,379.00,26389,https://iyas.com.tr/unsut-yuksek-kaynama-t-yagli-beyaz-pey-kilo-26389-p-123460
Urban Care Durulanmayan Krem 150 Ml Argan Yagi,8680690702983,159.90,149.90,100509,https://iyas.com.tr/urban-care-durulanmayan-krem-150-ml-argan-yagi-100509-p-568349
Urban Care Durulanmayan Krem 150 Mlhyaluronic Acid,8680690705038,159.90,149.90,100504,https://iyas.com.tr/urban-care-durulanmayan-krem-150-mlhyaluronic-acid-100504-p-568352
Urban Care Dus Jeli 500 Ml Coconut Coffee,8680690707384,99.90,79.90,100520,https://iyas.com.tr/urban-care-dus-jeli-500-ml-coconut-coffee-100520-p-568365
Urban Care Dus Jeli 500 Ml Lavender Vanilla,8680690709609,99.90,79.90,101541,https://iyas.com.tr/urban-care-dus-jeli-500-ml-lavender-vanilla-101541-p-568440
Urban Care Dus Jeli 500 Ml Monoi Oil Ylang Yl,8680690708312,99.90,79.90,101539,https://iyas.com.tr/urban-care-dus-jeli-500-ml-monoi-oil-ylang-yl-101539-p-568471
Urban Care Dus Jeli 500 Ml Pink Grapefruit,8680690709616,99.90,79.90,101540,https://iyas.com.tr/urban-care-dus-jeli-500-ml-pink-grapefruit-101540-p-568495
Urban Care Dus Jeli 500 Ml Tumeric Honey,8680690707407,99.90,79.90,100521,https://iyas.com.tr/urban-care-dus-jeli-500-ml-tumeric-honey-100521-p-568372
Urban Care Dus Jeli 750 Ml Coconut Coffee,8680690709838,189.90,99.90,114754,https://iyas.com.tr/urban-care-dus-jeli-750-ml-coconut-coffee-114754-p-596898
Urban Care Expert Sac Kremi 200 Ml Biotin Ve Caffe,8680690703782,189.90,149.90,100527,https://iyas.com.tr/urban-care-expert-sac-kremi-200-ml-biotin-ve-caffe-100527-p-568364
Urban Care Expert Sac Tonigi 200 Ml Biotin And Caf,8680690700408,179.90,149.90,100494,https://iyas.com.tr/urban-care-expert-sac-tonigi-200-ml-biotin-and-caf-100494-p-568374
Urban Care Expert Sac Tonigi 200 Ml Elma Sirkesi S,8680690709968,199.90,179.90,101548,https://iyas.com.tr/urban-care-expert-sac-tonigi-200-ml-elma-sirkesi-s-101548-p-568486
Urban Care Expert Sampuan 350 Ml Biotin And Caffei,8680690702297,199.90,149.90,100492,https://iyas.com.tr/urban-care-expert-sampuan-350-ml-biotin-and-caffei-100492-p-568356
Urban Care Expert Sampuan 350 Ml Bond Plex,8680690707919,199.90,149.90,101542,https://iyas.com.tr/urban-care-expert-sampuan-350-ml-bond-plex-101542-p-568427
Urban Care Expert Sampuan 350 Ml Elma Sirkesi,8680690709975,199.90,149.90,101549,https://iyas.com.tr/urban-care-expert-sampuan-350-ml-elma-sirkesi-101549-p-568400
Urban Care Kuru Sampuan 200 Ml Coconut,8680690702198,179.90,149.90,100516,https://iyas.com.tr/urban-care-kuru-sampuan-200-ml-coconut-100516-p-568347
Urban Care Kuru Sampuan 200 Ml Volume,8680690702174,179.90,149.90,100517,https://iyas.com.tr/urban-care-kuru-sampuan-200-ml-volume-100517-p-568359
Urban Care Sac Kremi 175 Ml Curl Hibiscus Water Ve,8680690703867,159.90,149.90,100510,https://iyas.com.tr/urban-care-sac-kremi-175-ml-curl-hibiscus-water-ve-100510-p-568369
Urban Care Sac Kremi 200 Ml Argan Yagi,8680690706851,249.90,149.90,101689,https://iyas.com.tr/urban-care-sac-kremi-200-ml-argan-yagi-101689-p-568458
Urban Care Sac Sek 150 Ml Twisted She Buttr,8680690707773,189.90,149.90,100514,https://iyas.com.tr/urban-care-sac-sek-150-ml-twisted-she-buttr-100514-p-568342
Urban Care Sampuan 200 Ml Elma Sirkesi Salisilik A,8680690709951,189.90,149.90,101547,https://iyas.com.tr/urban-care-sampuan-200-ml-elma-sirkesi-salisilik-a-101547-p-568472
Urban Care Sampuan 350 Ml Hyaluronic Acid Collegen,8680690720659,149.90,99.90,108606,https://iyas.com.tr/urban-care-sampuan-350-ml-hyaluronic-acid-collegen-108606-p-597048
Urban Care Sampuan 350 Ml Intense Kerati,8680690720628,149.90,99.90,108603,https://iyas.com.tr/urban-care-sampuan-350-ml-intense-kerati-108603-p-597052
Urban Care Sivi Sac Kremi 200 Ml Curl Hibiscus,8680690703874,159.90,149.90,100502,https://iyas.com.tr/urban-care-sivi-sac-kremi-200-ml-curl-hibiscus-100502-p-568358
Urban Care Sivi Sac Kremi 200 Ml Hyaluronic Acid,8680690705045,159.90,149.90,100541,https://iyas.com.tr/urban-care-sivi-sac-kremi-200-ml-hyaluronic-acid-100541-p-568366
Urban Care Sivi Sac Kremi 200 Ml Intense Ve Kerati,8680690700798,109.90,149.90,100540,https://iyas.com.tr/urban-care-sivi-sac-kremi-200-ml-intense-ve-kerati-100540-p-568353
Urban Care Summer Renk Acisi Sprey 150 Ml,8680690705311,179.90,149.90,100515,https://iyas.com.tr/urban-care-summer-renk-acisi-sprey-150-ml-100515-p-568375
Urban Care Vucut Losyonu 250 Ml Tumeric Honey,8680690707445,149.90,149.90,100523,https://iyas.com.tr/urban-care-vucut-losyonu-250-ml-tumeric-honey-100523-p-568376
Urban Sac Bakim Sutu 200 Ml Bond Plex,8680690707971,179.90,149.90,101545,https://iyas.com.tr/urban-sac-bakim-sutu-200-ml-bond-plex-101545-p-568408
Urban Sac Bakim Yagi 100 Ml Bond Plex,8680690707995,189.90,149.90,101546,https://iyas.com.tr/urban-sac-bakim-yagi-100-ml-bond-plex-101546-p-568409
Urban Yogun Sac Bakim Maskesi Argan Oil 230 Ml,8680690707810,179.90,149.90,100503,https://iyas.com.tr/urban-yogun-sac-bakim-maskesi-argan-oil-230-ml-100503-p-568344
Urban Yogun Sac Bakim Maskesi Hibiscus 230 Ml,8680690707155,179.90,149.90,100507,https://iyas.com.tr/urban-yogun-sac-bakim-maskesi-hibiscus-230-ml-100507-p-568341
Urban Yogun Sac Bakim Maskesi Intense Kerat 230 Ml,8680690707834,179.90,149.90,100505,https://iyas.com.tr/urban-yogun-sac-bakim-maskesi-intense-kerat-230-ml-100505-p-568363
Urfa Durum,2183000551227,420.00,290.00,99680,https://iyas.com.tr/urfa-durum-99680-p-134723
Urfa Kebap,2183000551166,440.00,290.00,99665,https://iyas.com.tr/urfa-kebap-99665-p-134708
Uzum Beyaz Kilo,2209775,99.90,89.90,34276,https://iyas.com.tr/uzum-beyaz-kilo-34276-p-114707
Uzum Siyah Kilo,2209041,99.90,89.90,25483,https://iyas.com.tr/uzum-siyah-kilo-25483-p-114708
Vakum Paket Salamura Yaprak 500 Gr Adet,2304047,219.90,199.90,106784,https://iyas.com.tr/vakum-paket-salamura-yaprak-500-gr-adet-106784-p-587378
Van Otlu Peyniri Acik Kilo,2202015,249.00,199.00,25487,https://iyas.com.tr/van-otlu-peyniri-acik-kilo-25487-p-144185
Varta Aa 2li Bls,4008496114764,132.50,42.50,91945,https://iyas.com.tr/varta-aa-2li-bls-91945-p-125182
Varta Aaa 2 Li Bls,4008496114733,132.50,42.50,91946,https://iyas.com.tr/varta-aaa-2-li-bls-91946-p-125183
Varta Dugme Pil Cr,4008496276882,69.90,42.50,79899,https://iyas.com.tr/varta-dugme-pil-cr-79899-p-123632
Varta Dugme Pil Cr,4008496276639,69.90,42.50,81052,https://iyas.com.tr/varta-dugme-pil-cr-81052-p-140385
Varta Dugme Pil Cr,4008496276875,69.90,42.50,81053,https://iyas.com.tr/varta-dugme-pil-cr-81053-p-140386
Varta Dugme Pil V23ga Alkalin,4008496261628,69.90,42.50,81054,https://iyas.com.tr/varta-dugme-pil-v23ga-alkalin-81054-p-115422
Varta Kulaklik Pili 10 Pr70,4043752393576,90.00,42.50,96307,https://iyas.com.tr/varta-kulaklik-pili-10-pr70-96307-p-125811
Varta Kulaklik Pili 13 Pr48,4043752393552,90.00,42.50,96308,https://iyas.com.tr/varta-kulaklik-pili-13-pr48-96308-p-125812
Varta Kulaklik Pili 312 Pr41,4043752393569,90.00,42.50,96309,https://iyas.com.tr/varta-kulaklik-pili-312-pr41-96309-p-125813
Varta Kulaklik Pili 675 Pr44,4043752393545,90.00,42.50,96310,https://iyas.com.tr/varta-kulaklik-pili-675-pr44-96310-p-125814
Varta Pil Longlife 9 V,4008496525423,180.00,42.50,74659,https://iyas.com.tr/varta-pil-longlife-9-v-74659-p-136231
Varta Pil Longlife Extra Ince 4lu Aaa,4008496525072,172.50,42.50,50281,https://iyas.com.tr/varta-pil-longlife-extra-ince-4lu-aaa-50281-p-144760
Varta Pil Longlife Extra Kalem 4lu Aa,4008496525157,172.50,42.50,50280,https://iyas.com.tr/varta-pil-longlife-extra-kalem-4lu-aa-50280-p-123630
Varta Pil Longlife Power Ince 2li Aaa,4008496559701,105.00,42.50,50288,https://iyas.com.tr/varta-pil-longlife-power-ince-2li-aaa-50288-p-136233
Varta Pil Longlife Power Kalem 2li Aa,4008496559398,105.00,42.50,50287,https://iyas.com.tr/varta-pil-longlife-power-kalem-2li-aa-50287-p-136234
Varta Pil Sl Blister 9 V Pil,4008496556427,59.90,42.50,50286,https://iyas.com.tr/varta-pil-sl-blister-9-v-pil-50286-p-136238
Varta Pil Sl Blister Buyuk Pil D 2li,4008496556342,105.00,42.50,50285,https://iyas.com.tr/varta-pil-sl-blister-buyuk-pil-d-2li-50285-p-119533
Varta Pil Sl Blister Ince 4lu Aaa,4008496676187,52.50,42.50,50283,https://iyas.com.tr/varta-pil-sl-blister-ince-4lu-aaa-50283-p-136237
Varta Pil Sl Blister Kalem 4lu Aa,4008496556267,52.50,42.50,50282,https://iyas.com.tr/varta-pil-sl-blister-kalem-4lu-aa-50282-p-115225
Varta Pil Sl Blister Orta Pil C,4008496556304,69.90,42.50,50284,https://iyas.com.tr/varta-pil-sl-blister-orta-pil-c-50284-p-115403
Varta Pil Sl Shrink 9 V Pil,4008496556632,42.50,42.50,74664,https://iyas.com.tr/varta-pil-sl-shrink-9-v-pil-74664-p-123631
Varta Pil Sl Shrink Buyuk Pil D 2li,4008496556540,82.50,42.50,74663,https://iyas.com.tr/varta-pil-sl-shrink-buyuk-pil-d-2li-74663-p-136240
Varta Pil Sl Shrink Ince Kalem 2 Li Aaa,4008496745586,22.50,42.50,98446,https://iyas.com.tr/varta-pil-sl-shrink-ince-kalem-2-li-aaa-98446-p-126159
Varta Pil Sl Shrink Kalem 4lu Aa,4008496556465,42.50,22.50,50084,https://iyas.com.tr/varta-pil-sl-shrink-kalem-4lu-aa-50084-p-136236
Varta Pil Sl Shrink Orta Pil C,4008496556502,42.50,42.50,74662,https://iyas.com.tr/varta-pil-sl-shrink-orta-pil-c-74662-p-136239
Vaseline 100 Ml Baby Pj Etk,6281006612129,219.90,239.90,104017,https://iyas.com.tr/vaseline-100-ml-baby-pj-etk-104017-p-582226
Vaseline 100 Ml Orjinal Nemlendirici Jel,6281006610811,219.90,239.90,102657,https://iyas.com.tr/vaseline-100-ml-orjinal-nemlendirici-jel-102657-p-581578
Vaseline Gluhy Los Canpar 200 Ml,8999999581947,299.90,239.90,103679,https://iyas.com.tr/vaseline-gluhy-los-canpar-200-ml-103679-p-581278
Vaseline Lotion Alce Etk 200 Ml,8683130076637,189.90,239.90,103675,https://iyas.com.tr/vaseline-lotion-alce-etk-200-ml-103675-p-583121
Vaseline Lotion Hss Bkm Etk 200 Ml,8683130076620,189.90,239.90,103676,https://iyas.com.tr/vaseline-lotion-hss-bkm-etk-200-ml-103676-p-581277
Vatan 1440 Ml Yumusatici Elti Catlatan,8698623371373,99.90,179.90,109787,https://iyas.com.tr/vatan-1440-ml-yumusatici-elti-catlatan-109787-p-588095
Vatan 1440 Ml Yumusatici Gelin Catlatan,8698623371434,99.90,179.90,109786,https://iyas.com.tr/vatan-1440-ml-yumusatici-gelin-catlatan-109786-p-588094
Vatan 1440 Ml Yumusatici Gorumce Catlatan,8698623371410,99.90,179.90,109785,https://iyas.com.tr/vatan-1440-ml-yumusatici-gorumce-catlatan-109785-p-588098
Vatan 1440 Ml Yumusatici Kaynana Catlatan,8698623371397,99.90,179.90,109783,https://iyas.com.tr/vatan-1440-ml-yumusatici-kaynana-catlatan-109783-p-588092
Vatan 1440 Ml Yumusatici Komsu Catlatan,8698623371359,99.90,179.90,109784,https://iyas.com.tr/vatan-1440-ml-yumusatici-komsu-catlatan-109784-p-588097
Vatan Sivi Camasir Deterjani Arap Sabunu Soda 1500ml,8698623375777,149.90,139.90,117827,https://iyas.com.tr/vatan-sivi-camasir-deterjani-arap-sabunu-soda-1500ml-117827-p-599061
Veet Agda Bandi 20 Li Sensetion Promo 94644,,,,,https://iyas.com.tr/veet-agda-bandi-20-li-sensetion-promo-94644-p-121305
Veet Agda Bandi 20li Normal Promo,8690570555936,279.90,169.90,94643,https://iyas.com.tr/veet-agda-bandi-20li-normal-promo-94643-p-121304
Veet Krem Pure 100 Ml Sensetive Pure,8690570555950,339.90,169.90,114858,https://iyas.com.tr/veet-krem-pure-100-ml-sensetive-pure-114858-p-597118
Venus Line Sac Fircasi,8697406741952,219.90,149.90,108141,https://iyas.com.tr/venus-line-sac-fircasi-108141-p-597119
Vernel 3000 Gr Deniz Esintisi,9000100944717,139.90,179.90,58672,https://iyas.com.tr/vernel-3000-gr-deniz-esintisi-58672-p-130562
Vernel 3000 Gr Relax,9000100776905,139.90,179.90,58673,https://iyas.com.tr/vernel-3000-gr-relax-58673-p-127248
Vernel 3000 Gr Taze Gul,9000100776868,139.90,179.90,58671,https://iyas.com.tr/vernel-3000-gr-taze-gul-58671-p-127247
Vernel 5 Lt Hassasyumusak,9000100945165,199.90,179.90,58170,https://iyas.com.tr/vernel-5-lt-hassasyumusak-58170-p-127245
Vernel 5 Lt Relax,9000100944632,199.90,179.90,58169,https://iyas.com.tr/vernel-5-lt-relax-58169-p-127244
Vernel 5 Lt Taze Gul,9000100944557,199.90,179.90,58167,https://iyas.com.tr/vernel-5-lt-taze-gul-58167-p-130558
Vernel Max 1440 Ml Gul,9000101844238,144.90,129.90,114925,https://iyas.com.tr/vernel-max-1440-ml-gul-114925-p-597984
Vernel Max 1440 Ml Ihlamur Cicegi,9000101842654,144.90,129.90,114921,https://iyas.com.tr/vernel-max-1440-ml-ihlamur-cicegi-114921-p-597145
Vernel Max 1440 Ml Lavanta,9000101844061,144.90,129.90,114924,https://iyas.com.tr/vernel-max-1440-ml-lavanta-114924-p-597281
Vernel Max 1440 Ml Lilyum,9000101842685,144.90,129.90,114922,https://iyas.com.tr/vernel-max-1440-ml-lilyum-114922-p-597983
Vernel Max 1440 Ml Orkide,9000101844115,144.90,129.90,115344,https://iyas.com.tr/vernel-max-1440-ml-orkide-115344-p-598006
Vernel Max 1440 Ml Sensitive,9000101842715,144.90,129.90,114923,https://iyas.com.tr/vernel-max-1440-ml-sensitive-114923-p-597898
Vernel Max 1440 Ml Taze Lale,9000100704939,144.90,129.90,41777,https://iyas.com.tr/vernel-max-1440-ml-taze-lale-41777-p-127257
Vernel Max Fresh Control Cicek Ferahligi Yumusatici 1320 Ml,9000101547641,169.90,149.90,89893,https://iyas.com.tr/vernel-max-fresh-control-cicek-ferahligi-yumusatici-1320-ml-89893-p-129176
Vernel Max Yumusatici 960 Ml Sensitive,9000101405408,84.90,179.90,100501,https://iyas.com.tr/vernel-max-yumusatici-960-ml-sensitive-100501-p-579402
Veronelli Arpa Sehriye 500 Gr,8690576829802,39.50,32.50,53207,https://iyas.com.tr/veronelli-arpa-sehriye-500-gr-53207-p-135547
Veronelli Kalem Makarna 500 Gr,8690576829437,39.50,32.50,25592,https://iyas.com.tr/veronelli-kalem-makarna-500-gr-25592-p-139595
Veronelli Makarna 500 Gr Burgu,8690576829178,39.50,32.50,25591,https://iyas.com.tr/veronelli-makarna-500-gr-burgu-25591-p-135533
Veronelli Makarna 500 Gr Kelebek,8690576829406,39.50,32.50,25593,https://iyas.com.tr/veronelli-makarna-500-gr-kelebek-25593-p-135551
Veronelli Makarna 500 Gr Spaghetti,8690576829000,39.50,32.50,25595,https://iyas.com.tr/veronelli-makarna-500-gr-spaghetti-25595-p-135536
Veronelli Makarna 500 Gr Spaghetti Yassi,8690576829031,39.50,32.50,114941,https://iyas.com.tr/veronelli-makarna-500-gr-spaghetti-yassi-114941-p-596456
Veronelli Makarna Lazanya 500 Gr,8690576829604,145.00,28.90,25596,https://iyas.com.tr/veronelli-makarna-lazanya-500-gr-25596-p-135464
Veronelli Rigatoni Makarna 500 Gr,8690576829277,39.50,32.50,97923,https://iyas.com.tr/veronelli-rigatoni-makarna-500-gr-97923-p-143018
Viking Arap Sabunu Sivi 1000 Ml,8692900148016,74.90,69.90,51932,https://iyas.com.tr/viking-arap-sabunu-sivi-1000-ml-51932-p-128140
Viking Banyo Sprey 750 Ml,8692900177016,79.90,69.90,25616,https://iyas.com.tr/viking-banyo-sprey-750-ml-25616-p-114154
Viking Banyo Sprey 750 Ml Premium Dag Nanesi,8692900441018,89.90,69.90,71049,https://iyas.com.tr/viking-banyo-sprey-750-ml-premium-dag-nanesi-71049-p-143601
Viking Bulasik Makarna Parlat 450gr,8692900118019,49.90,219.90,25620,https://iyas.com.tr/viking-bulasik-makarna-parlat-450gr-25620-p-127627
Viking Bulasik Makarna Tuzu 1 5 Kg,8692900114011,54.90,44.90,25621,https://iyas.com.tr/viking-bulasik-makarna-tuzu-1-5-kg-25621-p-127628
Viking Camasir Suyu 4000 Gr,8692900103015,134.90,79.90,25629,https://iyas.com.tr/viking-camasir-suyu-4000-gr-25629-p-130567
Viking Camsil 750 Ml,8692900909013,59.90,69.90,25656,https://iyas.com.tr/viking-camsil-750-ml-25656-p-114151
Viking Cok Amacli Sprey 750 Ml Premium,8692900442015,89.90,69.90,71050,https://iyas.com.tr/viking-cok-amacli-sprey-750-ml-premium-71050-p-114118
Viking Cok Amacli Sprey 750 Ml Sprey,8692900136013,99.90,69.90,47276,https://iyas.com.tr/viking-cok-amacli-sprey-750-ml-sprey-47276-p-114142
Viking Kirec Cozucu 750 Ml,8692900160018,59.90,49.90,25641,https://iyas.com.tr/viking-kirec-cozucu-750-ml-25641-p-114134
Viking Konsantre 1440 Ml Allstar,8692900841016,129.90,99.90,74999,https://iyas.com.tr/viking-konsantre-1440-ml-allstar-74999-p-122172
Viking Konsantre 1440 Ml Amor,8692900837019,129.90,99.90,54274,https://iyas.com.tr/viking-konsantre-1440-ml-amor-54274-p-135759
Viking Konsantre 1440 Ml Dynamic,8692900839013,129.90,99.90,60526,https://iyas.com.tr/viking-konsantre-1440-ml-dynamic-60526-p-131462
Viking Konsantre 1440 Ml Relax,8692900842013,129.90,99.90,75000,https://iyas.com.tr/viking-konsantre-1440-ml-relax-75000-p-122173
Viking Konsantre 1440 Ml Teraphy,8692900835015,129.90,99.90,49439,https://iyas.com.tr/viking-konsantre-1440-ml-teraphy-49439-p-135755
Viking Lavobo Acici 2x50 Gr,8692900162012,44.90,69.90,25646,https://iyas.com.tr/viking-lavobo-acici-2x50-gr-25646-p-143497
Viking Mutfak Sprey 750 Ml,8692900273015,79.90,69.90,67930,https://iyas.com.tr/viking-mutfak-sprey-750-ml-67930-p-139205
Viking Mutfak Sprey 750 Ml Premium Trunc Bahcesi,8692900440011,89.90,69.90,71048,https://iyas.com.tr/viking-mutfak-sprey-750-ml-premium-trunc-bahcesi-71048-p-135732
Viking Premium 750 Ml Ultra Camsuyu Misk,8692900496018,79.90,74.90,84617,https://iyas.com.tr/viking-premium-750-ml-ultra-camsuyu-misk-84617-p-144545
Viking Sensitive Konsantre Camasir Yumusatici 1440 Ml,8692900834018,129.90,99.90,49438,https://iyas.com.tr/viking-sensitive-konsantre-camasir-yumusatici-1440-ml-49438-p-117984
Viking Sivi Bulasik Detarjan 4 Kg,8692900414012,124.90,219.90,57442,https://iyas.com.tr/viking-sivi-bulasik-detarjan-4-kg-57442-p-122138
Viking Sivi Bulasik Deterjan 750 Ml Misket Limon,8692900422031,59.90,219.90,91320,https://iyas.com.tr/viking-sivi-bulasik-deterjan-750-ml-misket-limon-91320-p-146324
Viking Sivi Bulasik Deterjan 750 Ml Pembe Greyfurt,8692900425032,59.90,219.90,91319,https://iyas.com.tr/viking-sivi-bulasik-deterjan-750-ml-pembe-greyfurt-91319-p-146323
Viking Sivi Bulasik Deterjan 750 Ml Premium Feslegen,8692900444019,64.90,219.90,71051,https://iyas.com.tr/viking-sivi-bulasik-deterjan-750-ml-premium-feslegen-71051-p-135741
Viking Sivi Bulasik Deterjan 750 Ml Premium Nergis Berg,8692900445016,64.90,219.90,77169,https://iyas.com.tr/viking-sivi-bulasik-deterjan-750-ml-premium-nergis-berg-77169-p-135742
Viking Sivi Bulasik Deterjan 750 Ml Premium Orman Meyve,8692900446013,64.90,219.90,77170,https://iyas.com.tr/viking-sivi-bulasik-deterjan-750-ml-premium-orman-meyve-77170-p-135743
Viking Sivi Cam Deter 27 Lt Capcanli,8692900515030,139.90,74.90,86183,https://iyas.com.tr/viking-sivi-cam-deter-27-lt-capcanli-86183-p-123789
Viking Sivi Cam Deter 27 Lt Hassas,8692900516037,139.90,74.90,86184,https://iyas.com.tr/viking-sivi-cam-deter-27-lt-hassas-86184-p-123790
Viking Sivi Cam Deter 27 Lt Simsiyah,8692900514033,139.90,74.90,86182,https://iyas.com.tr/viking-sivi-cam-deter-27-lt-simsiyah-86182-p-123785
Viking Sivi Deterjan 1500 Ml Beyazlar,8692900657013,139.90,119.90,115299,https://iyas.com.tr/viking-sivi-deterjan-1500-ml-beyazlar-115299-p-597967
Viking Soft 3000 Ml Gulzambak,8692900827034,109.90,179.90,75076,https://iyas.com.tr/viking-soft-3000-ml-gulzambak-75076-p-144285
Viking Soft 3000 Ml Sensitive,8692900828031,109.90,179.90,75077,https://iyas.com.tr/viking-soft-3000-ml-sensitive-75077-p-144286
Viking Soft 5000 Ml Gul Zambak,8692900804011,124.90,119.90,25698,https://iyas.com.tr/viking-soft-5000-ml-gul-zambak-25698-p-144283
Viking Soft 5000 Ml Leylak Lavanta,8692900806015,124.90,119.90,25699,https://iyas.com.tr/viking-soft-5000-ml-leylak-lavanta-25699-p-144284
Viking Toz Soda Matik 500 Gr,8692900914017,54.90,39.90,25701,https://iyas.com.tr/viking-toz-soda-matik-500-gr-25701-p-114177
Viking Ultra Cam Suyu 35 Kg Ada,8692900208017,124.90,99.90,25704,https://iyas.com.tr/viking-ultra-cam-suyu-35-kg-ada-25704-p-130559
Viking Ultra Cam Suyu 35 Kg Deniz,8692900217019,124.90,99.90,32246,https://iyas.com.tr/viking-ultra-cam-suyu-35-kg-deniz-32246-p-130560
Viking Ultra Cam Suyu 750 Ml Amber,8692900495011,79.90,74.90,84616,https://iyas.com.tr/viking-ultra-cam-suyu-750-ml-amber-84616-p-144544
Viking Ultra Cam Suyu 750 Ml Sandal Agiz,8692900497015,79.90,74.90,84618,https://iyas.com.tr/viking-ultra-cam-suyu-750-ml-sandal-agiz-84618-p-144546
Viking Ultra Cam Suyu 810 Gr Ada,8692900106016,42.90,29.90,69766,https://iyas.com.tr/viking-ultra-cam-suyu-810-gr-ada-69766-p-126340
Viking Ultra Cam Suyu 810 Gr Deniz,8692900207010,42.90,29.90,25709,https://iyas.com.tr/viking-ultra-cam-suyu-810-gr-deniz-25709-p-126386
Viking Ultra Cam Suyu 810 Gr Inci,8692900308014,42.90,29.90,42102,https://iyas.com.tr/viking-ultra-cam-suyu-810-gr-inci-42102-p-126341
Viking Wc Temizleyici 750 Ml Premium Cam,8692900443012,94.90,74.90,71052,https://iyas.com.tr/viking-wc-temizleyici-750-ml-premium-cam-71052-p-126396
Viking Yuzey Temizleyici 2500 Ml Gul Sardunya,8692900327015,79.90,69.90,32258,https://iyas.com.tr/viking-yuzey-temizleyici-2500-ml-gul-sardunya-32258-p-114180
Viking Yuzey Temizleyici 2500 Ml Sensitive,8692900226011,79.90,69.90,32259,https://iyas.com.tr/viking-yuzey-temizleyici-2500-ml-sensitive-32259-p-114181
Viking Yuzey Temizleyici 2500 Ml Yasemin Vanilia,8692900326018,79.90,69.90,32257,https://iyas.com.tr/viking-yuzey-temizleyici-2500-ml-yasemin-vanilia-32257-p-114117
Vileda 1 2 Spray Max Yedek Paspas,4023103199217,399.00,99.90,84744,https://iyas.com.tr/vileda-1-2-spray-max-yedek-paspas-84744-p-115139
Vileda 10 Lu Temizlik Bezi,8690803762131,299.00,99.90,69427,https://iyas.com.tr/vileda-10-lu-temizlik-bezi-69427-p-135600
Vileda 100 Mf Havlu Paspas,4023103226630,469.00,99.90,96170,https://iyas.com.tr/vileda-100-mf-havlu-paspas-96170-p-121562
Vileda 8li Mf Colors,4023103185975,519.00,99.90,65457,https://iyas.com.tr/vileda-8li-mf-colors-65457-p-131827
Vileda Aliminyum Folyo 25 Mt,4023103070875,279.00,99.90,96166,https://iyas.com.tr/vileda-aliminyum-folyo-25-mt-96166-p-121558
Vileda Bez Sunger 3 Lu,8690803760410,269.00,99.90,25773,https://iyas.com.tr/vileda-bez-sunger-3-lu-25773-p-131331
Vileda Bezzy Temizlik Bezi 5li,4023103231801,169.00,99.90,99742,https://iyas.com.tr/vileda-bezzy-temizlik-bezi-5li-99742-p-134772
Vileda Cam Bezi 2 Li Eko Pk,8690803760311,319.00,99.90,25719,https://iyas.com.tr/vileda-cam-bezi-2-li-eko-pk-25719-p-131323
Vileda Cekcek,8690803760793,819.00,99.90,32917,https://iyas.com.tr/vileda-cekcek-32917-p-131338
Vileda Celik 21,4023103210370,189.00,99.90,97955,https://iyas.com.tr/vileda-celik-21-97955-p-147156
Vileda Comfort Care Small Temizlik Eldiveni,5201815415101,269.00,99.90,25724,https://iyas.com.tr/vileda-comfort-care-small-temizlik-eldiveni-25724-p-135990
Vileda Eldiven Comfortcare Orta,5201815415200,269.00,99.90,25725,https://iyas.com.tr/vileda-eldiven-comfortcare-orta-25725-p-135988
Vileda Eldiven Sensitive Pink Kucuk,4023103189331,179.00,99.90,25737,https://iyas.com.tr/vileda-eldiven-sensitive-pink-kucuk-25737-p-131336
Vileda Eldiven Sensitive Pink Orta,4023103189355,179.00,99.90,25738,https://iyas.com.tr/vileda-eldiven-sensitive-pink-orta-25738-p-131832
Vileda Eldiven Standart Buyuk,4003790102080,164.90,99.90,25739,https://iyas.com.tr/vileda-eldiven-standart-buyuk-25739-p-131333
Vileda Eldiven Standart Orta,4003790102066,164.90,99.90,25741,https://iyas.com.tr/vileda-eldiven-standart-orta-25741-p-131332
Vileda Extra Sensation Temizlik Eldiveni L Boy,4023103093263,179.00,99.90,98061,https://iyas.com.tr/vileda-extra-sensation-temizlik-eldiveni-l-boy-98061-p-147262
Vileda Extra Sensation Temizlik Eldiveni M Beden,4023103073968,179.00,99.90,98060,https://iyas.com.tr/vileda-extra-sensation-temizlik-eldiveni-m-beden-98060-p-147261
Vileda Kirmizi Sap,8690803750107,269.00,99.90,25767,https://iyas.com.tr/vileda-kirmizi-sap-25767-p-131830
Vileda Klasik Soft Sapli Paspas,8690803750268,489.00,99.90,42620,https://iyas.com.tr/vileda-klasik-soft-sapli-paspas-42620-p-135982
Vileda Microfiber Mutfak Konfor Bez,4023103124943,179.00,99.90,98074,https://iyas.com.tr/vileda-microfiber-mutfak-konfor-bez-98074-p-147275
Vileda Paspas Klasik 3lu,8690803740900,539.00,99.90,25757,https://iyas.com.tr/vileda-paspas-klasik-3lu-25757-p-131824
Vileda Paspas Pamuk Mikrofiber,4023103121461,359.00,99.90,97930,https://iyas.com.tr/vileda-paspas-pamuk-mikrofiber-97930-p-143025
Vileda Paspas Super Klasik 2 Li Eko,8690803740702,379.00,99.90,25760,https://iyas.com.tr/vileda-paspas-super-klasik-2-li-eko-25760-p-131325
Vileda Paspas Super Klasik,8690803740504,249.00,99.90,25759,https://iyas.com.tr/vileda-paspas-super-klasik-25759-p-131825
Vileda Paspas Super Soft Sari Yedek,8690803740603,239.00,99.90,25761,https://iyas.com.tr/vileda-paspas-super-soft-sari-yedek-25761-p-131327
Vileda Pro Clean High 21,4023103256705,239.00,99.90,110604,https://iyas.com.tr/vileda-pro-clean-high-21-110604-p-597955
Vileda Pro Clean Microfiber 21,4023103256576,419.00,129.90,110606,https://iyas.com.tr/vileda-pro-clean-microfiber-21-110606-p-597895
Vileda Pro Clean Mid 21,4023103256682,239.00,99.90,110603,https://iyas.com.tr/vileda-pro-clean-mid-21-110603-p-597258
Vileda Pro Clean Viscose,4023103256729,249.00,99.90,110605,https://iyas.com.tr/vileda-pro-clean-viscose-110605-p-597028
Vileda Pva Aktifiber Soft 2 Li,4023103240810,259.00,99.90,96168,https://iyas.com.tr/vileda-pva-aktifiber-soft-2-li-96168-p-121560
Vileda Rainbow Sunger 10li,4023103073241,159.00,99.90,25766,https://iyas.com.tr/vileda-rainbow-sunger-10li-25766-p-135643
Vileda Rainbow Sunger 2li,4023103237025,24.90,99.90,94527,https://iyas.com.tr/vileda-rainbow-sunger-2li-94527-p-134111
Vileda Rainbow Sunger 5li,8690803712105,84.90,99.90,42573,https://iyas.com.tr/vileda-rainbow-sunger-5li-42573-p-135644
Vileda Sensitive Buyuk Boy L Eldiven,4023103189379,179.00,99.90,25736,https://iyas.com.tr/vileda-sensitive-buyuk-boy-l-eldiven-25736-p-131335
Vileda Spino Refil Sistem,8690803713461,239.00,99.90,69599,https://iyas.com.tr/vileda-spino-refil-sistem-69599-p-136035
Vileda Spino Sistem,4023103234130,2395.00,99.90,98860,https://iyas.com.tr/vileda-spino-sistem-98860-p-143062
Vileda Spray Max,4023103199200,2395.00,99.90,84576,https://iyas.com.tr/vileda-spray-max-84576-p-115140
Vileda Style Yer Temizlik Sistemi,8690803750619,1499.00,99.90,98542,https://iyas.com.tr/vileda-style-yer-temizlik-sistemi-98542-p-130362
Vileda Style Yer Temizlik Sistemi Yedek,8690803750510,569.00,99.90,67012,https://iyas.com.tr/vileda-style-yer-temizlik-sistemi-yedek-67012-p-135985
Vileda Sunger 4 Lu Colors 89448,,,,,https://iyas.com.tr/vileda-sunger-4-lu-colors-89448-p-137591
Vileda Sunger 5 Li Oluklu,8690803711825,149.00,99.90,25750,https://iyas.com.tr/vileda-sunger-5-li-oluklu-25750-p-135645
Vileda Sunger 5 Li Yesil Klasik,8690803711627,149.00,129.90,25751,https://iyas.com.tr/vileda-sunger-5-li-yesil-klasik-25751-p-135649
Vileda Sunger 8 Li Duz,8690803712969,229.00,129.90,51769,https://iyas.com.tr/vileda-sunger-8-li-duz-51769-p-135652
Vileda Sunger 8 Li Oluklu,8690803711634,239.00,99.90,25752,https://iyas.com.tr/vileda-sunger-8-li-oluklu-25752-p-135647
Vileda Sunger Celik 3 Lu Power Ped,4023103246638,299.00,99.90,104031,https://iyas.com.tr/vileda-sunger-celik-3-lu-power-ped-104031-p-581617
Vileda Sunger Celik Power Ped,4023103172036,259.00,99.90,53865,https://iyas.com.tr/vileda-sunger-celik-power-ped-53865-p-131329
Vileda Sunger Cizmez 11204,8690803712211,219.00,99.90,49701,https://iyas.com.tr/vileda-sunger-cizmez-11204-49701-p-119488
Vileda Sunger Parlak Konfor 2 Li Duz,8690803713287,169.00,129.90,54909,https://iyas.com.tr/vileda-sunger-parlak-konfor-2-li-duz-54909-p-135595
Vileda Sunger Parlak Konfor 2 Li Oluklu,8690803713294,169.00,99.90,54908,https://iyas.com.tr/vileda-sunger-parlak-konfor-2-li-oluklu-54908-p-136026
Vileda Sunger Ultra Parlak,4023103223554,79.90,129.90,79237,https://iyas.com.tr/vileda-sunger-ultra-parlak-79237-p-136046
Vileda Sunger Yesil 2 Li 614,8690803711610,74.90,99.90,25749,https://iyas.com.tr/vileda-sunger-yesil-2-li-614-25749-p-135594
Vileda Sunger Yesil 2 Li Oluklu,8690803711818,74.90,99.90,25748,https://iyas.com.tr/vileda-sunger-yesil-2-li-oluklu-25748-p-135596
Vileda Super Mocio Temizlik Seti,4003790105111,1199.00,99.90,25774,https://iyas.com.tr/vileda-super-mocio-temizlik-seti-25774-p-136029
Vileda Temizlik Bezi 3 Lu Mikrofiber Colors,4023103245778,369.00,99.90,102040,https://iyas.com.tr/vileda-temizlik-bezi-3-lu-mikrofiber-colors-102040-p-585519
Vileda Temizlik Bezi 4li Colors Mikrofiber,4023103192577,369.00,99.90,99040,https://iyas.com.tr/vileda-temizlik-bezi-4li-colors-mikrofiber-99040-p-147349
Vileda Temizlik Bezi 4lu Paket,8690803760212,229.00,99.90,25776,https://iyas.com.tr/vileda-temizlik-bezi-4lu-paket-25776-p-135605
Vileda Temizlik Bezi 5li,8690803713010,189.00,99.90,53864,https://iyas.com.tr/vileda-temizlik-bezi-5li-53864-p-135599
Vileda Temizlik Bezi 8 Li,8690803760250,299.00,99.90,25778,https://iyas.com.tr/vileda-temizlik-bezi-8-li-25778-p-135604
Vileda Temizlik Bezi Duz 3li,8690803712983,149.00,99.90,65887,https://iyas.com.tr/vileda-temizlik-bezi-duz-3li-65887-p-135646
Vileda Temizlik Bezi Renkli 4lu Paket,4023103240186,139.00,99.90,94914,https://iyas.com.tr/vileda-temizlik-bezi-renkli-4lu-paket-94914-p-142658
Vileda Temizlik Eldiveni Standart S Kucuk Boy,4003790102042,164.90,99.90,25740,https://iyas.com.tr/vileda-temizlik-eldiveni-standart-s-kucuk-boy-25740-p-131831
Vileda Tuy Toplayici Rulo,8001940007908,319.00,99.90,65458,https://iyas.com.tr/vileda-tuy-toplayici-rulo-65458-p-131841
Visneli Ekmek Kadayifi 1 Kg,2183000555331,449.90,129.90,115095,https://iyas.com.tr/visneli-ekmek-kadayifi-1-kg-115095-p-595999
Visneli Ekmek Kadayifi 400 Gr,2183000555300,179.90,129.90,115091,https://iyas.com.tr/visneli-ekmek-kadayifi-400-gr-115091-p-595996
Visneli Ekmek Kadayifi 500 Gr,2183000555324,219.90,129.90,115094,https://iyas.com.tr/visneli-ekmek-kadayifi-500-gr-115094-p-595997
Vivet Granul 250 Ml Agda Naturel,8697422251718,179.90,169.90,45264,https://iyas.com.tr/vivet-granul-250-ml-agda-naturel-45264-p-115397
Vivet Granul 250 Ml Agda Pudrali,8697422251732,179.90,169.90,45265,https://iyas.com.tr/vivet-granul-250-ml-agda-pudrali-45265-p-115398
Vivet Krem 100 Ml Tuy Dokucu K 002a,8697422250025,109.90,169.90,8195,https://iyas.com.tr/vivet-krem-100-ml-tuy-dokucu-k-002a-8195-p-119534
Vivet Roll On 100 Ml Sir Agda Azulen P 027a,8697422250377,84.90,169.90,8206,https://iyas.com.tr/vivet-roll-on-100-ml-sir-agda-azulen-p-027a-8206-p-136245
Vivet Roll On 100 Ml Sir Agda Natural P 026a,8697422250360,74.90,169.90,8205,https://iyas.com.tr/vivet-roll-on-100-ml-sir-agda-natural-p-026a-8205-p-123634
Vivet Sir Agda 125 Ml S Temizlik Ve Masaj Yagi Porta,8697422251671,89.90,169.90,36585,https://iyas.com.tr/vivet-sir-agda-125-ml-s-temizlik-ve-masaj-yagi-porta-36585-p-124041
Vivet Sir Agda 500 Gr Folyo Azulen,8697422250797,289.90,169.90,110267,https://iyas.com.tr/vivet-sir-agda-500-gr-folyo-azulen-110267-p-597055
Vivet Sir Agda Bandi Portakal,8697422251473,109.90,149.90,95411,https://iyas.com.tr/vivet-sir-agda-bandi-portakal-95411-p-129923
Vivet Tuy Dokucu Krem 125 Ml Erkek,8697422251220,134.90,169.90,85926,https://iyas.com.tr/vivet-tuy-dokucu-krem-125-ml-erkek-85926-p-132109
Vivet Tuy Sarartici Krem 7535 Ml K 001a,8697422250018,134.90,169.90,8194,https://iyas.com.tr/vivet-tuy-sarartici-krem-7535-ml-k-001a-8194-p-115399
Vivident Czd 360 Karpuz,80840299,55.00,79.50,51500,https://iyas.com.tr/vivident-czd-360-karpuz-51500-p-118562
Vivident Czd 360 Nane,80902379,55.00,79.50,68147,https://iyas.com.tr/vivident-czd-360-nane-68147-p-131215
Vivident Czd Damla Sakizi 26 Gr,80761310,55.00,79.50,51491,https://iyas.com.tr/vivident-czd-damla-sakizi-26-gr-51491-p-118558
Vivident Czd Extra Mentol Nane,80758594,55.00,79.50,51489,https://iyas.com.tr/vivident-czd-extra-mentol-nane-51489-p-118556
Vivident Draje 67 Gr 45 Dakika Nane,80791577,89.50,79.50,101922,https://iyas.com.tr/vivident-draje-67-gr-45-dakika-nane-101922-p-582730
Vivident Draje 67 Gr Damla Xylit,80908937,89.50,79.50,90652,https://iyas.com.tr/vivident-draje-67-gr-damla-xylit-90652-p-133569
Vivident Draje 67 Gr Xylit Extra 90653,,,,,https://iyas.com.tr/vivident-draje-67-gr-xylit-extra-90653-p-133570
Vivident Draje 67 Gr Xylit Yesil Nane,80966289,89.50,79.50,80895,https://iyas.com.tr/vivident-draje-67-gr-xylit-yesil-nane-80895-p-127748
Vivident Draje 86 Gr Cube,80734369,117.50,79.50,80894,https://iyas.com.tr/vivident-draje-86-gr-cube-80894-p-127747
Vivident Storming 33 Gr Damla,80763444,55.00,79.50,91014,https://iyas.com.tr/vivident-storming-33-gr-damla-91014-p-142062
Vivident Storming 45 Dakika Nane Mavi,80950677,55.00,79.50,51506,https://iyas.com.tr/vivident-storming-45-dakika-nane-mavi-51506-p-118564
Vivident Storming Ahududu,80853923,55.00,79.50,89917,https://iyas.com.tr/vivident-storming-ahududu-89917-p-129175
Vivident Storming Cilek,80894889,55.00,79.50,90654,https://iyas.com.tr/vivident-storming-cilek-90654-p-133571
Vivident Storming Karpuz,80832386,55.00,79.50,89916,https://iyas.com.tr/vivident-storming-karpuz-89916-p-146157
Vivident Storming Nane,80927266,55.00,79.50,51494,https://iyas.com.tr/vivident-storming-nane-51494-p-118559
Vivident Storming Yesil Nane,80794776,55.00,79.50,51496,https://iyas.com.tr/vivident-storming-yesil-nane-51496-p-118560
Wasa Gevrek Ekmek Susam 200 Gr Sesam,7300400112734,117.50,16.90,100758,https://iyas.com.tr/wasa-gevrek-ekmek-susam-200-gr-sesam-100758-p-582089
Wee Baby Cool Yuvarlak Uclu Emzik No 1,8690797103637,269.90,229.90,100612,https://iyas.com.tr/wee-baby-cool-yuvarlak-uclu-emzik-no-1-100612-p-584832
Wee Baby Cool Yuvarlak Uclu Emzik No 3,8690797103651,269.90,229.90,100619,https://iyas.com.tr/wee-baby-cool-yuvarlak-uclu-emzik-no-3-100619-p-582675
Wee Baby Gogus Pompasi Tirle,8690797109028,319.90,139.90,25885,https://iyas.com.tr/wee-baby-gogus-pompasi-tirle-25885-p-139919
Wee Baby Klasik Pp Biberon 250 Ml,8690797108526,339.90,165.50,100615,https://iyas.com.tr/wee-baby-klasik-pp-biberon-250-ml-100615-p-578756
Wee Baby Pure Yuvkaucuk Emzik No 2,8690797106997,374.90,165.50,100629,https://iyas.com.tr/wee-baby-pure-yuvkaucuk-emzik-no-2-100629-p-578771
Wee Baby Safari Emzik No 3,8690797109486,319.90,139.90,105818,https://iyas.com.tr/wee-baby-safari-emzik-no-3-105818-p-597264
Wee Baby Seffaf Desenli Damakli Emzik No 3,8690797108380,249.90,165.50,100620,https://iyas.com.tr/wee-baby-seffaf-desenli-damakli-emzik-no-3-100620-p-578762
Wee Baby Zoo Emzik Bandi,8690797109134,269.90,165.50,100631,https://iyas.com.tr/wee-baby-zoo-emzik-bandi-100631-p-578765
Wee Cam Biberon 125 Ml 877,8690797108779,349.90,139.90,39752,https://iyas.com.tr/wee-cam-biberon-125-ml-877-39752-p-131678
Wee Cam Biberon 250 Ml,8690797108762,374.90,139.90,29533,https://iyas.com.tr/wee-cam-biberon-250-ml-29533-p-144069
Wee Damakli Silikon Desenli Emzik Seffaf,8690797108366,249.90,139.90,37884,https://iyas.com.tr/wee-damakli-silikon-desenli-emzik-seffaf-37884-p-131677
Wee P P Biberon 125 Cc,8690797108519,329.90,139.90,41148,https://iyas.com.tr/wee-p-p-biberon-125-cc-41148-p-139918
Wee Sulu Dis Halkasi,8690797108595,219.90,139.90,25884,https://iyas.com.tr/wee-sulu-dis-halkasi-25884-p-144065
Whiskas 400 Gr Jole Icinde Ton Balikli Yetiskin Ke,5900951305429,169.90,69.90,99822,https://iyas.com.tr/whiskas-400-gr-jole-icinde-ton-balikli-yetiskin-ke-99822-p-147417
Whiskas 400 Gr Sos Icinde Tavuklu Yetiskin Kedi,5900951305405,169.90,69.90,99821,https://iyas.com.tr/whiskas-400-gr-sos-icinde-tavuklu-yetiskin-kedi-99821-p-147416
Whiskas Pouch 85 Gr Kumes Hayvanli Yavru,5900951301964,34.90,69.90,99814,https://iyas.com.tr/whiskas-pouch-85-gr-kumes-hayvanli-yavru-99814-p-147409
Xo Clear Protect Men Deodorant 150 Ml,8690605076900,99.90,149.90,94314,https://iyas.com.tr/xo-clear-protect-men-deodorant-150-ml-94314-p-129885
Xo Deodorant 150 Ml Bayan Soft Effective,8690605076788,99.90,149.90,94321,https://iyas.com.tr/xo-deodorant-150-ml-bayan-soft-effective-94321-p-129892
Xo Deodorant 150 Ml Erkek Invisible Effective,8690605076696,99.90,149.90,96304,https://iyas.com.tr/xo-deodorant-150-ml-erkek-invisible-effective-96304-p-125808
Xo Dry Effective Kadin Deodorant 150 Ml,8690605076726,99.90,149.90,94318,https://iyas.com.tr/xo-dry-effective-kadin-deodorant-150-ml-94318-p-129889
Xo Extreme Protect Erkek Deodorant 150 Ml,8690605076931,99.90,149.90,94315,https://iyas.com.tr/xo-extreme-protect-erkek-deodorant-150-ml-94315-p-129886
Xo Invisible Protect Erkek Deodorant 150 Ml,8690605074371,99.90,149.90,94316,https://iyas.com.tr/xo-invisible-protect-erkek-deodorant-150-ml-94316-p-129887
Xo Krem Deodorant Kokusuz 75 Ml,8690605077549,134.90,149.90,94313,https://iyas.com.tr/xo-krem-deodorant-kokusuz-75-ml-94313-p-129884
Xo Sensitive Protect Erkek Deodorant 150 Ml,8690605076962,99.90,149.90,94317,https://iyas.com.tr/xo-sensitive-protect-erkek-deodorant-150-ml-94317-p-129888
Xo Sensivite Effective Kadin Deodorant 150 Ml,8690605076757,99.90,149.90,94320,https://iyas.com.tr/xo-sensivite-effective-kadin-deodorant-150-ml-94320-p-129891
Yaban Mersini Paket 250 Gr,2301402,99.90,49.90,106143,https://iyas.com.tr/yaban-mersini-paket-250-gr-106143-p-587213
Yaricci 6 Li Makyaj Sungeri Yrc 286,8683543718056,39.90,37.90,105164,https://iyas.com.tr/yaricci-6-li-makyaj-sungeri-yrc-286-105164-p-587139
Yaricci Makyaj Sunger Set Yrc 428,6974235464286,40.00,37.90,109880,https://iyas.com.tr/yaricci-makyaj-sunger-set-yrc-428-109880-p-597063
Yayla Bak Borulce 1000 Gr,8693374011318,119.50,269.50,44178,https://iyas.com.tr/yayla-bak-borulce-1000-gr-44178-p-130774
Yayla Bakliyat Bulgur 1000 Gr Cig Koftelik,8693374011226,59.90,44.90,44183,https://iyas.com.tr/yayla-bakliyat-bulgur-1000-gr-cig-koftelik-44183-p-114390
Yayla Bakliyat Bulgur 1000 Gr Koftelik,8693374011134,59.90,44.90,44182,https://iyas.com.tr/yayla-bakliyat-bulgur-1000-gr-koftelik-44182-p-114382
Yayla Bakliyat Bulgur 1000 Gr Pilavlik,8693374011141,59.90,44.90,44181,https://iyas.com.tr/yayla-bakliyat-bulgur-1000-gr-pilavlik-44181-p-139608
Yayla Bakliyat Fasulye 1000 Gr Dermason 8 Mm,8693374111988,114.90,94.90,44177,https://iyas.com.tr/yayla-bakliyat-fasulye-1000-gr-dermason-8-mm-44177-p-114383
Yayla Bakliyat Mercimek 1000 Gr Kirmizi,8693374011073,109.90,84.90,44172,https://iyas.com.tr/yayla-bakliyat-mercimek-1000-gr-kirmizi-44172-p-114774
Yayla Bakliyat Mercimek 1000 Gr Yesil,8693374011080,109.90,269.50,44174,https://iyas.com.tr/yayla-bakliyat-mercimek-1000-gr-yesil-44174-p-114362
Yayla Bakliyat Nohut 1000 Gr Kocbasi 9 Mm,8693374011158,129.90,94.90,44179,https://iyas.com.tr/yayla-bakliyat-nohut-1000-gr-kocbasi-9-mm-44179-p-114369
Yayla Bakliyat Pirinc 1000 Gr Baldo Esmerim,8693374278438,122.50,269.50,108679,https://iyas.com.tr/yayla-bakliyat-pirinc-1000-gr-baldo-esmerim-108679-p-596527
Yayla Bakliyat Pirinc 1000 Gr Baldo Gonen,8693374011011,149.90,269.50,44167,https://iyas.com.tr/yayla-bakliyat-pirinc-1000-gr-baldo-gonen-44167-p-114373
Yayla Bakliyat Pirinc 1000 Gr Dolmalik Kirik,8693374011219,44.90,269.50,44184,https://iyas.com.tr/yayla-bakliyat-pirinc-1000-gr-dolmalik-kirik-44184-p-114395
Yayla Bakliyat Pirinc 2000 Gr Baldo Gonen,8693374204390,299.50,239.50,44186,https://iyas.com.tr/yayla-bakliyat-pirinc-2000-gr-baldo-gonen-44186-p-114377
Yayla Bakliyat Pirinc 2000 Gr Osmancik,8693374204437,219.50,269.50,44189,https://iyas.com.tr/yayla-bakliyat-pirinc-2000-gr-osmancik-44189-p-114391
Yayla Bakliyat Pirinc 2000 Gr Tane Tane,8693374262741,239.50,199.50,85484,https://iyas.com.tr/yayla-bakliyat-pirinc-2000-gr-tane-tane-85484-p-115275
Yayla Haslanmis 560 Gr Garnitur,8693374254593,65.00,142.50,75430,https://iyas.com.tr/yayla-haslanmis-560-gr-garnitur-75430-p-113885
Yayla Haslanmis 700 Gr Bezelye,8693374254517,54.00,269.50,75429,https://iyas.com.tr/yayla-haslanmis-700-gr-bezelye-75429-p-113884
Yayla Haslanmis 700 Gr Fasulye,8693374253602,64.00,59.90,76798,https://iyas.com.tr/yayla-haslanmis-700-gr-fasulye-76798-p-113903
Yayla Hitos Paprika Cesnili Patates Cipsi 100 Gr,8693374283500,55.00,5.00,116728,https://iyas.com.tr/yayla-hitos-paprika-cesnili-patates-cipsi-100-gr-116728-p-599132
Yayla Hitos Peynir Aromali Misir Cipsi 100 Gr,8693374283586,40.00,5.00,116729,https://iyas.com.tr/yayla-hitos-peynir-aromali-misir-cipsi-100-gr-116729-p-599126
Yayla Notto Barbekulu Mercimek Cipsi 55 Gr,8693374283845,55.00,5.00,116736,https://iyas.com.tr/yayla-notto-barbekulu-mercimek-cipsi-55-gr-116736-p-599137
Yayla Tane Tane Pirinc 1 Kg,8693374262604,119.90,269.50,84558,https://iyas.com.tr/yayla-tane-tane-pirinc-1-kg-84558-p-144706
Yedigun 1 5 Lt Portakal,8690574840397,57.00,81.00,49047,https://iyas.com.tr/yedigun-1-5-lt-portakal-49047-p-122593
Yedigun 25 Lt Portakal,8690574113835,72.00,81.00,97937,https://iyas.com.tr/yedigun-25-lt-portakal-97937-p-143032
Yemelix Kurulmus Elma 15 Gr,8684802316037,94.90,729.00,112245,https://iyas.com.tr/yemelix-kurulmus-elma-15-gr-112245-p-596326
Yemelix Kurutulmus 15 Gr Bogurtlen,8684802316044,94.90,729.00,112242,https://iyas.com.tr/yemelix-kurutulmus-15-gr-bogurtlen-112242-p-596329
Yemelix Kurutulmus 15 Gr Cilek,8684802316013,94.90,729.00,112241,https://iyas.com.tr/yemelix-kurutulmus-15-gr-cilek-112241-p-596330
Yemelix Kurutulmus 15 Gr Kavun,8684802316051,94.90,729.00,112246,https://iyas.com.tr/yemelix-kurutulmus-15-gr-kavun-112246-p-596325
Yemelix Kurutulmus 15 Gr Muz,8684802316020,94.90,729.00,112243,https://iyas.com.tr/yemelix-kurutulmus-15-gr-muz-112243-p-596328
Yeni Kavaklidere Balzamik Sirke 500 Ml,8692311003270,119.00,59.90,71229,https://iyas.com.tr/yeni-kavaklidere-balzamik-sirke-500-ml-71229-p-126964
Yesilkure Organik Bonfile Kilo,2822392,1345.00,214.90,112218,https://iyas.com.tr/yesilkure-organik-bonfile-kilo-112218-p-596712
Yesilkure Organik But Kilo,2823310,975.00,214.90,112215,https://iyas.com.tr/yesilkure-organik-but-kilo-112215-p-596719
Yesilkure Organik Poset Kilo,2823309,749.00,214.90,112217,https://iyas.com.tr/yesilkure-organik-poset-kilo-112217-p-596715
Yore Akdeniz Incisi Yesil Zeytin Kilo,2203040,299.00,229.00,19150,https://iyas.com.tr/yore-akdeniz-incisi-yesil-zeytin-kilo-19150-p-131674
Yore Edremit Yesil Cizik Zeytin Kilo,2202076,199.00,379.00,1564,https://iyas.com.tr/yore-edremit-yesil-cizik-zeytin-kilo-1564-p-139696
Yore Iri Cizik Zeytin Kilo,2201109,245.00,229.00,111539,https://iyas.com.tr/yore-iri-cizik-zeytin-kilo-111539-p-595420
Yore Izgara Yesil Zeytin Kilo,2209910,295.00,229.00,41331,https://iyas.com.tr/yore-izgara-yesil-zeytin-kilo-41331-p-144188
Yore Klasik Beyaz Peynir Kilo,2203065,445.00,379.00,13757,https://iyas.com.tr/yore-klasik-beyaz-peynir-kilo-13757-p-136374
Yore Siyah Zeytin Dilimli Acik Kilo,2201009,249.00,195.00,12196,https://iyas.com.tr/yore-siyah-zeytin-dilimli-acik-kilo-12196-p-144505
Yore Siyah Zeytin Ezmesi Kilo,2201166,149.00,79.90,113160,https://iyas.com.tr/yore-siyah-zeytin-ezmesi-kilo-113160-p-597178
Yore Yesil Zeytin Dilimli Acik Kilo,2201001,249.00,229.00,12192,https://iyas.com.tr/yore-yesil-zeytin-dilimli-acik-kilo-12192-p-114449
Yortat Duble Elali Cizik Zeytin Kilo,2201178,245.00,229.00,114370,https://iyas.com.tr/yortat-duble-elali-cizik-zeytin-kilo-114370-p-596285
Yortat Kalamata Cizik Duble Yesil Zeytin Kilo,2203014,245.00,229.00,17084,https://iyas.com.tr/yortat-kalamata-cizik-duble-yesil-zeytin-kilo-17084-p-140486
Yortat Oz Sade Cizik Zeytin Kilo,2201177,199.00,229.00,114369,https://iyas.com.tr/yortat-oz-sade-cizik-zeytin-kilo-114369-p-596286
Yortat Pembe Domat Cizik Zeytin Kilo,2201179,245.00,229.00,114371,https://iyas.com.tr/yortat-pembe-domat-cizik-zeytin-kilo-114371-p-596284
Yortat Serik Cizik Zeytin Kilo,2201050,229.00,245.00,69758,https://iyas.com.tr/yortat-serik-cizik-zeytin-kilo-69758-p-114459
Yoruk Sosis Bufe 430 Gr,8690527031094,129.00,895.00,97996,https://iyas.com.tr/yoruk-sosis-bufe-430-gr-97996-p-147197
Yorukana 250 Ml Corekotu Yagi,8684059049917,399.00,499.50,112380,https://iyas.com.tr/yorukana-250-ml-corekotu-yagi-112380-p-596791
Yorukana 700 Ml Karadut Ozu,8684059049894,319.00,199.00,112382,https://iyas.com.tr/yorukana-700-ml-karadut-ozu-112382-p-596651
Yorukana Sirke 500 Ml Ananas,8684059049870,219.00,149.00,112374,https://iyas.com.tr/yorukana-sirke-500-ml-ananas-112374-p-596737
Yorukana Sirke 500 Ml Bromelian Mix,8684059049900,219.00,59.90,112379,https://iyas.com.tr/yorukana-sirke-500-ml-bromelian-mix-112379-p-596713
Yorukana Sirke 500 Ml Detox,8684059049863,319.00,149.00,112378,https://iyas.com.tr/yorukana-sirke-500-ml-detox-112378-p-596460
Yorukana Sirke 500 Ml Elma Sandoloz Sakizli,8684059049856,129.00,59.90,112376,https://iyas.com.tr/yorukana-sirke-500-ml-elma-sandoloz-sakizli-112376-p-596498
Yorukoglu 150 Gr Sut Kaymak Rulo,8690931007432,139.00,249.00,62621,https://iyas.com.tr/yorukoglu-150-gr-sut-kaymak-rulo-62621-p-123420
Yorukoglu Ayran 1000 Gr,8690931005421,59.90,99.90,26360,https://iyas.com.tr/yorukoglu-ayran-1000-gr-26360-p-135664
Yorukoglu Ayran 2 Lt,8690931007340,99.90,57.00,26361,https://iyas.com.tr/yorukoglu-ayran-2-lt-26361-p-135662
Yorukoglu Az Yagli Yogurt 2000 Gr,8690931014751,159.00,99.95,100250,https://iyas.com.tr/yorukoglu-az-yagli-yogurt-2000-gr-100250-p-147520
Yorukoglu Chedarli Krem Peynir 270 Gr,8690931014423,59.90,49.90,95612,https://iyas.com.tr/yorukoglu-chedarli-krem-peynir-270-gr-95612-p-134239
Yorukoglu Eksi Ayran 1000 Ml,8690931015260,64.90,99.90,108531,https://iyas.com.tr/yorukoglu-eksi-ayran-1000-ml-108531-p-595444
Yorukoglu Kasar Kilo,2207066,499.00,399.00,101354,https://iyas.com.tr/yorukoglu-kasar-kilo-101354-p-584218
Yorukoglu Kasar Peyniri 1000 Gr,8690931001676,499.00,399.00,105729,https://iyas.com.tr/yorukoglu-kasar-peyniri-1000-gr-105729-p-587245
Yorukoglu Kasar Peyniri 200 Gr,8690931011460,129.00,379.00,67245,https://iyas.com.tr/yorukoglu-kasar-peyniri-200-gr-67245-p-139717
Yorukoglu Kasar Peyniri 400 Gr,8690931006718,229.00,379.00,26373,https://iyas.com.tr/yorukoglu-kasar-peyniri-400-gr-26373-p-143973
Yorukoglu Kasar Peyniri 600 Gr,8690931010685,299.00,379.00,63772,https://iyas.com.tr/yorukoglu-kasar-peyniri-600-gr-63772-p-139693
Yorukoglu Kasar Peyniri Dilimli 250 Gr,8690931006992,169.00,379.00,28695,https://iyas.com.tr/yorukoglu-kasar-peyniri-dilimli-250-gr-28695-p-139785
Yorukoglu Klasik Peynir 500 Gr,8690931013525,289.00,379.00,79072,https://iyas.com.tr/yorukoglu-klasik-peynir-500-gr-79072-p-144199
Yorukoglu Krem Peynir 200 Gr,8690931005179,89.90,379.00,26376,https://iyas.com.tr/yorukoglu-krem-peynir-200-gr-26376-p-143970
Yorukoglu Krem Peynir 350 Gr,8690931005322,99.90,379.00,26377,https://iyas.com.tr/yorukoglu-krem-peynir-350-gr-26377-p-143961
Yorukoglu Krem Peynir 500 Gr,8690931008040,179.00,379.00,40238,https://iyas.com.tr/yorukoglu-krem-peynir-500-gr-40238-p-143977
Yorukoglu Krema 11 Uht Krema,8690931006237,395.00,599.00,9,https://iyas.com.tr/yorukoglu-krema-11-uht-krema-9-p-139807
Yorukoglu Krema 15 Uht Krema,8690931007265,89.90,599.00,28697,https://iyas.com.tr/yorukoglu-krema-15-uht-krema-28697-p-135774
Yorukoglu Labne Pastorize Beyaz Peynir 200 Gr,8690931008118,79.90,379.00,44223,https://iyas.com.tr/yorukoglu-labne-pastorize-beyaz-peynir-200-gr-44223-p-115009
Yorukoglu Labne Peynir 350 Gr,8690931011378,99.90,379.00,68612,https://iyas.com.tr/yorukoglu-labne-peynir-350-gr-68612-p-115011
Yorukoglu Lor Peyniri Poset 500 Gr,8690931009054,79.90,379.00,86412,https://iyas.com.tr/yorukoglu-lor-peyniri-poset-500-gr-86412-p-132678
Yorukoglu Orgu Peyniri 200 Gr,8690931009566,169.00,379.00,98706,https://iyas.com.tr/yorukoglu-orgu-peyniri-200-gr-98706-p-134642
Yorukoglu Pastorize Tuzsuz Tereyagi Acik Kilo,2203050,699.00,599.00,26390,https://iyas.com.tr/yorukoglu-pastorize-tuzsuz-tereyagi-acik-kilo-26390-p-122983
Yorukoglu Piknik Krem Pey 20 Gr Gr,86929363,14.95,379.00,26391,https://iyas.com.tr/yorukoglu-piknik-krem-pey-20-gr-gr-26391-p-119188
Yorukoglu Piknik Tereya 10 Gr,86926942,19.95,599.00,26393,https://iyas.com.tr/yorukoglu-piknik-tereya-10-gr-26393-p-118755
Yorukoglu Rende Mozarella 200 Gr,8690931012849,169.00,379.00,86587,https://iyas.com.tr/yorukoglu-rende-mozarella-200-gr-86587-p-125030
Yorukoglu Surulebilir Taze Peynir 200 Gr,8690931013730,79.90,379.00,80711,https://iyas.com.tr/yorukoglu-surulebilir-taze-peynir-200-gr-80711-p-119186
Yorukoglu Sut 180 Kakaolu Uht,8690931012962,19.90,49.90,77586,https://iyas.com.tr/yorukoglu-sut-180-kakaolu-uht-77586-p-139811
Yorukoglu Sut 180 Ml Cilekli Uht,8690931012979,19.90,49.90,77383,https://iyas.com.tr/yorukoglu-sut-180-ml-cilekli-uht-77383-p-135770
Yorukoglu Sut 180 Ml Muzlu,8690931012986,19.90,49.90,78897,https://iyas.com.tr/yorukoglu-sut-180-ml-muzlu-78897-p-124313
Yorukoglu Sut 180x6 Li Cilekli,8690931013358,110.00,79.90,77382,https://iyas.com.tr/yorukoglu-sut-180x6-li-cilekli-77382-p-135769
Yorukoglu Sut 180x6 Li Kakaolu,8690931013341,110.00,79.90,77486,https://iyas.com.tr/yorukoglu-sut-180x6-li-kakaolu-77486-p-135775
Yorukoglu Sut 180x6 Li Muzlu,8690931013365,110.00,79.90,78473,https://iyas.com.tr/yorukoglu-sut-180x6-li-muzlu-78473-p-135697
Yorukoglu Sut 180x6 Li Sade,8690931013419,110.00,79.90,77605,https://iyas.com.tr/yorukoglu-sut-180x6-li-sade-77605-p-139878
Yorukoglu Sut Tam Yagli 1 Lt,8690931005681,69.90,49.90,26399,https://iyas.com.tr/yorukoglu-sut-tam-yagli-1-lt-26399-p-117913
Yorukoglu Sut Yarim Yagli 1 Lt,8690931005896,49.90,54.90,26400,https://iyas.com.tr/yorukoglu-sut-yarim-yagli-1-lt-26400-p-122127
Yorukoglu Suzme Beyaz Peynir 250 Gr,8690931012207,84.90,154.90,84536,https://iyas.com.tr/yorukoglu-suzme-beyaz-peynir-250-gr-84536-p-115114
Yorukoglu Suzme Beyaz Peynir 450 Gr,8690931011811,129.00,154.90,69944,https://iyas.com.tr/yorukoglu-suzme-beyaz-peynir-450-gr-69944-p-143969
Yorukoglu Suzme Peynir Kilo,2209999,249.00,154.90,45610,https://iyas.com.tr/yorukoglu-suzme-peynir-kilo-45610-p-136684
Yorukoglu Suzme Tam Yagli Peynir 900 Gr,8690931014041,269.00,379.00,86119,https://iyas.com.tr/yorukoglu-suzme-tam-yagli-peynir-900-gr-86119-p-119522
Yorukoglu Tel Peyniri 200 Gr,8690931009559,169.00,379.00,62623,https://iyas.com.tr/yorukoglu-tel-peyniri-200-gr-62623-p-131520
Yorukoglu Teneke Tulum Kilo,2202013,795.00,379.00,19200,https://iyas.com.tr/yorukoglu-teneke-tulum-kilo-19200-p-139699
Yorukoglu Tereyagi 1000 Gr Pastor,8690931002529,699.00,599.00,26408,https://iyas.com.tr/yorukoglu-tereyagi-1000-gr-pastor-26408-p-122994
Yorukoglu Tereyagi 500 Gr Pastori,8690931002505,429.00,599.00,26410,https://iyas.com.tr/yorukoglu-tereyagi-500-gr-pastori-26410-p-119163
Yorukoglu Tereyagi Yayik 200 Gr,8690931011439,179.00,599.00,67246,https://iyas.com.tr/yorukoglu-tereyagi-yayik-200-gr-67246-p-118773
Yorukoglu Tost Kasar Peyniri Acik Kilo,2202096,395.00,349.00,26413,https://iyas.com.tr/yorukoglu-tost-kasar-peyniri-acik-kilo-26413-p-139712
Yorukoglu Tost Peyniri 1000 Gr,8690931014829,395.00,349.00,104487,https://iyas.com.tr/yorukoglu-tost-peyniri-1000-gr-104487-p-587202
Yorukoglu Tuzsuz Beyaz Peynir Kilo,2201091,295.00,379.00,100297,https://iyas.com.tr/yorukoglu-tuzsuz-beyaz-peynir-kilo-100297-p-579054
Yorukoglu Ucgen Peynir 8x15 Gr T Yagli,8690931007326,79.90,379.00,26411,https://iyas.com.tr/yorukoglu-ucgen-peynir-8x15-gr-t-yagli-26411-p-119189
Yorukoglu Yagli Beyaz Peynir Acik Kilo,2202092,299.00,379.00,26412,https://iyas.com.tr/yorukoglu-yagli-beyaz-peynir-acik-kilo-26412-p-139694
Yorukoglu Yagli Suzme Yogurt Acik Kilo,2202011,159.00,139.00,16218,https://iyas.com.tr/yorukoglu-yagli-suzme-yogurt-acik-kilo-16218-p-118781
Yorukoglu Yemeklik Krema 1 Lt Uht,8690931011743,199.00,599.00,79602,https://iyas.com.tr/yorukoglu-yemeklik-krema-1-lt-uht-79602-p-119226
Yorukoglu Yemeklik Krema 15 Uht,8690931012870,49.90,599.00,76647,https://iyas.com.tr/yorukoglu-yemeklik-krema-15-uht-76647-p-135688
Yorukoglu Yogurt 1200 Gr Homojenize 64848,,,,,https://iyas.com.tr/yorukoglu-yogurt-1200-gr-homojenize-64848-p-122948
Yorukoglu Yogurt 2000 Gr Yarim Yagli,8690931008064,169.00,139.00,48604,https://iyas.com.tr/yorukoglu-yogurt-2000-gr-yarim-yagli-48604-p-122949
Yorukoglu Yogurt 300 Gr Homojenize,8690931003311,39.90,139.00,26429,https://iyas.com.tr/yorukoglu-yogurt-300-gr-homojenize-26429-p-122969
Yorukoglu Yogurt 500 Gr Homojenize,8690931005926,59.90,139.00,67071,https://iyas.com.tr/yorukoglu-yogurt-500-gr-homojenize-67071-p-122954
Yorukoglu Yogurt 750 Homojen,8690931006831,89.90,139.00,66698,https://iyas.com.tr/yorukoglu-yogurt-750-homojen-66698-p-123038
Yumos 1000 Ml Cicek Bahcesi,8690637064302,99.90,179.90,97949,https://iyas.com.tr/yumos-1000-ml-cicek-bahcesi-97949-p-143044
Yumos 200 Ml Giysi Spreyi Utu Etkisi Lilyum,8683130023600,179.90,179.90,91787,https://iyas.com.tr/yumos-200-ml-giysi-spreyi-utu-etkisi-lilyum-91787-p-121007
Yumos 200 Ml Giysi Spreyi Utu Etkisi Orkide,8683130023617,179.90,179.90,91786,https://iyas.com.tr/yumos-200-ml-giysi-spreyi-utu-etkisi-orkide-91786-p-121006
Yumos 2500 Ml Sivi Deterjan Renkliler,8683130123652,229.90,74.90,112131,https://iyas.com.tr/yumos-2500-ml-sivi-deterjan-renkliler-112131-p-596405
Yumos 2500 Ml Sivi Deterjan Siyahlar,8683130123645,229.90,74.90,112273,https://iyas.com.tr/yumos-2500-ml-sivi-deterjan-siyahlar-112273-p-596406
Yumos 2500 Ml Sivi Deterjan Tum Renkler,8683130123669,229.90,74.90,112229,https://iyas.com.tr/yumos-2500-ml-sivi-deterjan-tum-renkler-112229-p-596407
Yumos 3000 Gr Bahar Tazeligi,8690637067679,199.90,179.90,62886,https://iyas.com.tr/yumos-3000-gr-bahar-tazeligi-62886-p-131467
Yumos 3000 Gr Cicek Bahcesi,8690637067655,199.90,179.90,62885,https://iyas.com.tr/yumos-3000-gr-cicek-bahcesi-62885-p-131466
Yumos 450 Ml Sprey Amber,8683130065051,139.90,179.90,100564,https://iyas.com.tr/yumos-450-ml-sprey-amber-100564-p-586095
Yumos 450 Ml Sprey Lilyum Lotus,8683130024164,139.90,179.90,90860,https://iyas.com.tr/yumos-450-ml-sprey-lilyum-lotus-90860-p-137876
Yumos 450 Ml Sprey Orkide,8683130024171,139.90,179.90,90859,https://iyas.com.tr/yumos-450-ml-sprey-orkide-90859-p-137890
Yumos 450 Ml Sprey Sakura,8683130068687,139.90,179.90,100565,https://iyas.com.tr/yumos-450-ml-sprey-sakura-100565-p-585445
Yumos 5000 Ml Bahar Tazeligi,8690637728037,199.90,179.90,62888,https://iyas.com.tr/yumos-5000-ml-bahar-tazeligi-62888-p-131469
Yumos 5000 Ml Cicek Bahcesi,8690637728068,199.90,179.90,62889,https://iyas.com.tr/yumos-5000-ml-cicek-bahcesi-62889-p-131470
Yumos Extra Kons 1200 Ml Bebek,8690637907630,164.90,179.90,78951,https://iyas.com.tr/yumos-extra-kons-1200-ml-bebek-78951-p-131598
Yumos Extra Konsantre 1008 Ml Lilyum Lotus,8690637801440,109.90,179.90,72851,https://iyas.com.tr/yumos-extra-konsantre-1008-ml-lilyum-lotus-72851-p-131494
Yumos Extra Konsantre 1440 Ml Amber,8683130013694,179.90,179.90,86553,https://iyas.com.tr/yumos-extra-konsantre-1440-ml-amber-86553-p-120761
Yumos Extra Konsantre 1440 Ml Lilyumlotus,8690637712111,179.90,169.90,97944,https://iyas.com.tr/yumos-extra-konsantre-1440-ml-lilyumlotus-97944-p-143039
Yumos Extra Konsantre 1440 Ml Sakayik,8683130038864,179.90,179.90,92742,https://iyas.com.tr/yumos-extra-konsantre-1440-ml-sakayik-92742-p-133815
Yumos Extra Konsantre 1440 Ml Sakura,8683130064931,179.90,179.90,100107,https://iyas.com.tr/yumos-extra-konsantre-1440-ml-sakura-100107-p-578759
Yumos Extra Konsantre 1440 Ml Yabani Orkideyasemin,8690637712135,179.90,179.90,97947,https://iyas.com.tr/yumos-extra-konsantre-1440-ml-yabani-orkideyasemin-97947-p-143042
Yumos Uzman 1200 Ml Renk Koruma,8690637957000,134.90,179.90,79174,https://iyas.com.tr/yumos-uzman-1200-ml-renk-koruma-79174-p-131603
Yuva Maya 100 Gr Kuru Maya,8695738000037,34.90,49.90,27284,https://iyas.com.tr/yuva-maya-100-gr-kuru-maya-27284-p-135442
Yuva Maya 11 Gr3 Kuru Instant,8691241002148,22.50,49.90,26506,https://iyas.com.tr/yuva-maya-11-gr3-kuru-instant-26506-p-135443
Yuva Maya Yas 42 Gr2 Li,8691241001516,16.90,49.90,26503,https://iyas.com.tr/yuva-maya-yas-42-gr2-li-26503-p-114945
Zafer Gazoz 2 Lt Sade,8695970000062,79.90,81.00,101500,https://iyas.com.tr/zafer-gazoz-2-lt-sade-101500-p-584550
Zafer Gazoz 200 Ml Sade Cam,8695970001014,29.90,81.00,60997,https://iyas.com.tr/zafer-gazoz-200-ml-sade-cam-60997-p-118367
Zel Kemik Suyu 480 Gr,8681465051404,99.90,795.00,113799,https://iyas.com.tr/zel-kemik-suyu-480-gr-113799-p-596800
Zel Tavuk 200 Gr Konserve,8681465053545,114.90,59.90,113796,https://iyas.com.tr/zel-tavuk-200-gr-konserve-113796-p-596441
Zencefil Kilo,2209093,399.90,319.90,26562,https://iyas.com.tr/zencefil-kilo-26562-p-144122
Zeytineli Extra Siyah Sele Zeytin Kilo,2201156,179.00,229.00,112884,https://iyas.com.tr/zeytineli-extra-siyah-sele-zeytin-kilo-112884-p-595416
Zeytineli Hiper Siyah Sele Zeytin Kilo,2201201,245.00,195.00,105945,https://iyas.com.tr/zeytineli-hiper-siyah-sele-zeytin-kilo-105945-p-588068
Zeytineli Sofralik Siyah Zeytin 1 Kg,8682033104195,179.00,229.00,105948,https://iyas.com.tr/zeytineli-sofralik-siyah-zeytin-1-kg-105948-p-587050
Zeytineli Super 290 320 Siyah Sele Zeytin Kilo,2201202,179.00,229.00,105946,https://iyas.com.tr/zeytineli-super-290-320-siyah-sele-zeytin-kilo-105946-p-595419
Zeytinyagli Yaprak Sarma 100 Gr,2183000550633,100.00,160.00,105890,https://iyas.com.tr/zeytinyagli-yaprak-sarma-100-gr-105890-p-586622
Zeytinyagli Yaprak Sarma 1000 Gr,2183000550640,750.00,160.00,105893,https://iyas.com.tr/zeytinyagli-yaprak-sarma-1000-gr-105893-p-586611
Zeytinyagli Yaprak Sarma 250 Gr,2183000550657,250.00,160.00,105891,https://iyas.com.tr/zeytinyagli-yaprak-sarma-250-gr-105891-p-586610
Zeytinyagli Yaprak Sarma 500 Gr,2183000550664,500.00,160.00,105892,https://iyas.com.tr/zeytinyagli-yaprak-sarma-500-gr-105892-p-586623
Zizu Lifli Sabun 150 Gr Hindistan Cevizi,8684420530549,49.90,99.90,106913,https://iyas.com.tr/zizu-lifli-sabun-150-gr-hindistan-cevizi-106913-p-598363
Zizu Makyaj Cantasi Seffaf,8684420530211,174.90,37.90,101480,https://iyas.com.tr/zizu-makyaj-cantasi-seffaf-101480-p-582724
Zizu Parfum Sisesi 5 Ml,8684420530402,39.90,149.90,103719,https://iyas.com.tr/zizu-parfum-sisesi-5-ml-103719-p-585244