name,barcode,regular_price,discounted_price,sku,url
Ülker Laviva Selection Sütlü Gofret 45G,8690504065296,30.00,30.00,,https://www.sariyermarket.com/ulker-laviva-selection-sutlu-gofret-45g
Ahmad Tea Ceylon Dökme Çay 200 Gr,,329.90,329.90,,https://www.sariyermarket.com/ahmad-tea-ceylon-dokme-cay-200-gr
Nescafe 2si1 Arada 10 gr,8690632018898,14.90,14.90,,https://www.sariyermarket.com/nescafe-2si1-arada-10-gr
Lindt Excellence Sütlü Çikolata 100g,7610400010481,299.90,299.90,,https://www.sariyermarket.com/lindt-excellence-sutlu-cikolata-100g
Ariel Sıvı Çamaşır Deterjanı Beyazlar ve Renkliler 32 Yıkama 1.440 Ml,8700216926430,499.90,499.90,,https://www.sariyermarket.com/ariel-sivi-camasir-deterjani-beyazlar-ve-renkliler-32-yikama-1-440-ml
Friskies Sığır Etli Kedi Yaş Mama 85 Gr,7613036964166,36.90,36.90,,https://www.sariyermarket.com/friskies-sigir-etli-kedi-yas-mama-85-gr
Lipton Bardak Poşet Çay Earl Grey 25'li 50 Gr,8720608631940,119.90,119.90,,https://www.sariyermarket.com/lipton-bardak-poset-cay-earl-grey-25li-50gr
Ülker Hanımeller Mahlepli Tuzlu Kurabiye 81 Gr,8690504119050,20.00,20.00,,https://www.sariyermarket.com/ulker-hanimeller-mahlepli-tuzlu-kurabiye-81-gr-
Eti Browni Intense Gold Beyaz Çikolata Krema Dolgulu Kek 48 Gr,8690526069920,25.00,25.00,,https://www.sariyermarket.com/eti-browni-intense-gold-beyaz-cikolata-krema-dolgulu-kek-48-gr
Eti Hoşbeş Hindistan Cevizi Kremalı Gofret 142 Gr,8690526065533,49.90,49.90,,https://www.sariyermarket.com/eti-hosbes-hindistan-cevizi-kremali-gofret-142-gr
Pınar Yüksek Proteinli Laktozsuz %0.3 Yağlı UHT Süt 1 Lt,8690565030219,89.90,89.90,,https://www.sariyermarket.com/pinar-yuksek-proteinli-laktozsuz-0-3-yagli-uht-sut-1-lt
Züber Granola Bar Antep Fıstıklı 25 Gr,8681630161013,54.95,54.95,,https://www.sariyermarket.com/zuber-granola-bar-antep-fistikli-25-gr
Naturali Karışık Ihlamur 50 Gr,8681599170422,189.90,189.90,,https://www.sariyermarket.com/naturali-karisik-ihlamur-50-gr
Sarıyer Kola Şekersiz 330Ml,8683789554388,27.50,27.50,,https://www.sariyermarket.com/sariyer-kola-sekersiz-330ml
Bağdat Mavi Haşhaş 80 Gr,8690560019264,79.90,79.90,,https://www.sariyermarket.com/bagdat-mavi-hashas-80-gr
Çamlıca Gazoz 200 Ml,8697520104022,19.90,19.90,,https://www.sariyermarket.com/camlica-gazoz-200-ml
Ülker Çikolata İstanbul Fındıklı Çıtır Kadayıflı 93 Gr,8683508143831,109.90,109.90,,https://www.sariyermarket.com/ulker-cikolata-istanbul-findikli-citir-kadayifli-93-gr
Eti Form Kepekli Bisküvi 225 Gr 5li,8690526794099,72.50,72.50,,https://www.sariyermarket.com/eti-form-kepekli-biskuvi-225-gr-5li
Colgate Optic White Purple Revea Diş Macunu 50ml,8718951842199,209.93,209.93,,https://www.sariyermarket.com/colgate-optic-white-purple-revea-dis-macunu-50ml
Verita Altın Çilek 100 Gr,8698555410676,155.00,155.00,,https://www.sariyermarket.com/verita-altin-cilek-100-gr
Whiskas Tasty Mix Hindili Kedi Maması 85Gr,4770608262440,39.90,39.90,,https://www.sariyermarket.com/whiskas-tasty-mix-hindili-kedi-mamasi-85gr
Dimes Kayısı Nektarı 1 Lt,8690558010013,57.50,57.50,,https://www.sariyermarket.com/dimes-kayisi-nektari-1-lt
Ülker Tablet Beyaz Çikolata 70 Gr,8690766157760,92.50,92.50,,https://www.sariyermarket.com/ulker-tablet-beyaz-cikolata-70-gr
Barillia Fesleğenli Pesto (Pesto Genovese) Makarna Sosu 190 Gr,8076809513753,165.90,165.90,,https://www.sariyermarket.com/barilla-feslegenli-pesto-genovese-makarna-sosu-190-gr
Lipton Earl Grey Demlik Poşet Çay 48'li 153 Gr,18720608633842,189.90,189.90,,https://www.sariyermarket.com/lipton-earl-grey-demlik-poset-cay-48li-153-gr
Frico Gouda Kelle Sade Kg,2904042000005,1895.00,1895.00,,https://www.sariyermarket.com/frico-gouda-kelle-sade-kg
Moms Glutensiz Yulaf Ezmesı 300 Gr,8681267006500,83.93,83.93,,https://www.sariyermarket.com/moms-glutensiz-yulaf-ezmesi-300-gr
Naturali Çubuk Tarçın 100 Gr,8681599170781,99.90,99.90,,https://www.sariyermarket.com/naturali-cubuk-tarcin-100-gr
Caffeo Kahve Filtre Kağıdı 1/2,8697980350281,129.90,129.90,,https://www.sariyermarket.com/caffeo-kahve-filtre-kagidi-1-2
Mentos Sour Çilek Aromalı Ekşi Sakız 56 gr,86945240,99.90,99.90,,https://www.sariyermarket.com/mentos-sour-cilek-aromali-eksi-sakiz-56-gr
Söke Esmer Un 1000gr,8690577038128,69.90,69.90,,https://www.sariyermarket.com/soke-esmer-un-1000gr
Eker Hurma&Chia Probiyotik Yoğurt 125G,8691316523288,37.50,37.50,,https://www.sariyermarket.com/eker-hurma-chia-probiyotik-yogurt-125g
Pet's Family Ciğerli Kedi Konserve Maması 400Gr,8681085423186,64.90,64.90,,https://www.sariyermarket.com/pets-family-cigerli-kedi-konserve-mamasi-400gr
Ruffles Original Mega Boy 198gr,8690624102383,91.00,91.00,,https://www.sariyermarket.com/ruffles-original-mega-boy-198gr
Sade Organik Buğday İrmiği 500Gr,8697463093742,84.90,84.90,,https://www.sariyermarket.com/sade-organik-bugday-irmigi-500gr
Fide Ton Bonfile Soğuk Sıkım Zeytinyağlı 185 Gr,8691405222368,229.90,229.90,,https://www.sariyermarket.com/fide-ton-bonfile-soguk-sikim-zeytinyagli-185-gr
Şifalıköy Dolmalık Patlıcan 20 Adet,8680716082594,279.00,279.00,,https://www.sariyermarket.com/sifalikoy-dolmalik-patlican-20-adet
Sarıyer Gurme Süzme Çiçek Balı 240 Gr,8692970532401,215.00,215.00,,https://www.sariyermarket.com/sariyer-gurme-suzme-cicek-bali-240-gr
Moms Granola Limon Coconut Cookies 50gr,8681267006060,48.93,48.93,,https://www.sariyermarket.com/moms-granola-limon-coconut-cookies-50gr
Sarıyer Gurme Kayısı 400 Gr,8699089580385,475.00,475.00,,https://www.sariyermarket.com/sariyer-gurme-kayisi-400-gr
Çaykur Rize Turist 100gr,8690105000160,57.90,57.90,,https://www.sariyermarket.com/caykur-rize-turist-100gr
Biber Meksika Kg,2900864000001,215.00,215.00,,https://www.sariyermarket.com/biber-meksika-kg
Kinder Joy T1 20gr Kiz,80768258,43.90,43.90,,https://www.sariyermarket.com/kinder-joy-t1-20gr-kiz
Muni Kakao Çekirdekli Yer Fıstığı Barı 40gr,8697428021193,69.90,69.90,,https://www.sariyermarket.com/muni-kakao-cekirdekli-yer-fistigi-bari-40gr
"Ariel Dağ Esintisi 1,5 Kg AquaPudra Toz Çamaşır Deterjanı",5413149634015,189.90,189.90,,https://www.sariyermarket.com/ariel-dag-esintisi-1-5-kg-aquapudra-toz-camasir-deterjani
St. Dalfour Frambuaz Reçeli 284 Gr,3492390108874,359.90,359.90,,https://www.sariyermarket.com/st--dalfour-frambuaz-receli-284-gr
Eti Alaska Frigo Sütlü Çikolata Bar 60 Gr,8690526099606,34.90,34.90,,https://www.sariyermarket.com/eti-alaska-frigo-sutlu-cikolata-bar-60-gr
Schar Glutensiz Burgu Makarna.250gr,8008698010075,194.90,194.90,,https://www.sariyermarket.com/schar-glutensiz-burgu-makarna-250gr
Magnum Mini Sandwich Badem 400 Ml,8721274646955,300.00,300.00,,https://www.sariyermarket.com/magnum-mini-sandwich-badem-400-ml
Kühne Üzüm Sirke 2lt Pet,8696027012618,249.90,249.90,,https://www.sariyermarket.com/kuhne-uzum-sirke-2lt-pet
Çaykur Kamelya Çay 1000 Gr,8690105000177,439.90,439.90,,https://www.sariyermarket.com/caykur-kamelya-cay-1000-gr
Egg Noodle Yumurtalı Erişte 350gr,6901017321192,89.90,89.90,,https://www.sariyermarket.com/egg-noodle-yumurtali-eriste-350gr
Dr.Oetker Karbonat 250 Gr,8690629449865,27.38,27.38,,https://www.sariyermarket.com/dr-oetker-karbonat-250-gr
Frico Gouda Otlu Kg,2923869000005,1895.00,1895.00,,https://www.sariyermarket.com/frico-gouda-otlu-kg
Bioblas Biotin & Kafein Tonik 200 Ml,8680512634133,249.90,249.90,,https://www.sariyermarket.com/bioblas-biotin---kafein-tonik-200-ml
Gürsoy Bitter Kakaolu Fındık Kreması 400gr,8693887000021,139.90,139.90,,https://www.sariyermarket.com/gursoy-bitter-kakaolu-findik-kremasi-400gr
Flotty Organik Yumurta 10'lu 63-72 Gr,8697459810469,195.00,195.00,,https://www.sariyermarket.com/flotty-organik-yumurta-10lu-63-72-gr
Kızılay Sindirim Acai&Çilek 200Ml,8692813006977,19.90,19.90,,https://www.sariyermarket.com/kizilay-sindirim-acai-cilek-200ml
Pastavilla Burgu Makarna 500 Gr,8690684002098,46.90,46.90,,https://www.sariyermarket.com/pastavilla-burgu-makarna-500-gr
Ülker Altınbaşak Tahıllı Yoğurtlu Mevsim Yeşillikli Cips 120Gr,8690504011361,49.00,49.00,,https://www.sariyermarket.com/ulker-altinbasak-tahilli-yogurtlu-mevsim-yesillikli-cips-120gr
Mr. No Gurme Hindi Fümeli Sandiviç 145 Gr,8690559704973,265.00,265.00,,https://www.sariyermarket.com/mr-no-gurme-hindi-fumeli-sandivic-145-gr
Superfresh Ton Balığı 4X75 Gr,8690612311438,239.90,239.90,,https://www.sariyermarket.com/superfresh-ton-baligi-4x75-gr
Patlıcan Kg,2910222000000,39.90,39.90,,https://www.sariyermarket.com/patlican-kg
Bağdat Fajıta Baharatı Dünya Lezzetleri 48 Gr,8690560027689,99.90,99.90,,https://www.sariyermarket.com/bagdat-fajita-baharati-dunya-lezzetleri-48-gr
Yayla Baldo Pirinç 1 Kg,8693374244440,164.90,164.90,,https://www.sariyermarket.com/yayla-baldo-pirinc-1-kg
"Ülker Hanımeller Frambuaz Soslu Kurabiye 94,5 Gr",8690504113249,27.50,27.50,,https://www.sariyermarket.com/ulker-hanimeller-frambuaz-soslu-kurabiye-94-5-gr
Whiskas Tavuklu Konserve Kedi Maması 400 Gr,5900951305405,175.90,175.90,,https://www.sariyermarket.com/whiskas-tavuklu-konserve-kedi-mamasi-400-gr
Foco Mangolu İçecek 350 Ml,8697418650754,109.00,109.00,,https://www.sariyermarket.com/foco-mangolu-icecek-350-ml
Doğadan Kuşburnu Poşet Çayı 20'Li,8699580000054,82.43,82.43,,https://www.sariyermarket.com/dogadan-kusburnu-poset-cayi-20li
Nescafe Crema Latte Köpüklü Kahve Karışımı 17 gr,8690632021454,17.50,17.50,,https://www.sariyermarket.com/nescafe-crema-latte-kopuklu-kahve-karisimi-17-gr
Calve Ranch Sos 245 Gr,8683130067796,119.90,119.90,,https://www.sariyermarket.com/calve-ranch-sos-245-gr
Vivident Air Action Bottle Mentol Okalip Aromali Sakiz 67gr,8003440944905,95.00,95.00,,https://www.sariyermarket.com/vivident-air-action-bottle-mentol-okalip-aromali-sakiz-67gr
Billur Tuz İyotsuz Sofra Tuzu 250 Gr,8690771120506,44.90,44.90,,https://www.sariyermarket.com/billur-tuz-iyotsuz-sofra-tuzu-250-gr
Pınar Süt %2.5 Yağlı 1 Lt,8690565026038,75.90,75.90,,https://www.sariyermarket.com/pinar-sut-2-5-yagli-1-lt
Lindt Gold Milk Hazelnut 300Gr,7610400111805,399.90,399.90,,https://www.sariyermarket.com/lindt-gold-milk-hazelnut-300gr
Kebir Gurme Tereyağ Tuzsuz 400 Gr,8692963010039,359.90,359.90,,https://www.sariyermarket.com/kebir-gurme-tereyag-tuzsuz-400-gr
Jungle Pouch Yavru Kısır Kedi Dana Eti Parçalı 100gr,8681299601394,26.53,26.53,,https://www.sariyermarket.com/jungle-pouch-yavru-kisir-kedi-dana-eti-parcali-100gr
Algida Külah Keyif Vanilya Kakao 105 Ml,8690637691126,25.00,25.00,,https://www.sariyermarket.com/algida-kulah-keyif-vanilya-kakao-105-ml
Şölen Luppo Sandviç Kek Kakaolu 184gr 8'Li,8699141059125,78.90,78.90,,https://www.sariyermarket.com/solen-luppo-sandvic-kek-kakaolu-184gr-8li
Tat Haşlanmış Barbunya 800 Gr,8690635063062,94.90,94.90,,https://www.sariyermarket.com/tat-haslanmis-barbunya-800-gr
Apikoğlu Kurutulmuş Jambon (Bresaola) Kg,2901087000007,4350.00,4350.00,,https://www.sariyermarket.com/apikoglu-kurutulmus-jambon-bresaola-kg
Chefline Sushi Nori Yosun 25G,8802350881054,159.90,159.90,,https://www.sariyermarket.com/chefline-sushi-nori-yosun-25g
Dardanel Light Ton Balığı 3X75 Gr,8690559015536,319.90,319.90,,https://www.sariyermarket.com/dardanel-light-ton-baligi-3x75-gr
Çaykur Çay Çiçeği 500 Gr,8690105000061,234.90,234.90,,https://www.sariyermarket.com/caykur-cay-cicegi-500-gr
Ülker Susamlı Çubuk Kraker 45 Gr,8690504024538,12.00,12.00,,https://www.sariyermarket.com/ulker-susamli-cubuk-kraker-45-gr
Koska Kağıt Helva 45gr,8690710009039,19.90,19.90,,https://www.sariyermarket.com/koska-kagit-helva-45gr
Pakmaya Şeker İlavesiz Sütlaç 54Gr,8690770330760,34.90,34.90,,https://www.sariyermarket.com/pakmaya-seker-ilavesiz-sutlac-54gr
Stpey İnox Sünger 2li,8681917083311,82.43,82.43,,https://www.sariyermarket.com/stpey-inox-sunger-2li
Nestle Gold Corn Flakes 400Gr,8690632020396,175.00,175.00,,https://www.sariyermarket.com/nestle-gold-corn-flakes-400gr
Omo Active Cold Power Beyazlar ve Renkliler için Sıvı Deterjan 1000 Ml,8683130124888,309.90,309.90,,https://www.sariyermarket.com/omo-active-cold-power-beyazlar-ve-renkliler-icin-sivi-deterjan-1000-ml
Doytat Karabiber 150gr,8697826340377,254.90,254.90,,https://www.sariyermarket.com/doytat-karabiber-150gr
Sade Organik Kirmizi Mercimek 1000 Gr,8697463091038,159.90,159.90,,https://www.sariyermarket.com/sade-organik-kirmizi-mercimek-1000-gr
Nescafe 3ü 1 Arada Extra 16.5 Gr,8690632018935,12.90,12.90,,https://www.sariyermarket.com/nescafe-3u-1-arada-extra-16-5-gr
Ülker İkram Fndıklı 3 X 84 Gr,8690504110224,65.00,65.00,,https://www.sariyermarket.com/ulker-ikram-fndikli-3-x-84-gr
Kühne Trüf Mantarlı Sos 115Gr,8696027017873,169.90,169.90,,https://www.sariyermarket.com/kuhne-truf-mantarli-sos-115gr
Kahve Dünyası Tambol Caffe Latte Dolgulu 100 Gr,8699270022878,89.90,89.90,,https://www.sariyermarket.com/kahve-dunyasi-tambol-caffe-latte-dolgulu-100-gr
Nish Vanilya Aromalı Şurup 250 Ml,8682279237800,114.90,114.90,,https://www.sariyermarket.com/nish-vanilya-aromali-surup-250-ml
Hero Goodies Pizza Karabuğday Nohut Cipsi 30 Gr,8681080555288,64.90,64.90,,https://www.sariyermarket.com/hero-goodies-pizza-karabugday-nohut-cipsi-30-gr
Pınar Çikolatalı Sos 330 Gr,8690565812129,141.90,141.90,,https://www.sariyermarket.com/pinar-cikolatali-sos-330-gr
Pek Food Karişik Pizza 545Gr,8696056103356,219.90,219.90,,https://www.sariyermarket.com/pek-food-karisik-pizza-545gr
Nestle Nesquik Duo Kare Çikolata 70 Gr,8690632021249,72.50,72.50,,https://www.sariyermarket.com/nestle-nesquik-duo-kare-cikolata-70-gr
Wefood Beyaz Kinoa 400gr,8681749104192,325.00,325.00,,https://www.sariyermarket.com/wefood-beyaz-kinoa-400gr
Muni Hindistan Cevizli Yer Fıstığı Topu 80gr,8697428021124,119.90,119.90,,https://www.sariyermarket.com/muni-hindistan-cevizli-yer-fistigi-topu-80gr
Arbella Tel Şehriye 500Gr,8697430885530,29.90,29.90,,https://www.sariyermarket.com/arbella-tel-sehriye-500gr
Monster Ultra Şekersiz Enerji İçeceği Kutu 500 Ml,5061013944465,70.00,70.00,,https://www.sariyermarket.com/monster-ultra-sekersiz-enerji-icecegi-kutu-500-ml
Fanta Portakal Aromalı Gazoz Pet 1 Lt,5000112664980,49.90,49.90,,https://www.sariyermarket.com/fanta-portakal-aromali-gazoz-pet-1-lt
Mövenpick Şeftali & Çarkıfelekli Fermente Süt Ürünü 100 Gr,4002334112998,45.50,45.50,,https://www.sariyermarket.com/movenpick-seftali-carkifelekli-fermente-sut-urunu-100-gr
Yenigün Süt Reçeli 270 Gr,8691588015412,149.90,149.90,,https://www.sariyermarket.com/yenigun-sut-receli-270-gr
Parodontax Ağız Suyu Diş Eti Güçlendirme ve Koruma 500 Ml,8681291341311,275.90,275.90,,https://www.sariyermarket.com/parodontax-agiz-suyu-dis-eti-guclendirme-ve-koruma-500-ml
Perwoll Sıvı Çamaşır Deterjanı 2970L Renkli Yenileme,9000101814545,399.90,399.90,,https://www.sariyermarket.com/perwoll-sivi-camasir-deterjani-2970l-renkli-yenileme
Özkaynak Maden Suyu Sade 200 Ml 6 LI,8691637010207,72.90,72.90,,https://www.sariyermarket.com/ozkaynak-maden-suyu-sade-200-ml-6-li
Ülker 9 Kat Tat İnce Fındıklı 114 Gr,8690504085591,40.00,40.00,,https://www.sariyermarket.com/ulker-9-kat-tat-ince-findikli-114-gr
Züber Kidz Muzlu Meyve Bar 25 Gr,8681630410012,54.95,54.95,,https://www.sariyermarket.com/zuber-kidz-muzlu-meyve-bar-25-gr
Colgate Total Profesyonel Diş Eti Sağlığı Diş Macunu 75 Ml,6920354839597,209.93,209.93,,https://www.sariyermarket.com/colgate-total-profesyonel-dis-eti-sagligi-dis-macunu-75-ml
Kuzu Külbasti Kg,2916534000004,1490.00,1490.00,,https://www.sariyermarket.com/kuzu-kulbasti-kg
Balparmak Yayla ve Ova Çiçek Balı 850 Gr,8690998151826,699.90,699.90,,https://www.sariyermarket.com/balparmak-yayla-ve-ova-cicek-bali-850-gr
Elidor Saç Kremi Anında Onarıcı 130 Ml,8683130137321,279.90,279.90,,https://www.sariyermarket.com/elidor-sac-kremi-aninda-onarici-130-ml
Signal Diş Firçasi Performans Black 1+1,8690637883507,274.90,274.90,,https://www.sariyermarket.com/signal-dis-fircasi-performans-black-1_1
Melis Sarımsak Turşusu 180 Gr,8699073291105,119.90,119.90,,https://www.sariyermarket.com/melis-sarimsak-tursusu-180-gr
Durex Yok Ötesi Ekstra İnce Prezervatif 10lu,5052197052824,529.90,529.90,,https://www.sariyermarket.com/durex-yok-otesi-ekstra-ince-prezervatif-10lu
Mr.Waffle Caramel Waffle Crunchy 360 Gr,8682549778286,168.75,168.75,,https://www.sariyermarket.com/mr-waffle-caramel-waffle-crunchy-360-gr
CityFarm Organik Kuru Fasulye 1000 Gr,8698518430567,275.90,275.90,,https://www.sariyermarket.com/cityfarm-organik-kuru-fasulye-1000-gr
İndomie Dana Etli Aromalı Hazır Noodle Bardak 60 Gr,8680908021066,40.50,40.50,,https://www.sariyermarket.com/indomie-dana-etli-aromali-hazir-noodle-bardak-60-gr
Züber Noutos Yoğurt ve Mevsim Yeşillikleri 55 Gr,8681630410197,59.90,59.90,,https://www.sariyermarket.com/zuber-noutos-yogurt-ve-mevsim-yesillikleri-55-gr
Söke Un 1000gr,8690577018120,49.90,49.90,,https://www.sariyermarket.com/soke-un-1000gr
Red Bull Lilac Edition 250Ml,90493652,70.00,70.00,,https://www.sariyermarket.com/red-bull-lilac-edition-250ml
Sarelle Antep Fıstıklı Gofret 33gr,8683417003370,42.50,42.50,,https://www.sariyermarket.com/sarelle-antep-fistikli-gofret-33gr
Barilla Spagetti (Spaghetti) Makarna No.5 500 Gr,8690579991117,59.90,59.90,,https://www.sariyermarket.com/barilla-spagetti-spaghetti-makarna-no-5-500-gr
Züber Noutos Fırınlanmış Nohut Cipsi Ege Baharatları 55 Gr,8681630313016,59.90,59.90,,https://www.sariyermarket.com/zuber-noutos-firinlanmis-nohut-cipsi-ege-baharatlari-55-gr
Haribo Mega Rulet 45 Gr,8691216097056,25.00,25.00,,https://www.sariyermarket.com/haribo-mega-rulet-45-gr
Mc Vitie's Cracker Crisps Sweet Chili 110 Gr,8690504108122,55.00,55.00,,https://www.sariyermarket.com/mc-vities-cracker-crisps-sweet-chili-110-gr
Carte D'or İsviçre Çikolatası Karamel Muz 850 Ml,8683130102411,275.00,275.00,,https://www.sariyermarket.com/carte-dor-isvicre-cikolatasi-karamel-muz-850-ml
Pınar Dana Burger 545 Gr,8690527100288,599.90,599.90,,https://www.sariyermarket.com/pinar-dana-burger-545-gr
Yayla Gurme Kırmızı Fasulye 500 Gr,8693374239194,124.90,124.90,,https://www.sariyermarket.com/yayla-gurme-kirmizi-fasulye-500-gr
Mentos Sours Mint Çilek 49Gr,86947480,109.90,109.90,,https://www.sariyermarket.com/mentos-sours-mint-cilek-49gr
Tchibo Kapsül Kahve Cafissimo Barista Caffe Crema 10'Lu,4061445355625,299.90,299.90,,https://www.sariyermarket.com/tchibo-kapsul-kahve-cafissimo-barista-caffe-crema-10lu
Eti Maximus Loading 50g,8690526067438,22.50,22.50,,https://www.sariyermarket.com/eti-maximus-loading-50g
Sütaş Süzme Yoğurt 750 Gr,8690767673887,145.90,145.90,,https://www.sariyermarket.com/sutas-suzme-yogurt-750-gr
Tariş Kuzey Ege Bölgesi Naturel Sızma Zeytinyağı 2 L,8690102406026,1099.90,1099.90,,https://www.sariyermarket.com/taris-kuzey-ege-bolgesi-naturel-sizma-zeytinyagi--2-l
Reis Royal Beyaz Kinoa 500 Gr,8690849242017,279.90,279.90,,https://www.sariyermarket.com/reis-royal-beyaz-kinoa-500-gr
Balparmak Süzme Çiçek Yayla Balı 225 Gr,8690998112117,277.90,277.90,,https://www.sariyermarket.com/balparmak-suzme-cicek-yayla-bali-225-gr
Pınar Yoğurt Lezzetin Alası 1000 Gr,8690565028599,135.90,135.90,,https://www.sariyermarket.com/pinar-yogurt-lezzetin-alasi-1000-gr
Milka Kakaolu Fındık Kreması 350 Gr,7622201459826,239.90,239.90,,https://www.sariyermarket.com/milka-kakaolu-findik-kremasi-350-gr
Sarelle Şekersiz Kakaolu Fındık Ezmesi 350gr,8683417000089,274.90,274.90,,https://www.sariyermarket.com/sarelle-sekersiz-kakaolu-findik-ezmesi-350gr
Nestle Damak Ezme 55Gr,8690632764900,114.95,114.95,,https://www.sariyermarket.com/nestle-damak-ezme-55gr
Sütaş Çilekli Kaf Kefir 1 Lt,8681324006538,109.90,109.90,,https://www.sariyermarket.com/sutas-cilekli-kaf-kefir-1-lt
Clear Men Pro Saç Dökülmesine Karşı Güçlendirici 300Ml,8683130041017,227.94,227.94,,https://www.sariyermarket.com/clear-men-pro-sac-dokulmesine-karsi-guclendirici-300ml
Garden Mix Somonlu Kedi Stick Ödül 3x5gr,8681085426415,83.93,83.93,,https://www.sariyermarket.com/garden-mix-somonlu-kedi-stick-odul-3x5gr
Lipton Yellow Label Dökme Çay 500 Gr,8690639000308,319.90,319.90,,https://www.sariyermarket.com/lipton-yellow-label-dokme-cay-500-gr
Nestle Damak Baklava Poşet 126 Gr,8690632710426,115.50,115.50,,https://www.sariyermarket.com/nestle-damak-baklava-poset-126-gr
Ülker Hanımeller Asorti Karışık Tatlı Kurabiye 150 Gr,8690504011422,40.00,40.00,,https://www.sariyermarket.com/ulker-hanimeller-asorti-karisik-tatli-kurabiye-150-gr
Erik Papaz Kg,2910313000001,285.00,285.00,,https://www.sariyermarket.com/erik-papaz-kg
City Farm Organik Keçiboynuzu Pekmez 450gr,8698518455560,204.90,204.90,,https://www.sariyermarket.com/city-farm-organik-keciboynuzu-pekmez-450gr
Fiskobirlik Nuga Kakaolu Fındık Kreması 350 Gr,8691641529009,139.90,139.90,,https://www.sariyermarket.com/fiskobirlik-nuga-kakaolu-findik-kremasi-350-gr
Nescafe 3'Ü 1 Arada Fındık Aromalı 17 Gr,8690632018959,14.90,14.90,,https://www.sariyermarket.com/nescafe-3u-1-arada-findik-aromali-17-gr
Kühne Balsamik Sirke 500 Ml,8696027015015,349.90,349.90,,https://www.sariyermarket.com/kuhne-balsamik-sirke-500-ml
Jacobs Espresso Çekirdek Kahve 500 Gr,8711000539248,799.90,799.90,,https://www.sariyermarket.com/jacobs-espresso-cekirdek-kahve-500-gr
Dana Robespierre Kg,2901444000008,2395.00,2395.00,,https://www.sariyermarket.com/dana-robespierre-kg
Ülker Çokomel Dev Sade 22 Gr,8690504131014,10.00,10.00,,https://www.sariyermarket.com/ulker-cokomel-dev-sade-22-gr
Koska Helva Kakaolu 500gr,8690710001330,173.45,173.45,,https://www.sariyermarket.com/koska-helva-kakaolu-500gr
Algida Keyif Vanilya 750 Ml,8690637789885,100.00,100.00,,https://www.sariyermarket.com/algida-keyif-vanilya-750-ml
Galez Coğrafi İşaretli Katmer 370Gr,8683052384018,675.90,675.90,,https://www.sariyermarket.com/galez-cografi-isaretli-katmer-370gr
Golden Goat 2 Keçi Bebek Sütü 400 Gr,9421025231476,699.90,699.90,,https://www.sariyermarket.com/golden-goat-2-keci-bebek-sutu-400-gr
La Vache qui rit Sürülebilir Lor Peyniri 150 gr,3073781199789,99.90,99.90,,https://www.sariyermarket.com/la-vache-qui-rit-surulebilir-lor-peyniri-150-gr
Viru Enginar Kalbi 660Gr,7751553003019,779.90,779.90,,https://www.sariyermarket.com/viru-enginar-kalbi-660gr
Vileda Aktifibre Bez 2'Li,4023103240803,359.90,359.90,,https://www.sariyermarket.com/vileda--aktifibre-bez-2li
Sarıyer Gurme Taş Kırma Yesil Zeytin Kg,2900851000007,450.00,450.00,,https://www.sariyermarket.com/sariyer-gurme-tas-kirma-yesil-zeytin-kg
Bağdat Kuş Üzümü 40gr,8690560135315,79.90,79.90,,https://www.sariyermarket.com/bagdat-kus-uzumu-40gr
Lısterıne Stay Whıte 500 Ml,3574661731919,325.52,325.52,,https://www.sariyermarket.com/listerine-stay-white-500-ml
Herby Matcha Mango Aromalı 25 Gr,8682450833425,348.90,348.90,,https://www.sariyermarket.com/herby-matcha-mango-aromali-25-gr
Ülker Pötibör Bisküvi 450 Gr,8690504011408,49.90,49.90,,https://www.sariyermarket.com/ulker-potibor-biskuvi-450-gr
Eker Efsane Yoğurt 250Gr,8691316524049,36.90,36.90,,https://www.sariyermarket.com/eker-efsane-yogurt-250gr
Mcvities Sütlü Kakaolu Kremalı Bisküvi 90Gr,8690504087298,40.00,40.00,,https://www.sariyermarket.com/mcvities-sutlu-kakaolu-kremali-biskuvi-90gr
Domates Cherry Kg,2900088000009,335.00,335.00,,https://www.sariyermarket.com/domates-cherry-kg
Kühne Beyaz Sirke 1lt,8696027016142,80.90,80.90,,https://www.sariyermarket.com/kuhne-beyaz-sirke-1lt
Cappy %100 Karışık Meyve Suyu 1 L,5449000159236,64.90,64.90,,https://www.sariyermarket.com/cappy--100-karisik-meyve-suyu-1-l-
Koska Şeker İlavesiz Çilek Receli 290gr,8690710132270,249.90,249.90,,https://www.sariyermarket.com/koska-seker-ilavesiz-cilek-receli-290gr
Doğadan Ihlamurlu Bitki Çayı 18'li 29Gr,8699432216930,86.18,86.18,,https://www.sariyermarket.com/dogadan-ihlamurlu-bitki-cayi-18li-29gr
Soğan Kırmızı Kg,2910169000002,225.00,225.00,,https://www.sariyermarket.com/sogan-kirmizi-kg
Feast Mısır 450 Gr,8697343550006,123.90,123.90,,https://www.sariyermarket.com/feast-misir-450-gr
İçim Süt Light 1 Lt,8690504415602,64.75,64.75,,https://www.sariyermarket.com/icim-sut-light-1-lt
Ülker Albeni 40 Gr,8690504034506,16.00,16.00,,https://www.sariyermarket.com/ulker-albeni-40-gr
Tamek Meyve Suyu %100 Elma 200 ml,86903349,17.50,17.50,,https://www.sariyermarket.com/tamek--meyve-suyu--100-elma-200-ml
Teremyağ Paket Margarin 250 Gr,8691375608407,61.90,61.90,,https://www.sariyermarket.com/teremyag-paket-margarin-250-gr
Lindt Excellence %85 Kakao Çikolata 100gr,3046920022361,299.90,299.90,,https://www.sariyermarket.com/lindt-excellence--85-kakao-cikolata-100gr
Omo Active Fresh Toz Çamaşır Deterjanı Renkliler 3 KG 20 Yıkama,8690637534126,379.90,379.90,,https://www.sariyermarket.com/omo-matik-3kg-color
Ülker Çiziviç Peynirli Kremalı Kraker 82 Gr,8690504009542,22.50,22.50,,https://www.sariyermarket.com/ulker-cizivic-peynirli-kremali-kraker-82-gr
Kühne Hardal 250 Ml Pet,8696027017927,132.90,132.90,,https://www.sariyermarket.com/kuhne-hardal-250-ml-pet
Tamek Haşlanmış Barbunya 800 Gr,8690575086213,99.90,99.90,,https://www.sariyermarket.com/tamek-haslanmis-barbunya-800-gr
Sarıyer Gurme İsli Çerkez Peyniri 150 Gr,8699089863624,225.00,225.00,,https://www.sariyermarket.com/sariyer-gurme-isli-cerkez-peyniri-150-gr
Gürsoy Sütlü Fındık Krema 400gr,8693887003169,219.90,219.90,,https://www.sariyermarket.com/gursoy-sutlu-findik-krema-400gr
Pınar Yarım Yağlı Süt 200 ml,8690565018170,26.90,26.90,,https://www.sariyermarket.com/pinar-yarim-yagli-sut-200-ml
Dove Saç Bakım Kremi Keratin Uzun Saç Terapisi 350 Ml,8683130127896,249.90,249.90,,https://www.sariyermarket.com/dove-sac-bakim-kremi-keratin-uzun-sac-terapisi-350-ml
Kuzeyden Maden Suyu Tropikal 250 Ml,8684556266268,13.90,13.90,,https://www.sariyermarket.com/kuzeyden-maden-suyu-tropikal-250-ml
Omo Leke Çıkarıcı Beyazlar 1 L,8683130133996,199.90,199.90,,https://www.sariyermarket.com/omo-leke-cikarici-beyazlar-1-l
Calve Ketçap 610 Gr,8690637905193,99.90,99.90,,https://www.sariyermarket.com/calve-ketcap-610-gr
ManKafa Mandalina Aromalı Gazoz 250 Ml,8690327432725,39.90,39.90,,https://www.sariyermarket.com/mankafa-mandalina-aromali-gazoz-250-ml
Arı Grissini Tam Buğday 100gr,8691090001057,49.90,49.90,,https://www.sariyermarket.com/ari-grissini-tam-bugday-100gr
Omo Active Cold Power Siyahlar İçin Sıvı Deterjan 1000 Ml,8683130124871,309.90,309.90,,https://www.sariyermarket.com/omo-active-cold-power-siyahlar-icin-sivi-deterjan-1000-ml
Jungle Somonlu Kısırlaştırılmış Kedi Maması 500 Gr,8681299601851,104.93,104.93,,https://www.sariyermarket.com/jungle-somonlu-kisirlastirilmis-kedi-mamasi-500-gr
City Farm Organik Yulaf Ezmesi 500 Gr,8698518456086,119.90,119.90,,https://www.sariyermarket.com/city-farm-organik-yulaf-ezmesi-500-gr
First Sensations Karpuz Aromalı Sakız 27 Gr,8690524165235,59.90,59.90,,https://www.sariyermarket.com/first-sensations-karpuz-aromali-sakiz-27-gr
Chupa Chups Sour Green Apple 330 Ml,6251897001142,109.90,109.90,,https://www.sariyermarket.com/chupa-chups-sour-green-apple-330-ml
Awassi Feta Peyniri Küp 400 Gr,8682662860127,449.90,449.90,,https://www.sariyermarket.com/awassi-feta-peyniri-kup-400-gr
Kahve Dünyası Gofrik 10'lu 125gr,8699270017447,118.93,118.93,,https://www.sariyermarket.com/kahve-dunyasi-gofrik-10lu-125gr
Özerhisar Cam Şişe Ayran 245Ml,8692653000661,49.95,49.95,,https://www.sariyermarket.com/ozerhisar-cam-sise-ayran-245ml
Ülker Hanımeller Çokodamla Rulo 82 Gr,8690504012108,20.00,20.00,,https://www.sariyermarket.com/ulker-hanimeller-cokodamla-rulo-82-gr
Twix Classic 50gr,5000159572033,49.95,49.95,,https://www.sariyermarket.com/twix-classic-50gr
Eti Browni Intense Mini Karamelli Kek 160 Gr,8690526076836,85.00,85.00,,https://www.sariyermarket.com/eti-browni-intense-mini-karamelli-kek-160-gr
Tadım Kokteyl 180 Gr,8690787181034,180.00,180.00,,https://www.sariyermarket.com/tadim-kokteyl-180-gr
Fattoria Estense Balsamik Sirke 500ml,8016017000119,499.90,499.90,,https://www.sariyermarket.com/fattoria-estense-balsamik-sirke-500ml
Mars Karamelli Çikolata 51 Gr,5900951311321,49.95,49.95,,https://www.sariyermarket.com/mars-karamelli-cikolata-51-gr
Pınar Çocuk Devam Sütü 1 Lt,8690565025550,89.90,89.90,,https://www.sariyermarket.com/pinar-cocuk-devam-sutu-1-lt
Doritos Twist Cheddar Peyniri Aromalı 115 Gr,8690624305487,64.50,64.50,,https://www.sariyermarket.com/doritos-twist-cheddar-peyniri-aromali-115-gr
"Croque Kısırlaştırılmış Kedi Kuru Mama Tavuk Etli 1,5Kg",8681612750099,244.93,244.93,,https://www.sariyermarket.com/croque-kisirlastirilmis-kedi-kuru-mama-tavuk-etli-1-5kg
Nilky Hindistan Cevizli Vegan İçeçek 1 Lt,8682983760335,159.90,159.90,,https://www.sariyermarket.com/nilky-hindistan-cevizli-vegan-icecek-1-lt
Arizona Ahududu Aromalı İçecek 450 Ml,8685048750043,165.00,165.00,,https://www.sariyermarket.com/arizona-ahududu-aromali-icecek-450-ml
Tadelle Bitter Çikolatalı Gofret 28 gr,8683417003356,17.00,17.00,,https://www.sariyermarket.com/tadelle-bitter-cikolatali-gofret-28-gr
Dove Saç Bakım Kremi Amino Serum Yoğun Onarıcı 350 Ml,8683130127940,249.90,249.90,,https://www.sariyermarket.com/dove-sac-bakim-kremi-amino-serum-yogun-onarici-350-ml
Ülker Biskrem Kakaolu 200 Gr,8690504014034,49.00,49.00,,https://www.sariyermarket.com/ulker-biskrem-kakaolu-200-gr
Sarıyer Gurme Special Siyah Zeytin Kg,2923879000002,595.00,595.00,,https://www.sariyermarket.com/sariyer-gurme-special-siyah-zeytin-kg
Pınar Kefir 1 Lt,8690565018408,104.90,104.90,,https://www.sariyermarket.com/pinar-kefir-1-lt
Sarıyer Gurme Taş Baskı Siyah Zeytin Kg,2901108000009,675.00,675.00,,https://www.sariyermarket.com/sariyer-gurme-tas-baski-siyah-zeytin-kg
Burcu Tatlı Biber Salçası 600 Gr,8691573004346,117.90,117.90,,https://www.sariyermarket.com/burcu-tatli-biber-salcasi-600-gr
Eker Pancarlı Limonlu Zencefilli Kefir 290ml,8691316523684,54.90,54.90,,https://www.sariyermarket.com/eker-pancarli-limonlu-zencefilli-kefir-290ml
İçim Fit Süt Çilekli 400 Ml,8692971435626,69.90,69.90,,https://www.sariyermarket.com/icim-fit-sut-cilekli-400-ml
Rummo Organik Spagetti 500gr,8008343700030,309.90,309.90,,https://www.sariyermarket.com/rummo-organik-spagetti-500gr
Filiz Burgu Makarna 500 Gr,8690579992688,34.90,34.90,,https://www.sariyermarket.com/filiz-burgu-makarna-500-gr
Amoy Chili Sos 150 Gr,78024008944,269.90,269.90,,https://www.sariyermarket.com/amoy-chili-sos-150-gr
Poco Loco Salsa Guacomole 300gr,5412514999957,259.90,259.90,,https://www.sariyermarket.com/poco-loco-salsa-guacomole-300gr
Filiz Tam Buğday Kalem Makarna 350 Gr,8690579772334,39.90,39.90,,https://www.sariyermarket.com/filiz-tam-bugday-kalem-makarna-350-gr
Nestle Gold Corn Flakes Tam Tahıl Mısır Gevreği 650 Gr,8690632020464,220.00,220.00,,https://www.sariyermarket.com/nestle-gold-corn-flakes-tam-tahil-misir-gevregi-650-gr
İstanbul Halk Ekmek Kakaolu Kurabiye 210gr,8691397198511,85.00,85.00,,https://www.sariyermarket.com/istanbul-halk-ekmek-kakaolu-kurabiye-210gr
Master Patato Barbeku Soslu Cips 160Gr,8683717472418,120.00,120.00,,https://www.sariyermarket.com/master-patato-barbeku-soslu-cips-160gr
Apikoğlu Parmak Kangal Sucuk Kg,2923218000007,2395.00,2395.00,,https://www.sariyermarket.com/apikoglu-parmak-kangal-sucuk-kg
Eker İncirli Yulaflı Probiyotik Yoğurt 125 Gr,8691316523271,37.50,37.50,,https://www.sariyermarket.com/eker-incirli-yulafli-probiyotik-yogurt-125-gr
CityFarm Deniz Tuzu İnce İyotlu 500 Gr,8698518450138,52.90,52.90,,https://www.sariyermarket.com/cityfarm-deniz-tuzu-ince-iyotlu-500-gr
Pınar Krem Peynir 300 Gr,8690565025864,130.90,130.90,,https://www.sariyermarket.com/pinar-krem-peynir-300-gr
Sırma C+ Elmalı Doğal Maden Suyu 200 Ml,8691058005776,15.00,15.00,,https://www.sariyermarket.com/sirma-c_-elmali-dogal-maden-suyu-200-ml
Tamek Domates Salçası 830 Gr,8690575012519,69.90,69.90,,https://www.sariyermarket.com/tamek-domates-salcasi-830-gr
Doğadan Yumuşak İçimli Matcha Yeşil Çay Tozu 25 G,8699432220890,243.68,243.68,,https://www.sariyermarket.com/dogadan-yumusak-icimli-matcha-yesil-cay-tozu-25-g
Dr.Oetker Guseppe Sucuklu Pizza 402 Gr,8690629441241,172.43,172.43,,https://www.sariyermarket.com/dr-oetker-guseppe-sucuklu-pizza-402-gr
Superfresh Mısır 450 Gr,8690612420062,132.90,132.90,,https://www.sariyermarket.com/superfresh-misir-450-gr
Dardanel Sushida Boom Roll 370 Gr,8690559025450,399.00,399.00,,https://www.sariyermarket.com/dardanel-sushida-boom-roll-370-gr
Snickers Cikolata 80 Gr,5000159559065,74.95,74.95,,https://www.sariyermarket.com/snickers-cikolata--80-gr
Bağdat Nane Tuzluklu Cam 16 Gr,8690560011350,79.90,79.90,,https://www.sariyermarket.com/bagdat-nane-tuzluklu-cam-16-gr
Kühne Ballı Hardal 250 Ml Pet,8696027017965,149.90,149.90,,https://www.sariyermarket.com/kuhne-balli-hardal-250-ml-pet
Special Dana Pirzola Kg,2900046000003,2950.00,2950.00,,https://www.sariyermarket.com/special-dana-pirzola-kg
Eti Lifalif Yer Fıstıklı ve Hurmalı Müsli 350 Gr,8690526014548,135.00,135.00,,https://www.sariyermarket.com/eti-lifalif-yer-fistikli-ve-hurmali-musli-350-gr
Ritter Sport Tane Bademli Çikolata 100 gr,4000417703002,199.90,199.90,,https://www.sariyermarket.com/ritter-sport-tane-bademli-cikolata-100-gr
Feast Böğürtlen 350 Gr,21035010079140,305.25,305.25,,https://www.sariyermarket.com/feast-bogurtlen-350-gr
Koska Helva Kakaolu 200gr,8690710309436,88.45,88.45,,https://www.sariyermarket.com/koska-helva-kakaolu-200gr
Knorr Ezogelin Çorbası 74 Gr,8690637865275,48.90,48.90,,https://www.sariyermarket.com/knorr-ezogelin-corbasi-74-gr
Becel Kase Margarin Zeytinyağlı 250 Gr,8719200750661,85.50,85.50,,https://www.sariyermarket.com/becel-kase-margarin-zeytinyagli-250-gr
Orkid Ultra Ekstra Dörtlü Paket Normal 24 Lü,8006530164030,125.93,125.93,,https://www.sariyermarket.com/orkid-ultra-ekstra-dortlu-paket-normal-24-lu
Kotex Ultra Hijyenik Ped Gece 6 Lı,8691900000768,99.90,99.90,,https://www.sariyermarket.com/kotex-ultra-hijyenik-ped-gece-6-li
Eti Lifalif 4 Tahıllı Granola 200 Gr,8690526594415,160.00,160.00,,https://www.sariyermarket.com/eti-lifalif-4-tahilli-granola-200-gr
Kireçburnu Karabuğdaylı Glutensiz Kurabiye Tahin Susam 180 Gr,8692170001301,169.90,169.90,,https://www.sariyermarket.com/kirecburnu-karabugdayli-glutensiz-kurabiye-tahin-susam-180-gr
Mövenpick Çikolatalı 500 Ml,7613034568175,545.90,545.90,,https://www.sariyermarket.com/movenpick-cikolatali-500-ml
Danone Activia Sade Yoğurt 400 Gr,8696368005812,99.90,99.90,,https://www.sariyermarket.com/danone-activia-sade-yogurt-400-gr
Bilezikçi Çiftliği Gezen Tavuk Yumurta 15li 53-63gr,8682325384106,219.00,219.00,,https://www.sariyermarket.com/bilezikci-ciftligi-gezen-tavuk-yumurta-15li-53-63gr
Cafe Crown Latte Kahve 17 Gr,8690504095569,12.50,12.50,,https://www.sariyermarket.com/cafe-crown-latte-kahve-17-gr
Lindt Excellence Portakalli Çikolata 100gr,3046920028370,299.90,299.90,,https://www.sariyermarket.com/lindt-excellence-portakalli-cikolata-100gr
Eti Karam Gurme Bitter Çikolata Kremalı Gofret 3'lü 150 Gr,8690526055411,89.50,89.50,,https://www.sariyermarket.com/eti-karam-gurme-bitter-cikolata-kremali-gofret-3lu-150-gr
Sarıyer Gurme Kangal Sucuk 250 Gr,8697402114972,345.00,345.00,,https://www.sariyermarket.com/sariyer-gurme-kangal-sucuk-250-gr
Züber Muzlu Hi Protein Bar 45 Gr,8681630755380,114.50,114.50,,https://www.sariyermarket.com/zuber-muzlu-hi-protein-bar-45-gr
Croque Tavuklu 1.5 Kg Yetişkin Kuru Kedi Maması,8681612751973,244.93,244.93,,https://www.sariyermarket.com/croque-tavuklu-1-5-kg-yetiskin-kuru-kedi-mamasi
Felix Sığır Etli Yaş Kedi Maması 85 Gr,7613287484406,39.90,39.90,,https://www.sariyermarket.com/felix-sigir-etli-yas-kedi-mamasi-85-gr
Haribo 80g Solucan,8691216020689,43.00,43.00,,https://www.sariyermarket.com/haribo-80g-solucan
Molped Pure & Soft Normal Süper Ekonomik 24 lü,8690536842193,139.90,139.90,,https://www.sariyermarket.com/molped-pure---soft-normal-super-ekonomik-24-lu
Loco No:03 Yeşil Elma Salatalik Fesleğen 225Ml,8683255401154,415.95,415.95,,https://www.sariyermarket.com/loco-no_03-yesil-elma-salatalik-feslegen-225ml
Acetum Beyaz Balsamik Sirke 250Ml,8015352319382,229.90,229.90,,https://www.sariyermarket.com/acetum-beyaz-balsamik-sirke-250ml
Ülker Çizi Bigbang Mısır Parçacıklı Ranch & Cheddar Çubuk 50 Gr,8690504009498,15.90,15.90,,https://www.sariyermarket.com/ulker-cizi-bigbang-misir-parcacikli-ranch-cheddar-cubuk-50-gr
Herby Matcha Antep Fıstığı Aromalı 25 Gr,8682450833548,348.90,348.90,,https://www.sariyermarket.com/herby-matcha-antep-fistigi-aromali-25-gr
Ice Break Toffee Nut Latte 375 Ml,8692971436012,64.90,64.90,,https://www.sariyermarket.com/ice-break-toffee-nut-latte-375-ml
Kühne Türk Tipi Turşu Biberiye 370ml,8696027011956,179.90,179.90,,https://www.sariyermarket.com/kuhne-turk-tipi-tursu-biberiye-370ml
Seyidoğlu Cevizli&Fındıklı Soğuk Baklava 375 Gr,8697512844035,209.93,209.93,,https://www.sariyermarket.com/seyidoglu-cevizli-findikli-soguk-baklava-375-gr
Knorr Fırında Tavuk Çeşnisi Mangal Lezzeti 29 Gr,8690637976599,67.90,67.90,,https://www.sariyermarket.com/knorr-firinda-tavuk-cesnisi-mangal-lezzeti-29-gr
Signal Whıte System Güçlü Diş Minesi Diş Macunu 75Ml,6221155141620,139.90,139.90,,https://www.sariyermarket.com/signal-white-system-guclu-dis-minesi-dis-macunu-75ml
Züber Ice Tea 4*250Ml,8681630813745,219.60,219.60,,https://www.sariyermarket.com/zuber-ice-tea-4-250ml
Altınkılıç Tam Yağlı Olgunlaştırılmış İnek Peyniri 500 Gr,8692886412095,355.90,355.90,,https://www.sariyermarket.com/altinkilic-tam-yagli-olgunlastirilmis-inek-peyniri-500-gr
Tamek Bezelye 670 Gr,8690575061913,86.90,86.90,,https://www.sariyermarket.com/tamek-bezelye-670-gr
Pedıgree Biftekli Köpek Konservesi 400 Gr,5900951284571,174.90,174.90,,https://www.sariyermarket.com/pedigree-biftekli-kopek-konservesi-400-gr
Danone Actıvıa Mıx & Go Sade 183 Gr,8696368000510,79.50,79.50,,https://www.sariyermarket.com/danone-activia-mix-go-sade-183-gr
Freşa İnişdibi Limonlu 200Ml,8693855007526,17.50,17.50,,https://www.sariyermarket.com/fresa-inisdibi-limonlu-200ml
Muni Ballı Tarçınlı Yer Fıstığı Barı 40gr,8697428021155,69.90,69.90,,https://www.sariyermarket.com/muni-balli-tarcinli-yer-fistigi-bari-40gr
Pepsi Max Vanilya & Krema 330 Ml,8690574118847,39.90,39.90,,https://www.sariyermarket.com/pepsi-max-vanilya-krema-330-ml
Chefline Edamame Soya Fasulyesi Asia 500 G,8697418669299,169.90,169.90,,https://www.sariyermarket.com/chefline-edamame-soya-fasulyesi-asia-500-g
Eyüp Sabri Tuncer Doğal Nane Özlü Diş Macunu 90 ml,8691685024454,199.90,199.90,,https://www.sariyermarket.com/eyup-sabri-tuncer-dogal-nane-ozlu-dis-macunu-90-ml
Red Bull Peach Edition Enerji İçeceği 250 Ml,90474675,70.00,70.00,,https://www.sariyermarket.com/red-bull-peach-edition-enerji-icecegi-250-ml
Cappy %100 Elma Şeftali Suyu 1 L,5449000159212,64.90,64.90,,https://www.sariyermarket.com/cappy--100-elma-seftali-suyu-1-l-
Jacobs Monarch Filtre Kahve 500 Gr,8697409880634,794.90,794.90,,https://www.sariyermarket.com/jacobs-monarch-filtre-kahve-500-gr
Dardanel Zeytinyağlı Poşet Ton Balığı 80 Gr,8690559021551,188.90,188.90,,https://www.sariyermarket.com/dardanel-zeytinyagli-poset-ton-baligi-80-gr
Fora Zeytin Ezmesi Siyah 175gr,,71.90,71.90,,https://www.sariyermarket.com/fora-zeytin-ezmesi-siyah-175gr
Nescafe 3ü1 Arada Ice 10 lu Paket,8690632019208,79.90,79.90,,https://www.sariyermarket.com/nescafe-3u1-arada-ice-10-lu-paket
Superfresh Mini Börek Peynirli 500 Gr,8690612507510,129.94,129.94,,https://www.sariyermarket.com/superfresh-mini-borek-peynirli-500-gr
Colgate Harry Potter 6+ Yaş Çocuk Diş Fırçası,8718951788992,247.43,247.43,,https://www.sariyermarket.com/colgate-harry-potter-6_-yas-cocuk-dis-fircasi
Balparmak Çıt Kapak Yayla Çiçek Balı 350 Gr,8690998117129,439.90,439.90,,https://www.sariyermarket.com/balparmak-cit-kapak-yayla-cicek-bali-350-gr
Hipp 100gr Organik Armut/Muz/Elma,4062300427907,129.90,129.90,,https://www.sariyermarket.com/hipp-100gr-organik-armut-muz-elma
Kühne Acılı Kahvaltılık Sos 300Gr,8696027018603,179.90,179.90,,https://www.sariyermarket.com/kuhne-acili-kahvaltilik-sos-300gr
Master Potato Acılı & Baharatlı Cips 160 Gr,8683717471435,120.00,120.00,,https://www.sariyermarket.com/master-potato-acili---baharatli-cips-160-gr
Fuse Tea Soğuk Çay Şeftali Aromalı İçecek Kutu 330 Ml,5000112664713,55.00,55.00,,https://www.sariyermarket.com/fuse-tea-soguk-cay-seftali-aromali-icecek-kutu-330-ml
Tabasco Habanero Aci Biber Sosu 60ml,11210006508,329.90,329.90,,https://www.sariyermarket.com/tabasco-habanero-aci-biber-sosu-60ml
Loco No:13 Vişne Çikolata 900 Ml,8683255401031,1250.00,1250.00,,https://www.sariyermarket.com/loco-no_13-visne-cikolata-900-ml
Sensodyne Diş Fırçası Promine Junior 6+ Yumuşak,8681291340734,229.90,229.90,,https://www.sariyermarket.com/sensodyne-dis-fircasi-promine-junior-6_-yumusak
Pedigree Biscrock Köpek Ödül Mamasi 200 Gr,5900951310720,184.90,184.90,,https://www.sariyermarket.com/pedigree-biscrock-kopek-odul-mamasi-200-gr
Sarıyer Gurme Yumuşak Beyaz Peynir Kg,2902004000001,450.00,450.00,,https://www.sariyermarket.com/sariyer-gurme-yumusak-beyaz-peynir-kg
Peyman Bahçeden Dut Kurusu 100 Gr,8695876200122,110.00,110.00,,https://www.sariyermarket.com/peyman-bahceden-dut-kurusu-100-gr
Uludağ Premium Pet Su 400 Ml,86949897,28.50,28.50,,https://www.sariyermarket.com/uludag-premium-pet-su-400-ml
Heinz Ketçap 570 Gr,8696362804732,99.90,99.90,,https://www.sariyermarket.com/heinz-ketcap-570-gr
Eti Balık Mini Mısırlı Kraker 70 Gr,8690533054735,22.00,22.00,,https://www.sariyermarket.com/eti-balik-mini-misirli-kraker-70-gr
Yayla Mercimek Çorbası 250gr,8693374258560,53.90,53.90,,https://www.sariyermarket.com/yayla-mercimek-corbasi-250gr
Sarelle Bitter Gofret 33gr,8683417000690,27.50,27.50,,https://www.sariyermarket.com/sarelle-bitter-gofret-33gr
Fellas Fındıklı Kakaolu Kuruyemiş Bar 30 Gr,8684207695683,59.95,59.95,,https://www.sariyermarket.com/fellas-findikli-kakaolu-kuruyemis-bar-30-gr
Orkid Ultra Ekstra Dörtlü Paket Uzun 18 Li,8006530164061,125.93,125.93,,https://www.sariyermarket.com/orkid-ultra-ekstra-dortlu-paket-uzun-18-li
Dr.Oetker Glutensiz Kakao 70 Gr,8690629443658,86.18,86.18,,https://www.sariyermarket.com/dr-oetker-glutensiz-kakao-70-gr
City Farm Organik Tel Şehriye 500gr,8698518423255,81.90,81.90,,https://www.sariyermarket.com/city-farm-organik-tel-sehriye-500gr
Ülker Altınbaşak Grissini 125 Gr,8690504058007,65.00,65.00,,https://www.sariyermarket.com/ulker-altinbasak-grissini-125-gr
Dr.Oetker Milkshake Çikolatalı 30 Gr,8690629432188,9.68,9.68,,https://www.sariyermarket.com/dr-oetker-milkshake-cikolatali-30-gr
Ülker Dankek Mozaik Baton Kek 200 Gr,8690504067863,60.00,60.00,,https://www.sariyermarket.com/ulker-dankek-mozaik-baton-kek-200-gr
Ülker 9 Kat Tat Fındıklı Gofret 39 Gr,8690504019503,13.50,13.50,,https://www.sariyermarket.com/ulker-9-kat-tat-findikli-gofret-39-gr
Ülker Çizi Çıtır Tulum Peynirli Köz Biberli Süper Boy 120 Gr,8690504077572,39.90,39.90,,https://www.sariyermarket.com/ulker-cizi-citir-tulum-peynirli-koz-biberli-super-boy-120-gr
Zekeriyaköy Çiftliği Tulum Peyniri 250 Gr,8699089585441,295.00,295.00,,https://www.sariyermarket.com/zekeriyakoy-ciftligi-tulum-peyniri-250-gr
Cappy Karışık Meyve Nektarı 6 X 200 Ml,5449000002105,79.90,79.90,,https://www.sariyermarket.com/cappy-karisik-meyve-nektari-6-x-200-ml
Ülker Fındıklı Sütlü Kare Çikolata 65 Gr,8690504145066,72.50,72.50,,https://www.sariyermarket.com/ulker-findikli-sutlu-kare-cikolata-65-gr
Eti Süt Burger Muzlu 35 Gr,8690526522647,17.50,17.50,,https://www.sariyermarket.com/eti-sut-burger-muzlu-35-gr
"Mc Cain Patates Fry N Dip 2,5 Kg",8710438058529,490.00,490.00,,https://www.sariyermarket.com/mc-cain-patates-fry-n-dip-2-5-kg
Sarıyer Gurme Castello Rokfor 100 Gr,5703985080092,195.00,195.00,,https://www.sariyermarket.com/sariyer-gurme-castello-rokfor-100-gr
Sütaş Süzme Form Peynir 500 Gr,8681324003599,162.90,162.90,,https://www.sariyermarket.com/sutas-suzme-form-peynir-500-gr
Barilla Arpa Şehriye (Risoni) 500 Gr,8690579991346,59.90,59.90,,https://www.sariyermarket.com/barilla-arpa-sehriye-500-gr
Orkid Ultra Extra Hijyenik Ped Gece Extra Tekli Paket 6 Ped,8700216448109,52.43,52.43,,https://www.sariyermarket.com/orkid-ultra-extra-hijyenik-ped-gece-extra-tekli-paket-6-ped
Bioblas Kepek&Dökülmeye Karşı Şampuan 360 Ml,8697432094008,209.90,209.90,,https://www.sariyermarket.com/bioblas-kepek-dokulmeye-karsi-sampuan-360-ml
Alcatra&Primavera 4 Lü Paket (Chedar-Emmental-Rozbeef-Kuru Et),86990895855714,705.00,705.00,,https://www.sariyermarket.com/alcatra-primavera-4-lu-paket-chedar-emmental-rozbeef-kuru-et
Uludağ Efsane Gazoz 6X250 Ml,8690723101836,237.90,237.90,,https://www.sariyermarket.com/uludag-efsane-gazoz-6x250-ml
Kuzu Kol Kg,2901013000002,1110.00,1110.00,,https://www.sariyermarket.com/kuzu-kol-kg
Eti Çikolata Bol Sütlü 60 Gr,8690526459400,67.00,67.00,,https://www.sariyermarket.com/eti-cikolata-bol-sutlu-60-gr
Oral-B iO 2 Şarjlı Diş Fırçası Pembe,8700216344586,5790.00,5790.00,,https://www.sariyermarket.com/oral-b-io-2-sarjli-dis-fircasi-pembe-
Lays Klasik Süper Boy 107gr,8690624105704,66.50,66.50,,https://www.sariyermarket.com/lays-klasik-super-boy-107gr
Pınar Kido Kakaolu Süt 180 Ml,8690565022108,20.90,20.90,,https://www.sariyermarket.com/pinar-kido-kakaolu-sut-180-ml
Kuzeyden %100 Narlı Limonata 250 Ml,8684556266800,99.90,99.90,,https://www.sariyermarket.com/kuzeyden-100-narli-limonata-250-ml-
Omo Active Fresh Beyazlar Toz Deterjan 36 Yıkama 5.5 Kg,8690637833465,599.90,599.90,,https://www.sariyermarket.com/omo-active-fresh-beyazlar-toz-deterjan-36-yikama-5-5-kg
Molfix Bebek Bezi 3d Junior Fırsat Paketi 48Li,8690536802968,439.90,439.90,,https://www.sariyermarket.com/molfix-bebek-bezi-3d-junior-firsat-paketi-48li
Antico Berg Savoiardi Kedi Dili 200 Gr,8002720005060,99.90,99.90,,https://www.sariyermarket.com/antico-berg-savoiardi-kedi-dili-200-gr
Eti Popkek Mini Muzlu Kremalı Kek 180 Gr,8690526096476,49.90,49.90,,https://www.sariyermarket.com/eti-popkek-mini-muzlu-kremali-kek-180-gr
Pedigree Tavuklu Konserve Yaş Mama 400 Gr,5900951284557,174.90,174.90,,https://www.sariyermarket.com/pedigree-tavuklu-konserve-yas-mama-400-gr
Tadım Kavrulmuş Fındık İçi 180Gr,8690787121030,328.00,328.00,,https://www.sariyermarket.com/tadim-kavrulmus-findik-ici-180gr
Lipton Doğu Karadeniz Demlik Poşet Çay 100'lü 320 Gr,5063305005069,299.90,299.90,,https://www.sariyermarket.com/lipton-dogu-karadeniz-demlik-poset-cay-100lu-320-gr
Yayla Domates Çorbası 250 Gr,8693374255378,39.90,39.90,,https://www.sariyermarket.com/yayla-domates-corbasi-250-gr
Juvenis Candy Shop Serisi Portakallı El Maskesi,8680624690959,149.90,149.90,,https://www.sariyermarket.com/juvenis-candy-shop-serisi-portakalli-el-maskesi
Fora Zeytin Ezmesi Siyah 340gr,8695608410089,129.90,129.90,,https://www.sariyermarket.com/fora-zeytin-ezmesi-siyah-340gr
Listerine Advanced Sensitive 500ml,3574661491905,325.52,325.52,,https://www.sariyermarket.com/listerine-advanced-sensitive-500ml
İçim Fit Süt Çikolatalı 400 Ml,8692971435657,69.90,69.90,,https://www.sariyermarket.com/icim-fit-sut-cikolatali-400-ml
Colgate Harry Potter Çocuk Diş Macunu 50 Ml,8718951819948,194.93,194.93,,https://www.sariyermarket.com/colgate-harry-potter-cocuk-dis-macunu-50-ml
Eti Petibör Kremalı Muzlu 270 Gr,8690526023618,70.00,70.00,,https://www.sariyermarket.com/eti-petibor-kremali-muzlu-270-gr
Apikoğlu Sucuk Kangal 280 Gr,8697420920302,669.90,669.90,,https://www.sariyermarket.com/apikoglu-sucuk-kangal-280-gr
Tempo Cezerye 50gr,8690949000234,59.90,59.90,,https://www.sariyermarket.com/tempo-cezerye-50gr
Fersan Elma Sirkesi 1 Lt,8690816040028,149.90,149.90,,https://www.sariyermarket.com/fersan-elma-sirkesi-1-lt
Ülker Yupo Jelly Kolalı 80 Gr,8690840176441,38.50,38.50,,https://www.sariyermarket.com/ulker-yupo-jelly-kolali-80-gr
Sarıyer Gurme Trabzon Tereyağ Kg,2901111000003,925.00,925.00,,https://www.sariyermarket.com/sariyer-gurme-trabzon-tereyag-kg
Bahçıvan Labne 180 Gr,8690843097866,84.90,84.90,,https://www.sariyermarket.com/bahcivan-labne-200-gr
Bağdat Kekik 25gr,8690560019219,82.90,82.90,,https://www.sariyermarket.com/bagdat-kekik-25gr
Ülker Dore Sade Kremalı Çikolata Bisküvi 86 Gr,8690504008699,30.00,30.00,,https://www.sariyermarket.com/ulker-dore-sade-kremali-cikolata-biskuvi-86-gr
Çaykur Rize Turist Çay 1000 Gr,8690105000115,394.90,394.90,,https://www.sariyermarket.com/caykur-rize-turist-cay-1000-gr
Nestle Nesfit Tam Tahıl ve Pirinç Gevreği 420 Gr,8690632064673,129.90,129.90,,https://www.sariyermarket.com/nestle-nesfit-tam-tahil-ve-pirinc-gevregi-420-gr
Tadım Bar Sportif 30 Gr,8690787561010,20.00,20.00,,https://www.sariyermarket.com/tadim-bar-sportif-30-gr
Züber Fındıklı Hi Protein Bar 45 Gr,8681630154015,114.50,114.50,,https://www.sariyermarket.com/zuber-findikli-hi-protein-bar-45-gr
Kent Missbon Kahveli 43 gr,8690515116314,32.90,32.90,,https://www.sariyermarket.com/kent-missbon-kahveli-43-gr
Sarıyer Gurme Antrikot Füme Et Kg,2901536000008,3750.00,3750.00,,https://www.sariyermarket.com/sariyer-gurme-antrikot-fume-et-kg
Sinangil Tam Buğday Unu 1000gr,8697702981830,71.90,71.90,,https://www.sariyermarket.com/sinangil-tam-bugday-unu-1000gr
Calgon Kireç Önleyici Tablet 40 Adet,8690570527698,419.90,419.90,,https://www.sariyermarket.com/calgon-kirec-onleyici-tablet-40-adet
Bingo 50 Yıkama Sıvı Çamaşır Deterjanı Onaran Koruma 3 Lt,8690536905133,319.90,319.90,,https://www.sariyermarket.com/bingo-50-yikama-sivi-camasir-deterjani-onaran-koruma-3-lt
Mısır 3lü,2601743000005,115.00,115.00,,https://www.sariyermarket.com/misir-3lu
Chefline Asia Bahçe Sebze Karışımı 500 Gr,8697418667387,199.90,199.90,,https://www.sariyermarket.com/chefline-asia-bahce-sebze-karisimi-500-gr
Nestle Nesfit Çikolatalı Tam Tahıl ve Pirinç Gevreği 400 Gr,8690632064697,169.90,169.90,,https://www.sariyermarket.com/nestle-nesfit-cikolatali-tam-tahil-ve-pirinc-gevregi-400-gr
Çaykur Demlik Süzen Poşet 40'Lı 200Gr,8690105000306,149.90,149.90,,https://www.sariyermarket.com/caykur-demlik-suzen-poset-40li-200gr
Kristal Dolgun Güçlü Natürel Sızma Zeytinyağı Teneke 3 L,8690819259427,1499.90,1499.90,,https://www.sariyermarket.com/kristal-dolgun-guclu-naturel-sizma-zeytinyagi-teneke-3-l
"Elmacık Su 1,5lt",8680152813103,14.90,14.90,,https://www.sariyermarket.com/elmacik-su-1-5lt
Eti Kakaolu Bisküvi 125 Gr,8690533091099,25.00,25.00,,https://www.sariyermarket.com/eti-kakaolu-biskuvi-125-gr
Eti Lifalif İnce Öğütülmüş Yulaf Ezmesi 350 Gr,8690526039503,74.90,74.90,,https://www.sariyermarket.com/eti-lifalif-ince-ogutulmus-yulaf-ezmesi-350-gr
Reis Royal Chia Tohumu 500 Gr,8690849242000,339.90,339.90,,https://www.sariyermarket.com/reis-royal-chia-tohumu-500-gr
Kinder Schoko Bons 125 Gr,5413548280189,239.90,239.90,,https://www.sariyermarket.com/kinder-schoko-bons-125-gr
Pınar Bitkisel Bazlı Yulaf İçeceği 1 Lt,8690565026489,154.90,154.90,,https://www.sariyermarket.com/pinar-bitkisel-bazli-yulaf-icecegi-1-lt
Nescafe Gold Ekonomik Paket 50 Gr,8690632248868,199.90,199.90,,https://www.sariyermarket.com/nescafe-gold-ekonomik-paket-50-gr
Colgate 360° Optik Beyaz Orta Diş Firçasi 1+1,8693495036702,322.43,322.43,,https://www.sariyermarket.com/colgate-360%C2%B0-optik-beyaz-orta-dis-fircasi-1_1
Eti Petito Sosbom Sütlü Kremalı 50g,8690526518596,30.00,30.00,,https://www.sariyermarket.com/eti-petito-sosbom-sutlu-kremali-50g
Yayla Fasulye Pilaki 400 Gr,8693374255453,65.90,65.90,,https://www.sariyermarket.com/yayla-fasulye-pilaki-400-gr
Ülker Damla Bitter Çikolata 120 Gr,8690504180906,140.00,140.00,,https://www.sariyermarket.com/ulker-damla-bitter-cikolata-120-gr
Chupa Chups Popcorn Apple 90 Gr,8720892211651,239.90,239.90,,https://www.sariyermarket.com/chupa-chups-popcorn-apple-90-gr
Biber Dolma Kg,2910218000007,69.90,69.90,,https://www.sariyermarket.com/biber-dolma-kg
Danone Mix Çikolata Topçuklu Yogurt 2X90 Gr,8696368005935,59.00,59.00,,https://www.sariyermarket.com/danone-mix-cikolata-topcuklu-yogurt-2x90-gr
Tchibo Sicilia Çekirdek Kahve Espresso 500 Gr,4046234567151,999.90,999.90,,https://www.sariyermarket.com/tchibo-sicilia-cekirdek-kahve-espresso-500-gr
Yenigün Organik Vişne Reçeli 290 Gr,8691588112067,450.90,450.90,,https://www.sariyermarket.com/yenigun-organik-visne-receli-290-gr
Milka Lila Pause Çilekli 34 Gr,76223266,92.50,92.50,,https://www.sariyermarket.com/milka-lila-pause-cilekli-34-gr
Tadelle Fındık Dolgulu Bitter Çikolata 30 gr,8683417000171,37.50,37.50,,https://www.sariyermarket.com/tadelle-findik-dolgulu-bitter-cikolata-30-gr
Ülker Halley Mini Karadutlu 74gr,8690504186922,27.50,27.50,,https://www.sariyermarket.com/ulker-halley-mini-karadutlu-74gr
Jacobs Monarch Gold 100 Gr,7622400005787,499.90,499.90,,https://www.sariyermarket.com/jacobs-monarch-gold-100-gr
Pidemiss Napoliten Pizza Pesto Soslu 460 Gr,8681820156287,159.90,159.90,,https://www.sariyermarket.com/pidemiss-napoliten-pizza-pesto-soslu-460-gr
Sütaş Kaymaksız Yoğurt 1500 Gr,8690767670206,99.90,99.90,,https://www.sariyermarket.com/sutas-kaymaksiz-yogurt-1500-gr
Anavarza Tüp Bal Kral Şakir Lisanslı 40 Gr,8695707999812,35.90,35.90,,https://www.sariyermarket.com/anavarza-tup-bal-kral-sakir-lisansli-40-gr
İçim Dilimli Tost Peyniri 500gr,8692971435732,294.90,294.90,,https://www.sariyermarket.com/icim-dilimli-tost-peyniri-500gr
Pınar Gurme Sucuk 250 Gr,8690527020920,549.90,549.90,,https://www.sariyermarket.com/pinar-gurme-sucuk-250-gr
Çaykur Rize Turist Çay 500 Gr,8690105000122,234.90,234.90,,https://www.sariyermarket.com/caykur-rize-turist-cay-500-gr
Tchibo Cafissimo Barista Espresso 10'lu Kapsül 80 Gr,4061445355601,299.90,299.90,,https://www.sariyermarket.com/tchibo-cafissimo-barista-espresso-10lu-kapsul-80-gr
Züber Dolu Dolu Meyve Bar Fındık Ezmeli 30 Gr,8681630428963,64.95,64.95,,https://www.sariyermarket.com/zuber-dolu-dolu-findik-ezmeli-bar-30-gr
Felix Ton Balıklı Yaş Kedi Maması 85 Gr,7613287484185,39.90,39.90,,https://www.sariyermarket.com/felix-ton-balikli-yas-kedi-mamasi-85-gr
Colgate Recyclean Derin Temizlik Yumuşak Diş Fırçası,8718951409835,112.43,112.43,,https://www.sariyermarket.com/colgate-recyclean-derin-temizlik-yumusak-dis-fircasi
Loacker Quadratini Napolitaner 54 Gr,80885559,139.90,139.90,,https://www.sariyermarket.com/loacker-quadratini-napolitaner-54-gr
Eker Tava Yoğurt 1000gr,8691316521666,144.90,144.90,,https://www.sariyermarket.com/eker-tava-yogurt-1000gr
Whiskas Tasty Mix Havuçlu Kedi Maması 85 G,4770608262358,39.90,39.90,,https://www.sariyermarket.com/whiskas-tasty-mix-havuclu-kedi-mamasi-85-g
Fellas Yer Fıstıklı ve Kakaolu Yüksek Protein Bar 45 Gr,8681185086243,99.95,99.95,,https://www.sariyermarket.com/fellas-yer-fistikli-ve-kakaolu-yuksek-protein-bar-45-gr
Kartal Ançuez Tüp Balık Ezme 90gr,8693727000105,269.90,269.90,,https://www.sariyermarket.com/kartal-ancuez-tup-balik-ezme-90gr
Fellas Dört Tohumlu Kuruyemiş Bar 30 Gr,8684207695652,59.95,59.95,,https://www.sariyermarket.com/fellas-dort-tohumlu-kuruyemis-bar-30-gr
Eyüp Sabri Tuncer Diş Macun Çocuk Karadut Özlü 60m,8691685024393,189.90,189.90,,https://www.sariyermarket.com/eyup-sabri-tuncer-dis-macun-cocuk-karadut-ozlu-60m
Sensodyne Sensitivty Hassasiyet Çürük Karşıtı 75Ml,8681291342431,179.90,179.90,,https://www.sariyermarket.com/sensodyne-sensitivty-hassasiyet-curuk-karsiti-75ml
Suprapet Yavru Köpek Kuzulu Parça Etli ve Jöleli 400 Gr,8684272331684,89.90,89.90,,https://www.sariyermarket.com/suprapet-yavru-kopek-kuzulu-parca-etli-ve-joleli-400-gr
Whiskas Ton Balıklı Konserve Yaş Kedi Maması 400 Gr,5900951305429,175.90,175.90,,https://www.sariyermarket.com/whiskas-ton-balikli-konserve-yas-kedi-mamasi-400-gr
Doytat Yeni Bahar 30gr,8697826340193,59.90,59.90,,https://www.sariyermarket.com/doytat-yeni-bahar-30gr
Pek Food Ezine Peynirli Rulo Börek 500Gr,8696056100959,179.90,179.90,,https://www.sariyermarket.com/pek-food-ezine-peynirli-rulo-borek-500gr
Tamek Meyve Suyu Mango 1lt,8690575871321,64.90,64.90,,https://www.sariyermarket.com/tamek-meyve-suyu-mango-1lt
Nescafé Xpress Black Roast Soğuk Kahve 250 Ml,8690632762890,49.90,49.90,,https://www.sariyermarket.com/nescaf%C3%A9-xpress-black-roast-soguk-kahve-250-ml
Wefood Glütensiz Granola Kakao&Fındık 60 Gr,8683347035809,75.00,75.00,,https://www.sariyermarket.com/wefood-glutensiz-granola-kakao-findik-60-gr
O.K.Zero Extreme 10'Lu,8850956393976,519.90,519.90,,https://www.sariyermarket.com/o-k-zero-extreme-10lu
Filiz Arpa Şehriye 500 Gr,8690579992749,34.90,34.90,,https://www.sariyermarket.com/filiz-arpa-sehriye-500-gr
Ülker Albeni 4'lü Paket 160 Gr,8690504036319,76.00,76.00,,https://www.sariyermarket.com/ulker-albeni-4lu-paket-160-gr
Alaçatı Damla Sakızlı Kurabiye 250 Gr,8680474790021,209.90,209.90,,https://www.sariyermarket.com/alacati-damla-sakizli-kurabiye-250-gr
Çaykur Filiz Çay 1000 Gr,8690105010077,359.90,359.90,,https://www.sariyermarket.com/caykur-filiz-cay-1000-gr
Schar Glutensiz Dilimli Ekmek 250 Gr,8008698024065,159.90,159.90,,https://www.sariyermarket.com/schar-glutensiz-dilimli-ekmek-250-gr
Pınar Süzme Peynir Yarım Yağlı Daha Az Tuzlu 500 Gr,8690565021842,170.90,170.90,,https://www.sariyermarket.com/pinar-suzme-peynir-yarim-yagli-daha-az-tuzlu-500-gr
Freşa C Vit.Limon 200Ml,8693855007823,17.50,17.50,,https://www.sariyermarket.com/fresa-c-vit-limon-200ml
Ülker Çizi Bigbang Yer Fıstığı Dolgulu Mini Kraker 70 Gr,8690504058786,24.90,24.90,,https://www.sariyermarket.com/ulker-cizi-bigbang-yer-fistigi-dolgulu-mini-kraker-70-gr
Ülker Çokonat Sütlü Maxi Gofret 45 Gr,8683508073909,34.00,34.00,,https://www.sariyermarket.com/ulker-cokonat-sutlu-maxi-gofret-45-gr
Algida Bizim Usta Karamel Bal Badem 600 Ml,8721274647990,165.00,165.00,,https://www.sariyermarket.com/algida-bizim-usta-karamel-bal-badem-600-ml
Kent Olips Mentollü Şeker 76 Gr,8690515124005,84.90,84.90,,https://www.sariyermarket.com/kent-olips-mentollu-seker-76-gr
Fairy 650 ml Sıvı Bulaşık Deterjanı Elma,5413149799035,109.90,109.90,,https://www.sariyermarket.com/fairy-650-ml-sivi-bulasik-deterjani-elma
Red Bull Enerji İçeceği Yellow Edition 250 Ml,90456077,70.00,70.00,,https://www.sariyermarket.com/red-bull-enerji-icecegi-yellow-edition-250-ml
Komili Ayçiçek Yağı 5 Lt,8699300272259,539.90,539.90,,https://www.sariyermarket.com/komili-aycicek-yagi-5-lt-
Superfresh Böğürtlen 300 Gr,8690612479213,219.90,219.90,,https://www.sariyermarket.com/superfresh-bogurtlen-300-gr
Lays Fırından Yoğurt&Mevsim Yeşillikleri Süper Boy 110 Gr,8690624105292,66.50,66.50,,https://www.sariyermarket.com/lays-firindan-yogurt-mevsim-yesillikleri-super-boy-110-gr
Kotex Young Single Ultra Gece Pedi 6lı,5029053584362,106.90,106.90,,https://www.sariyermarket.com/kotex-young-single-ultra-gece-pedi-6li
Fide Ton Mısırlı Zeytinyağlı 220Gr,8691405801020,169.90,169.90,,https://www.sariyermarket.com/fide-ton-misirli-zeytinyagli-220gr
Kuzu Kapama(Gerdan)Kg,2901016000009,1125.00,1125.00,,https://www.sariyermarket.com/kuzu-kapama(gerdan)kg
Pınar Halka Kalamar 400 Gr,8690527310199,575.90,575.90,,https://www.sariyermarket.com/pinar-halka-kalamar-400-gr
Balocco Karabuğdaylı Çikolatalı Bıscuıts 350Gr,8001100069708,229.90,229.90,,https://www.sariyermarket.com/balocco-karabugdayli-cikolatali-biscuits-350gr
Felix Konserve Sığır Etli Kedi Maması 400 Gr,7613287520845,229.90,229.90,,https://www.sariyermarket.com/felix-konserve-sigir-etli-kedi-mamasi-400-gr
Monster Pipeline Punch Enerji İçeceği Kutu 500 Ml,5061013944526,70.00,70.00,,https://www.sariyermarket.com/monster-pipeline-punch-enerji-icecegi-kutu-500-ml
Komili Naturel Sızma Zeytinyağı Yumuşak Lezzet 2 Lt,8690876000734,649.90,649.90,,https://www.sariyermarket.com/komili-naturel-sizma-zeytinyagi-yumusak-lezzet-2-lt
Peyman Nutzz Patlamış Mısır Klasik 105 Gr,8695876203703,40.00,40.00,,https://www.sariyermarket.com/peyman-nutzz-patlamis-misir-klasik-105-gr
Anavarza Süzme Çiçek Balı 450 Gr,8695707060024,329.90,329.90,,https://www.sariyermarket.com/anavarza-suzme-cicek-bali-450-gr
Koska Helva Diabetik Kakaolu 350gr,8690710010035,199.90,199.90,,https://www.sariyermarket.com/koska-helva-diabetik-kakaolu-350gr
Pınar Krem Peynir Cheddarlı 270 Gr,8690565025673,134.90,134.90,,https://www.sariyermarket.com/pinar-krem-peynir-cheddarli-270-gr
Sütaş Pratik Şişe Ayran 1 Lt,8690767160189,61.90,61.90,,https://www.sariyermarket.com/sutas-pratik-sise-ayran-1-lt
Bağdat Çıtır Pane Harcı 90 Gr,8690560016270,52.90,52.90,,https://www.sariyermarket.com/bagdat-citir-pane-harci-90-gr
Doğadan Rahat Hisset Çayı 18'li 24 Gr,8699432216138,86.18,86.18,,https://www.sariyermarket.com/dogadan-rahat-hisset-cayi-18li-24-gr
Sarıyer Gurme Kadınbudu Köfte Adet,2603044000005,125.00,125.00,,https://www.sariyermarket.com/sariyer-gurme-kadinbudu-kofte-adet
Ariel Toz Parlak Renkler 4 Kg,8001090846273,399.90,399.90,,https://www.sariyermarket.com/ariel-toz-parlak-renkler-4-kg
Komili Ayçiçek Yağı 1lt,8699300272006,189.90,189.90,,https://www.sariyermarket.com/komili-aycicek-yagi-1lt
Tadım Kuru Kayısı 140 Gr,8690787361047,130.00,130.00,,https://www.sariyermarket.com/tadim-kuru-kayisi-140-gr
Dana Köfte 350gr,8699085821062,345.00,345.00,,https://www.sariyermarket.com/dana-kofte-350gr
Nish Kapsül Kahve 55Gr İtaly,8683583873371,249.90,249.90,,https://www.sariyermarket.com/nish-kapsul-kahve-55gr-italy
Eti Popkek Muzlu Kek 60 Gr,8690526093727,15.00,15.00,,https://www.sariyermarket.com/eti-popkek-muzlu-kek-60-gr
Ülker Çokomel Marshmallow Sade 180 Gr,8690504131618,90.00,90.00,,https://www.sariyermarket.com/ulker-cokomel-marshmallow-sade-180-gr
Züber Çilekli Hi Protein Bar 45 Gr,8681630755441,114.50,114.50,,https://www.sariyermarket.com/zuber-cilekli-hi-protein-bar-45-gr
Pidemiss Kıymalı Pide 125gr 3lü,8680628427537,194.90,194.90,,https://www.sariyermarket.com/pidemiss-kiymali-pide-125gr-3lu
Milka Oreo Sandviç Çilekli Tablet Çikolata 92 gr,7622202212215,159.90,159.90,,https://www.sariyermarket.com/milka-oreo-sandvic-cilekli-tablet-cikolata-92-gr
Hipp Organik Çilek Muz Elmalı Meyve Püresi 100gr,4062300427914,129.90,129.90,,https://www.sariyermarket.com/hipp-organik-cilek-muz-elmali-meyve-puresi-100gr
Fiskobirlik Fındık Ezmesi 300 Gr,8691641080036,199.90,199.90,,https://www.sariyermarket.com/fiskobirlik-findik-ezmesi-300-gr
NIVEA Zeytinyağı Nemlendirici El Bakım Kremi 75 Ml,4005900541253,229.90,229.90,,https://www.sariyermarket.com/nivea-zeytinyagi-nemlendirici-el-bakim-kremi-75-ml
Dr.Oetker Pizza Speciale 4'lü Mini Pizza 720 Gr,8690629439293,262.43,262.43,,https://www.sariyermarket.com/dr-oetker-pizza-speciale-4lu-mini-pizza-720-gr
Söke Tam Çavdar Unu 1 Kg,8690577002600,84.90,84.90,,https://www.sariyermarket.com/soke-tam-cavdar-unu-1-kg
Pet's Family Pouch Yetişkin Kedi Maması Somon Jöleli 85Gr,8681085426538,34.93,34.93,,https://www.sariyermarket.com/pets-family-pouch-yetiskin-kedi-mamasi-somon-joleli-85gr
Hastavuk Tb. Piliç Izgara Kanat Kg,2823939000006,419.00,419.00,,https://www.sariyermarket.com/hastavuk-tb-pilic-izgara-kanat-kg
Nescafe Classic Ekonomik Paket 100 Gr,8690632131528,199.50,199.50,,https://www.sariyermarket.com/nescafe-classic-ekonomik-paket-100-gr
Castello Blue Cheese Rokfor Peyniri Kg,2903032000001,1795.00,1795.00,,https://www.sariyermarket.com/castello-blue-cheese-rokfor-peyniri-kg
Pınar Süt %1 Yağlı 1 Lt,8690565026335,69.90,69.90,,https://www.sariyermarket.com/pinar-sut-1-yagli-1-lt-
Uludağ Frutti Extra Orman Meyveli Pet 1 Lt,1500144801802,56.90,56.90,,https://www.sariyermarket.com/uludag-frutti-extra-orman-meyveli-pet-1-lt
Filiz Spagetti (Çubuk) Makarna 500 Gr,8690579331043,34.90,34.90,,https://www.sariyermarket.com/filiz-spagetti-cubuk-makarna-500-gr
Tadım Kavrulmuş Tuzlu Zarlı Kaju Fıstığı 140 Gr,8690787651032,225.00,225.00,,https://www.sariyermarket.com/tadim-kavrulmus-tuzlu-zarli-kaju-fistigi-140-gr
Tadelle Tablet Çikolata Antep fıstıklı 60 gr,8683417002595,85.00,85.00,,https://www.sariyermarket.com/tadelle-tablet-cikolata-antep-fistikli-60-gr
Mentos 2 Saat Clean Breath Nane Aromalı Şeker 35 Gr,80799467,80.00,80.00,,https://www.sariyermarket.com/mentos-2-saat-clean-breath-nane-aromali-seker-35-gr
Koska İncir Reçeli 380gr,8690710003563,104.90,104.90,,https://www.sariyermarket.com/koska-incir-receli-380gr
Yayla Haşlanmış Suyu Süzülmüş Nohut 150 g,8693374265551,39.90,39.90,,https://www.sariyermarket.com/yayla-haslanmis-suyu-suzulmus-nohut-150-g
Aly Baklavalik ve Böreklik Yufka 44'Li 800gr,8699847070202,179.90,179.90,,https://www.sariyermarket.com/aly-baklavalik-ve-boreklik-yufka-44li-800gr
Pınar Çıtır Balık 400 Gr,8690527130827,359.90,359.90,,https://www.sariyermarket.com/pinar-citir-balik-400-gr
Anavarza Kestane Balı 450 Gr,8695707980285,1399.90,1399.90,,https://www.sariyermarket.com/anavarza-kestane-bali-450-gr
Arıcan Yayla Kır Çiçekleri Balı 850gr,8692970009507,899.90,899.90,,https://www.sariyermarket.com/arican-yayla-kir-cicekleri-bali-850gr
Tadım Tahıllı Bar 30 Gr,8690787591017,25.00,25.00,,https://www.sariyermarket.com/tadim-tahilli-bar-30-gr
Knorr 4 Peynirli Makarna Sosu 50 Gr,8683130089651,79.90,79.90,,https://www.sariyermarket.com/knorr-4-peynirli-makarna-sosu-50-gr
Ülker Dankek Çikolatalı Rulo Pasta 235 Gr,8690504067818,70.00,70.00,,https://www.sariyermarket.com/ulker-dankek-cikolatali-rulo-pasta-235-gr
Balküpü Küp Şeker 1000 Gr,8690778655018,64.90,64.90,,https://www.sariyermarket.com/balkupu-kup-seker-1000-gr
Domates Pembe Kg,2901531000003,165.00,165.00,,https://www.sariyermarket.com/domates-pembe-kg
Wefood Glutensiz Grissini Sade 40Gr,8683347035533,69.90,69.90,,https://www.sariyermarket.com/wefood-glutensiz-grissini-sade-40gr
Feast Crinky Patates 1 Kg,8697343112235,162.00,162.00,,https://www.sariyermarket.com/feast-crinky-patates-1-kg
Doytat Hindistan Cevizi 125gr,8697826341060,114.90,114.90,,https://www.sariyermarket.com/doytat-hindistan-cevizi-125gr
Elidor 400Ml Anında Onarıcı Şampuan,8683130108543,219.90,219.90,,https://www.sariyermarket.com/elidor-400ml-aninda-onarici-sampuan
Çotanak Fındık Yağı 2lt,8693275000961,659.90,659.90,,https://www.sariyermarket.com/cotanak-findik-yagi-2lt
Khao Shong Karışık Pirinç Kraker 120gr,8850043332413,249.90,249.90,,https://www.sariyermarket.com/khao-shong-karisik-pirinc-kraker-120gr
Algida Nogger Sandwich Çikolata Karamel 145 Ml,8721274616392,65.00,65.00,,https://www.sariyermarket.com/algida-nogger-sandwich-cikolata-karamel-145-ml
City Farm Organik Sıkma Kapak Tahin 350gr,8698518427475,349.90,349.90,,https://www.sariyermarket.com/city-farm-organik-sikma-kapak-tahin-350gr
Eti Crax Çubuk Kraker 85 Gr,8690526437811,14.50,14.50,,https://www.sariyermarket.com/eti-crax-cubuk-kraker-85-gr
Tadım Gün Kurusu 140 Gr,8690787371046,135.00,135.00,,https://www.sariyermarket.com/tadim-gun-kurusu-140-gr
Eti Petit Beurre Bisküvi 200 Gr,8690526091013,32.00,32.00,,https://www.sariyermarket.com/eti-petit-beurre-biskuvi-200-gr
Sarıyer Gurme Keçi Peyniri Kg,2900452000000,745.00,745.00,,https://www.sariyermarket.com/sariyer-gurme-keci-peyniri-kg
Sade Organik Pirinç 1000 Gr,8697463090994,184.90,184.90,,https://www.sariyermarket.com/sade-organik-pirinc-1000-gr
Barilla Tam Buğday Kalem Makarna (Integrale Pennette Rigate) 400 Gr,8690579975032,59.90,59.90,,https://www.sariyermarket.com/barilla-tam-bugday-kalem-makarna-integrale-pennette-rigate-400-gr
Oreo Bisküvi Choco 95gr,7622202312939,79.90,79.90,,https://www.sariyermarket.com/oreo-biskuvi-choco-95gr
Jif Creamy Peanut Butter Fıstık Ezmesi 454 G,,399.90,399.90,,https://www.sariyermarket.com/jif-creamy-peanut-butter-fistik-ezmesi-454-g
"Cafe Crown 3'ü 1 Arada 17,5 Gr",8690504098256,11.50,11.50,,https://www.sariyermarket.com/cafe-crown-3u-1-arada-17-5-gr
Muz İthal Kg,2910204000004,185.00,185.00,,https://www.sariyermarket.com/muz-ithal-kg
"Nestle Nesfit Çilekli Tam Tahıllı Bar 23,5 Gr",5900020028228,29.90,29.90,,https://www.sariyermarket.com/nestle-nesfit-cilekli-tam-tahilli-bar-23-5-gr
Superfresh Frulove Vişneli Browni Topları 170 Gr,8690612605858,209.94,209.94,,https://www.sariyermarket.com/superfresh-frulove-visneli-browni-toplari-170-gr
Pınar Akçaabat Köfte 400 Gr,8690527101452,549.90,549.90,,https://www.sariyermarket.com/pinar-akcaabat-kofte-400-gr
Ecowell Organik Çocuk Bambu Diş Fırçası 75Ml,8680624094955,199.00,199.00,,https://www.sariyermarket.com/ecowell-organik-cocuk-bambu-dis-fircasi-75ml
Garden Mix Etli Kedi Stick Ödül 3x5gr,8681085426392,83.93,83.93,,https://www.sariyermarket.com/garden-mix-etli-kedi-stick-odul-3x5gr
Kühne Lutenitsa Sos 310 Gr,8696027017330,159.90,159.90,,https://www.sariyermarket.com/kuhne-lutenitsa-sos-310-gr
Dardanel Zeytinyağlı Ton Balığı 2x140 Gr,8690559022152,472.90,472.90,,https://www.sariyermarket.com/dardanel-zeytinyagli-ton-baligi-2x140-gr
Feast Gurme Churros Kesim Patates 1 Kg,8697343111689,167.94,167.94,,https://www.sariyermarket.com/feast-gurme-churros-kesim-patates-1-kg
Yayla Glutensiz Nohutlu Karabuğday Pilavı 250 Gr,8693374258881,58.90,58.90,,https://www.sariyermarket.com/yayla-glutensiz-nohutlu-karabugday-pilavi-250-gr
Calve Acı Ranch Sos 245 Gr,8683130144916,119.90,119.90,,https://www.sariyermarket.com/calve-aci--ranch-sos-245-gr
Magnum Mini Utopia Ahududu Badem 283 Ml,8721274646979,225.00,225.00,,https://www.sariyermarket.com/magnum-mini-utopia-ahududu-badem-283-ml
Keskinoğlu Tabaklı Izgaralık Kanat Kg,2816320000006,390.00,390.00,,https://www.sariyermarket.com/keskinoglu-tabakli-izgaralik-kanat-kg
Fuse Tea Soğuk Çay Karpuz Aromalı İçecek Kutu 6X330 Ml,5000112666243,325.00,325.00,,https://www.sariyermarket.com/fuse-tea-soguk-cay-karpuz-aromali-icecek-kutu-6x330-ml
Tchibo Türk Kahvesi 100 Gr,4046234824209,96.90,96.90,,https://www.sariyermarket.com/tchibo-turk-kahvesi-100-gr
Namet Dana Dilimli Jambon 110 Gr,8697471723426,169.90,169.90,,https://www.sariyermarket.com/namet-dana-dilimli-jambon-110-gr
Scotti Arborio Pirinci 500gr,8001860201516,299.90,299.90,,https://www.sariyermarket.com/scotti-arborio-pirinci-500gr
Doytat Mavi Haşhaş 70gr,8697635603885,56.90,56.90,,https://www.sariyermarket.com/doytat-mavi-hashas-70gr
Heidi Karamelli Bisküvi Dolgulu Çikolata 55 Gr,5941021029258,99.90,99.90,,https://www.sariyermarket.com/heidi-karamelli-biskuvi-dolgulu-cikolata-55-gr
Kühne Taneli Hardal Pet 275Gr,8696027018474,149.90,149.90,,https://www.sariyermarket.com/kuhne-taneli-hardal-pet-275gr
Magic Seasoning Et Baharati 71gr,47997123114,189.90,189.90,,https://www.sariyermarket.com/magic-seasoning-et-baharati-71gr
Pınar Simit 4'Lü 400 Gr,8690527111185,129.90,129.90,,https://www.sariyermarket.com/pinar-simit-4lu-400-gr
Süper Fresh Kıymalı Pelmeni Mantı 400 Gr,8690612519780,289.90,289.90,,https://www.sariyermarket.com/super-fresh-kiymali-pelmeni-manti-400-gr
Dr.Oetker Guseppe 4 Peynirli Pizza 358 Gr,8690629445034,172.43,172.43,,https://www.sariyermarket.com/dr-oetker-guseppe-4-peynirli-pizza-358-gr
Jacobs Brazil Origin Çözülebilir Kahve 95 Gr,8711000567968,479.90,479.90,,https://www.sariyermarket.com/jacobs-brazil-origin-cozulebilir-kahve-95-gr
Minky Anti Bakteriyel Mutfak Pedi,5010353323713,189.90,189.90,,https://www.sariyermarket.com/minky-anti-bakteriyel-mutfak-pedi
Sinangil Kepekli Un 1000gr,8697702980659,72.90,72.90,,https://www.sariyermarket.com/sinangil-kepekli-un-1000gr
Sarıyer Gurme Dil Peyniri Kg,2900083000004,945.00,945.00,,https://www.sariyermarket.com/sariyer-gurme-dil-peyniri-kg
Kühne Salatalık Turşusu Alman Tipi Grill Gurken 720Ml,8696027014254,239.90,239.90,,https://www.sariyermarket.com/kuhne-salatalik-tursusu-alman-tipi-grill-gurken-720ml
Nescafe Cappuccino Şekerli 15 Gr,8690632021478,17.50,17.50,,https://www.sariyermarket.com/nescafe-cappuccino-sekerli-15-gr
Pastavilla Makarna Sosu Pesto 190gr,8690684006706,144.90,144.90,,https://www.sariyermarket.com/pastavilla-makarna-sosu-pesto-190gr
Hero Goodies Çilek Elma Pouch 100 Gr,8691080555218,89.90,89.90,,https://www.sariyermarket.com/hero-goodies-cilek-elma-pouch-100-gr
"Kuzeyden Su 1,5 Lt",8681763366620,24.90,24.90,,https://www.sariyermarket.com/kuzeyden-su-1-5-lt
Sprite Cool Lemon Mint Limon & Nane Aromalı Gazoz 1 Lt,5000112693850,70.00,70.00,,https://www.sariyermarket.com/sprite-cool-lemon-mint-limon---nane-aromali-gazoz-1-lt
Danone Disney Çilek Aromalı Süt 180 Ml,86902618,29.50,29.50,,https://www.sariyermarket.com/danone-disney-cilek-aromali-sut-180-ml
Locavore Jersey Tereyağ Tuzlu 250 Gr,8683079802274,314.90,314.90,,https://www.sariyermarket.com/locavore-jersey-tereyag-tuzlu-250-gr
Dana Et Sote Kg,2910327000004,1250.00,1250.00,,https://www.sariyermarket.com/dana-et-sote-kg
Kahve Dünyası Tambol Çilekli Milföy Dolgulu Sütlü Çikolata 100 GR,8699270023769,89.90,89.90,,https://www.sariyermarket.com/kahve-dunyasi-tambol-cilekli-milfoy-dolgulu-sutlu-cikolata-100-gr
Activia Doğal Probiyotik Sade Yoğurt 4x100 Gr,8696368011332,114.50,114.50,,https://www.sariyermarket.com/activia-dogal-probiyotik-sade-yogurt-4x100-gr
Hanuta Gofret T2 2x22 Gr,8000500273555,59.90,59.90,,https://www.sariyermarket.com/hanuta-gofret-t2-2x22-gr
Irem Yufka 800gr Baklavalik,8693804012533,134.90,134.90,,https://www.sariyermarket.com/irem-yufka-800gr-baklavalik
Algida Maraş Usulü Sade Dondurma Cup 105 Ml,8690637940668,40.00,40.00,,https://www.sariyermarket.com/algida-maras-usulu-sade-dondurma-cup-105-ml
Kiri Tam Yağlı Taze Peynir 150 Gr,3073781125566,124.90,124.90,,https://www.sariyermarket.com/kiri-tam-yagli-taze-peynir-150-gr
İçim Süt 500 Ml,8690504095507,41.90,41.90,,https://www.sariyermarket.com/icim-sut-500-ml
Sensodyne Onarım Koruma Diş Macunu 75 Ml,5054563016621,399.90,399.90,,https://www.sariyermarket.com/sensodyne-onarim-koruma-dis-macunu-75-ml
Eti Benimo Lokmalık Çikolatalı Bisküvi 80 Gr,8690526643298,35.00,35.00,,https://www.sariyermarket.com/eti-benimo-lokmalik-cikolatali-biskuvi-80-gr
Muni Ballı Fıstık Ezmesi 300gr,8697428020974,379.90,379.90,,https://www.sariyermarket.com/muni-balli-fistik-ezmesi-300gr
Doytat Köfte Bahar 30gr,8697826340155,26.90,26.90,,https://www.sariyermarket.com/doytat-kofte-bahar-30gr
Ülker Everwell Karamürver C Vitamin Tablet 15'li 67.5 Gr,8690840173211,190.00,190.00,,https://www.sariyermarket.com/ulker-everwell-karamurver-c-vitamin-tablet-15li-67-5-gr
Colgate Ağız Bakım Suyu Nane Ferahlığı 500 Ml,8718951711921,281.18,281.18,,https://www.sariyermarket.com/colgate-agiz-bakim-suyu-nane-ferahligi-500-ml
Humm Organic Mangolu Meyve Küpü 30 Gr,8680050321205,119.95,119.95,,https://www.sariyermarket.com/humm-organic-mangolu-meyve-kupu-30-gr
Doğadan Antep Fıstık Aromalı Matcha Yeşil Çay Tozu 25 G,8699432220852,243.68,243.68,,https://www.sariyermarket.com/dogadan-antep-fistik-aromali-matcha-yesil-cay-tozu-25-g
Eker Kefir Ananaslı 200 ml,8691316522885,32.90,32.90,,https://www.sariyermarket.com/eker-kefir-ananasli-200-ml
İçim Sade Kefir 250 Ml,8692971429564,44.90,44.90,,https://www.sariyermarket.com/icim-sade-kefir-250-ml
Eti Etimek Klasik Kızarmış Ekmek 143 Gr,8690526057019,56.00,56.00,,https://www.sariyermarket.com/eti-etimek-klasik-kizarmis-ekmek-143-gr
Danone Hüpper Çikolatalı Puding 70 Gr,8696368907147,39.00,39.00,,https://www.sariyermarket.com/danone-hupper-cikolatali-puding-70-gr
Uluova Jersey Süt Pastörize 3 Lt,8683229254373,395.00,395.00,,https://www.sariyermarket.com/uluova-jersey-sut-pastorize-3-lt
Zertum Organik Yeşil Zeytin Salatası 290 G,8694609000367,249.00,249.00,,https://www.sariyermarket.com/zertum-organik-yesil-zeytin-salatasi-290-g
Pfanner Meyve Suyu Portakal 2lt,9006900014360,319.90,319.90,,https://www.sariyermarket.com/pfanner-meyve-suyu-portakal-2lt
Mentos Sours Mint Limon 49GR,86947497,109.90,109.90,,https://www.sariyermarket.com/mentos-sours-mint-limon-49gr
Zertum Organik Kırma Yeşil Zeytin 1000gr,8694609006178,635.00,635.00,,https://www.sariyermarket.com/zertum-organik-kirma-yesil-zeytin-1000gr
İçim Yoğurt Tam Yağlı 1 Kg,8692971020525,95.90,95.90,,https://www.sariyermarket.com/icim-yogurt-tam-yagli-1-kg
Lipton Ice Tea Şeftali Light 6X330 Ml,8690574802838,195.00,195.00,,https://www.sariyermarket.com/lipton-ice-tea-seftali-light-6x330-ml
M&M Cikolatali 45gr,40111490,64.95,64.95,,https://www.sariyermarket.com/m-m-cikolatali-45gr
Filiz İnce Uzun Makarna 500 Gr,8690579054935,34.90,34.90,,https://www.sariyermarket.com/filiz-ince-uzun-makarna-500-gr
Heinz Organik Ketçap 580 Gr,50157709,239.90,239.90,,https://www.sariyermarket.com/heinz-organik-ketcap-580-gr
Sensodyne Çok Yönlü Koruma Ferah Nefes Diş Macunu 75Ml,8681291342356,309.90,309.90,,https://www.sariyermarket.com/sensodyne-cok-yonlu-koruma-ferah-nefes-dis-macunu-75ml
Wefood Glütensiz Granola Kırmızı Meyveli & Bademli 60 Gr,8683347035564,75.00,75.00,,https://www.sariyermarket.com/wefood-glutensiz-granola-kirmizi-meyveli-bademli-60-gr
Prima Aktif Bebek Süper Paket 5 Beden 46l'Lı,8006530331074,510.93,510.93,,https://www.sariyermarket.com/prima-aktif-bebek-super-paket-5-beden-46lli
Bioblas Saç Dökülmesine Karşı Yavaş Uzayan Saçlar 360ml,8680512600015,209.90,209.90,,https://www.sariyermarket.com/bioblas-sac-dokulmesine-karsi-yavas-uzayan-saclar-360ml
Danone Yocrush Renkli Halka 149 Gr,8696368000671,39.90,39.90,,https://www.sariyermarket.com/danone-yocrush-renkli-halka-149-gr
Peyman Bahçeden Kaju Fıstığı 140gr,8695876202256,145.00,145.00,,https://www.sariyermarket.com/peyman-bahceden-kaju-fistigi-140gr-
Long Chips Yengeç Aromalı Çerez 75 Gr,4750127000372,99.90,99.90,,https://www.sariyermarket.com/long-chips-yengec-aromali-cerez-75-gr
City Farm Organik %100 Domates Suyu 1 Lt,8698518455744,119.90,119.90,,https://www.sariyermarket.com/city-farm-organik-100-domates-suyu-1-lt
"Nestle Su 1,5 Lt",8690793020150,31.50,31.50,,https://www.sariyermarket.com/nestle-su-1-5-lt
Ruffles Ketçapli Süper Boy 125gr,8690624105728,66.50,66.50,,https://www.sariyermarket.com/ruffles-ketcapli-super-boy-125gr
Veg&Bones Paça İlikli Kemik Suyu 480ml,8681648005453,102.90,102.90,,https://www.sariyermarket.com/veg-bones-paca-ilikli-kemik-suyu-480ml
Doğruluk Trakya Kaşarı Kg.,2903009000003,1200.00,1200.00,,https://www.sariyermarket.com/dogruluk-trakya-kasari-kg-
Kaserei Champignon Brie Petit Peynir 125gr,5701215042407,375.90,375.90,,https://www.sariyermarket.com/kaserei-champignon-brie-petit-peynir-125gr
Jacobs Crema Çekirdek Kahve 500 Gr,8711000539156,799.90,799.90,,https://www.sariyermarket.com/jacobs-cafe-crema-gold-cekirdek-kahve-500gr
Eti Puf Hindistan Cevizli Bisküvi 16 Gr,86920117,6.00,6.00,,https://www.sariyermarket.com/eti-puf-hindistan-cevizli-biskuvi-16-gr
Fropie Yer Fıstığı & Kakao Probiyotik Bar 35 Gr,8683555561244,69.90,69.90,,https://www.sariyermarket.com/fropie-yer-fistigi---kakao-probiyotik-bar-35-gr
Kinder Süper Mario Oyuncak Yumurta 20 gr,80916628,43.90,43.90,,https://www.sariyermarket.com/kinder-super-mario-oyuncak-yumurta-20-gr
Toprak Doğal Fırınlanmış Tarhana Cipsi 80 Gr,8681078702908,119.90,119.90,,https://www.sariyermarket.com/toprak-dogal-firinlanmis-tarhana-cipsi-80-gr
Dana Kontrafile Kg,2901079000008,1495.00,1495.00,,https://www.sariyermarket.com/dana-kontrafile-kg
Sarelle Kakaolu Fındık Ezmesi 700gr,8683417000126,389.90,389.90,,https://www.sariyermarket.com/sarelle-kakaolu-findik-ezmesi-700gr
Cappy Meyve Suyu Portakal 200 Ml,90495434,19.90,19.90,,https://www.sariyermarket.com/cappy-meyve-suyu-portakal-200-ml
Feast Peynirli Çubuk 300 Gr,8697343111764,269.90,269.90,,https://www.sariyermarket.com/feast-peynirli-cubuk-300-gr
Zekeriyaköy Çiftliği Keçi Beyaz Peyniri 600 Gr,8699089585946,425.00,425.00,,https://www.sariyermarket.com/zekeriyakoy-ciftligi-keci-beyaz-peyniri-600-gr
Dimes Coll Lime Özü 310ml,8690558037751,60.00,60.00,,https://www.sariyermarket.com/dimes-coll-lime-ozu-310ml
Ülker Bitter Kare Çikolata %60 Kakaolu 60 Gr,8690504142973,44.90,44.90,,https://www.sariyermarket.com/ulker-bitter-kare-cikolata-60-gr
Dimes Sıkma Karışık 700 Ml,8690558033050,199.90,199.90,,https://www.sariyermarket.com/dimes-sikma-karisik-700-ml
Danette Topper Selection Fındık & Brownie 124 Gr,8696368000688,54.90,54.90,,https://www.sariyermarket.com/danette-topper-selection-findik---brownie-124-gr-
Humm Organic Organik Glutensiz Çilekli Mini Küpler 30 Gr,8680050319363,119.95,119.95,,https://www.sariyermarket.com/humm-organic-organik-glutensiz-cilekli-mini-kupler-30-gr
Twix Extra Classic 75gr.,5900951313073,74.95,74.95,,https://www.sariyermarket.com/twix-extra-classic-75gr-
Ülker Biskrem Büyük Boy Rulo 150 Gr,8690504115380,36.00,36.00,,https://www.sariyermarket.com/ulker-biskrem-buyuk-boy-rulo-150-gr
"Feast Gurme S.Patates Parmak 10X10 Mm 2,5 Kg",8697343110323,310.00,310.00,,https://www.sariyermarket.com/feast-gurme-s-patates-parmak-10x10-mm-2-5-kg
Milupa Organik Elma Havuç Püresi Kavanoz 125 G 6+ Ay,8699745004347,79.90,79.90,,https://www.sariyermarket.com/milupa-organik-elma-havuc-puresi-kavanoz-125-g-6_-ay
Namet Hindi Füme 200 Gr,8697471722740,155.90,155.90,,https://www.sariyermarket.com/namet-hindi-fume-200-gr
Doğadan Yumuşak İçimli Yeşil Çay 20'Li 22Gr,8699432222108,86.18,86.18,,https://www.sariyermarket.com/dogadan-yumusak-icimli-yesil-cay-20li-22gr
McVities Digistive Sütlü Çikolata Kaplı 150Gr,5941664011702,90.00,90.00,,https://www.sariyermarket.com/mcvities-digistive-sutlu-cikolata-kapli-150gr
Oral-B Diş Fırçası Defense Black Medium,3014260101411,129.90,129.90,,https://www.sariyermarket.com/oral-b-dis-fircasi-defense-black-medium
Karper Üçgen Peynir 6'lı 108 Gr,86902304,69.90,69.90,,https://www.sariyermarket.com/karper-ucgen-peynir-6li-108-gr
Danone Yocrush Kakaolu Gevrek 150 Gr,8696368000657,39.90,39.90,,https://www.sariyermarket.com/danone-yocrush-kakaolu-gevrek-150-gr
Magnum Cookie 95 Ml,8690637936036,90.00,90.00,,https://www.sariyermarket.com/magnum-cookie-95-ml
Duru Şampuan Yoğun Onarım &Nem Veren 400 ml,8690506565190,76.93,76.93,,https://www.sariyermarket.com/duru-sampuan-yogun-onarim--nem-veren-400-ml
Magnum Double Çikolata 95 Ml,8690637719769,90.00,90.00,,https://www.sariyermarket.com/magnum-double-cikolata-95-ml
Colgate 360 Komple Ağiz Orta Diş Firçasi 1+1,8693495024532,322.43,322.43,,https://www.sariyermarket.com/colgate-360-komple-agiz-orta-dis-fircasi-1_1
Sensodyne Total Care-Tam Koruma Soft Diş Firçasi,8681291002397,239.90,239.90,,https://www.sariyermarket.com/sensodyne-total-care-tam-koruma-soft-dis-fircasi
Olinesa Lutenitsa Home Made Style 260Gr,3800012193113,174.90,174.90,,https://www.sariyermarket.com/olinesa-lutenitsa-home-made-style-260gr
Long Chips Soğan ve Ekşi Krema Aromalı Çerez 75 Gr,4750127300601,99.90,99.90,,https://www.sariyermarket.com/long-chips-sogan-ve-eksi-krema-aromali-cerez-75-gr
Yayla Tereyağlı Kuru Fasulye 250 Gr,8693374276458,69.90,69.90,,https://www.sariyermarket.com/yayla-tereyagli-kuru-fasulye-250-gr
Red Tiger Surimi Istakoz Kuyruk 80gr,8697452877803,75.90,75.90,,https://www.sariyermarket.com/red-tiger-surimi-istakoz-kuyruk-80gr
"Sütaş Üçgen Peynir 8x12,5gr",8690767670190,51.90,51.90,,https://www.sariyermarket.com/sutas-ucgen-peynir-8x12-5gr
Yayla Haşlanmış Meksika Fasulye 400gr,8693374262505,84.90,84.90,,https://www.sariyermarket.com/yayla-haslanmis-meksika-fasulye-400gr
Persil Matik Çamaşır Deterjanı Okyanus Ferahlığı 5 Kg,9000101837704,409.90,409.90,,https://www.sariyermarket.com/persil-matik-camasir-deterjani-okyanus-ferahligi-5-kg
Amoy Susam Yaği 150ml,78024009309,309.90,309.90,,https://www.sariyermarket.com/amoy-susam-yagi-150ml
Doğadan Form Kayısılı Karışık Bitki Çayı 36 Gr,8699432222146,82.43,82.43,,https://www.sariyermarket.com/dogadan-form-kayisili-karisik-bitki-cayi-36-gr
Ülker Çokomel Dev Muzlu 22 Gr,8690504131021,10.00,10.00,,https://www.sariyermarket.com/ulker-cokomel-dev-muzlu-22-gr
Dr.Oetker İrmik Helvası Sade 360 Gr,8690629449254,65.93,65.93,,https://www.sariyermarket.com/dr-oetker-irmik-helvasi-sade-360-gr
Sütaş Süzme Peynir 500 Gr,8690767675089,162.90,162.90,,https://www.sariyermarket.com/sutas-suzme-peynir-500-gr
Sarıyer Gurme Humus Kg,2923615000006,695.00,695.00,,https://www.sariyermarket.com/sariyer-gurme-humus-kg
Fora Fit Az Yağlı Az Tuzlu Siyah Zeytin 430 Gr,8695608310013,175.90,175.90,,https://www.sariyermarket.com/fora-fit-az-yagli-az-tuzlu-siyah-zeytin-430-gr
Papia Tuvalet Kağıdı 32'li Platinum,8690536026364,329.90,329.90,,https://www.sariyermarket.com/papia-tuvalet-kagidi-32li-platinum
Komili Naturel Sızma Zeytinyağı Yumuşak Lezzet 1 Lt,8699300275601,489.90,489.90,,https://www.sariyermarket.com/komili-naturel-sizma-zeytinyagi-yumusak-lezzet-1-lt
"Beta Taç Yaprak Demlik Poşet Çay 48*3,2GR",8690717001739,169.90,169.90,,https://www.sariyermarket.com/beta-tac-yaprak-demlik-poset-cay-48-3-2gr
Sırma C+ Elmalı Doğal Maden Suyu 6x200 Ml,8691058142594,87.95,87.95,,https://www.sariyermarket.com/sirma-c_-elmali-dogal-maden-suyu-6x200-ml
Nescafe Gold Kavanoz 50 Gr,7610100026591,324.90,324.90,,https://www.sariyermarket.com/nescafe-gold-kavanoz-50-gr
Casa Mexico Acı Biber Sos 100ml,8697418669541,109.90,109.90,,https://www.sariyermarket.com/casa-mexico-aci-biber-sos-100ml
Sma 2 Optipro Probiyotik Devam Sütü 800gr,8445290940490,1059.90,1059.90,,https://www.sariyermarket.com/sma-2-optipro-probiyotik-devam-sutu-800gr
Çaykur Altın Süzen Bardak Poşet Çay 25'li 50 Gr,8690105000979,82.90,82.90,,https://www.sariyermarket.com/caykur-altin-suzen-bardak-poset-cay-25li-50-gr
Hipp 2 Organik Combiotic Devam Sütü 350ml,4062300436121,629.90,629.90,,https://www.sariyermarket.com/hipp-2-organik-combiotic-devam-sutu-350ml
Eti Etibör Çifte Kavrulmuş Bisküvi 400 Gr,8690526081144,62.00,62.00,,https://www.sariyermarket.com/eti-etibor-cifte-kavrulmus-biskuvi-400-gr
Algida Keyif Kakao - Vanilya 750 Ml,8690637789854,100.00,100.00,,https://www.sariyermarket.com/algida-keyif-kakao-vanilya-750-ml
Wefood Glutensiz Granola Kuru İncir & Cevizli 250 Gr,8683347035403,250.00,250.00,,https://www.sariyermarket.com/wefood-glutensiz-granola-kuru-incir-cevizli-250-gr
Çipo Karabuğday Patlağı 88 Gr,8682588741128,69.90,69.90,,https://www.sariyermarket.com/cipo-karabugday-patlagi-88-gr
Çizmeci Tıme Crepe Kakao Fındık Kremalı Gofret 240 Gr,8691066170114,160.00,160.00,,https://www.sariyermarket.com/cizmeci-time-crepe-kakao-findik-kremali-gofret-240-gr
Uno Grissuno Yulaflı Karabuğdaylı 150 Gr,8690698510428,110.00,110.00,,https://www.sariyermarket.com/uno-grissuno-yulafli-karabugdayli-150-gr
Demirciköy Organik Yumurta 10Lu 63-72 Gr,8682325384021,199.00,199.00,,https://www.sariyermarket.com/demircikoy-organik-yumurta-10lu-63-72-gr
Kurukahveci Mehmet Efendi Colombian Filtre Kahve 250 Gr,8690627277408,285.90,285.90,,https://www.sariyermarket.com/kurukahveci-mehmet-efendi-colombian-filtre-kahve-250-gr
Algida Bizim Usta Sade Kakaolu 600 Ml,8721274647983,165.00,165.00,,https://www.sariyermarket.com/algida-bizim-usta-sade-kakaolu-600-ml
Molfix Bebek Bezi Midi Fırsat Paketi 3 Beden 68li,8690536802906,439.90,439.90,,https://www.sariyermarket.com/molfix-bebek-bezi-midi-firsat-paketi-3-beden-68li
Bağdat Nane 70 Gr,8690560019110,92.90,92.90,,https://www.sariyermarket.com/bagdat-nane-70-gr
Billur Tuz Salamura Tuzu 3 Kg,8690771130505,79.90,79.90,,https://www.sariyermarket.com/billur-tuz-salamura-tuzu-3-kg
Kent Olips Nane 28 Gr,8690515134448,32.90,32.90,,https://www.sariyermarket.com/kent-olips-nane-28-gr
City Farm Organik Pirinç 1000 Gr,8698518426829,239.90,239.90,,https://www.sariyermarket.com/city-farm-organik-pirinc-1000-gr
Sarıyer Gurme Seçme Pastırma 100 Gr,8699089586974,245.00,245.00,,https://www.sariyermarket.com/sariyer-gurme-secme-pastirma-100-gr
Aydın Erüst Akdeniz Salata 150gr,8697417468183,169.00,169.00,,https://www.sariyermarket.com/aydin-erust-akdeniz-salata-150gr
Asi Çubuk Katmer 120 Gr,8699931131376,270.00,270.00,,https://www.sariyermarket.com/asi-cubuk-katmer-120-gr
Poco Loco Salsa Mexicana 315gr,5412514999919,179.90,179.90,,https://www.sariyermarket.com/poco-loco-salsa-mexicana-315gr
Sarıyer Gurme Patlıcan Salata Kg,2907988000009,695.00,695.00,,https://www.sariyermarket.com/sariyer-gurme-patlican-salata-kg
Dr.Oetker Guseppe Mozzarella Pizza 412 Gr,8690629441265,172.43,172.43,,https://www.sariyermarket.com/dr-oetker-guseppe-mozzarella-pizza-412-gr
Fomilk Şekersiz Badem İçeceği 1Lt,8682009080089,174.90,174.90,,https://www.sariyermarket.com/fomilk-sekersiz-badem-icecegi-1lt
Jungle Kedi Ödülü Deri ve Tüy Bakımı 60 gr,8682631202965,48.93,48.93,,https://www.sariyermarket.com/jungle-kedi-odulu-deri-ve-tuy-bakimi-60-gr
Limon Yatak Kg,2920083000002,115.00,115.00,,https://www.sariyermarket.com/limon-yatak-kg
Bağdat Karışık Tane Biber Değirmenli Kapak 45 Gr,8690560034175,182.90,182.90,,https://www.sariyermarket.com/bagdat-karisik-tane-biber-degirmenli-kapak-45-gr
Mr No Klasik Kaşar Salam Sandviç 145gr,8690559705529,169.00,169.00,,https://www.sariyermarket.com/mr-no-klasik-kasar-salam-sandvic-145gr
Kühne Soya Sosu Tuzu Azaltılmış 500Ml,8696027018702,349.90,349.90,,https://www.sariyermarket.com/kuhne-soya-sosu-tuzu-azaltilmis-500ml
Dove Saç Kremi Avocado Dökülme Karşıtı 350 Ml,8683130127957,249.90,249.90,,https://www.sariyermarket.com/dove-sac-kremi-avokado-sac-dokulmeye-karsi-350-ml
Otana Dolmalik Fıstık 25gr,8690560023896,189.90,189.90,,https://www.sariyermarket.com/otana-dolmalik-fistik-25gr
Sarıyer Gurme Yumurta 10'lu 63-72 Gr,8699089581122,99.00,99.00,,https://www.sariyermarket.com/sariyer-gurme-yumurta-10lu-63-72-gr
Billur Tuz Değirmen Sofrada Öğütme Deniz Tuzu 200 Gr,8690771130200,84.90,84.90,,https://www.sariyermarket.com/billur-tuz-degirmen-sofrada-ogutme-deniz-tuzu-200-gr
Fellas Granola Bar Kakaolu 23Gr,8684802317119,39.95,39.95,,https://www.sariyermarket.com/fellas-granola-bar-kakaolu-23gr
Milka Çilekli Yoğurtlu Tablet Çikolata 100 Gr,7622200007332,159.90,159.90,,https://www.sariyermarket.com/milka-cilekli-yogurtlu-tablet-cikolata-100-gr
"Ariel Toz Çamaşir Deterjani Oxi Ekstra Hijyen Renklilere Özel 5,5 Kg",8001090333636,529.90,529.90,,https://www.sariyermarket.com/ariel-toz-camasir-deterjani-oxi-ekstra-hijyen-renklilere-ozel-5-5-kg
Çotanak Fındık Yağı 1lt,8693275000954,349.90,349.90,,https://www.sariyermarket.com/cotanak-findik-yagi-1lt
Mc Vities Digistive Orjinal Bisküvi 133Gr,5941664011696,40.00,40.00,,https://www.sariyermarket.com/mc-vities-digistive-orjinal-biskuvi-133gr
Falim 5li Stik Cilek 35gr,7622210978738,65.90,65.90,,https://www.sariyermarket.com/falim-5li-stik-cilek-35gr
Splenda Tatlandirici Tablet 500'Lu,8718226401892,499.90,499.90,,https://www.sariyermarket.com/splenda-tatlandirici-tablet-500lu
Eti İçibol %27 Antep Fıstıklı Çikolata 30 Gr,8690526097725,55.00,55.00,,https://www.sariyermarket.com/eti-icibol-27-antep-fistikli-cikolata-30-gr
Muratbey Taze Kaşar 300 Gr,8695543006477,230.90,230.90,,https://www.sariyermarket.com/muratbey-taze-kasar-300-gr
Anamour Hurma 25Gr,8684041960596,89.90,89.90,,https://www.sariyermarket.com/anamour-hurma-25gr
Max Twister Ocean 72 Ml,8690637816826,15.00,15.00,,https://www.sariyermarket.com/max-twister-ocean-72-ml
Suprapet Yavru Kedi Tavuklu 500 Gr,8684272331738,149.90,149.90,,https://www.sariyermarket.com/suprapet-yavru-kedi-tavuklu-500-gr
Superfresh Bezelye 450 Gr,8690612402013,126.90,126.90,,https://www.sariyermarket.com/superfresh-bezelye-450-gr
"Kestane Su Cam 0,75 Lt",86946216,63.90,63.90,,https://www.sariyermarket.com/kestane-su-cam-0-75-lt
Elite Naturel % 100 Organik Nar Suyu 700 Ml,8697404768579,169.90,169.90,,https://www.sariyermarket.com/elite-naturel-100-organik-nar-suyu-700-ml
Signal White Now Sensitive Diş Macunu 75Ml,8720181196133,349.90,349.90,,https://www.sariyermarket.com/signal-white-now-sensitive-dis-macunu-75ml
Doritos Taco Mega Boy 220gr,8690624201659,88.50,88.50,,https://www.sariyermarket.com/doritos-taco-mega-boy-220gr
Züber Bitter Çikolata 42 Gr,,124.90,124.90,,https://www.sariyermarket.com/zuber-bitter-cikolata-42-gr
Kireçburnu Selanik Gevreği 170 Gr,8692170001004,169.90,169.90,,https://www.sariyermarket.com/kirecburnu-selanik-gevregi-170-gr
Tabasco Yeşil Biber Aci Sos 57ml,,279.90,279.90,,https://www.sariyermarket.com/tabasco-yesil-biber-aci-sos-57ml
Molped Pure&Soft Ince Tekli Paket 30 adet,8690536844623,94.00,94.00,,https://www.sariyermarket.com/molped-pure-soft-ince-tekli-paket-30-adet
Sade Organik Nar Ekşisi 330ml,8697463093049,269.90,269.90,,https://www.sariyermarket.com/sade-organik-nar-eksisi-330ml
Tadım İşlenmiş Kaju Fıstığı 135 Gr,8690787311035,150.00,150.00,,https://www.sariyermarket.com/tadim-islenmis-kaju-fistigi-135-gr
Eker Yoğurt 2000 Gr,8691316520270,134.90,134.90,,https://www.sariyermarket.com/eker-yogurt-2000-gr
Tamek Kayısı Nektari Kahverengi Şişe 200 Ml,8690575894214,51.90,51.90,,https://www.sariyermarket.com/tamek-kayisi-nektari-kahverengi-sise-200-ml
Algida Kaymaklı Dondurma 1000 Ml,8683130120385,150.00,150.00,,https://www.sariyermarket.com/algida-kaymakli-dondurma-1000-ml
Doytat Reyhan 20gr,8697453533005,79.90,79.90,,https://www.sariyermarket.com/doytat-reyhan-20gr
Venado Stella Çekirdek Kahve 250Gr,8684313489121,239.90,239.90,,https://www.sariyermarket.com/venado-stella-cekirdek-kahve-250gr
Superfresh Pratik Sebze Sote Mix 450 Gr,8690612426804,144.90,144.90,,https://www.sariyermarket.com/superfresh-pratik-sebze-sote-mix-450-gr
Pınar Labne Laktozsuz 180 Gr,8690565029114,89.90,89.90,,https://www.sariyermarket.com/pinar-labne-laktozsuz-180-gr
Ülker Çokokrem 400Gr,8690504005513,109.90,109.90,,https://www.sariyermarket.com/ulker-cokokrem-400gr
Lezzet Mantı Üçgen Dana Kıymalı 1000 gr,8697806590112,369.90,369.90,,https://www.sariyermarket.com/lezzet-manti-ucgen-dana-kiymali-1000-gr
Sarıyer Gurme Kars Eski Kaşar Peynir Kg,2903008000004,675.00,675.00,,https://www.sariyermarket.com/sariyer-gurme-kars-eski-kasar-peynir-kg
Orkid Ultra Extra Hijyen Ped Uzun Tekli Paket 7 Li,4015400041467,54.53,54.53,,https://www.sariyermarket.com/orkid-ultra-extra-hijyen-ped-uzun-tekli-paket-7-li
İçim Labne Peynir 400 Gr,8692971434407,129.90,129.90,,https://www.sariyermarket.com/icim-labne-peynir-400-gr
Gold Harvest Master FarmTatlı İç Çiğ Badem 160Gr,8683717470513,175.00,175.00,,https://www.sariyermarket.com/gold-harvest-master-farmtatli-ic-cig-badem-160gr
Eker Yoğurt Süzme 500gr,8691316523523,139.90,139.90,,https://www.sariyermarket.com/eker-yogurt-suzme-500gr
Yörük Ana Ananas Sirkesi 500ml,8684059049870,99.90,99.90,,https://www.sariyermarket.com/yoruk-ana-ananas-sirkesi-500ml
Tadım Çiğ Fındık İçi 140 Gr,8690787621059,220.00,220.00,,https://www.sariyermarket.com/tadim-cig-findik-ici-140-gr
Kühne Lahana Turşusu 720Ml,8696027016395,179.90,179.90,,https://www.sariyermarket.com/kuhne-lahana-tursusu-720ml
Eti Tutku Tart 45 Gr,8690526164267,20.00,20.00,,https://www.sariyermarket.com/eti-tutku-tart-45-gr
Fuse Tea Soğuk Çay Limon Aromalı İçecek Kutu 330 Ml,5000112664706,55.00,55.00,,https://www.sariyermarket.com/fuse-tea-soguk-cay-limon-aromali-icecek-kutu-330-ml
Fuse Tea Soğuk Çay Karpuz Aromalı İçecek Pet 1 Lt,5000112666090,70.00,70.00,,https://www.sariyermarket.com/fuse-tea-soguk-cay-karpuz-aromali-icecek-pet-1-lt
"Kinder Happy Hippo 20,7gr",4008400442808,49.90,49.90,,https://www.sariyermarket.com/kinder-happy-hippo-20-7gr
Eker Şeftali Kayısılı Kefir 200 Ml,8691316521635,32.90,32.90,,https://www.sariyermarket.com/eker-seftali-kayisili-kefir-200-ml
"Uludag Gazoz Az Şekerli 1,5 Lt Pet",86949040,72.90,72.90,,https://www.sariyermarket.com/uludag-gazoz-az-sekerli-1-5-lt-pet
Elite Naturel Organik Sıkma Portakal 200 Ml,8697404768876,89.90,89.90,,https://www.sariyermarket.com/elite-naturel-organik-sikma-portakal-200-ml
Coca Cola Light 1 Lt,5000112664898,49.90,49.90,,https://www.sariyermarket.com/coca-cola-light-1-lt
Alpro Şekersiz Badem İçeceği 1 Lt,5411188112709,119.94,119.94,,https://www.sariyermarket.com/alpro-sekersiz-badem-icecegi-1-lt
Hacı Şakir Lavanta Granül Matik Sabun 1000 Gr,8718951742321,389.90,389.90,,https://www.sariyermarket.com/haci-sakir-lavanta-granul-matik-sabun-1000-gr
After Eight Dark Chocolate Orange Mint 200 gr,7613287290748,274.90,274.90,,https://www.sariyermarket.com/after-eight-dark-chocolate-orange-mint-200-gr
Apikoğlu Parça Pastırma 100 Gr,8697420923556,239.90,239.90,,https://www.sariyermarket.com/apikoglu-parca-pastirma-100-gr
Eti Lifalif Meyve Bar Üzümlü Fındıklı Kakaolu 35 Gr,8690526576862,57.50,57.50,,https://www.sariyermarket.com/eti-lifalif-meyve-bar-uzumlu-findikli-kakaolu-35-gr
Zekeriyaköy Çiftliği Dilimli Gravyer Peyniri 150 Gr,8699089586141,275.00,275.00,,https://www.sariyermarket.com/zekeriyakoy-ciftligi-dilimli-gravyer-peyniri--150-gr
Züber %100 Fıstık Ezmesi 315 Gr,8681630310015,249.90,249.90,,https://www.sariyermarket.com/zuber--100-fistik-ezmesi-315-gr
Altınkılıç Kefir Yaban Mersini 250 Ml,8692886311015,51.90,51.90,,https://www.sariyermarket.com/altinkilic-kefir-yaban-mersini-250-ml
Eti Sütlü Çikolata 60 Gr,8690526716589,49.90,49.90,,https://www.sariyermarket.com/eti-sutlu-cikolata-60-gr-
Clear Men Legend By CR7 Cristiano Ronaldo Kepeğe Karşı Etkili Şampuan 350 ml,8683130040874,152.94,152.94,,https://www.sariyermarket.com/clear-men-legend-by-cr7-cristiano-ronaldo-kepege-karsi-etkili-sampuan-350-ml
Ülker Albeni Mini Çoklu Paket 89 Gr,8690504136330,60.00,60.00,,https://www.sariyermarket.com/ulker-albeni-mini-coklu-paket-89-gr
Alcatra&Primavera 3 Lü Paket (Cheddar-Rozbif Kekikli-Cotto),8699089588114,350.00,350.00,,https://www.sariyermarket.com/alcatra-primavera-3-lu-paket-cheddar-rozbif-kekikli-cotto
Filiz Yıldız Şehriye 500 Gr,8690579140492,34.90,34.90,,https://www.sariyermarket.com/filiz-yildiz-sehriye-500-gr
Kebir Kolot Peynir 400g Sahil,8692963151152,244.90,244.90,,https://www.sariyermarket.com/kebir-kolot-peynir-400g-sahil
Cappy Ananaslı İçecek 1 L,5449000103697,79.90,79.90,,https://www.sariyermarket.com/cappy-ananasli-icecek-1-l
Pınar Şölen Macar Salam Kg,2904035000005,1595.00,1595.00,,https://www.sariyermarket.com/pinar-solen-macar-salam-kg
Sütaş Kaymaklım Yoğurt 1500 Gr,8681324010436,209.90,209.90,,https://www.sariyermarket.com/sutas-kaymaklim-yogurt-1500-gr
Pidemiss Kaşarlı Pide 125gr 3lu,8680628427766,184.90,184.90,,https://www.sariyermarket.com/pidemiss-kasarli-pide-125gr-3lu
Tempo Susam Krokan 80 Gr,8690949000098,75.00,75.00,,https://www.sariyermarket.com/tempo-susam-krokan-80-gr
Frico Edam Peyniri Biberli Kg,2904039000001,1895.00,1895.00,,https://www.sariyermarket.com/frico-edam-peyniri-biberli-kg
Sensodyne Hızlı Rahatlatma Diş Fırçası 1+1,8681291002571,359.90,359.90,,https://www.sariyermarket.com/sensodyne-hizli-rahatlatma-dis-fircasi-1_1
Reis Aşurelik Buğday 1000 Gr,8690849820550,49.90,49.90,,https://www.sariyermarket.com/reis-asurelik-bugday-1000-gr
Eti Burçak Limonlu Kremalı Yulaflı Bisküvi 100 Gr,8690526001531,25.00,25.00,,https://www.sariyermarket.com/eti-burcak-limonlu-kremali-yulafli-biskuvi-100-gr
Bağdat Defne Yaprağı 6 Gr,8690560078704,32.90,32.90,,https://www.sariyermarket.com/bagdat-defne-yapragi-6-gr
Kent Olips Cigne Elma 47G,7622202007781,32.90,32.90,,https://www.sariyermarket.com/kent-olips-cigne-elma-47g
Teksüt Kaşar Peyniri 600 Gr,8690158120242,319.90,319.90,,https://www.sariyermarket.com/teksut-kasar-peyniri-600-gr
Carte d'Or Classic Bal Badem Vanilya Karamel 850 Ml,8683130009741,275.00,275.00,,https://www.sariyermarket.com/carte-dor-classic-bal-badem-vanilya-karamel-850-ml
Sade Organik Köftelik Bulgur 1000 Gr,8697463091069,154.90,154.90,,https://www.sariyermarket.com/sade-organik-koftelik-bulgur-1000-gr
Fide Zeytinyağlı Ton Balığı 2X160 Gr,8691405653230,302.90,302.90,,https://www.sariyermarket.com/fide-zeytinyagli-ton-baligi-2x160-gr
Unabella Kahveli Tiramisu Keki 280 Gr,8680722050495,285.00,285.00,,https://www.sariyermarket.com/unabella-kahveli-tiramisu-keki-280-gr
Sade Organik Kalem Makarna 500 Gr,8697463092981,94.90,94.90,,https://www.sariyermarket.com/sade-organik-kalem-makarna-500-gr
Doğanay Şalgam Suyu Sade 1 Lt,8693354001162,65.00,65.00,,https://www.sariyermarket.com/doganay-salgam-suyu-sade-1-lt
Whiskas Ton Balıklı Kuru Mama 3.8 Kg,5900951304316,1349.90,1349.90,,https://www.sariyermarket.com/whiskas-ton-balikli-kuru-mama-3-8-kg
Lipton Yellow Label Bardak Poşet Çay 100'lü 200 Gr,8690637828331,459.90,459.90,,https://www.sariyermarket.com/lipton-yellow-label-bardak-poset-cay-100lu-200-gr
Orkid Günlük Extra Koruma Uzun 40lı,8700216136723,174.93,174.93,,https://www.sariyermarket.com/orkid-gunluk-extra-koruma-uzun-40li
Purina One Somonlu Genç Kedi Mamasi 85 Gr,7613038224466,59.90,59.90,,https://www.sariyermarket.com/purina-one-somonlu-genc-kedi-mamasi-85-gr
Züber Lokma Antep Fıstığı Kaplı Meyve Topu 96 Gr,8681630302010,175.00,175.00,,https://www.sariyermarket.com/zuber-lokma-antep-fistigi-kapli-meyve-topu-96-gr
Züber Fındıklı Sütlü Çikolata 42 Gr,8681630793146,149.90,149.90,,https://www.sariyermarket.com/zuber-findikli-sutlu-cikolata-42-gr
Barilla Acılı ve Domatesli (Arabbiata) Makarna Sosu 400 Gr,8076809513388,165.90,165.90,,https://www.sariyermarket.com/barilla-acili-ve-domatesli-arabbiata-makarna-sosu-400-gr
Sarıyer Gurme Fındık İçi 120Gr,8699089557196,199.90,199.90,,https://www.sariyermarket.com/sariyer-gurme-findik-ici-120gr
Sarıyer Gurme Domates Kurusu Yağlı Kg,2901150000002,550.00,550.00,,https://www.sariyermarket.com/sariyer-gurme-domates-kurusu-yagli-kg
Ülker İkramlık Mini All Star Karma Paket 91 Gr,8690504136361,60.00,60.00,,https://www.sariyermarket.com/ulker-ikramlik-mini-all-star-karma-paket-91-gr
Superfresh Sivri Bamya 450 Gr,8690612426118,209.90,209.90,,https://www.sariyermarket.com/superfresh-sivri-bamya-450-gr
Eduscho Espresso Intenso Çekirdek Kahve 500g,4061445292401,649.90,649.90,,https://www.sariyermarket.com/eduscho-espresso-intenso-cekirdek-kahve-500g
Elta Organik Tava Yoğurt 900 gr,8697940410185,200.00,200.00,,https://www.sariyermarket.com/elta-organik-tava-yogurt-900-gr
Bando Uskumru Fileto 500 Gr,8681425147529,349.90,349.90,,https://www.sariyermarket.com/bando-uskumru-fileto-500-gr
Eyüp Sabri Tuncer Bambu Karbonlu Diş Macunu 90 ml,8691685024386,199.90,199.90,,https://www.sariyermarket.com/eyup-sabri-tuncer-bambu-karbonlu-dis-macunu-90-ml
Ülker Yupo Metre Çilek Aromalı 50 Gr,8690840168941,20.00,20.00,,https://www.sariyermarket.com/ulker-yupo-metre-cilek-aromali-50-gr
Sarıyer Gurme Çemensiz Pastırma Kg,2901656000001,4150.00,4150.00,,https://www.sariyermarket.com/sariyer-gurme-cemensiz-pastirma-kg
"Doğadan Yeşil Çay Tropik Tatlar 18'li 23,4 Gr",8699432218934,86.18,86.18,,https://www.sariyermarket.com/dogadan-yesil-cay-tropik-tatlar-18li-23-4-gr
Milka Gofree Çikolatali 28.5 Gr,7622300821784,36.00,36.00,,https://www.sariyermarket.com/milka-gofree-cikolatali-28-5-gr
Ülker Kremini Şeker Çilekli 44 Gr,8690840053766,20.00,20.00,,https://www.sariyermarket.com/ulker-kremini-seker-cilekli-44-gr
Ülker Dankek Donut Çikolata Soslu Kek 45 Gr,8690504037002,25.00,25.00,,https://www.sariyermarket.com/ulker-dankek-donut-cikolata-soslu-kek-45-gr
Nilky Yulaflı Çilekli Matcha Latte 250 Ml,8682983760922,62.90,62.90,,https://www.sariyermarket.com/nilky-yulafli-cilekli-matcha-latte-250-ml
Akmina +C Vitaminli Limon Aromalı Soda 6X200 Ml,8693593118294,92.90,92.90,,https://www.sariyermarket.com/akmina-_c-vitaminli-limon-aromali-soda-6x200-ml
Dana Nuar Kg,2916241000007,1250.00,1250.00,,https://www.sariyermarket.com/dana-nuar-kg
Bağdat Zerdeçal Toz 70 Gr,8690560019455,72.90,72.90,,https://www.sariyermarket.com/bagdat-zerdecal-toz-70-gr
Milka Bonibon Poşet 36 Gr,7622202035630,67.50,67.50,,https://www.sariyermarket.com/milka-bonibon-poset-36-gr
Nesquik Bar 25 Gr,5900020030078,39.95,39.95,,https://www.sariyermarket.com/nesquik-bar-25-gr
Aydın Erüst Kekik 25gr,8697417461054,155.00,155.00,,https://www.sariyermarket.com/aydin-erust-kekik-25gr
Anna's Cappuccino Bisküvi 150 Gr,7312220023398,159.90,159.90,,https://www.sariyermarket.com/annas-cappuccino-biskuvi-150-gr
Kühne Közlenmiş Patlıcan Salatası 520Gr,8696027018344,199.90,199.90,,https://www.sariyermarket.com/kuhne-kozlenmis-patlican-salatasi-520gr
Melis Közlenmiş Biber 680ML,8699073290764,164.90,164.90,,https://www.sariyermarket.com/melis-kozlenmis-biber-720ml
Kikkoman Teriyaki Sos 250 Ml,8715035210301,589.90,589.90,,https://www.sariyermarket.com/kikkoman-teriyaki-sos-250-ml
Dr.Oetker Kendiniz Tatlandırın Kakaolu Puding 55 Gr,8690629450625,27.68,27.68,,https://www.sariyermarket.com/dr-oetker-kendiniz-tatlandirin-kakaolu-puding-55-gr
Nescafe Gold Ekonomik Paket 200 Gr,8690632132105,599.90,599.90,,https://www.sariyermarket.com/nescafe-gold-ekonomik-paket-200-gr
Pek Food Üçgen Gurme Mantı 350GR,8696056104001,199.90,199.90,,https://www.sariyermarket.com/pek-food-ucgen-gurme-manti-350gr
Molfix Bebek Bezi 38'li 3D 6 Beden Extra Large,8690536815197,439.90,439.90,,https://www.sariyermarket.com/molfix-bebek-bezi-38li-3d-6-beden-extra-large
Superfresh Mısırlı Ton 150Gr,8690612605629,159.90,159.90,,https://www.sariyermarket.com/superfresh-misirli-ton-150gr
Dove Saç Bakım Kremi Peptid Bond Repair 250 Ml,8683130129241,279.90,279.90,,https://www.sariyermarket.com/dove-sac-bakim-kremi-peptid-bond-repair-250-ml
Sade Ayçekirdek İçi 250 Gr,8697463091526,110.90,110.90,,https://www.sariyermarket.com/sade-aycekirdek-ici-250-gr
Irmak Esmer Küp Şeker 500gr,8690380009803,94.90,94.90,,https://www.sariyermarket.com/irmak-esmer-kup-seker-500gr
Züber Sütlü ve Hurmalı Protein Bar 35 Gr,8681630170015,71.95,71.95,,https://www.sariyermarket.com/zuber-sutlu-ve-hurmali-protein-bar-35-gr
Pınar Hardal 270 Gr,8690565000984,129.90,129.90,,https://www.sariyermarket.com/pinar-hardal-270-gr
Ülker Yupo Jelly Ayıcık 80 Gr,8690840176212,38.50,38.50,,https://www.sariyermarket.com/ulker-yupo-jelly-ayicik-80-gr
Dudomi Körili Noodle 70 Gr Poşet,38692424998983,19.90,19.90,,https://www.sariyermarket.com/dudomi-korili-noodle-70-gr-poset
Sade Organik Aliç Sirkesi 500ml,8697463093612,154.90,154.90,,https://www.sariyermarket.com/sade-organik-alic-sirkesi-500ml
La Fiesta Salsa Sos 315gr,8715186830311,159.90,159.90,,https://www.sariyermarket.com/la-fiesta-salsa-sos-315gr
Hipp 3 Organik Combiotic Devam Sütü 350gr,4062300436152,629.90,629.90,,https://www.sariyermarket.com/hipp-3-organik-combiotic-devam-sutu-350gr
Yayla Barbunya Pilaki 400 Gr,8693374255477,81.90,81.90,,https://www.sariyermarket.com/yayla-barbunya-pilaki-400-gr
Altınbaş Demlik Poşet Çay 40'lı 200 Gr,8690105002973,159.90,159.90,,https://www.sariyermarket.com/altinbas-demlik-poset-cay-40li-200-gr
Arıcan Kır Çiçekleri Petek Balı 250gr,8692970292005,299.90,299.90,,https://www.sariyermarket.com/arican-kir-cicekleri-petek-bali-250gr
Kotex İnce Günlük Ped Parfümsüz 34 lü,8691900172700,79.90,79.90,,https://www.sariyermarket.com/kotex-ince-gunluk-ped-parfumsuz-34-lu
"Kestane Su Cam 0,33 Lt",86946209,33.90,33.90,,https://www.sariyermarket.com/kestane-su-cam-0-33-lt
Ülker Saklıköy Sütlü Kremalı Bisküvi 100 Gr,8690504082651,25.00,25.00,,https://www.sariyermarket.com/ulker-saklikoy-sutlu-kremali-biskuvi-100-gr
Ülker Albeni Büyük Boy 52 Gr,8690504033936,19.90,19.90,,https://www.sariyermarket.com/ulker-albeni-buyuk-boy-52-gr
Canped Vücut Temizleme Havlusu 48'Li,8690742401375,99.90,99.90,,https://www.sariyermarket.com/canped-vucut-temizleme-havlusu-48li
Ülker Altınbaşak Grissini Çavdarlı 125 Gr,8690504074311,75.00,75.00,,https://www.sariyermarket.com/ulker-altinbasak-grissini-cavdarli-125-gr
Maldon Deniz Tuzu 250gr,5011428100048,499.90,499.90,,https://www.sariyermarket.com/maldon-deniz-tuzu-250gr
Vilux Hardal Taneli 200gr,3378240304156,269.90,269.90,,https://www.sariyermarket.com/vilux-hardal-taneli-200gr
Algida Volcano Stick 83 Ml,8683130100707,50.00,50.00,,https://www.sariyermarket.com/algida-volcano-stick-83-ml
Tadım Çifte Kavrulmuş Sarı Leblebi 180 Gr,8690787301050,80.00,80.00,,https://www.sariyermarket.com/tadim-cifte-kavrulmus-sari-leblebi-180-gr
Parex Premium Tüy Toplayıcı Rulo 56 lı,8680895121251,279.90,279.90,,https://www.sariyermarket.com/parex-premium-tuy-toplayici-rulo-56-li
Takita Tablet Tatlandirici Sakkarin 18gr 300'Lu,8690920354219,159.90,159.90,,https://www.sariyermarket.com/takita-tablet-tatlandirici-sakkarin-18gr-300lu
Barilla Linguine (Yassı) Spagetti Makarna No.13 500 Gr,8690579140638,59.90,59.90,,https://www.sariyermarket.com/barilla-linguine-yassi-spagetti-makarna-no-13-500-gr
Humm Organic Tahinli Pekmezli Vegan Kurabiye 55 Gr,8680050314016,129.95,129.95,,https://www.sariyermarket.com/humm-organic-tahinli-pekmezli-vegan-kurabiye-55-gr
Sarıyer Gurme Taze Kaşar Peyniri 600 Gr,8699089583522,325.00,325.00,,https://www.sariyermarket.com/sariyer-gurme-taze-kasar-peyniri-600-gr
Vivident Şişe Extra Nane Aromali Sakiz,,95.00,95.00,,https://www.sariyermarket.com/vivident-sise-extra-nane-aromali-sakiz
Pınar Süzme Peynir 500 Gr,8690565011928,149.90,149.90,,https://www.sariyermarket.com/pinar-suzme-peynir-500-gr
Dr.Oetker Puding Bitter Çikolatalı 111 Gr,8690629433574,38.93,38.93,,https://www.sariyermarket.com/dr-oetker-puding-bitter-cikolatali-111-gr
Special Adana Şiş Kg,2900934000009,1100.00,1100.00,,https://www.sariyermarket.com/special-adana-sis-kg
Calve Ballı Hardal 260 Gr,8690637805769,186.90,186.90,,https://www.sariyermarket.com/calve-balli-hardal-260-gr
Loco No:08 Lychee Çilek Ananas 225 Ml,8683255401178,455.95,455.95,,https://www.sariyermarket.com/loco-no_08-lychee-cilek-ananas-225-ml
Sarıyer Gurme Van Otlu Peynir 150Gr,8699089774838,175.00,175.00,,https://www.sariyermarket.com/sariyer-gurme-van-otlu-peynir-150gr
Saol Vitamin Water C Mix 500ml.,8681845632476,59.90,59.90,,https://www.sariyermarket.com/saol-vitamin-water-c-mix-500ml-
Knorr Şehriyeli Tavuk Çorbası 51Gr,8690701053041,48.90,48.90,,https://www.sariyermarket.com/knorr-sehriyeli-tavuk-corbasi-51gr
Superfresh Pizza King Sucuklu 4'Lü 740 Gr,8690612520489,299.90,299.90,,https://www.sariyermarket.com/superfresh-pizza-king-sucuklu-740-gr-4lu
Danone Hüpper Çilek Aromalı Yoğurt 67 Gr,8696368014152,39.00,39.00,,https://www.sariyermarket.com/danone-hupper-cilek-aromali-yogurt-67-gr
Bioblas Biotin & Kafein Şampuan 400 Ml,8680512636168,209.90,209.90,,https://www.sariyermarket.com/bioblas-biotin-kafein-sampuan-400-ml
Kireçburnu Çay Kurabiyesi Geleneksel 200gr,8692170000038,139.90,139.90,,https://www.sariyermarket.com/kirecburnu-cay-kurabiyesi-geleneksel-200gr
City Farm Organik Yeşil Mercimek 1000 Gr,8698518430529,239.90,239.90,,https://www.sariyermarket.com/city-farm-organik-yesil-mercimek-1000-gr
Nescafe 3'ü 1 Arada Gold Yoğun İçim 17.5 Gr,8690632765402,11.50,11.50,,https://www.sariyermarket.com/nescafe-3u-1-arada-gold-yogun-icim-17-5-gr
Lays Baharat Süper Boy 115gr,8690624105766,66.50,66.50,,https://www.sariyermarket.com/lays-baharat-super-boy-115gr
Wefood Organik Zencefil Tozu 45 Gr,8682392174402,345.00,345.00,,https://www.sariyermarket.com/wefood-organik-zencefil-tozu-45-gr
Rıchland Granola Yulaflı Ballı ve Keten Tohumu 330Gr,8694023910495,139.90,139.90,,https://www.sariyermarket.com/richland-granola-yulafli-balli-ve-keten-tohumu-330gr
Doytat Karanfil 15gr,8697826340094,50.90,50.90,,https://www.sariyermarket.com/doytat-karanfil-15gr
Chefline Asia Gari Shoga Kavanoz Zencefil Turşusu 190gr,8697418669664,119.90,119.90,,https://www.sariyermarket.com/chefline-asia-gari-shoga-kavanoz-zencefil-tursusu-190gr
Pınar Üçgen Mantı 400 Gr,8690527110317,145.90,145.90,,https://www.sariyermarket.com/pinar-ucgen-manti-400-gr
Wefood Glutensiz Karabugday Unu 350gr,8681749104536,245.00,245.00,,https://www.sariyermarket.com/wefood-glutensiz-karabugday-unu-350gr
Vileda Mikrofiber Clors 4'Lu,4023103245785,459.90,459.90,,https://www.sariyermarket.com/vileda-mikrofiber-clors-4lu
Pastavilla Fiyonk Makarna 500gr,8690684002104,46.90,46.90,,https://www.sariyermarket.com/pastavilla-fiyonk-makarna-500gr
Ülker Albeni Karamel Tablet 86 gr,8690504026419,80.00,80.00,,https://www.sariyermarket.com/ulker-albeni-karamel-tablet-86-gr
Kinder Bueno White 39gr,80051220,43.90,43.90,,https://www.sariyermarket.com/kinder-bueno-white-39gr
Dimes Karışık Meyve Nektarı 200 Ml,8690558014400,17.90,17.90,,https://www.sariyermarket.com/dimes-karisik-meyve-nektari-200-ml
Pedigree Biftekli Kuru Mama 2.6 Kg,5998749145067,899.90,899.90,,https://www.sariyermarket.com/pedigree-biftekli-kuru-mama-2-6-kg
Lipton Ice Tea Tropical Meyve Aromalı İçecek 2 Lt,8690574120178,76.00,76.00,,https://www.sariyermarket.com/lipton-ice-tea-tropical-meyve-aromali-icecek-2-lt
Pastavilla Tagliatella Makarna 400gr,8690684900028,115.90,115.90,,https://www.sariyermarket.com/pastavilla-tagliatella-makarna-400gr
Lipton Extra Dem Demlik Süzen Poşet Siyah Çay 100'lü 320 Gr,8720608631339,369.90,369.90,,https://www.sariyermarket.com/lipton-extra-dem-demlik-suzen-poset-siyah-cay-100lu-320-gr
Granoro Tagliatelle Makarna 500 gr,8007290330819,189.90,189.90,,https://www.sariyermarket.com/granoro-tagliatelle-makarna-500-gr
Sade Köy Tarhanasi Tatli 500gr,8697463090482,194.90,194.90,,https://www.sariyermarket.com/sade-koy-tarhanasi-tatli-500gr
Halley Çikolata Kaplamalı Bisküvi 30 Gr,8690504034032,12.50,12.50,,https://www.sariyermarket.com/halley-cikolata-kaplamali-biskuvi-30-gr
Takita Diyabetik Stevia Zero Kahverengi Toz 250gr,8690920313766,499.90,499.90,,https://www.sariyermarket.com/takita-diyabetik-stevia-zero-kahverengi-toz-250gr
St. Dalfour Çilek Reçeli 284 Gr,3492390108867,359.90,359.90,,https://www.sariyermarket.com/st--dalfour-cilek-receli-284-gr
Felix Somonlu Kedi Mamasi Pouch 85gr,7613287484147,39.90,39.90,,https://www.sariyermarket.com/felix-somonlu-kedi-mamasi-pouch-85gr
Primavera Feslenleğenli Kırmızı Gauda Peyniri 150Gr,86990895889161,535.00,535.00,,https://www.sariyermarket.com/primavera-feslenlegenli-kirmizi-gauda-peyniri-150gr
Ekici Peynir Çubukları 200gr,8697403873687,159.90,159.90,,https://www.sariyermarket.com/ekici-peynir-cubuklari-200gr
Tahsildaroğlu Dilimli İnek Eski Kaşar 200gr,8691225156416,219.90,219.90,,https://www.sariyermarket.com/tahsildaroglu-dilimli-inek-eski-kasar-200gr
NIVEA Soft Nemlendirici El ve Vücut Bakım Kremi 100 Ml,4005808890590,189.90,189.90,,https://www.sariyermarket.com/nivea-soft-nemlendirici-el-ve-vucut-bakim-kremi-100-ml
Kiraz Salihli Kg,2910279000008,375.00,375.00,,https://www.sariyermarket.com/kiraz-salihli-kg
Alcatra&Primavera 2 Li Paket (Rozbif Biberli-Cotto),8699089583454,438.00,438.00,,https://www.sariyermarket.com/alcatra-primavera-2-li-paket-rozbif-biberli-cotto
Kinder Surprise 20 Gr,8000500044674,54.90,54.90,,https://www.sariyermarket.com/kinder-surprise-20-gr
Egos Wax Islak Sert 100 Ml,8690530041578,329.90,329.90,,https://www.sariyermarket.com/egos-wax-islak-sert-100-ml
Benorganic Portakal Suyu 250 Ml,8680313580035,79.90,79.90,,https://www.sariyermarket.com/benorganic-portakal-suyu-250-ml
Ülker Yupo Vampir Dişi Yumuşak Şekerleme 80 Gr,8690504176404,38.50,38.50,,https://www.sariyermarket.com/ulker-yupo-vampir-disi-yumusak-sekerleme-80-gr
Tamek Mısır 3x210gr,8690575006358,129.90,129.90,,https://www.sariyermarket.com/tamek-misir-3x210gr
Perrier Maden Suyu 330 Ml,86946902,98.00,98.00,,https://www.sariyermarket.com/perrier-maden-suyu-330-ml
Orvital Organik Bütün Tavuk Kg,2900351000002,595.00,595.00,,https://www.sariyermarket.com/orvital-organik-butun-tavuk-kg
Beypazarı Erişte 500 Gr,8697903490063,149.90,149.90,,https://www.sariyermarket.com/beypazari-eriste-500-gr
Pril Elde Yıkama Sıvı Bulaşık Deterjanı 675g Elma,9000101419528,79.90,79.90,,https://www.sariyermarket.com/pril-elde-yikama-sivi-bulasik-deterjani-675g-elma
Uludağ Efsane Gazoz Cam 250 Ml,15000125,39.90,39.90,,https://www.sariyermarket.com/uludag-efsane-gazoz-cam-250-ml
Knorr Çabuk Çorba Kıtırlı Ezogelin 22 Gr,8683130067475,20.95,20.95,,https://www.sariyermarket.com/knorr-cabuk-corba-kitirli-ezogelin-22-gr
Veggy Bitki Bazlı Sotelik 150 gr,8680518981033,150.00,150.00,,https://www.sariyermarket.com/veggy-bitki-bazli-sotelik-150-gr
"Persil Matik Çamaşır Deterjanı 1,5kg Okyanus Ferahlığı",9000101838558,137.90,137.90,,https://www.sariyermarket.com/persil-matik-camasir-deterjani-1-5kg-okyanus-ferahligi
Biber Kıl Sivri Kg,2900634000002,165.00,165.00,,https://www.sariyermarket.com/biber-kil-sivri-kg
Red Bull Zero Sıfır Şeker 250 Ml,90493867,70.00,70.00,,https://www.sariyermarket.com/red-bull-zero-sifir-seker-250-ml
Pınar Aç Bitir Büyük Dilim Hindi Füme 60 Gr,8690527200278,45.90,45.90,,https://www.sariyermarket.com/pinar-ac-bitir-buyuk-dilim-hindi-fume-60-gr
Sensodyne Tam Koruma Diş Macunu 75ml + Diş Eti Bakım Diş Fırçası,8681291001635,319.90,319.90,,https://www.sariyermarket.com/sensodyne-tam-koruma-dis-macunu-75ml-_-dis-eti-bakim-dis-fircasi
Doğadan Beyaz Çay Sade 18'li 25.2 Gr,8699432214851,89.93,89.93,,https://www.sariyermarket.com/dogadan-beyaz-cay-sade-18li-25-2-gr
Komili Ayçiçek Yağı 4 L Pet,8699300276134,419.90,419.90,,https://www.sariyermarket.com/komili-aycicek-yagi-4-l-pet
Parex Temizlik Bezi 5li,8699971790014,149.90,149.90,,https://www.sariyermarket.com/parex-temizlik-bezi-5li
Kotex Ultra Hijyenik Ped Uzun 7 Ped,8691900000744,99.90,99.90,,https://www.sariyermarket.com/kotex-ultra-hijyenik-ped-uzun-7-ped
Kinder Chocolate T4 50 Gr,80177609,69.90,69.90,,https://www.sariyermarket.com/kinder-chocolate-t4-50-gr
Wefood Kids Organik Sade Tereyağlı Bisküvi 50Gr,8683347030477,150.00,150.00,,https://www.sariyermarket.com/wefood-kids-organik-sade-tereyagli-biskuvi-50gr
Sarıyer Gurme Lor Peyniri 250Gr,8699089535248,79.90,79.90,,https://www.sariyermarket.com/sariyer-gurme-lor-peyniri-250gr
Sarıyer Gurme Hurma Kudüs 400 Gr,8699089580392,349.90,349.90,,https://www.sariyermarket.com/sariyer-gurme-hurma-kudus-400-gr
Hasata Osmancık Pirinç 1000 Gr,8697423961838,149.90,149.90,,https://www.sariyermarket.com/hasata-osmancik-pirinc-1000-gr
Doritos Nacho Peynirli Süper Boy 121gr,8690624203974,64.50,64.50,,https://www.sariyermarket.com/doritos-nacho-peynirli-super-boy-121gr
Bando Hamsi Fileto 1000 Gr,8681425147611,421.90,421.90,,https://www.sariyermarket.com/bando-hamsi-fileto-1000-gr
Parodontax Diş Eti Uzmanı Dis Fircasi 1+1,8681291000201,304.90,304.90,,https://www.sariyermarket.com/parodontax-dis-eti-uzmani--dis-fircasi-1_1
Karpuz Kg,2910211000004,18.90,18.90,,https://www.sariyermarket.com/karpuz-kg
Çaykur Altın Süzen Bardak Poşet Çay 100'lü 200 Gr,8690105001044,329.90,329.90,,https://www.sariyermarket.com/caykur-altin-suzen-bardak-poset-cay-100lu-200-gr
Yemelix Dondurularak Kurutulmuş Çilek 15 Gr,8684802316013,99.90,99.90,,https://www.sariyermarket.com/yemelix-dondurularak-kurutulmus-cilek-15-gr
Solo Sakura Yüzey Temizlik Havlusu 100'Lü,8690530073654,159.90,159.90,,https://www.sariyermarket.com/solo-sakura-yuzey-temizlik-havlusu-100lu
Solo Islak Mendil 90lı,8690530037946,64.90,64.90,,https://www.sariyermarket.com/solo-islak-mendil-90li
Kristal Riviera Zeytinyağı 1 L Pet Şişe,8690819264520,409.90,409.90,,https://www.sariyermarket.com/kristal-riviera-zeytinyagi-1-l-pet-sise
Kahve Dünyası Tambol Sütlü Fındıklı Çikolata77gr,8699270017874,86.90,86.90,,https://www.sariyermarket.com/kahve-dunyasi-tambol-sutlu-findikli-cikolata77gr
La Vache Qui Rit Krem Peynir 270gr,3073781122596,159.90,159.90,,https://www.sariyermarket.com/la-vache-qui-rit-krem-peynir-270gr
Mövenpic Kayısı & Mangolu Fermente Süt Ürünü 100 Gr,4002334111755,45.50,45.50,,https://www.sariyermarket.com/movenpic-kayisi-mangolu-fermente-sut-urunu-100-gr
Eti Bidolu Kakao Kremalı Yer Fıstığı Parçacıklı Gofret 81 Gr,8690526035512,40.00,40.00,,https://www.sariyermarket.com/eti-bidolu-kakao-kremali-yer-fistigi-parcacikli-gofret-81-gr
Namet 7 / 24 Hindi Salam 60 Gr,8697471721026,31.90,31.90,,https://www.sariyermarket.com/namet-7---24-hindi-salam-60-gr
Filiz Sebzeli Burgu Makarna 350 Gr,8690579161190,42.90,42.90,,https://www.sariyermarket.com/filiz-sebzeli-burgu-makarna-350-gr
Ülker Dankek Muzlu Kremalı Rulo Kek 3'lü Paket 84 Gr,8690504068181,35.00,35.00,,https://www.sariyermarket.com/ulker-dankek-muzlu-kremali-rulo-kek-3lu-paket-84-gr
Ankara Çiçek Balı 850gr,8690115060024,529.90,529.90,,https://www.sariyermarket.com/ankara-cicek-bali-850gr
Tahsildaroğlu Lor Peyniri 500gr,8691225152197,99.90,99.90,,https://www.sariyermarket.com/tahsildaroglu-lor-peyniri-500gr
Dardanel DNK Haşlanmış Norveç Karides,8690559021001,399.00,399.00,,https://www.sariyermarket.com/dardanel-dnk-haslanmis-norvec-karides
Arican Bitlis Hizan Organik Karakovan Balı Kg,2906649000006,1999.90,1999.90,,https://www.sariyermarket.com/arican-bitlis-hizan-organik-karakovan-bali-kg
Çizmeci Time Wafer Master Minis Fındıklı Gofret 120 Gr,8691066146027,110.00,110.00,,https://www.sariyermarket.com/cizmeci-time-wafer-master-minis-findikli-gofret-120-gr
Tat Vişne Reçeli 380 Gr,8690635081608,149.90,149.90,,https://www.sariyermarket.com/tat-visne-receli-380-gr
Arbella Spaghetti Makarna 500 Gr,8697430885493,29.90,29.90,,https://www.sariyermarket.com/arbella-spaghetti-makarna-500-gr
Sütaş Latte 1 Lt,8681324009652,184.90,184.90,,https://www.sariyermarket.com/sutas-latte-1-lt
Cappy Meyve Suyu Karışık 200 Ml,90338588,19.90,19.90,,https://www.sariyermarket.com/cappy-meyve-suyu-karisik-200-ml
Peyman Bahçeden Ortaya Karışık Asorti 140 gr,8695876200061,260.00,260.00,,https://www.sariyermarket.com/peyman-bahceden-ortaya-karisik-asorti-140-gr
Fellas Antep Fıstıklı ve Kakaolu Meyve Barı 40 Gr,8681185086151,79.95,79.95,,https://www.sariyermarket.com/fellas-antep-fistikli-ve-kakaolu-meyve-bari-40-gr
Naren %100 Doğal Nar Suyu 250 Ml,8690621101235,78.50,78.50,,https://www.sariyermarket.com/naren--100-dogal-nar-suyu-250-ml
Clear Scalpceuticals Saç Bakım Şampuanı Saç Dökülmesine Karşı 300 ml,8683130040959,152.94,152.94,,https://www.sariyermarket.com/clear-scalpceuticals-sac-bakim-sampuani-sac-dokulmesine-karsi-300-ml
Kıvırcık Adet,2623012000004,25.90,25.90,,https://www.sariyermarket.com/kivircik-adet
Toblerone Sütlü Çikolata 35 Gr,76223000264,89.90,89.90,,https://www.sariyermarket.com/toblerone-sutlu-cikolata-35-gr
Eti Burçak Tam Buğday Unlu Bisküvi 131 Gr,8690526061108,25.00,25.00,,https://www.sariyermarket.com/eti-burcak-tam-bugday-unlu-biskuvi-131-gr
Dececco Spaghetti Çubuk Makarna 500gr,8001250120120,239.90,239.90,,https://www.sariyermarket.com/dececco-spaghetti-cubuk-makarna-500gr
Sarelle Gold Gofret 33gr,8683417000669,27.50,27.50,,https://www.sariyermarket.com/sarelle-gold-gofret-33gr
Lays Mega Klasik Cips 191 Gr,8690624102277,91.00,91.00,,https://www.sariyermarket.com/lays-mega-klasik-cips-191-gr
Activia X2 Probiyotik Shot Karamürver Yaban Mersini 80 Ml,8696368012193,39.50,39.50,,https://www.sariyermarket.com/activia-x2-probiyotik-shot-karamurver-yaban-mersini-80-ml
Red Bull Enerji İçeceği Hindistan Cevizi ve Açai 250 Ml,90456084,70.00,70.00,,https://www.sariyermarket.com/red-bull-enerji-icecegi-hindistan-cevizi-ve-acai-250-ml
Melis Tatlı Kornişon Turşu 190ml Cam,8682484901862,89.90,89.90,,https://www.sariyermarket.com/melis-tatli-kornison-tursu-190ml-cam
Ekici Ricotta Peynir 150 Gr,8697403871973,44.90,44.90,,https://www.sariyermarket.com/ekici-ricotta-peynir-150-gr
Kereviz Kg,2910292000009,49.90,49.90,,https://www.sariyermarket.com/kereviz-kg
Elidor Belirgin Bukleler Şampuan 400 ml,8683130108598,219.90,219.90,,https://www.sariyermarket.com/elidor-belirgin-bukleler-sampuan-400-ml
Kapra Keçi Yoğurdu 750 Gr,8682530660194,465.90,465.90,,https://www.sariyermarket.com/kapra-keci-yogurdu-750-gr
Uni Baby Aktif Cep Islak Mendil 3x15li,8690530041110,45.43,45.43,,https://www.sariyermarket.com/uni--baby-aktif-cep-islak-mendil-3x15li
Fuse Tea Soğuk Çay Mango Ananas Aromalı İçecek Kutu 6X330 Ml,5000112666205,325.00,325.00,,https://www.sariyermarket.com/fuse-tea-soguk-cay-mango-ananas-aromali-icecek-kutu-6x330-ml
Corega Diş Protez Temizleyici Tablet 30'Lu,5054563016423,219.90,219.90,,https://www.sariyermarket.com/corega-dis-protez-temizleyici-tablet-30lu
La Vache Qui Rit 16'Li Üçgen Peynir 200gr,3073780960878,153.50,153.50,,https://www.sariyermarket.com/la-vache-qui-rit-16li-ucgen-peynir-200gr
Eti Karam Gurme Antep Fıstıklı 36 Gr,8690526209951,60.00,60.00,,https://www.sariyermarket.com/eti-karam-gurme-antep-fistikli-36-gr
Milka Beyaz Çikolata 80 Gr,8690566990833,159.90,159.90,,https://www.sariyermarket.com/milka-beyaz-cikolata-80-gr
City Farm Organik Mısır Unu 500Gr,8698518423583,79.90,79.90,,https://www.sariyermarket.com/city-farm-organik-misir-unu-500gr
Ari Grissini Organik Sade 125gr,8691090002153,99.90,99.90,,https://www.sariyermarket.com/ari-grissini-organik-sade-125gr
Ülker Biskrem Kakaolu 90 Gr,8690504020233,25.00,25.00,,https://www.sariyermarket.com/ulker-biskrem-kakaolu-90-gr
Pepsi Limon Aromalı 1 Lt,8690574119141,49.90,49.90,,https://www.sariyermarket.com/pepsi-limon-aromali-1-lt
Kireçburnu Beyaz Çikolatalı Turna Yemişli Kurabiye 145 Gr,8692170001424,119.90,119.90,,https://www.sariyermarket.com/kirecburnu-beyaz-cikolatali-turna-yemisli-kurabiye-145-gr
Jacobs Capsule Espresso 7 Classico 10'lu 52 Gr,8711000371176,279.90,279.90,,https://www.sariyermarket.com/jacobs-capsule-espresso-7-classico-10lu-52-gr
Kahve Dünyası Espresso Çekirdek Kahve 1000Gr,8697447040274,1199.90,1199.90,,https://www.sariyermarket.com/kahve-dunyasi-espresso-cekirdek-kahve-1000gr
Molped Püre&Soft Gece Süper Ekonomik 16lı,8690536829040,139.90,139.90,,https://www.sariyermarket.com/molped-pure-soft-gece-super-ekonomik-16li
Mentos Pure Fresh Pocket Bottle Sakız Karpuz 30Gr,80969150,55.00,55.00,,https://www.sariyermarket.com/mentos-pure-fresh-pocket-bottle-sakiz-karpuz-30gr
Algida Maraş Usulü Sade Çikolata Dondurma 500 Ml,8690637871375,165.00,165.00,,https://www.sariyermarket.com/algida-maras-usulu-sade-cikolata-dondurma-500-ml-
Dardanel Ayçiçek Yağlı Ton Balığı 6 x 75 Gr,8690559028901,549.90,549.90,,https://www.sariyermarket.com/dardanel-aycicek-yagli-ton-baligi-6-x-75-gr
Laz Kızı Kavurma 150 Gr,8682835413150,408.75,408.75,,https://www.sariyermarket.com/laz-kizi-kavurma-150-gr
Polonez Tütsülenmiş Piliç Jumbo Sosis 320 Gr,8693407004522,154.90,154.90,,https://www.sariyermarket.com/polonez-tutsulenmis-pilic-jumbo-sosis-320-gr
Kurukahveci Mehmet Efendi Türk Kahvesi 100 Gr,8690627021209,75.90,75.90,,https://www.sariyermarket.com/kurukahveci-mehmet-efendi-turk-kahvesi-100-gr
Knorr Çabuk Çorba Kıtırlı Acılı Domates 22 Gr,8683130067512,20.95,20.95,,https://www.sariyermarket.com/knorr-cabuk-corba-kitirli-acili-domates-22-gr
Tadım Kavrulmuş Siyah Ayçekirdeği 180 Gr,8690787251010,56.00,56.00,,https://www.sariyermarket.com/tadim-kavrulmus-siyah-aycekirdegi-180-gr
Soğan Gümüş Kg,8680793443547,225.00,225.00,,https://www.sariyermarket.com/sogan-gumus-kg
Pınar Bitkisel Bazlı Badem İçeceği 1 Lt,8690565026441,154.90,154.90,,https://www.sariyermarket.com/pinar-bitkisel-bazli-badem-icecegi-1-lt
Dimes Obsesso Kremalı Vanilyalı 250 Ml,8690558014837,64.90,64.90,,https://www.sariyermarket.com/dimes-obsesso-kremali-vanilyali-250-ml
Ülker Buklet Pembe Çikolata 208 Gr,8690504022510,188.95,188.95,,https://www.sariyermarket.com/ulker-buklet-pembe-cikolata-208-gr
Marmarabirlik Gold Zeytin 800 G 201-230 Ad/Kg,8690103279810,464.90,464.90,,https://www.sariyermarket.com/marmarabirlik-gold-zeytin-800-g-201-230-ad-kg
Doğanay Gurme Acılı Şalgam Cam 750 Ml,8693354000479,119.90,119.90,,https://www.sariyermarket.com/doganay-gurme-acili-salgam-cam-750-ml
Ariste Erzincan Tulum Peyniri 250gr,8698686749942,395.90,395.90,,https://www.sariyermarket.com/ariste-erzincan-tulum-peyniri-250gr
Sarıyer Kola 1Lt,8683789552193,39.90,39.90,,https://www.sariyermarket.com/sariyer-kola-1lt
Mc Vitie's Cracker Crisps Smoky&Barbeq 110 Gr,8690504108108,55.00,55.00,,https://www.sariyermarket.com/mc-vities-cracker-crisps-smoky-barbeq-110-gr
Mr waffle XL Cookies Chocolate 41gr,8682549778651,25.00,25.00,,https://www.sariyermarket.com/mr-waffle-xl-cookies-chocolate-41gr
Dana Osso Bucco Special Kg,2900741000001,1250.00,1250.00,,https://www.sariyermarket.com/dana-osso-bucco-special-kg
Sırma B+ Karadut Frenk Üzümü Maden Suyu 200 Ml,8691058008579,15.00,15.00,,https://www.sariyermarket.com/sirma-b_-karadut-frenk-uzumu-maden-suyu-200-ml
Sprite Limon Aromalı Gazoz Kutu 250 Ml,5000112664782,54.00,54.00,,https://www.sariyermarket.com/sprite-limon-aromali-gazoz-kutu-250-ml
Cappy Şeftali Nektarı 1 L,5449000021595,79.90,79.90,,https://www.sariyermarket.com/cappy-seftali-nektari-1-l
Eti Cin Portakallı 25 Gr,86900478,7.00,7.00,,https://www.sariyermarket.com/eti-cin-portakalli-25-gr
Dimes Sıkma Nar Suyu 700 Ml,8690558029343,199.90,199.90,,https://www.sariyermarket.com/dimes-sikma-nar-suyu-700-ml
Peyman Bahçeden Çiğ Karışık Kuruyemiş Klasik 165 Gr,8695876200115,155.00,155.00,,https://www.sariyermarket.com/peyman-bahceden-cig-karisik-kuruyemis-klasik-165-gr
Uludağ Doğal Maden Suyu 6X200 Ml,8690723511239,65.90,65.90,,https://www.sariyermarket.com/uludag-dogal-maden-suyu-6x200-ml
Barilla Fiyonk (Farfalle Tonde) Makarna 500 Gr,8076809539197,59.90,59.90,,https://www.sariyermarket.com/barilla-fiyonk-farfalle-tonde-makarna-500-gr
President Tuzlu Tereyağ 200gr,8692971440590,219.90,219.90,,https://www.sariyermarket.com/president-tuzlu-tereyag-200gr
Lipton Bardak Poşet Bitki Çayı Ihlamur 20'li,8720608631117,114.90,114.90,,https://www.sariyermarket.com/lipton-bardak-poset-bitki-cayi-ihlamur-20li
Ülker Probis Kakaolu ve Muzlu Proteinli Bisküvi 75 Gr,8690504007982,25.00,25.00,,https://www.sariyermarket.com/ulker-probis-kakaolu-ve-muzlu-proteinli-biskuvi-75-gr
Ülker Altınbaşak Light Yulaflı 46 Gr,8690504011606,15.00,15.00,,https://www.sariyermarket.com/ulker-altinbasak-light-yulafli-46-gr
Superfresh Orman Meyveleri 300gr,8690612470111,329.90,329.90,,https://www.sariyermarket.com/superfresh-orman-meyveleri-300gr
Reis Glutensiz Nohut Unu 500 Gr,8690849870012,104.90,104.90,,https://www.sariyermarket.com/reis-glutensiz-nohut-unu-500-gr
Feast Gurme Soğan Halka 450 Gr,8697343650027,159.90,159.90,,https://www.sariyermarket.com/feast-sogan-halka-450gr
Parodontax Tam Koruma Ferahlık Diş Macunu 75 Ml,8681291004698,354.90,354.90,,https://www.sariyermarket.com/parodontax-tam-koruma-ferahlik-dis-macunu-75-ml
İçim Rahat Laktozsuz Labne 180Gr,8692971431000,64.90,64.90,,https://www.sariyermarket.com/icim-rahat-laktozsuz-labne-180gr
Tadım Antep Fıstığı 180 Gr,8690787111031,430.00,430.00,,https://www.sariyermarket.com/tadim-antep-fistigi-180-gr
Çaykur Tiryaki Çay 1000 Gr,8690105009941,389.90,389.90,,https://www.sariyermarket.com/caykur-tiryaki-cay--1000-gr
Kemal Kükrer Cam Karışık Turşu 720 Ml,8682287363836,139.90,139.90,,https://www.sariyermarket.com/kemal-kukrer-cam-karisik-tursu-720-ml
Kühne Alman Tipi Gewurz Gurken Turşu 720ml,8696027014117,239.90,239.90,,https://www.sariyermarket.com/kuhne-alman-tipi-gewurz-gurken-tursu-720ml
Davidoff Fine Aroma 100 Gr,4006067084300,649.90,649.90,,https://www.sariyermarket.com/davidoff-fine-aroma-100-gr
Tat Mısır 3x210 Gr,8690635761187,129.90,129.90,,https://www.sariyermarket.com/tat-misir-3x210-gr
Arslanoğlu Şekerpare 250gr,8691725000080,72.90,72.90,,https://www.sariyermarket.com/arslanoglu-sekerpare-250gr
Sparx Sıvı Bulaşık Deterjanı Elma 650 Ml,8697713823174,99.90,99.90,,https://www.sariyermarket.com/sparx-sivi-bulasik-deterjani-elma-650-ml
Jelibon Ayıcık 80 Gr,8690515133601,49.90,49.90,,https://www.sariyermarket.com/jelibon-ayicik-80-gr
Kristal Sızma Dolgun Guclu 2Lt Pet,8690819264605,949.90,949.90,,https://www.sariyermarket.com/kristal-sizma-dolgun-guclu-2lt-pet
Züber Pirinç Patlaklı Sütlü Çikolata 35Gr,,124.90,124.90,,https://www.sariyermarket.com/zuber-pirinc-patlakli-sutlu-cikolata-35gr
Eti Form Çok Tahıllı Buğday Patlağı 41 Gr,8690526074740,26.00,26.00,,https://www.sariyermarket.com/eti-form-cok-tahilli-bugday-patlagi-41-gr
Borbone Espresso İntenso Filtre Kahve 250Gr,8034028334344,379.90,379.90,,https://www.sariyermarket.com/borbone-espresso-intenso-filtre-kahve-250gr
Nutella 750gr,80176800,314.95,314.95,,https://www.sariyermarket.com/nutella-750gr
Sarıyer Gurme Klasik Beyaz Peynir 300 Gr,8699089581351,179.50,179.50,,https://www.sariyermarket.com/sariyer-gurme-klasik-beyaz-peynir-300-gr
Fersan Soya Sosu 250 Ml,8690816985374,179.90,179.90,,https://www.sariyermarket.com/fersan-soya-sosu-250-ml
Aroy-D Köri Ezmesi Kırmızı 400 Gr,,219.90,219.90,,https://www.sariyermarket.com/aroy-d-kori-ezmesi-kirmizi-400-gr
Uni Baby İlk Adım Islak Havlu 52 Yaprak,8690530031012,34.93,34.93,,https://www.sariyermarket.com/uni-baby-ilk-adim-islak-havlu-52-yaprak
Reis Royal Siyah Pirinç 500 Gr,8690849242055,219.90,219.90,,https://www.sariyermarket.com/reis-royal-siyah-pirinc-500-gr
Sensodyne Onarım ve Koruma Beyazlatıcı Diş Macunu 75 Ml,5054563016676,414.90,414.90,,https://www.sariyermarket.com/sensodyne-onarim-ve-koruma-beyazlatici-dis-macunu-75-ml
Yayla Osmancık Pirinç 2 Kg,8693374204437,239.90,239.90,,https://www.sariyermarket.com/yayla-osmancik-pirinc-2-kg
Züber Original Fıstık Ezmesi 315 Gr,8681630311012,249.90,249.90,,https://www.sariyermarket.com/zuber-original-fistik-ezmesi-315-gr
Prima Külot Bebek Bezi Tekli Paket 6 Beden 15'li,8006540898239,349.93,349.93,,https://www.sariyermarket.com/prima-kulot-bebek-bezi-tekli-paket-6-beden-15li
Erdemler Yumurta Large 30'lu,8697409850651,345.00,345.00,,https://www.sariyermarket.com/erdemler-yumurta-large-30lu
"Sprite Limon Aromalı Gazoz Pet 1,5 Lt",5000112665390,59.90,59.90,,https://www.sariyermarket.com/sprite-limon-aromali-gazoz-pet-1-5-lt
Kahve Dünyası Tambol Bademli Sütlü Çikolata 77Gr,8699270017621,93.90,93.90,,https://www.sariyermarket.com/kahve-dunyasi-tambol-bademli-sutlu-cikolata-77gr
Duru Şampuan Arındırıcı&Hacim Veren 400 ml,8690506565213,76.93,76.93,,https://www.sariyermarket.com/duru-sampuan-arindirici-hacim-veren-400-ml
Snickers Cikolata 50gr,5900951311505,49.95,49.95,,https://www.sariyermarket.com/snickers-cikolata-50gr
Servet Şekersiz Antep Fıstığı Kreması 200Gr Cam,8683181948310,419.90,419.90,,https://www.sariyermarket.com/servet-sekersiz-antep-fistigi-kremasi-200gr-cam
Sütaş Meyveli Yoğurt Çilekli 4x115 Gr,8690767674297,99.90,99.90,,https://www.sariyermarket.com/sutas-meyveli-yogurt-cilekli-4x115-gr
Wefood Organik Hindistan Ceviz Unu 320gr,8681749104345,399.90,399.90,,https://www.sariyermarket.com/wefood-organik-hindistan-ceviz-unu-320gr
Nish Karamel Aromalı Şurup 250 Ml,8682279237442,114.90,114.90,,https://www.sariyermarket.com/nish-karamel-aromali-surup-250-ml
Ferrero Raffaello Çikolata 150gr,8000500023976,172.90,172.90,,https://www.sariyermarket.com/ferrero-raffaello-cikolata-150gr
Eker Efsane Yoğurt 350gr,8691316521567,51.90,51.90,,https://www.sariyermarket.com/eker-efsane-yogurt-350gr
Sütaş Tost Peyniri Dilimli 350gr,8681324004169,159.90,159.90,,https://www.sariyermarket.com/sutas-tost-peyniri-dilimli-350gr
Chupa Chups Sparkling Kola Aromalı Gazlı İçecek 330 Ml,6251897001180,109.90,109.90,,https://www.sariyermarket.com/chupa-chups-sparkling-kola-aromali-gazli-icecek-330-ml
Pınar Köfte Tekirdağ 390 Gr,8690527102558,549.90,549.90,,https://www.sariyermarket.com/pinar-kofte-tekirdag-390-gr
Dr.Oetker Aşure 222 Gr,8690629219673,63.68,63.68,,https://www.sariyermarket.com/dr-oetker-asure-222-gr
Selpak 32'Li Tuvalet Kağıdı Extra Kaşmir Katkılı,8690530074453,559.90,559.90,,https://www.sariyermarket.com/selpak-32li-tuvalet-kagidi-extra-kasmir-katkili
Sırma C+ Mandalina Aromalı Doğal Maden Suyu 6X200 Ml,8691058142587,87.95,87.95,,https://www.sariyermarket.com/sirma-c_-mandalina-aromali-dogal-maden-suyu-6x200-ml
Felix Sensations Somonlu Ve Karidesli 85gr,7613287484949,39.90,39.90,,https://www.sariyermarket.com/felix-sensations-somonlu-ve-karidesli-85gr
"Lipton Ice Tea Yeşil Cay 1,5 Lt",8690574114986,70.00,70.00,,https://www.sariyermarket.com/lipton-ice-tea-yesil-cay-1-5-lt
Züber Limon Aromalı Çaylı İçecek 250 Ml,8681630429472,54.90,54.90,,https://www.sariyermarket.com/zuber-limon-aromali-cayli-icecek-250-ml
Ekici Tam Yağlı Beyaz Peynir Lokum Kıvamında 800gr,8697403870105,329.90,329.90,,https://www.sariyermarket.com/ekici-tam-yagli-beyaz-peynir-lokum-kivaminda-800gr
Sosi Limon Suyu 500GR,8684059049580,59.90,59.90,,https://www.sariyermarket.com/sosi-limon-suyu-500gr
Bebelac 3 Devam Sütü 400gr,8699745023775,399.90,399.90,,https://www.sariyermarket.com/bebelac-3-devam-sutu-400gr
Cappy Meyve Suyu Vişne 200 Ml,90494512,19.90,19.90,,https://www.sariyermarket.com/cappy-meyve-suyu-visne-200-ml
Lestello Glutensiz Kinoa Patlaği 135 Gr,5902609001844,229.90,229.90,,https://www.sariyermarket.com/lestello-glutensiz-kinoa-patlagi-135-gr
İçim Taze Kaşar Peyniri 600 Gr,8692971433264,259.90,259.90,,https://www.sariyermarket.com/icim-taze-kasar-peyniri-600-gr
Pınar 10'lu Ekonomik Sosis 430 Gr,8690527030134,549.90,549.90,,https://www.sariyermarket.com/pinar-10lu-ekonomik-sosis-430-gr
Barilla Glutensiz Burgu (Fusilli) Makarna 400 Gr,8076809545464,159.90,159.90,,https://www.sariyermarket.com/barilla-glutensiz-burgu-fusilli-makarna-400-gr
Bağdat Et Çeşnisi Değirmen 42 Gr,8690560027641,142.90,142.90,,https://www.sariyermarket.com/bagdat-et-cesnisi-degirmen-42-gr
Nestle After Eight Classic 200 Gr,500189363069,249.90,249.90,,https://www.sariyermarket.com/nestle-after-eight-classic-200-gr
Ritter Sport Findikli Tablet Çikolata 100 Gr,4000417019004,199.90,199.90,,https://www.sariyermarket.com/ritter-sport-findikli-tablet-cikolata-100-gr
Petit Danino Çilekli 6x40 Gr,8696368200590,69.90,69.90,,https://www.sariyermarket.com/petit-danino-cilekli-6x40-gr
Activia Doğal Probiyotik İncir&Ceviz Yoğurt 4x100 Gr,8696368041377,114.50,114.50,,https://www.sariyermarket.com/activia-dogal-probiyotik-incir-ceviz-yogurt-4x100-gr
Eti Bumbo Portakal Aromalı Kakaolu Bisküvi 42 Gr,8690526051314,15.00,15.00,,https://www.sariyermarket.com/eti-bumbo-portakal-aromali-kakaolu-biskuvi-42-gr
Kuzeyden %100 Çilekli Limonata 250 Ml,8684556266626,99.90,99.90,,https://www.sariyermarket.com/kuzeyden-100-cilekli-limonata-250ml
Davidoff Crema Elegant Kapsül Kahve 10'lu 55 Gr,4061445226734,299.90,299.90,,https://www.sariyermarket.com/davidoff-crema-elegant-kapsul-kahve-10lu-55-gr
Bioblas Botanic Oils Isırgan Yağlı Şampuan 360 ml,8697432094015,209.90,209.90,,https://www.sariyermarket.com/bioblas-botanic-oils-isirgan-yagli-sampuan-360-ml
"Areka Seker Naneli 11,5 Gr",30030305,89.90,89.90,,https://www.sariyermarket.com/areka-seker-naneli-11-5-gr
Foco Liçili İçecek 350 Ml,8697418650761,109.90,109.90,,https://www.sariyermarket.com/foco-licili-icecek-350-ml
Doytat Karabiber 50gr,8697826340025,89.90,89.90,,https://www.sariyermarket.com/doytat-karabiber-50gr
Dimes %100 Kırmızı Meyveler Suyu 1 Lt,8690558020180,109.90,109.90,,https://www.sariyermarket.com/dimes--100-kirmizi-meyveler-suyu-1-lt
Lindt Excellence 50GR Dark %99,3046920028721,619.90,619.90,,https://www.sariyermarket.com/lindt-excellence-50gr-dark--99
Pastavilla Spagetti Makarna 500gr,8690684001039,46.90,46.90,,https://www.sariyermarket.com/pastavilla-spagetti-makarna-500gr
Burcu Domates Salça 600 Gr,8691573001260,71.90,71.90,,https://www.sariyermarket.com/burcu-domates-salca-600-gr
Mentos Naneli Şeker 21gr,80914006,55.00,55.00,,https://www.sariyermarket.com/mentos-naneli-seker-21gr
Önallar Karın Tereyağ Kg,2901146000009,995.00,995.00,,https://www.sariyermarket.com/onallar-karin-tereyag-kg
Kuzeyden %100 Mango 250 Ml,8684556266787,109.90,109.90,,https://www.sariyermarket.com/kuzeyden-100-mango-250-ml
Sarıyer Gurme Granola 400 Gr,8699089784738,149.00,149.00,,https://www.sariyermarket.com/sariyer-gurme-granola-400-gr
Saol Vitamin Water Antioxidant Aromlı İçecek 500 Ml,8681845632483,59.90,59.90,,https://www.sariyermarket.com/saol-vitamin-water-antioxidant-aromli-icecek-500-ml
Polonezköy Tereyağı 200 Gr,8681072319140,204.90,204.90,,https://www.sariyermarket.com/polonezkoy-tereyagi-200-gr
Toprak Doğal Erzincan Eğin Dutu 130gr,8681078702526,299.90,299.90,,https://www.sariyermarket.com/toprak-dogal-erzincan-egin-dutu-130gr
Sarıyer Gurme İzmir Tulum 300 Gr,8699089581856,325.00,325.00,,https://www.sariyermarket.com/sariyer-gurme-izmir-tulum-300-gr
Sade Organik Beyaz Un 1000 Gr,8697463091250,139.90,139.90,,https://www.sariyermarket.com/sade-organik-beyaz-un-1000-gr
Tamek Gül Reçeli 380 Gr,8690575109318,109.90,109.90,,https://www.sariyermarket.com/tamek-gul-receli-380-gr
Doğa Evi Chia Tohumu 150gr,8681110220155,99.90,99.90,,https://www.sariyermarket.com/doga-evi-chia-tohumu-150gr
Ülker Çizi Çıtır Peynir & Soğan 50 Gr,8690504077534,19.90,19.90,,https://www.sariyermarket.com/ulker-cizi-citir-peynir-sogan-50-gr
Dimes Karışık Meyve Nektarı 1 Lt,8690558013236,57.50,57.50,,https://www.sariyermarket.com/dimes-karisik-meyve-nektari-1-lt
Jacobs Monarch Gold 2 Gr,8711000551585,13.50,13.50,,https://www.sariyermarket.com/jacobs-monarch-gold-2-gr
Sarıyer Gurme Beypazarı Yaprak Sarma Kg,2948422000001,995.00,995.00,,https://www.sariyermarket.com/sariyer-gurme-beypazari-yaprak-sarma-kg
Filiz Mardin Köftelik İnce Bulgur 800 Gr,8690579773218,59.90,59.90,,https://www.sariyermarket.com/filiz-mardin-koftelik-ince-bulgur-800-gr
Sensodyne Promine Kids 6-12 Yaş Diş Macunu 50Ml,8681291342233,369.90,369.90,,https://www.sariyermarket.com/sensodyne-promine-kids-6-12-yas-dis-macunu-50ml
KühneTürk Tipi Karışık Turşu 720ml,8693027016042,199.90,199.90,,https://www.sariyermarket.com/kuhneturk-tipi-karisik-tursu-720ml
Doga Evi Karabuğday Unu 400Gr,8681110220766,114.90,114.90,,https://www.sariyermarket.com/doga-evi-karabugday-unu-400gr
Kurukahveci Mehmet Efendi Kahve Kutu 250gr,8690627023401,299.90,299.90,,https://www.sariyermarket.com/kurukahveci-mehmet-efendi-kahve-kutu-250gr
Superfresh Frambuaz 300 Gr,8690612479237,439.90,439.90,,https://www.sariyermarket.com/superfresh-frambuaz-300-gr
Hasmandıra Ghee Sade Yağ Koyun Keçi İnek 300 Gr,8697623020687,645.00,645.00,,https://www.sariyermarket.com/hasmandira-ghee-sade-yag-koyun-keci-inek-300-gr
Yayla Haşlanmış Bezelye 700gr,8693374263526,79.90,79.90,,https://www.sariyermarket.com/yayla-haslanmis-bezelye-700gr
Dr.Oetker Profiterol 360 Gr,8690629447823,104.93,104.93,,https://www.sariyermarket.com/dr-oetker-profiterol-360-gr
Sensodyne Tam Koruma ve Beyazlatıcı Diş Macunu 75 Ml,8681291342035,309.90,309.90,,https://www.sariyermarket.com/sensodyne-tam-koruma-ve-beyazlatici-dis-macunu-75-ml
Pınar Yoğurt 2000gr Yarım Yağlı,8690565027851,199.90,199.90,,https://www.sariyermarket.com/pinar-yogurt-2000gr--yarim-yagli
Yudum Ayçiçek Yaği 2 Lt,8690876010023,339.90,339.90,,https://www.sariyermarket.com/yudum-aycicek-yagi-2-lt
Arı Grissini Zeytinyağlı Sade 100gr,8691090002184,49.90,49.90,,https://www.sariyermarket.com/ari-grissini-zeytinyagli-sade-100gr
Herby MatchaÇilek ve Vanilya Aromalı Kapsül 10'lu 15 Gr,8682450833449,394.90,394.90,,https://www.sariyermarket.com/herby-matchacilek-ve-vanilya-aromali-kapsul-10lu-15-gr
Dreamies Somonlu ve Peynirli Kedi Ödül Mama 60 Gr,5998749130445,79.90,79.90,,https://www.sariyermarket.com/dreamies-somonlu-ve-peynirli-kedi-odul-mama-60-gr
Reis Osmancık Pirinç 1000gr,8690849820239,179.90,179.90,,https://www.sariyermarket.com/reis-osmancik-pirinc-1000gr
Sinangil Karabuğdaylı Glütensiz Un 500gr,8697702983766,97.90,97.90,,https://www.sariyermarket.com/sinangil-karabugdayli-glutensiz-un-500gr
Kent Olips C Vitaminli Stick 28 Gr,8690515124401,32.90,32.90,,https://www.sariyermarket.com/kent-olips-c-vitaminli-stick-28-gr
Signal Diş Fırçası 4D Clean Expert,8683130067857,319.90,319.90,,https://www.sariyermarket.com/signal-dis-fircasi-4d-clean-expert
Alcatra Rozbif Biberli 100Gr,8699089579808,450.00,450.00,,https://www.sariyermarket.com/alcatra-rozbif-biberli-100gr
Eti Burçak Bademli Kurabi Lokmalık 150 Gr,8690526689890,50.00,50.00,,https://www.sariyermarket.com/eti-burcak-bademli-kurabi-lokmalik-150-gr
Hero Goodies Fındık Kakao Meyve Bar 30gr,8681080552522,44.90,44.90,,https://www.sariyermarket.com/hero-goodies-findik-kakao-meyve-bar-30gr
Suprapet Yavru Kedi Tavuklu Parça Etli ve Jöleli 400 Gr,8684272331646,89.90,89.90,,https://www.sariyermarket.com/suprapet-yavru-kedi-tavuklu-parca-etli-ve-joleli-400-gr
Lotus Biscoff Biscuit Spread 400 Gr,5410126116953,399.90,399.90,,https://www.sariyermarket.com/lotus-biscoff-biscuit-spread-400-gr
Algida Twister Forest 65 Ml,8690637716096,15.00,15.00,,https://www.sariyermarket.com/algida-twister-forest-65-ml
Veg&Bones Jöle Kıvamında Dana İlikli Kemik Suyu 320ml,8683148622154,159.90,159.90,,https://www.sariyermarket.com/veg-bones-jole-kivaminda-dana-ilikli-kemik-suyu-320ml
Sütaş Labne Avantaj Pk 3X180 Gr,8690767716751,159.90,159.90,,https://www.sariyermarket.com/sutas-labne-avantaj-pk-3x180-gr
Amoy Soya Sosu 150ml,780240202050,149.90,149.90,,https://www.sariyermarket.com/amoy-soya-sosu-150ml
Sensodyne Promine 0-6 Yaş Diş Macunu 50Ml,8681291342417,369.90,369.90,,https://www.sariyermarket.com/sensodyne-promine-0-6-yas-dis-macunu-50ml
Superfresh Pizza Napoliten Dana Sucuklu 445Gr,8690612520427,349.90,349.90,,https://www.sariyermarket.com/superfresh-pizza-napoliten-dana-sucuklu-445gr
Aydın Erüst Kereviz Sapı Adet,2600013000004,180.00,180.00,,https://www.sariyermarket.com/aydin-erust-kereviz-sapi-adet
Granoro Casareccia Makarna 500 gr,8007290330888,139.90,139.90,,https://www.sariyermarket.com/granoro-casareccia-makarna-500-gr
Starbucks Frappuccino Caramel 250 Ml,5711953072055,149.90,149.90,,https://www.sariyermarket.com/starbucks-frappuccino-caramel-250-ml
Kühne Elma Sirke 500ml Cam,8696027011017,150.90,150.90,,https://www.sariyermarket.com/kuhne-elma-sirke-500ml-cam
Hero Goodies Kayısı Elma Pouch 100 Gr,8691080555225,89.90,89.90,,https://www.sariyermarket.com/hero-goodies-kayisi-elma-pouch-100-gr
Eti Burçak Bisküvi Zeytinli 91 Gr,8690526011714,24.00,24.00,,https://www.sariyermarket.com/eti-burcak-biskuvi-zeytinli-91-gr
Sensodyne Hassasiyet Diş Eti Beyazlatıcı 75 Ml,8681291342271,389.90,389.90,,https://www.sariyermarket.com/sensodyne-hassasiyet--dis-eti-beyazlatici-75-ml
Beta Earl Grey 100gr Teneke Kutu,8690717004419,269.90,269.90,,https://www.sariyermarket.com/beta-earl-grey-100gr-teneke-kutu
Coffee Mate Ekonomik Paket 200 Gr,8850124081827,131.50,131.50,,https://www.sariyermarket.com/coffee-mate-ekonomik-paket-200-gr
Tamek Közlenmiş Biber 530 Gr,8690575008727,149.90,149.90,,https://www.sariyermarket.com/tamek-kozlenmis-biber-530-gr
Dana Biftek Kıyma Kg,2901048000008,1250.00,1250.00,,https://www.sariyermarket.com/dana-biftek-kiyma-kg
Whiskas Tavuklu Poşet Yaş Kedi Maması 85 Gr,5900951302084,39.90,39.90,,https://www.sariyermarket.com/whiskas-tavuklu-poset-yas-kedi-mamasi-85-gr
Tadım Şenlik 180 Gr,8690787181294,180.00,180.00,,https://www.sariyermarket.com/tadim-senlik-180-gr
Ahmad Tea English Breakfast Bardak Poşet Çay 25'li 50 Gr,,149.90,149.90,,https://www.sariyermarket.com/ahmad-tea-english-breakfast-bardak-poset-cay-25li-50-gr
Balparmak Apitera Up 7x7 Gr,8690998214521,179.90,179.90,,https://www.sariyermarket.com/balparmak-apitera-up-7x7-gr
Feast Taze Fasulye 450 Gr,8697343550020,128.90,128.90,,https://www.sariyermarket.com/feast-taze-fasulye-450-gr
Bağdat Toz Sarımsak Tuzluklu 48 Gr,8690560017550,99.90,99.90,,https://www.sariyermarket.com/bagdat-toz-sarimsak-tuzluklu-48-gr
Eti Canga 45 Gr,8690526047256,22.50,22.50,,https://www.sariyermarket.com/eti-canga-45-gr
Nestle Damak Gece Antep Fıstıklı Bitter Çikolata 60 Gr,8690632709925,109.95,109.95,,https://www.sariyermarket.com/nestle-damak-gece-antep-fistikli-bitter-cikolata-60-gr
Splenda Tatlandirici Tablet 100'Lü,8718226401878,119.90,119.90,,https://www.sariyermarket.com/splenda-tatlandirici-tablet-100lu
Balocco Wafers 250g Vanilyali Gofr,8001100059266,219.90,219.90,,https://www.sariyermarket.com/balocco-wafers-250g-vanilyali-gofr
Koska Pekmez Dut Cam 380gr,8690710001934,186.90,186.90,,https://www.sariyermarket.com/koska-pekmez-dut-cam-380gr
Suppa Hindi Göğüs Füme Kg,2902343000007,1350.00,1350.00,,https://www.sariyermarket.com/suppa-hindi-gogus-fume-kg
Ice Break Şekersiz Latte 375 Ml,8692971436180,64.90,64.90,,https://www.sariyermarket.com/ice-break-sekersiz-latte-375-ml
Felix Lezzetli Dilimler Yaş Mama Tavuklu 80 Gr,7613037430226,40.95,40.95,,https://www.sariyermarket.com/felix-lezzetli-dilimler-yas-mama-tavuklu-80-gr
"Hayat Su 1,5 Lt",8693593001763,34.90,34.90,,https://www.sariyermarket.com/hayat-su-1-5-lt
Sarıyer Gurme Çiğ Badem 120Gr,8699089559862,134.90,134.90,,https://www.sariyermarket.com/sariyer-gurme-cig-badem-120gr
Sarıyer Gurme Pastırma Antrikot Kg,2904011000005,3590.00,3590.00,,https://www.sariyermarket.com/sariyer-gurme-pastirma-antrikot-kg
Fellas Granol Bar Kırmızı Meyveli 23Gr,8684802317102,39.95,39.95,,https://www.sariyermarket.com/fellas-granol-bar-kirmizi-meyveli-23gr
Barilla Deniz Kabuğu (Gnocchetti) Makarna 500 Gr,8690579963299,59.90,59.90,,https://www.sariyermarket.com/barilla-deniz-kabugu-gnocchetti-makarna-500-gr
"Ülker Pastil Kara Mürver Aserola Çinko Propolis 8'li 22,4 Gr",8690840179077,50.00,50.00,,https://www.sariyermarket.com/ulker-pastil-kara-murver-aserola-cinko-propolis-8li-22-4-gr
Namet Klasik Sucuk 200gr,8697471729978,214.90,214.90,,https://www.sariyermarket.com/namet-klasik-sucuk-200gr
Gürsoy Kakaolu Fındık Kreması 400gr,8693887003176,149.90,149.90,,https://www.sariyermarket.com/gursoy-kakaolu-findik-kremasi-400gr
Zanetti Yarım Yağlı Olgunlaştırılmış Grana Padano Peyniri 150 Gr,8002710400158,319.90,319.90,,https://www.sariyermarket.com/zanetti-yarim-yagli-olgunlastirilmis-grana-padano-peyniri-150-gr
Ülker Altınbaşak Grissini Kepekli 125 Gr,8690504058106,65.00,65.00,,https://www.sariyermarket.com/ulker-altinbasak-grissini-kepekli-125-gr
Eti Lifalif Yulaf Ezmesi 500 Gr,8690526069500,74.90,74.90,,https://www.sariyermarket.com/eti-lifalif-yulaf-ezmesi-500-gr
Aptamil Sütlü Ballı İrmikli Ek Gıda 250 Gr,8699745026561,199.90,199.90,,https://www.sariyermarket.com/aptamil-sutlu-balli-irmikli-ek-gida-250-gr
Activia Doğal Probiyotik Ananaslı Yoğurt 4x100 Gr,8696368011400,114.50,114.50,,https://www.sariyermarket.com/activia-dogal-probiyotik-ananasli-yogurt-4x100-gr
Züber Fındıklı Çikolatalı Meyve Bar 40 Gr,8681630107011,48.72,48.72,,https://www.sariyermarket.com/zuber-findikli-cikolatali-meyve-bar-40-gr
Yayla Haşlanmış Fasulye 700gr,8693374258720,66.90,66.90,,https://www.sariyermarket.com/yayla-haslanmis-fasulye-700gr
Dana Güveç Kg,2901081000003,1250.00,1250.00,,https://www.sariyermarket.com/dana-guvec-kg
Okey Zero Aqua Prezervatif 10'Lu,8850956393983,519.90,519.90,,https://www.sariyermarket.com/okey-zero-aqua-prezervatif-10lu
Yedigün Portakal Aromalı Gazoz Pet 1lt,8690574115075,60.00,60.00,,https://www.sariyermarket.com/yedigun-portakal-aromali-gazoz-pet-1lt
Doğadan Adaçayı Bardak Poşet 20'li,8699580000047,86.18,86.18,,https://www.sariyermarket.com/dogadan-adacayi-bardak-poset-20li
Milka Çikolata Rüyası 100 Gr,7622201519544,159.90,159.90,,https://www.sariyermarket.com/milka-cikolata-ruyasi-100-gr
Primavera Türüf Mantarlı Gaudo Peyniri 150Gr,8699089588954,495.00,495.00,,https://www.sariyermarket.com/primavera-turuf-mantarli-gaudo-peyniri-150gr
Coca Cola 450 Ml,54023567,55.00,55.00,,https://www.sariyermarket.com/coca-cola-450-ml
Sarıyer Gurme Klasik Beyaz Peynir 500 Gr,8699089521524,299.00,299.00,,https://www.sariyermarket.com/sariyer-gurme-klasik-beyaz-peynir-500-gr
Pınar Paçanga Böreği 270 gr,8690527110607,329.90,329.90,,https://www.sariyermarket.com/pinar-pacanga-boregi-270-gr
Sarıyer Gurme Kahvaltılık Lor Peyniri Kg,2900410000004,350.00,350.00,,https://www.sariyermarket.com/sariyer-gurme-kahvaltilik-lor-peyniri-kg
Jungle Pouch Yetişkin Kedi Somon Parçalı 100gr,8681299013906,26.53,26.53,,https://www.sariyermarket.com/jungle-pouch-yetiskin-kedi-somon-parcali-100gr
Gourmet Gold Soslu Sığır Etli Yaş Kedi Maması Konserve 85Gr,8445292081344,69.90,69.90,,https://www.sariyermarket.com/gourmet-gold-soslu-sigir-etli-yas-kedi-mamasi-konserve-85gr
Muni Karabuğday Patlağı 100gr,8683161911044,74.90,74.90,,https://www.sariyermarket.com/muni-karabugday-patlagi-100gr
Salatalık Kg,2910215000000,33.90,33.90,,https://www.sariyermarket.com/salatalik-kg
Sensodyne Eksta Beyazlatıcı Diş Macunu 75 Ml,8681291342073,299.90,299.90,,https://www.sariyermarket.com/sensodyne-eksta-beyazlatici-dis-macunu-75-ml
Nestle Nesfit Ballı Granola 300 Gr,8445291594876,159.90,159.90,,https://www.sariyermarket.com/nestle-nesfit-balli-granola-300-gr
Eti Browni Intense Mini Çikolatalı Kek 160 Gr,8690526096520,85.00,85.00,,https://www.sariyermarket.com/eti-browni-intense-mini-cikolatali-kek-160-gr
Parodontax Tam Koruma Ferahlık Diş Macunu 50 Ml,8681291004711,69.90,69.90,,https://www.sariyermarket.com/parodontax-tam-koruma-ferahlik-dis-macunu-50-ml
Vileda Mikrofiber Style Temizlik Bezi 4 lü,4023103245754,469.90,469.90,,https://www.sariyermarket.com/vileda-mikrofiber-style-temizlik-bezi-4-lu
Sütaş Süt Yağlı 500 Ml,8690767002175,40.90,40.90,,https://www.sariyermarket.com/sutas-sut-yagli-500-ml
Sarıyer Gurme Süper Yağlı Siyah Sele Zeytin Kg,2900388000006,395.00,395.00,,https://www.sariyermarket.com/sariyer-gurme-super-yagli-siyah-sele-zeytin-kg
Pastavilla Makarna Sosu Napoliten 300gr,8690684005082,104.90,104.90,,https://www.sariyermarket.com/pastavilla-makarna-sosu-napoliten-300gr
Nescafe 3ü 1 Arada Sütlü Köpüklü 17.4 Gr,8690632037134,14.90,14.90,,https://www.sariyermarket.com/nescafe-3u-1-arada-sutlu-kopuklu-17-4-gr
Omo Active Fresh Renkliler Toz Deterjan 10 Yıkama 1.5 Kg,8690637534102,199.90,199.90,,https://www.sariyermarket.com/omo-active-fresh-renkliler-toz-deterjan-10-yikama-1-5-kg
Loacker Gardena Peanut Butter 38 Gr,80864059,109.90,109.90,,https://www.sariyermarket.com/loacker-gardena-peanut-butter-38-gr
Sarıyer Gurme Füme Dil Kg,2900320000002,3850.00,3850.00,,https://www.sariyermarket.com/sariyer-gurme-fume-dil-kg
Mom's Glutensiz Elmalı Tarçınlı Granola 300 Gr,8681267006497,202.93,202.93,,https://www.sariyermarket.com/moms-glutensiz-elmali-tarcinli-granola-300-gr
Organuca Sebze Meyve İçecek Salatalık Ispanak Nane 250 Ml,8684483387364,109.90,109.90,,https://www.sariyermarket.com/organuca-sebze-meyve-icecek-salatalik-ispanak-nane-250-ml
Canbaş Zerdeçallı Zencefil Ezmesi 100g,8681636426208,169.00,169.00,,https://www.sariyermarket.com/canbas-zerdecalli-zencefil-ezmesi-100g
Bonbon Rulo Şeker Naneli 36 Gr,8690840054763,20.00,20.00,,https://www.sariyermarket.com/bonbon-rulo-seker-naneli-36-gr
Heinz Ranch Sos 225 Gr,8696362805340,132.90,132.90,,https://www.sariyermarket.com/heinz-ranch-sos-225-gr
Dr.Oetker Glutensiz Krem Şanti 72 Gr,8690629448424,40.43,40.43,,https://www.sariyermarket.com/dr-oetker-glutensiz-krem-santi-72-gr
Danette Muzlu Puding 4X100 Gr,8696368232157,99.90,99.90,,https://www.sariyermarket.com/danette-muzlu-puding-4x100-gr
Pepsi Max Pet 1.5 Lt,8690574114481,70.00,70.00,,https://www.sariyermarket.com/pepsi-max-pet-1-5-lt
Howdah Brand Çay 250 Gr.,8690717652504,399.90,399.90,,https://www.sariyermarket.com/howdah-brand-cay-250-gr-
Yenigün Acı Biber Reçeli 290 Gr,8691588012879,159.90,159.90,,https://www.sariyermarket.com/yenigun-aci-biber-receli-290-gr
Tat Kornişon Turşusu 350 Ml,8690635190034,129.90,129.90,,https://www.sariyermarket.com/tat-kornison-tursusu-350-ml
SuperFresh Peynir & Ispanak Dolgulu Çıtır Toplar 360 Gr,8690612417864,164.90,164.90,,https://www.sariyermarket.com/superfresh-peynir---ispanak-dolgulu-citir-toplar-360-gr
Ruffles Originals Parti Boy 160gr,8690624106053,82.00,82.00,,https://www.sariyermarket.com/ruffles-originals-parti-boy-160gr
Lotus Snack 250 Gr,5410126716016,335.90,335.90,,https://www.sariyermarket.com/lotus-snack-250-gr
Vileda Colors Temizlik Bezi 4lü,4023103240186,179.90,179.90,,https://www.sariyermarket.com/vileda-colors-temizlik-bezi-4lu
Dr.Oetker Sütlaç 141 Gr,8690629449186,35.18,35.18,,https://www.sariyermarket.com/dr-oetker-sutlac-141-gr
Sarıyer Gurme Zeytin Salatası Kg,2900297000005,645.00,645.00,,https://www.sariyermarket.com/sariyer-gurme-zeytin-salatasi-kg
Fuse Tea Soğuk Çay Şeftali Aromalı İçecek Kutu 250 Ml,54022584,60.00,60.00,,https://www.sariyermarket.com/fuse-tea-soguk-cay-seftali-aromali-icecek-kutu-250-ml
Zertum Organik Izgara Yeşil Zeytin 265 G,8694609000374,245.00,245.00,,https://www.sariyermarket.com/zertum-organik-izgara-yesil-zeytin-265-g
Oral-B Diş Fırçası Hassas Clinic Temizlik,8700216448826,299.90,299.90,,https://www.sariyermarket.com/oral-b-dis-fircasi-hassas-clinic-temizlik
Lezzet Mantı Bohça Dana Kıymalı 500 Gr,8697806590129,179.90,179.90,,https://www.sariyermarket.com/lezzet-manti-bohca-dana-kiymali-500-gr
Kemal Kükrer Beyaz Sirke 2Lt,8694748600534,65.90,65.90,,https://www.sariyermarket.com/kemal-kukrer-beyaz-sirke-2lt
Pastavilla Tel Şehriye 500gr,8690684003019,46.90,46.90,,https://www.sariyermarket.com/pastavilla-tel-sehriye-500gr
Eti Hoşbeş Kakao Kremalı Gofret 142 Gr,8690526095202,49.90,49.90,,https://www.sariyermarket.com/eti-hosbes-kakao-kremali-gofret-142-gr
Söke Tam Buğday Unu 1000gr,8690577039125,69.90,69.90,,https://www.sariyermarket.com/soke-tam-bugday-unu-1000gr
Bonafel Kediler İçin Yumağı Önleyici Macun 100 gr,8684051231310,349.90,349.90,,https://www.sariyermarket.com/bonafel-kediler-icin-yumagi-onleyici-macun-100-gr
Sleepy Yüzey Temizlik Havlusu Beyaz Sabun Kokulu 100lü,8682241213306,179.90,179.90,,https://www.sariyermarket.com/sleepy-yuzey-temizlik-havlusu-beyaz-sabun-kokulu-100lu
Granoro Fettucine Makarna 500gr,8007290330826,169.90,169.90,,https://www.sariyermarket.com/granoro-fettucine-makarna-500gr
Arbella Makarna Burgu 500 Gr,8697430885479,29.90,29.90,,https://www.sariyermarket.com/arbella-makarna-burgu-500-gr
Eti Form Tam Çavdarlı Ekşi Mayalı Kepekli Bisküvi 45 Gr,8690526023525,15.50,15.50,,https://www.sariyermarket.com/eti-form-tam-cavdarli-eksi-mayali-kepekli-biskuvi-45-gr
Ariste İzmir Tulum Peyniri 250gr,8698686744787,309.90,309.90,,https://www.sariyermarket.com/ariste-izmir-tulum-peyniri-250gr
Sensodyne Uzman Beyazlık Derin Temizlik Diş Macunu 75 ml,8681291343216,379.90,379.90,,https://www.sariyermarket.com/sensodyne-uzman-beyazlik-derin-temizlik-dis-macunu-75-ml
Sarıyer Gurme Rize Kavurma Kg,2918765000006,3590.00,3590.00,,https://www.sariyermarket.com/sariyer-gurme-rize-kavurma-kg
Dry Dana Pirzola Kg,2901152000000,3950.00,3950.00,,https://www.sariyermarket.com/dry-dana-pirzola-kg
Sade Organik Dut Pekmezi 460 Gr,8697463090826,199.90,199.90,,https://www.sariyermarket.com/sade-organik-dut-pekmezi-460-gr
Lipton Ice Tea Mango Kutu 6X330 Ml,8690574803835,195.00,195.00,,https://www.sariyermarket.com/lipton-ice-tea-mango-kutu-6x330-ml
Benorganic Nar Suyu 946 Ml,8680313580325,149.90,149.90,,https://www.sariyermarket.com/benorganic-nar-suyu-946-ml
Eti Karam %70 Kakaolu Bitter Çikolata 60 Gr,8690526028040,49.90,49.90,,https://www.sariyermarket.com/eti-karam--70-kakaolu-bitter-cikolata-60-gr-
Yayla Mac&Cheese Makarna 250 Gr,8693374273969,59.90,59.90,,https://www.sariyermarket.com/yayla-mac-cheese-makarna-250-gr
Pınar Fish Finger 240 Gr,8690527130551,199.90,199.90,,https://www.sariyermarket.com/pinar-fish-finger-240-gr
Kent Tofita Böğürtlen 47 Gr,8690515221117,32.90,32.90,,https://www.sariyermarket.com/kent-tofita-bogurtlen-47-gr
Lotus Orjinal Karamelize Bisküvi 124 Gr,5410126006339,249.90,249.90,,https://www.sariyermarket.com/lotus-orjinal-karamelize-biskuvi-120-gr
Benorganic Portakal Suyu 946 Ml,8680313580301,149.90,149.90,,https://www.sariyermarket.com/benorganic-portakal-suyu-946-ml
Tamek Haşlanmış Fasulye 800 Gr,8690575085711,87.90,87.90,,https://www.sariyermarket.com/tamek-haslanmis-fasulye-800-gr
Selpak Organik Bambu Özlü Pamuk Özlü Islak Mendil 50'li,8690530057449,59.90,59.90,,https://www.sariyermarket.com/selpak-organik-bambu-ozlu-pamuk-ozlu-islak-mendil-50li
Beşler Dana Balkan Sucuk 100 Gr,8681594304822,129.90,129.90,,https://www.sariyermarket.com/besler-dana-balkan-sucuk-100-gr
Tamek Limo Çilekli Limonata 200 Ml,8690575000387,17.50,17.50,,https://www.sariyermarket.com/tamek-limo-cilekli-limonata-200-ml
Benorganic Portakal&Nar Suyu 946Ml,8684221530052,149.90,149.90,,https://www.sariyermarket.com/benorganic-portakal-nar-suyu-946ml
Knorr Kremalı Mantarlı Makarna Sos 52gr,8683130120569,79.90,79.90,,https://www.sariyermarket.com/knorr-kremali-mantarli-makarna-sos-52gr
Uni Baby Aile Islak Havlu 3x52'li,8690530040526,90.93,90.93,,https://www.sariyermarket.com/uni-baby-aile-islak-havlu-3x52li
Kebir Çeçil Peyniri 200Gr,8692963000559,134.90,134.90,,https://www.sariyermarket.com/kebir-cecil-peyniri-200gr
Nish Espresso Milano 250 gr,8682279233857,349.90,349.90,,https://www.sariyermarket.com/nish-espresso-milano-250-gr
President Cheddar Krem Peynir 270 Gr,8692971431819,149.90,149.90,,https://www.sariyermarket.com/president-cheddar-krem-peynir-270-gr
Algida Chocopint 430Ml,8721274616675,300.00,300.00,,https://www.sariyermarket.com/algida-chocopint-430ml
Aydin Erüst Biber Meksika 250gr,8697417462129,76.90,76.90,,https://www.sariyermarket.com/aydin-erust-biber-meksika-250gr
Zanetti Yarım Yağlı Olgunlaştırılmış Parmigiano Reggiano 150 Gr,8002710413264,419.90,419.90,,https://www.sariyermarket.com/zanetti-yarim-yagli-olgunlastirilmis-parmigiano-reggiano-150-gr
Pınar Aç Bitir Dana Macar Salam Büyük Dilim 50 Gr,8690527011737,74.90,74.90,,https://www.sariyermarket.com/pinar-ac-bitir-dana-macar-salam-buyuk-dilim-50-gr
"Champion Ceylon Demlik Poşet 48'Li 3,2gr",8690717006666,199.90,199.90,,https://www.sariyermarket.com/champion-ceylon-demlik-poset-48li-3-2gr
Uludağ Doğal Maden Suyu 200 Ml,8690723511208,13.50,13.50,,https://www.sariyermarket.com/uludag-dogal-maden-suyu-200-ml
"Kuzeyden Su 0,5 Lt",8684556266008,14.90,14.90,,https://www.sariyermarket.com/kuzeyden-su-0-5-lt
Dr.Oetker Keçiboynuzu Unu 100 Gr,8690629449278,32.18,32.18,,https://www.sariyermarket.com/dr-oetker-keciboynuzu-unu-100-gr
Feast Bezelye 450 Gr,8697343550013,118.90,118.90,,https://www.sariyermarket.com/feast-bezelye-450-gr
Sarıyer Gurme Yumurta 15Li 63-72 Gr,8699089581160,179.00,179.00,,https://www.sariyermarket.com/sariyer-gurme-yumurta-15li-63-72-gr
Papia Modanın Başkenti Mendil 10Lu,8690536063161,79.90,79.90,,https://www.sariyermarket.com/papia-modanin-baskenti-mendil-10lu
Billur Tuz Sofrada Öğütme Himalaya Tuzu 200 Gr,8690771130703,104.90,104.90,,https://www.sariyermarket.com/billur-tuz-sofrada-ogutme-himalaya-tuzu-200-gr
Eti Puf Renkli Bisküvi 18 Gr,8690526003139,6.00,6.00,,https://www.sariyermarket.com/eti-puf-renkli-biskuvi-18-gr
Reis Royal Glutensiz 500Gr Basmati,8690849242192,189.90,189.90,,https://www.sariyermarket.com/reis-royal-glutensiz-500gr-basmati
"Kent Olips Mini Mints Karpuz 12,5gr",7622210816153,44.90,44.90,,https://www.sariyermarket.com/kent-olips-mini-mints-karpuz-12-5gr
Sırma Doğal Maden Suyu 200 Ml,8691058005752,14.00,14.00,,https://www.sariyermarket.com/sirma-dogal-maden-suyu-200-ml
Lila Firin Zeytinyağli Galeta 185gr,8681942025126,169.90,169.90,,https://www.sariyermarket.com/lila-firin-zeytinyagli-galeta-185gr
Bagdat Sarımsak Toz 70 Gr,8690560085948,69.90,69.90,,https://www.sariyermarket.com/bagdat-sarimsak-toz-70-gr
Sarelle Orman Meyveli Gofret 33gr,8683417002748,27.50,27.50,,https://www.sariyermarket.com/sarelle-orman-meyveli-gofret-33gr
Whiskas Somonlu Poşet Yaş Kedi Maması 85 Gr,5900951302039,39.90,39.90,,https://www.sariyermarket.com/whiskas-somonlu-poset-yas-kedi-mamasi-85-gr
Eti Browni Gold Vişneli Çikolatalı Kek 45 Gr,8690526093741,15.00,15.00,,https://www.sariyermarket.com/eti-browni-gold-visneli-cikolatali-kek-45-gr
Ülker Dankek Magma Çikolatalı 65 Gr,8690504065746,20.00,20.00,,https://www.sariyermarket.com/ulker-dankek-magma-cikolatali-65-gr
Tadım Kuruyemiş Bar Yer Fıstıklı 30 Gr,8690787541012,15.00,15.00,,https://www.sariyermarket.com/tadim-kuruyemis-bar-yer-fistikli-30-gr
Calve Cheddar Sos 240 Gr,8690637921100,119.90,119.90,,https://www.sariyermarket.com/calve-cheddar-sos-240-gr
Eti Topkek Kakaolu 35gr,8690526096131,13.00,13.00,,https://www.sariyermarket.com/eti-topkek-kakaolu-35gr
Loco No:10 Lime Satsuma Mango 900Ml,8683255401062,1250.00,1250.00,,https://www.sariyermarket.com/loco-no_10-lime-satsuma-mango-900ml
Milka Oreolu Çikolata 100 Gr,7622201522360,159.90,159.90,,https://www.sariyermarket.com/milka-oreolu-cikolata-100-gr
Juvenis Candy Shop Serisi Kavunlu El Maskesi,8680624690942,149.90,149.90,,https://www.sariyermarket.com/juvenis-candy-shop-serisi-kavunlu-el-maskesi
Molped Günlük Ped Her Gün Ferahlık 60'lı,8690536825929,111.90,111.90,,https://www.sariyermarket.com/molped-gunluk-ped-her-gun-ferahlik-60li
Burcu Kuru Patlıcan Dolma 400 Gr,8691573021190,139.90,139.90,,https://www.sariyermarket.com/burcu-kuru-patlican-dolma-400-gr
Aptamil 4 Devam Sütü 350 Gr,8699745030445,599.90,599.90,,https://www.sariyermarket.com/aptamil-4-devam-sutu-350-gr
Sütaş Meyveli Yoğurt / Orman Meyveli 4x115 Gr,8690767673511,99.90,99.90,,https://www.sariyermarket.com/sutas-meyveli-yogurt---orman-meyveli-4x115-gr
Üzüm Rezaki Kg,2923262000008,99.00,99.00,,https://www.sariyermarket.com/uzum-rezaki-kg
Yenigun Şeker İlavesiz Yaban Mersini Reçeli 290Gr,8691588111848,324.50,324.50,,https://www.sariyermarket.com/yenigun-seker-ilavesiz-yaban-mersini-receli-290gr
Barilla Cevizli Pesto Makarna Sosu (Pesto Ricotta e Noci) 190 Gr,8076809580687,165.90,165.90,,https://www.sariyermarket.com/barilla-cevizli-pesto-makarna-sosu-pesto-ricotta-e-noci-190-gr
İgor Gorgonzola Peynir 200Gr,8021398256802,419.90,419.90,,https://www.sariyermarket.com/igor-gorgonzola-peynir-200gr
Tazedo Dana Kıymalı Çibörek 500 Gr,8681644451186,419.90,419.90,,https://www.sariyermarket.com/tazedo-dana-kiymali--ciborek-500-gr
Koska Kürek Helva Ekstra Fıstıklı Kakaolu 350Gr,8690710135622,459.90,459.90,,https://www.sariyermarket.com/koska-kurek-helva-ekstra-fistikli-kakaolu-350gr
Popo Loco Mısır Cipsi Deniz Tuzlu 200 Gr,5412514932930,235.00,235.00,,https://www.sariyermarket.com/popo-loco-misir-cipsi-deniz-tuzlu-200-gr
Alcatra Karabiberli Sucuk 100 Gr,8699089586660,395.00,395.00,,https://www.sariyermarket.com/alcatra-karabiberli-sucuk-100-gr
Superfresh Patates Kroket 450 Gr,8690612416058,114.90,114.90,,https://www.sariyermarket.com/superfresh-patates-kroket-450-gr
Kurukahveci Mehmet Efendi Türk Kahvesi 500 Gr,8690627228561,549.90,549.90,,https://www.sariyermarket.com/kurukahveci-mehmet-efendi-turk-kahvesi-500-gr
Elidor 400ml Saç Dökülmelerine Karşı Şampuan,8683130049778,219.90,219.90,,https://www.sariyermarket.com/elidor-400ml-sac-dokulmelerine-karsi-sampuan
Milka Sütlü Çikolata 80 Gr,8690566990802,159.90,159.90,,https://www.sariyermarket.com/milka-sutlu-cikolata-80-gr
Dolco Gold Jasmin Pirinç 1kg,173214412034,179.90,179.90,,https://www.sariyermarket.com/dolco-gold-jasmin-pirinc-1kg
Sprite Cool Lemon Mint 330 Ml,5000112693423,50.00,50.00,,https://www.sariyermarket.com/sprite-cool-lemon-mint-330-ml
Dr.Oetker Supangle 135 Gr,8690629449292,39.68,39.68,,https://www.sariyermarket.com/dr-oetker-supangle-135-gr
Coca Cola Zero 1 Lt,5000112664881,49.90,49.90,,https://www.sariyermarket.com/coca-cola-zero-1-lt
Doytat Mahlep 20gr,8697826340063,98.90,98.90,,https://www.sariyermarket.com/doytat-mahlep-20gr
Sıgnal Whıte Now Gold Diş Macunu 75 Ml,8717163854655,449.90,449.90,,https://www.sariyermarket.com/signal-white-now-gold-dis-macunu-75-ml
Eti Benimo Kombo Lokmalık 84 Gr,8690526854731,33.00,33.00,,https://www.sariyermarket.com/eti-benimo-kombo-lokmalik-84-gr
Elidor Saç Bakım Kremi Saç Dökülmelerine Karşı 350 Ml,8683130046067,219.90,219.90,,https://www.sariyermarket.com/elidor-sac-bakim-kremi-sac-dokulmelerine-karsi-350-ml
Eker Yayık Ayran 1 Lt,8691316520119,71.90,71.90,,https://www.sariyermarket.com/eker-yayik-ayran-1-lt
La Fiesta Cedar Peynirli Sos 300gr,8715186853839,229.90,229.90,,https://www.sariyermarket.com/la-fiesta-cedar-peynirli-sos-300gr
Superfresh Mantı 400 Gr,8690612518400,139.90,139.90,,https://www.sariyermarket.com/superfresh-manti-400-gr
Yumoş Sıvı Deterjan Renkliler 2.5 L,8683130123669,384.90,384.90,,https://www.sariyermarket.com/yumos-sivi-deterjan-renkliler-2-5-l
Froods Moscow Mule Mocktail 330 Ml,8697404766995,219.90,219.90,,https://www.sariyermarket.com/froods-moscow-mule-mocktail-330-ml
Sarıyer Gurme Haydari Kg,2903045000005,695.00,695.00,,https://www.sariyermarket.com/sariyer-gurme-haydari-kg
Peyman Bahçeden Kuru Kayısı 140 Gr,8695876207473,200.00,200.00,,https://www.sariyermarket.com/peyman-bahceden-kuru-kayisi-140-gr
Hipp Organik Sütlaç 125gr,9062300126379,79.90,79.90,,https://www.sariyermarket.com/hipp-organik-sutlac-125gr
Heinz Sarımsaklı Ketçap 375 Gr,8696362805425,85.90,85.90,,https://www.sariyermarket.com/heinz-sarimsakli-ketcap-375-gr
Ariel Sıvı Çamaşır Deterjanı Renklilere Özel 32 Yıkama 1.440 Ml,8700216926515,499.90,499.90,,https://www.sariyermarket.com/ariel-sivi-camasir-deterjani-renklilere-ozel-32-yikama-1-440-ml
Bağdat Pul Biber 80 Gr,8690560019172,89.90,89.90,,https://www.sariyermarket.com/bagdat-pul-biber-80-gr
Polonez Macar Salam Kg,2904026000007,1745.00,1745.00,,https://www.sariyermarket.com/polonez-macar-salam-kg
Orkid Platinum Hijyenik Ped Uzun Tekli Paket 7 Ped,4015400125891,72.03,72.03,,https://www.sariyermarket.com/orkid-platinum-hijyenik-ped-uzun-tekli-paket-7-ped
Danette İkilim Çikolatalı Sütlü Puding 4X70 Gr,8696368164502,87.90,87.90,,https://www.sariyermarket.com/danette-ikilim-cikolatali-sutlu-puding-4x70-gr
Doğadan Yeşil Çay 20'Li Bardak Poşet,8699580002539,86.18,86.18,,https://www.sariyermarket.com/dogadan-yesil-cay-20li-bardak-poset
Heinz Acılı Ketçap 375 Gr,8696362805401,109.90,109.90,,https://www.sariyermarket.com/heinz-acili-ketcap-375-gr
Eti Burçak Kurabi Yer Fıstıklı Tahinli Kurabiye 75 Gr,8690526581446,23.00,23.00,,https://www.sariyermarket.com/eti-burcak-kurabi-yer-fistikli-tahinli-kurabiye-75-gr
Sana Tereyağ 250gr Margarin,8719200751569,59.75,59.75,,https://www.sariyermarket.com/sana-tereyag-250gr-margarin
Soke Sarı Un 1000Gr,8690577002792,64.90,64.90,,https://www.sariyermarket.com/soke-sari-un-1000gr
Eti Susamlı Çubuk Kraker 120 Gr,8690533734064,30.00,30.00,,https://www.sariyermarket.com/eti-susamli-cubuk-kraker-120-gr
Arizona İced Tea Peach 450 Ml,613008753290,165.00,165.00,,https://www.sariyermarket.com/arizona-iced-tea-peach-450-ml
Fersan Limon Suyu 250 Ml,8690816986227,79.90,79.90,,https://www.sariyermarket.com/fersan-limon-suyu-250-ml
Colgate Gentle Clean 2+1,8718951690332,187.43,187.43,,https://www.sariyermarket.com/colgate-gentle-clean-2_1
Polonez Dana Sucuk 240 Gr,8693407002795,474.90,474.90,,https://www.sariyermarket.com/polonez-dana-sucuk-240-gr
Master Nut Parçacıklı Fıstık Ezmesi 300gr,8683717471732,149.90,149.90,,https://www.sariyermarket.com/master-nut-parcacikli-fistik-ezmesi-300gr
Doğadan Papatya Çayı Bardak Poşet 20'li,8699580000306,82.43,82.43,,https://www.sariyermarket.com/dogadan-papatya-cayi-bardak-poset-20li
Burcu Domates Salçası 830 Gr,8691573001277,79.90,79.90,,https://www.sariyermarket.com/burcu-domates-salcasi-830-gr
Luppo Sufle Çıkolatalı 40 Gr,8699141059507,25.00,25.00,,https://www.sariyermarket.com/luppo-sufle-cikolatali-40-gr
Crax Patlayan Lezzet Acı Baharatlı Çubuk 50 Gr,8690526044873,18.50,18.50,,https://www.sariyermarket.com/crax-patlayan-lezzet-aci-baharatli-cubuk-50-gr
Peyman Bahçeden Fındıklı Bar 27gr,8695876206261,37.50,37.50,,https://www.sariyermarket.com/peyman-bahceden-findikli-bar-27gr
Sırma +C Mango Ananas Aromalı Mineralli İçecek 6X200 Ml,8691058147452,87.95,87.95,,https://www.sariyermarket.com/sirma-_c-mango-ananas-aromali-mineralli-icecek-6x200-ml
Anamour Portakal 25Gr,8684041960589,99.90,99.90,,https://www.sariyermarket.com/anamour-portakal-25gr
Nescafe 3ü1 Arada Gold Yumuşak Çoklu Paket 10 x 17.5 Gr,8690632765372,109.90,109.90,,https://www.sariyermarket.com/nescafe-3u1-arada-gold-yumusak-coklu-paket-10-x-17-5-gr
Corny Çikolatalı Fındıklı Tam Tahıllı Bar 20 Gr,8681080909050,24.90,24.90,,https://www.sariyermarket.com/corny-cikolatali-findikli-tam-tahilli-bar-20-gr
Eti Lifalif Antep Fıstıklı Bar 35 Gr,8690526681702,52.50,52.50,,https://www.sariyermarket.com/eti-lifalif-antep-fistikli-bar-35-gr
Doytat Kabuk Tarçın 40gr,8697635600952,62.90,62.90,,https://www.sariyermarket.com/doytat-kabuk-tarcin-40gr
Tadım Kuru Erik 140 Gr,8690787481035,100.00,100.00,,https://www.sariyermarket.com/tadim-kuru-erik-140-gr
Koska Klasik Sade Lokum 500Gr,8690710007325,189.90,189.90,,https://www.sariyermarket.com/koska-klasik-sade-lokum-500gr
"Fuse Tea Soğuk Çay Limon Aromalı İçecek Pet 1,5 Lt",5000112664607,70.00,70.00,,https://www.sariyermarket.com/fuse-tea-soguk-cay-limon-aromali-icecek-pet-1-5-lt
Bağdat Galeta Unu 250gr,8690560011077,47.90,47.90,,https://www.sariyermarket.com/bagdat-galeta-unu-250gr
Nesquik Çikolatalı Mısır Gevrek 225 Gr,7501001628765,133.95,133.95,,https://www.sariyermarket.com/nesquik-cikolatali-misir-gevrek-225-gr
Pınar Kokteyl Sosis 215 Gr,8690527030028,259.90,259.90,,https://www.sariyermarket.com/pinar-kokteyl-sosis-215-gr
Parodontax Diş Eti Güçlendirme Koruma Beyazlatıcı Diş Macunu 75 Ml,8681291341298,319.90,319.90,,https://www.sariyermarket.com/parodontax-dis-eti-guclendirme-koruma-beyazlatici-dis-macunu-75-ml
Aroy D Hindistan Cevizi Sütü 1 L,8851613101392,325.00,325.00,,https://www.sariyermarket.com/aroy-d-hindistan-cevizi-sutu-1-l
Doğadan Çilek Aromalı Matcha Yeşil Çay Tozu 25 G,8699432220913,243.68,243.68,,https://www.sariyermarket.com/dogadan-cilek-aromali-matcha-yesil-cay-tozu-25-g
Kotex Young Sıngle Ultra Gündüz Pedi 7'li,5029053584355,89.90,89.90,,https://www.sariyermarket.com/kotex-young-single-ultra-gunduz-pedi-7li
City Farm Organik Helva Sade Tahin 200 Gr,8698518423729,219.90,219.90,,https://www.sariyermarket.com/city-farm-organik-helva-sade-tahin-200-gr
Proline Yetişkin Kedi Maması Tavuklu 400 gr,8698995030656,159.90,159.90,,https://www.sariyermarket.com/proline-yetiskin-kedi-mamasi-tavuklu-400-gr
Fora Dilimli Siyah Zeytin 160 Gr,8695608311072,114.90,114.90,,https://www.sariyermarket.com/fora-dilimli-siyah-zeytin-160-gr
Knorr Beşamel Sos 70 Gr,8690637000485,79.90,79.90,,https://www.sariyermarket.com/knorr-besamel-sos-70-gr
Queens Harvest Soya Fasulyesi Tanesi 250 Gr,8697418653113,109.90,109.90,,https://www.sariyermarket.com/queens-harvest-soya-fasulyesi-tanesi-250-gr
First Sensations Berry Hibiscus 27gr,7622202251887,59.90,59.90,,https://www.sariyermarket.com/first-sensations-berry-hibiscus-27gr
Master Patato Soğanlı Ekşi Kremalı Cips 60 gr,8683717471473,49.90,49.90,,https://www.sariyermarket.com/master-patato-soganli-eksi-kremali-cips-60-gr
Nesquik Çikolatalı Mısır Gevreği 700 Gr,8690632044798,169.90,169.90,,https://www.sariyermarket.com/nesquik-cikolatali-misir-gevregi-700-gr
Barilla Castellane Makarna 500 Gr,8076809523707,89.90,89.90,,https://www.sariyermarket.com/barilla-castellane-makarna-500-gr
Eti Tutku Bold Kakao Kremalı Mozaik Bisküvi 138 Gr,8690526011073,36.00,36.00,,https://www.sariyermarket.com/eti-tutku-bold-kakao-kremali-mozaik-biskuvi-138-gr
Chupa Chups Popcorn Cola Aromalı Mısır Patlağı 90 Gr,8720892211637,239.90,239.90,,https://www.sariyermarket.com/chupa-chups-popcorn-cola-aromali-misir-patlagi-90-gr
Aydin Erust Semizotu Ayiklanmis 150gr,8697443195459,175.00,175.00,,https://www.sariyermarket.com/aydin-erust-semizotu-ayiklanmis-150gr
Soğan Kg,2910227000005,58.90,58.90,,https://www.sariyermarket.com/sogan-kg
Züber Kakao Parçacıklı Protein Bar 35 Gr,8681630171012,71.95,71.95,,https://www.sariyermarket.com/zuber-kakao-parcacikli-protein-bar-35-gr-
Laz Kızı Muhlama Kuymak Paketi 250 Gr,8681705003002,236.18,236.18,,https://www.sariyermarket.com/laz-kizi-muhlama-kuymak-paketi-250-gr
Tadım Kabak Çekirdeği 180 Gr,8690787141038,110.00,110.00,,https://www.sariyermarket.com/tadim-kabak-cekirdegi-180-gr
Sarıyer Kola Şekersiz 1Lt,8683789552346,39.90,39.90,,https://www.sariyermarket.com/sariyer-kola-sekersiz-1lt
Fropie Kaju Ezmeli Probiyotik Topları 80GR,8683555359575,129.90,129.90,,https://www.sariyermarket.com/fropie-kaju-ezmeli-probiyotik-toplari-80gr
Ülker 9 Kat Tat İnce Hindistan Cevizli 114 Gr,8690766085735,40.00,40.00,,https://www.sariyermarket.com/ulker-9-kat-tat-ince-hindistan-cevizli-114-gr
Ülker 8 Kek Muz Çikolata 55 Gr,8690504063223,14.00,14.00,,https://www.sariyermarket.com/ulker-8-kek-muz-cikolata-55-gr
Kireçburnu Kırıkkırak Akdeniz 165gr,8692170000090,119.90,119.90,,https://www.sariyermarket.com/kirecburnu-kirikkirak-akdeniz-165gr
Eti Puf Kakaolu Bisküvi 18 Gr,86920124,6.00,6.00,,https://www.sariyermarket.com/eti-puf-kakaolu-biskuvi-18-gr
"Reis Gönen Baldo 2,5 Kg",8690849370130,329.90,329.90,,https://www.sariyermarket.com/reis-gonen-baldo-2-5-kg
Bağdat Tavuk Çeşnisi Değirmen 48 Gr,8690560027672,142.90,142.90,,https://www.sariyermarket.com/bagdat-tavuk-cesnisi-degirmen-48-gr
Kebir Gurme Tereyağı Tuzsuz 250Gr,8692963010022,229.90,229.90,,https://www.sariyermarket.com/kebir-gurme-tereyagi-tuzsuz-250gr
Bağdat Susam 75gr,8690560019257,54.90,54.90,,https://www.sariyermarket.com/bagdat-susam-75gr
Mövenpick Cevizli Dondurma 500 Ml,7613034568205,545.90,545.90,,https://www.sariyermarket.com/movenpick-cevizli-dondurma-500-ml
Arı Grissini Plaka Tahıllı 200gr,8680885254525,84.90,84.90,,https://www.sariyermarket.com/ari-grissini-plaka-tahilli-200gr
"Starbucks Caramel Latte Premium Kahve Karışımı 21,5 Gr",8690632014869,36.90,36.90,,https://www.sariyermarket.com/starbucks-caramel-latte-premium-kahve-karisimi-21-5-gr
Dardanel Kuskuslu Ton Aç-Ye 160 Gr,8690559022510,186.90,186.90,,https://www.sariyermarket.com/dardanel-ac-ye-ton-kuskuslu-160-gr
Tamek %100 Karışık Meyve Suyu 1 Lt,8690575878627,99.90,99.90,,https://www.sariyermarket.com/tamek-100-karisik-meyve-suyu-1-lt
Knorr Yayla Çorbası 72 Gr,8690701053089,48.90,48.90,,https://www.sariyermarket.com/knorr-yayla-corbasi-72-gr
Tobleron 100g White,7622201755119,249.90,249.90,,https://www.sariyermarket.com/tobleron-100g-white
Bağdat Mısır Unu 250 Gr,8690560051189,38.90,38.90,,https://www.sariyermarket.com/bagdat-misir-unu-250-gr
Dr.Oetker Beyaz Profiterol 277 Gr,8690629449032,97.43,97.43,,https://www.sariyermarket.com/dr-oetker-beyaz-profiterol-277-gr
İçim Laktozsuz Süt 200ml,,24.75,24.75,,https://www.sariyermarket.com/icim-laktozsuz-sut-200ml
Falım Karpuz Aromalı Sakız 5li 35 Gr,7622202396304,59.90,59.90,,https://www.sariyermarket.com/falim-karpuz-aromali-sakiz-5li-35-gr
Magnum Double Karadut 95 Ml,8690637788505,90.00,90.00,,https://www.sariyermarket.com/magnum-double-karadut-95-ml
Filiz Kelebek Makarna 500 Gr,8690579993449,34.90,34.90,,https://www.sariyermarket.com/filiz-kelebek-makarna-500-gr
Nudo Egg Noodle 350Gr,38692424998693,79.90,79.90,,https://www.sariyermarket.com/nudo-egg-noodle-350gr
Arı Grissini Selanik Gevreği Fındıklı Üzümlü 200 Gr,8680885254228,129.90,129.90,,https://www.sariyermarket.com/ari-grissini-selanik-gevregi-findikli-uzumlu-200-gr
Jungle Pouch Yavru Kedi Tavuklu Parçalı 100gr,8681299600021,26.53,26.53,,https://www.sariyermarket.com/jungle-pouch-yavru-kedi-tavuklu-parcali-100gr
Yakisoba Noodle Japon Sos 83 Gr,8692424803392,29.90,29.90,,https://www.sariyermarket.com/yakisoba-noodle-japon-sos-83-gr
Superfresh Frulove Çikolata Kaplı Frambuaz 130 Gr,8690612520403,209.94,209.94,,https://www.sariyermarket.com/superfresh-frulove-cikolata-kapli-frambuaz-130-gr
Cumhuriyet Kangal Sucuk Kg,2900323000009,2200.00,2200.00,,https://www.sariyermarket.com/cumhuriyet-kangal-sucuk-kg
Reis Beyaz Nohut 1000gr,8690849820512,229.90,229.90,,https://www.sariyermarket.com/reis-beyaz-nohut-1000gr
Kavaklıdere Üzüm Suyu 20cc Beyaz,8690584169501,76.90,76.90,,https://www.sariyermarket.com/kavaklidere-uzum-suyu-20cc-beyaz
Alcatra&Primavera 4 Lü Paket (Kuru Et-Et Çubuk-Biberli Rozbeef-Sade Rozbif),8699089583140,705.00,705.00,,https://www.sariyermarket.com/alcatra-primavera-4-lu-paket-kuru-et-et-cubuk-biberli-rozbeef-sade-rozbif
Mr.Waffle Caramel Spread 360 Gr,8682549778279,168.75,168.75,,https://www.sariyermarket.com/mr-waffle-caramel-spread-360-gr
Uludağ Efsane Sade Gazoz 1 Lt,15000200,59.50,59.50,,https://www.sariyermarket.com/uludag-efsane-sade-gazoz-1-lt
Pınar Çocuk Devam Sütü 500 Ml,8690565100622,55.90,55.90,,https://www.sariyermarket.com/pinar-cocuk-devam-sutu-500-ml
Kahve Dünyası Tambol Fındık Dolgulu Sütlü Çikola 100 G,8699270023790,89.90,89.90,,https://www.sariyermarket.com/kahve-dunyasi-tambol-findik-dolgulu-sutlu-cikola-100-g
Oreo Çilekli Bisküvi 228gr,7622202312533,189.90,189.90,,https://www.sariyermarket.com/oreo-cilekli-biskuvi-228gr
Danette Topper Selection Wafer Mix 122 Gr,8696368000695,54.90,54.90,,https://www.sariyermarket.com/danette-topper-selection-wafer-mix-122-gr
Burn Enerji İçeceği Kutu 500 Ml,5061013960892,79.90,79.90,,https://www.sariyermarket.com/burn-enerji-icecegi-kutu-500-ml
Komili Sızma Zeytinyağ 2 Lt,8699300270026,729.90,729.90,,https://www.sariyermarket.com/komili-sizma-zeytinyag-2-lt
Nestle 1927 Sütlü Çikolatalı Fındıklı Gofret 31 Gr,8690632761077,29.50,29.50,,https://www.sariyermarket.com/nestle-1927-sutlu-cikolatali-findikli-gofret-31-gr
Ülker Halley Mini Granüllü 88 Gr,8690504038726,27.50,27.50,,https://www.sariyermarket.com/ulker-halley-mini-granullu-88-gr
Rice Up Tam Tahıllı Pirinç Cips Sour Cream & Onion 60gr,3800233070118,79.90,79.90,,https://www.sariyermarket.com/rice-up-tam-tahilli-pirinc-cips-sour-cream-onion-60gr
NEUTROGENA BRIGHTBOOST SPF GUNES KORUYUCU 50ML,3574661774671,689.90,689.90,,https://www.sariyermarket.com/neutrogena-brightboost-spf-gunes-koruyucu-50ml
Golden Goat 1 Keçi Sütü Bazli Bebek Sütü 400 Gr,9421025231469,699.90,699.90,,https://www.sariyermarket.com/golden-goat-1-keci-sutu-bazli-bebek-sutu-400-gr
Kapra Keçi Beyaz Peynir 450 Gr,8682530660217,790.90,790.90,,https://www.sariyermarket.com/kapra-keci-beyaz-peynir-450-gr
Teksüt Yarım Yağlı Süt 1lt,8690158120723,44.90,44.90,,https://www.sariyermarket.com/teksut-yarim-yagli-sut-1lt
Sarıyer Gurme Cotto Kg,2901537000007,3250.00,3250.00,,https://www.sariyermarket.com/sariyer-gurme-cotto-kg
Activia Doğal Probiyotik Orman Meyveli Yoğurt 4x100 Gr,8696368011516,114.50,114.50,,https://www.sariyermarket.com/activia-dogal-probiyotik-orman-meyveli-yogurt-4x100-gr
Ülker Bütün Antep Fıstıklı %60 Bitter Çikolata 65 Gr,8690504157656,105.00,105.00,,https://www.sariyermarket.com/ulker-butun-antep-fistikli-60-bitter-cikolata-65-gr
Orvital Tam Yağlı Kaymaklı Tava Yoğurt 900Gr,8699394110673,189.90,189.90,,https://www.sariyermarket.com/orvital-tam-yagli-kaymakli-tava-yogurt-900gr
"Doğadan Şeftali & Çarkıfelek Meyveli Yeşil Çay 19,8Gr",8699432218996,86.18,86.18,,https://www.sariyermarket.com/dogadan-seftali-carkifelek-meyveli-yesil-cay-19-8gr
Tadım Kavrulmuş Kuruyemiş Klasik 180 Gr,8690787181096,128.00,128.00,,https://www.sariyermarket.com/tadim-kavrulmus-kuruyemis-klasik-180-gr
Landana Gauda Turuflu Kg,2901378000006,2250.00,2250.00,,https://www.sariyermarket.com/landana-gauda-turuflu-kg
Ekici Tereyağ 700Gr,8697403871515,629.90,629.90,,https://www.sariyermarket.com/ekici-tereyag-700gr
Uludağ Frutti Extra Orman Meyveli 250 Ml,1500144801840,44.90,44.90,,https://www.sariyermarket.com/uludag-frutti-extra-orman-meyveli-250-ml
Yenigun Diyabetik Vişne Reçeli 230Gr,8691588015566,169.90,169.90,,https://www.sariyermarket.com/yenigun-diyabetik-visne-receli-230gr
Barilla Basilico (Fesleğenli Domates) Makarna Sosu 400 Gr,8076809513739,165.90,165.90,,https://www.sariyermarket.com/barilla-basilico-feslegenli-domates-makarna-sosu-400-gr
Tadım İşlenmiş Yer Fıstığı 180 Gr,8690787171073,54.00,54.00,,https://www.sariyermarket.com/tadim-islenmis-yer-fistigi-180-gr
Ülker Everwell Defence Çiğneme Tableti 8 Adet 13.6 Gr,8690840173051,70.00,70.00,,https://www.sariyermarket.com/ulker-everwell-defence-cigneme-tableti-8-adet-13-6-gr
Juvenis Tek Kullanımlık Manikür Seti,8680624691918,179.90,179.90,,https://www.sariyermarket.com/juvenis-tek-kullanimlik-manikur-seti
Saklıköy Çikolata ve Sütlü Kremalı 100 Gr,8690504082996,37.50,37.50,,https://www.sariyermarket.com/saklikoy-cikolata-ve-sutlu-kremali-100-gr
Superfresh Künefe Şerbetli 200 Gr,8690612603861,149.90,149.90,,https://www.sariyermarket.com/superfresh-kunefe-serbetli-200-gr
Ice Break Mocha 375 Ml,8692971434308,64.90,64.90,,https://www.sariyermarket.com/ice-break-mocha-375-ml
Eti Karam %45 Kakaolu Bitter Çikolata 60 Gr,8690526028057,67.00,67.00,,https://www.sariyermarket.com/eti-karam--45-kakaolu-bitter-cikolata-60-gr
Soğan Taze Kg,2910231000008,85.00,85.00,,https://www.sariyermarket.com/sogan-taze-kg
Coca Cola 1 Lt,5000112664492,49.90,49.90,,https://www.sariyermarket.com/coca-cola-1-lt
Nescafe 2si 1 Arada Sütlü Köpüklü 10 gr,8690632041827,14.90,14.90,,https://www.sariyermarket.com/nescafe-2si-1-arada-sutlu-kopuklu-10-gr
Pınar Denge Laktozsuz Süt 1 Lt,8690565005545,85.90,85.90,,https://www.sariyermarket.com/pinar-denge-laktozsuz-sut-1-lt
Lindt Excellence %70 Kakao Çikolata 100gr,3046921022308,299.90,299.90,,https://www.sariyermarket.com/lindt-excellence--70-kakao-cikolata-100gr
Merci Finest Selection Blue 250gr,4014400901405,239.90,239.90,,https://www.sariyermarket.com/merci-finest-selection-blue-250gr
Dimes Ananaslı İçecek 200 Ml,8690558031698,17.90,17.90,,https://www.sariyermarket.com/dimes-ananasli-icecek-200-ml
Eti Lifalif Kırmızı Meyveli Yulaf Bar 35 Gr,8690526895512,37.50,37.50,,https://www.sariyermarket.com/eti-lifalif-kirmizi-meyveli-yulaf-bar-35-gr
Muni Deniz Tuzlu Fıstık Ezmesi 300gr,8697428020998,379.90,379.90,,https://www.sariyermarket.com/muni-deniz-tuzlu-fistik-ezmesi-300gr
Protein Ocean Bar Birtday Cake 50Gr,8682696740525,89.90,89.90,,https://www.sariyermarket.com/protein-ocean-bar-birtday-cake-50gr
Omo Matik Sık Yıkananlar Toz Deterjan 5 Kg,8690637971372,239.90,239.90,,https://www.sariyermarket.com/omo-matik-sik-yikananlar-toz-deterjan-5-kg
Ülker Çizi Peynirli Kraker 4'lü 280 Gr,8690766009212,63.50,63.50,,https://www.sariyermarket.com/ulker-cizi-peynirli-kraker-4lu-280-gr
Bağdat Saray Osmanlı Baharatı 38 Gr,8690560049094,99.90,99.90,,https://www.sariyermarket.com/bagdat-saray-osmanli-baharati-38-gr
Tahsildaroğlu Koyun Peyniri 500 Gr,8691225156362,494.90,494.90,,https://www.sariyermarket.com/tahsildaroglu-koyun-peyniri-500-gr
Lays Yoğurt Mevsim Yeşillikleri 125 Gr,8690624105711,66.50,66.50,,https://www.sariyermarket.com/lays-yogurt-mevsim-yesillikleri-125-gr
Ülker Bebe Bisküvisi 400 Gr,8690504014508,89.00,89.00,,https://www.sariyermarket.com/ulker-bebe-biskuvisi-400-gr
De Nigris Balsamik Sirke 500 Ml,,299.90,299.90,,https://www.sariyermarket.com/de-nigris-balsamik-sirke-500-ml
Kurukahveci Mehmetefendi Guatemala Kafeinsiz Filtre Kahve 250 Gr,8690627464471,299.90,299.90,,https://www.sariyermarket.com/kurukahveci-mehmetefendi-guatemala-kafeinsiz-filtre-kahve-250-gr
Algida Classics Antep Fıstık 65 Ml,8690637716973,20.00,20.00,,https://www.sariyermarket.com/algida-classics-antep-fistik-65-ml
Ülker Oneo 60Dk Nane Aromalı Sakız 14Gr,8690840212309,27.00,27.00,,https://www.sariyermarket.com/ulker-oneo-60dk-nane-aromali-sakiz-14gr
Gol 125gr Sutlu Cik.Kapli Findik Draje,8683417000829,169.90,169.90,,https://www.sariyermarket.com/gol-125gr-sutlu-cik-kapli-findik-draje
Zekeriyaköy Çiftliği Eski Kaşar Peyniri Dilimli 250 Gr,8699089585540,325.00,325.00,,https://www.sariyermarket.com/zekeriyakoy-ciftligi-eski-kasar-peyniri-dilimli-250-gr
Doytat Köri 40gr,8697826340353,33.90,33.90,,https://www.sariyermarket.com/doytat-kori-40gr
Eti Susamlı Çubuk Kraker 56 Gr,8690533654065,15.00,15.00,,https://www.sariyermarket.com/eti-susamli-cubuk-kraker-56-gr
Yudum Aycicek 4 Lt.,8690876104197,499.90,499.90,,https://www.sariyermarket.com/yudum-aycicek-4-lt-
Pınar Laktozsuz Yarım Yağlı Yoğurt 750 Gr,8690565018569,97.50,97.50,,https://www.sariyermarket.com/pinar-laktozsuz-yarim-yagli-yogurt-750-gr
Cappy Bubble Ananas & Mango Aromalı İçecek 330 Ml,54032279,55.00,55.00,,https://www.sariyermarket.com/cappy-bubble-ananas-mango-aromali-icecek-330-ml
Eti Popkek Mini Hindistan Cevizli Kek 180 Gr,8690526066257,49.90,49.90,,https://www.sariyermarket.com/eti-popkek-mini-hindistan-cevizli-kek-180-gr
Züber Bademli Hi Protein Bar 45 Gr,8681630155012,114.50,114.50,,https://www.sariyermarket.com/zuber-bademli-hi-protein-bar-45-gr
Okey Prezervatif Ultra Hisset 10'Lu,8850956393846,419.90,419.90,,https://www.sariyermarket.com/okey-prezervatif-ultra-hisset-10lu
Tada Klasik Sandviç Kaşarlı Salamlı 160 Gr,8694918001130,164.90,164.90,,https://www.sariyermarket.com/tada-klasik-sandvic-kasarli-salamli-160-gr
Duru Şampuan Güçlü Parlak 400 ml,8690506565183,76.93,76.93,,https://www.sariyermarket.com/duru-sampuan-guclu-parlak-400-ml
Bağdat Sumak 80gr,8690560019325,99.90,99.90,,https://www.sariyermarket.com/bagdat-sumak-80gr
Billur Sofrada Öğütme Deniz Tuzu 500 Gr,8690771170013,74.90,74.90,,https://www.sariyermarket.com/billur-sofrada-ogutme-deniz-tuzu-500-gr
Eti Lifalif Kuru Yemişli Yulaf Bar 35 Gr,8690526877860,37.50,37.50,,https://www.sariyermarket.com/eti-lifalif-kuru-yemisli-yulaf-bar-35-gr
Cornetto Aşkına Karadut Çikolata 150 Ml,8683130130629,60.00,60.00,,https://www.sariyermarket.com/cornetto-askina-karadut-cikolata-150-ml
Prima Aktif Bebek Bezi 4 Beden 9-14 Kg 54 Adet,8001090572523,550.13,550.13,,https://www.sariyermarket.com/prima-aktif-bebek-bezi-4-beden-9-14-kg-54-adet
"Nestle Nesquik Sütlü Çikolata Gofret 26,7 Gr",8690632180243,19.50,19.50,,https://www.sariyermarket.com/nestle-nesquik-sutlu-cikolata-gofret-26-7-gr
Feast Renkli Karnabahar 500 Gr,8697343112006,129.90,129.90,,https://www.sariyermarket.com/feast-renkli-karnabahar-500-gr
Granoro Fusilli Makarna 500 gr,8007290000477,149.90,149.90,,https://www.sariyermarket.com/granoro-fusilli-makarna-500-gr
Yayla Gurme Basmati Pirinç 500 Gr,8693374239255,91.90,91.90,,https://www.sariyermarket.com/yayla-gurme-basmati-pirinc-500-gr
Kent Olips Nane 76 Gr,8690515599766,84.90,84.90,,https://www.sariyermarket.com/kent-olips-nane-76-gr
Organuca Immunity Shot 3 x 60 Ml,8684483387531,189.90,189.90,,https://www.sariyermarket.com/organuca-immunity-shot-3-x-60-ml
Hipp Organik Şeftali Mango Elma Püresi 100gr,4062300427921,129.90,129.90,,https://www.sariyermarket.com/hipp-organik-seftali-mango-elma-puresi-100gr
Nivea Soft Nemlendirici Bakım Kremi 75 Ml,4005808890576,179.90,179.90,,https://www.sariyermarket.com/nivea-soft-nemlendirici-bakim-kremi-75-ml
Doga Evi Himalaya Tuzu 250gr,8681110220025,45.90,45.90,,https://www.sariyermarket.com/doga-evi-himalaya-tuzu-250gr
Mövenpick Tuzlu Karamel Dondurma 165 Ml,7610026043788,239.90,239.90,,https://www.sariyermarket.com/movenpick-tuzlu-karamel-dondurma-165-ml
Arıcan Kestane Çiçekleri Balı 500gr,8692970003000,1799.90,1799.90,,https://www.sariyermarket.com/arican-kestane-cicekleri-bali-500gr
Sarıyer Gurme Taze Peynir Kg,2903066000008,425.00,425.00,,https://www.sariyermarket.com/sariyer-gurme-taze-peynir-kg
Sensodyne Onarici Koruma Extra Soft Diş Firçasi,8681291002519,264.90,264.90,,https://www.sariyermarket.com/sensodyne-onarici-koruma-extra-soft-dis-fircasi
Wefood Glutensiz Karabuğday Patlağı 100 Gr,8683347030866,62.90,62.90,,https://www.sariyermarket.com/wefood-glutensiz-karabugday-patlagi-100-gr
Naturali Kış Keyfi 100 Gr,8681599170033,119.90,119.90,,https://www.sariyermarket.com/naturali-kis-keyfi-100-gr
Nestle Kitkat Chunky Cookie 38 Gr,8690632550886,35.50,35.50,,https://www.sariyermarket.com/nestle-kitkat-chunky-cookie-38-gr
Pek Food Mistro Pizza 800GR,8696056102144,299.90,299.90,,https://www.sariyermarket.com/pek-food-mistro-pizza-800gr
Arbella Plus Glutensiz Burgu 400 Gr,5941634000507,114.90,114.90,,https://www.sariyermarket.com/arbella-plus-glutensiz-burgu-400-gr-
Pınar Süt 1 Lt,8690565100530,79.90,79.90,,https://www.sariyermarket.com/pinar-sut-1-lt
Sütaş Kaymaklı Yoğurt 500gr,8690767001031,60.90,60.90,,https://www.sariyermarket.com/sutas-kaymakli-yogurt-500gr
Reis Sarı Mercimek 1000gr,8690849820161,179.90,179.90,,https://www.sariyermarket.com/reis-sari-mercimek-1000gr
Ülker Tuzlu Çubuk Kraker 80 Gr,8690504117858,14.00,14.00,,https://www.sariyermarket.com/ulker-tuzlu-cubuk-kraker-80-gr
Vivident Cube Nane Aromalı Sakız 86 Gr,80734369,125.00,125.00,,https://www.sariyermarket.com/vivident-cube-nane-aromali-sakiz-86-gr
Altınkılıç Laktozsuz Kefir 1 Lt,8692886411265,127.90,127.90,,https://www.sariyermarket.com/altinkilic-laktozsuz-kefir-1-lt
Tadım Barbekü Soslu Mısır 180 Gr,8690787351031,60.00,60.00,,https://www.sariyermarket.com/tadim-barbeku-soslu-misir-180-gr
Dr.Oetker Glutensiz Sade Un Karışımı 250 Gr,8690629443597,52.43,52.43,,https://www.sariyermarket.com/dr-oetker-glutensiz-sade-un-karisimi-250-gr
Sarıyer Gurme El Açma Yufka Kg,2923761000004,269.00,269.00,,https://www.sariyermarket.com/sariyer-gurme-el-acma-yufka-kg
Sütaş Ayran 300 Ml,8690767160042,21.90,21.90,,https://www.sariyermarket.com/sutas-ayran-300-ml
Roka Mini 125 Gr Erüst,8697801120673,195.00,195.00,,https://www.sariyermarket.com/roka-mini-125-gr-erust
Dardanel Ayçiçek Yağlı Ton Balığı 3x75 Gr,8690559015208,403.90,403.90,,https://www.sariyermarket.com/dardanel-aycicek-yagli-ton-baligi-3x75-gr
Balocco Wafers 250g Kak.Gofret,8001100059242,219.90,219.90,,https://www.sariyermarket.com/balocco-wafers-250g-kak-gofret
Dimes Milkshake Çilekli Beyaz Çikolatalı 310ml,8690558032633,59.90,59.90,,https://www.sariyermarket.com/dimes-milkshake-cilekli-beyaz-cikolatali-310ml
Pastavilla Rigatoni Makarna 500gr,8690684002074,46.90,46.90,,https://www.sariyermarket.com/pastavilla-rigatoni-makarna-500gr
Aly Ucgen Yufka 24'Lu 360gr,8699847070240,99.90,99.90,,https://www.sariyermarket.com/aly-ucgen-yufka-24lu-360gr
Lipton Ice Tea Ahududu 1 LT,8690574120055,49.90,49.90,,https://www.sariyermarket.com/lipton-ice-tea-ahududu-1-lt
Signal Diş Firçasi Ergonomik 1+1,8690637945830,169.90,169.90,,https://www.sariyermarket.com/signal-dis-fircasi-ergonomik-1_1
Dreamies Peynirli Kedi Ödül Maması 60gr,5998749130506,79.90,79.90,,https://www.sariyermarket.com/dreamies-peynirli-kedi-odul-mamasi-60gr
Ülker Yupo Jelly Metre Kola 50 Gr,8690840168965,20.00,20.00,,https://www.sariyermarket.com/ulker-yupo-jelly-metre-kola-50-gr
Tat Çilek Reçeli 380 Gr,8690635081615,99.90,99.90,,https://www.sariyermarket.com/tat-cilek-receli-380-gr
Pınar Denge Laktozsuz Süt 200 Ml,8690565007556,29.50,29.50,,https://www.sariyermarket.com/pinar-denge-laktozsuz-sut-200-ml
Doytat Galeta Unu 350gr,8697826340445,54.90,54.90,,https://www.sariyermarket.com/doytat-galeta-unu-350gr
Alaçatı Kurabiyecisi Çıtır Top Kurabiye 250 gr,8680474790465,209.90,209.90,,https://www.sariyermarket.com/alacati-kurabiyecisi-citir-top-kurabiye-250-gr
Fuse Tea Soğuk Çay Limon Aromalı İçecek 6X330 Ml Kutu,5000112666168,325.00,325.00,,https://www.sariyermarket.com/fuse-tea-soguk-cay-limon-aromali-icecek-6x330-ml-kutu
Coca Cola 4X1 Lt,5000112665055,229.90,229.90,,https://www.sariyermarket.com/coca-cola-4x1-lt
Sleepy Yüzey Temizlik Havlusu Yağ Çözücü 30 lu,8682241217687,159.90,159.90,,https://www.sariyermarket.com/sleepy-yuzey-temizlik-havlusu-yag-cozucu-30-lu
Bağdat Dolmalık Fıstık 23 Gr,8690560045416,249.90,249.90,,https://www.sariyermarket.com/bagdat-dolmalik-fistik-23-gr
Oral-B Çocuk Diş Macunu 50 Ml 0-6 Yaş,8006530024457,179.90,179.90,,https://www.sariyermarket.com/oral-b-cocuk-dis-macunu-50-ml-0-6-yas
Altınkılıç Mandra Eski Kaşar Peyniri 300 Gr,8692886412842,235.90,235.90,,https://www.sariyermarket.com/altinkilic-mandra-eski-kasar-peyniri-300-gr
Koska Tahin Organik 230gr,8690710139767,329.90,329.90,,https://www.sariyermarket.com/koska-tahin-organik-230gr
Polonez Dana Jambon 50 Gr,8693407004447,95.90,95.90,,https://www.sariyermarket.com/polonez-dana-jambon-50-gr
Pınar Aç Bitir Kokteyl Hindi Sosis 180 Gr,8690527030653,89.90,89.90,,https://www.sariyermarket.com/pinar-ac-bitir-kokteyl-hindi-sosis-180-gr
Dana Bonfile Kg,2901023000009,2395.00,2395.00,,https://www.sariyermarket.com/dana-bonfile-kg
Fomilk Badem İçeceği 1Lt,8682009080027,174.90,174.90,,https://www.sariyermarket.com/fomilk-badem-icecegi-1lt
Lipton Ice Tea Şeftali Şekersiz 1 Lt,8690574120031,49.90,49.90,,https://www.sariyermarket.com/lipton-ice-tea-seftali-sekersiz-1-lt
Caffeo Kahve Filtre Kağıdı 1/4,8697980350489,129.90,129.90,,https://www.sariyermarket.com/caffeo-kahve-filtre-kagidi-1-4
Komili Ayçiçek Yağı 2 Lt,8699300272013,299.90,299.90,,https://www.sariyermarket.com/komili-aycicek-yagi-2-lt
Superfresh Üçgen Pizza Kroket 240 Gr,8690612427047,119.90,119.90,,https://www.sariyermarket.com/superfresh-ucgen-pizza-kroket-240-gr
Sarıyer Gurme Sıkma Yeşil İçecek 500 Ml 1,8699087418000,119.00,119.00,,https://www.sariyermarket.com/sariyer-gurme-sikma-yesil-icecek-500-ml-1
Komili Sızma Zeytinyağ 3 Lt,8699300270033,1439.90,1439.90,,https://www.sariyermarket.com/komili-sizma-zeytinyag-3-lt
Orkid Platinum Hijyenik Ped Normal Tekli Paket 8 Ped,8001090018229,72.03,72.03,,https://www.sariyermarket.com/orkid-platinum-hijyenik-ped-normal-tekli-paket-8-ped
Tipitip Bubly Fresh 27gr,7622210753236,59.90,59.90,,https://www.sariyermarket.com/tipitip-bubly-fresh-27gr
Baltalı Keçi Sütü 1lt,8699916118125,339.90,339.90,,https://www.sariyermarket.com/baltali-keci-sutu-1lt
Vivident Storming Sakiz Ahududu Aromali 33gr,8003440944820,59.90,59.90,,https://www.sariyermarket.com/vivident-storming-sakiz-ahududu-aromali-33gr
Oreo Çilekli Bisküvi 95gr,7622202312564,79.90,79.90,,https://www.sariyermarket.com/oreo-cilekli-biskuvi-95gr
Ispanak Kg,2910236000003,49.90,49.90,,https://www.sariyermarket.com/ispanak-kg
Beşler Bi Lokma Dana Jambon 50gr,8681594302408,56.90,56.90,,https://www.sariyermarket.com/besler-bi-lokma-dana-jambon-50gr
Bağdat Fesleğen 30gr,8690560019295,39.90,39.90,,https://www.sariyermarket.com/bagdat-feslegen-30gr
Danette Çikolatalı Puding 4X100 Gr,8696368232133,99.90,99.90,,https://www.sariyermarket.com/danette-cikolatali-puding-4x100-gr
Cafe Crown 2si 1 Arada Sade 11 Gr,8690504098348,11.50,11.50,,https://www.sariyermarket.com/cafe-crown-2si-1-arada-sade-11-gr
Purelife Himalaya Tuzu İyotlu İnce Beyaz 500 Gr,8699913930027,259.90,259.90,,https://www.sariyermarket.com/purelife-himalaya-tuzu-iyotlu-ince-beyaz-500-gr
Vileda Mikrofiberli Cam Bezi,8690803760311,359.90,359.90,,https://www.sariyermarket.com/vileda-mikrofiberli-cam-bezi
Friskies Etli Köpek Mamasi 2400gr,7613034232168,804.90,804.90,,https://www.sariyermarket.com/friskies-etli-kopek-mamasi-2400gr
Herby Premium Matcha Kapsül Sade 10'lu,8682450833432,394.90,394.90,,https://www.sariyermarket.com/herby-premium-matcha-kapsul-sade-10lu
Koska Pekmez Keçiboynuzu Cam 380gr,8690710137312,125.45,125.45,,https://www.sariyermarket.com/koska-pekmez-keciboynuzu-cam-380gr
Ülker Çikolata Dolu Dolu Antep Fıstıklı 77 Gr,8690504145103,150.00,150.00,,https://www.sariyermarket.com/ulker-cikolata-dolu-dolu-antep-fistikli-77-gr
Dana Taskebap Kg,2900045000004,1250.00,1250.00,,https://www.sariyermarket.com/dana-taskebap-kg
Danone Süprix Frozen Oyuncak Hediyeli Çilekli Yoğurt 90G,8696368907307,57.50,57.50,,https://www.sariyermarket.com/danone-suprix-frozen-oyuncak-hediyeli-cilekli-yogurt-90g
Eti Pronot Hindistan Cevizli Kurabiye 85 Gr,8690526692302,74.00,74.00,,https://www.sariyermarket.com/eti-pronot-hindistan-cevizli-kurabiye-85-gr
Vileda Sünger Çelik Power 2Li,4023103172036,289.90,289.90,,https://www.sariyermarket.com/vileda-sunger-celik-power-2li
Suprapet Yetişkin Kedi Tavuklu Parça Etli 85 Gr,8684272331516,39.90,39.90,,https://www.sariyermarket.com/suprapet-yetiskin-kedi-tavuklu-parca-etli-85-gr
Reis İç Bakla (Ege) 750 Gr,8690849112211,219.90,219.90,,https://www.sariyermarket.com/reis-ic-bakla-ege-750-gr
Colgate Diş Macunu 50ml Optic White Kahve Ve Çay Kullananlar için 2li,8718951583528,172.43,172.43,,https://www.sariyermarket.com/colgate-dis-macunu-50ml-optic-white-kahve-ve-cay-kullananlar-icin-2li
Dardanel Kolay Pişir Karidesli Domates Soslu Penne 300 Gr,8690559022688,299.00,299.00,,https://www.sariyermarket.com/dardanel-kolay-pisir-karidesli-domates-soslu-penne-300-gr
Mentos Pure Fresh Pocket Bottle Sakız Yeşil Nane 30Gr,80861256,55.00,55.00,,https://www.sariyermarket.com/mentos-pure-fresh-pocket-bottle-sakiz-yesil-nane-30gr
Tire Yoğurt 1000gr Tava,8699197161322,194.90,194.90,,https://www.sariyermarket.com/tire-yogurt-1000gr-tava
Dr.Oetker Sakızlı Muhallebi 135 Gr,8690629219406,26.93,26.93,,https://www.sariyermarket.com/dr-oetker-sakizli-muhallebi-135-gr
Beta Kızıl Dem Türk Çayı Demlik Poşet 100'lü,8690717012353,159.90,159.90,,https://www.sariyermarket.com/beta-kizil--dem-turk-cayi-demlik-poset-100lu
Ülker Laviva Selection Antep Fıstıklı Gofret 45 Gr,8690504119586,50.00,50.00,,https://www.sariyermarket.com/ulker-laviva-selection-antep-fistikli-gofret-45-gr
Sütaş Kaymaksız Yoğurt 1000gr,8690767160127,99.90,99.90,,https://www.sariyermarket.com/sutas-kaymaksiz-yogurt-1000gr
Petito Patim Bol Sütlü Çikolata 18 Gr,8690526097893,17.00,17.00,,https://www.sariyermarket.com/petito-patim-bol-sutlu-cikolata-18-gr
Familia Choco Bits 375gr,7610023052806,612.00,612.00,,https://www.sariyermarket.com/familia-choco-bits-375gr
Kikkoman Soya Sosu Oval 150 Ml,8715035110106,489.90,489.90,,https://www.sariyermarket.com/kikkoman-soya-sosu-oval-150-ml
Eti Burçak Kurabi Kakaolu 198 Gr,8690526073460,68.00,68.00,,https://www.sariyermarket.com/eti-burcak-kurabi-kakaolu-198-gr
Orvital Organik Kalçalı But Kg,2901521000006,899.00,899.00,,https://www.sariyermarket.com/orvital-organik-kalcali-but-kg
Sütaş Süt Uht 1lt,8690767002168,62.90,62.90,,https://www.sariyermarket.com/sutas-sut-uht-1lt
Real Thai Pirinç Çubukları 375 Gr,8858135052058,219.90,219.90,,https://www.sariyermarket.com/real-thai-pirinc-cubuklari-375-gr
Dimes Obsesso Caramel Macchiato 250 Ml,8690558039595,64.90,64.90,,https://www.sariyermarket.com/dimes-obsesso-caramel-macchiato-250-ml
Prima Aktif Bebek Süper Paket 6 Beden 38'Li,8006530331050,510.93,510.93,,https://www.sariyermarket.com/prima-aktif-bebek-super-paket-6-beden-38li
Uludağ Frutti Extra Yeşil Limon Pet 1 Lt,1500144801796,56.90,56.90,,https://www.sariyermarket.com/uludag-frutti-extra-yesil-limon-pet-1-lt
Barilla Pappardelle Makarna 250 Gr,8076809514774,89.90,89.90,,https://www.sariyermarket.com/barilla-pappardelle-makarna-250-gr
Zekeriyaköy Çiftliği İnek Beyaz Peyniri 600 Gr,8699089585748,325.00,325.00,,https://www.sariyermarket.com/zekeriyakoy-ciftligi-inek-beyaz-peyniri-600-gr
Protein Ocean Bar Kakaolu 50GR,8682696740037,89.90,89.90,,https://www.sariyermarket.com/protein-ocean-bar-kakaolu-50gr
Eker Ayran Tombul 293 Ml,8691316521512,32.90,32.90,,https://www.sariyermarket.com/eker-ayran-tombul-293-ml
Alcatra&Primavera İsli Çerkez Peyniri & Kuru Füme,8699089585595,438.00,438.00,,https://www.sariyermarket.com/alcatra-primavera-isli-cerkez-peyniri---kuru-fume
Ernet Çamaşır Sodası 500 gr,8691014109043,52.43,52.43,,https://www.sariyermarket.com/ernet-camasir-sodasi-500-gr
Jungle Jungle Tavuklu Kedi Krema Ödül Maması 5'Li14 Gr,8682631201135,61.53,61.53,,https://www.sariyermarket.com/jungle-jungle-tavuklu-kedi-krema-odul-mamasi-5li14-gr
Nivea Micellar Canlandırıcı Makyaj Temizleme Suyu Normal Ciltler 400 Ml,4005900333544,539.90,539.90,,https://www.sariyermarket.com/nivea-micellar-canlandirici-makyaj-temizleme-suyu-normal-ciltler-400-ml
Godiva Dark Chocolate Ganache 86gr,8690504153740,190.00,190.00,,https://www.sariyermarket.com/godiva-dark-chocolate-ganache-86gr
Fropie Bademli Vanilyalı Probiyotik Granola 200GR,8682815018788,209.90,209.90,,https://www.sariyermarket.com/fropie-bademli-vanilyali-probiyotik-granola-200gr
Algida Oreo Milka Stick 82 Ml,8721274647440,50.00,50.00,,https://www.sariyermarket.com/algida-oreo-milka-stick-82-ml
Domates Salkım Kg,2900652000008,125.00,125.00,,https://www.sariyermarket.com/domates-salkim-kg
Sprite Limon Aromalı Gazoz Pet 1 Lt,5000112664997,49.90,49.90,,https://www.sariyermarket.com/sprite-limon-aromali-gazoz-pet-1-lt
Pastavilla Kuskus Makarna 500gr,8690684006201,46.90,46.90,,https://www.sariyermarket.com/pastavilla-kuskus-makarna-500gr
Eti Pronot Glutensiz Kakaolu Kurabiye 85 Gr,8690526278780,74.00,74.00,,https://www.sariyermarket.com/eti-pronot-glutensiz-kakaolu-kurabiye-85-gr
Alman Emmental Kg,2924337000008,1895.00,1895.00,,https://www.sariyermarket.com/alman-emmental-kg
Yenigün Kuşburnu Marmelatı 400 Gr,8691588010646,269.90,269.90,,https://www.sariyermarket.com/yenigun-kusburnu-marmelati-400-gr
Mcvities Karamelli Tarçınlı Kremalı Bisküvi 88 Gr,8690504087588,40.00,40.00,,https://www.sariyermarket.com/mcvities-karamelli-tarcinli-kremali-biskuvi-88-gr
Omo Çamaşır Makinesi Temizleyici 200 Ml,8690637935152,149.90,149.90,,https://www.sariyermarket.com/omo-camasir-makinesi-temizleyici-200-ml
Dardanel Somon Balığı 85 Gr,8690559004905,232.90,232.90,,https://www.sariyermarket.com/dardanel-somon-baligi-85-gr
Ülker Kekstra Çilekli Kek 33 Gr,8690504037088,12.00,12.00,,https://www.sariyermarket.com/ulker-kekstra-cilekli-kek-33-gr
Yayla Hazır Aşure 200gr,8693374278230,49.90,49.90,,https://www.sariyermarket.com/yayla-hazir-asure-200gr
Pet's Family Tavuklu Yetişkin Kedi Maması 400+100Gr,8681085426675,118.93,118.93,,https://www.sariyermarket.com/pets-family-tavuklu-yetiskin-kedi-mamasi-400_100gr
Locavore Jersey Tereyag Kurutulmuş Domatesli 250 Gr,8683079802281,314.90,314.90,,https://www.sariyermarket.com/locavore-jersey-tereyag-kurutulmus-domatesli-250-gr
Giglio Lazanya 500 Gr,8012169001240,199.90,199.90,,https://www.sariyermarket.com/giglio-lazanya-500-gr
Pepita Limon Lime Kg,2901514000006,395.00,395.00,,https://www.sariyermarket.com/pepita-limon-lime-kg
Balparmak Yayla Çiçek Balı 460 Gr,8690998216303,533.90,533.90,,https://www.sariyermarket.com/balparmak-yayla-cicek-bali-460-gr
İçim Yarım Yağlı Süt 1 Lt,8692971413075,59.90,59.90,,https://www.sariyermarket.com/icim-yarim-yagli-sut-1-lt
Arıcan Siirt Organik Karakovan Petek Balı 500gr,8692970565003,1999.90,1999.90,,https://www.sariyermarket.com/arican-siirt-organik-karakovan-petek-bali-500gr
Purelife Anatolia Kaya Tuzu Sofra Ögütme 500gr,8699913930775,199.90,199.90,,https://www.sariyermarket.com/purelife-anatolia-kaya-tuzu-sofra-ogutme-500gr
Lipton Ice Tea Şeftali Kutu 6X330 Ml,8690574802036,195.00,195.00,,https://www.sariyermarket.com/lipton-ice-tea-seftali-kutu-6x330-ml
Fuse Tea Soğuk Çay Kavun Çilek Aromalı İçecek Pet 1 Lt,5000112666281,70.00,70.00,,https://www.sariyermarket.com/fuse-tea-soguk-cay-kavun-cilek-aromali-icecek-pet-1-lt
Activia Shot X2 Probiyotik Ahududu&Hibiskus 4X80Ml,8696368220024,129.50,129.50,,https://www.sariyermarket.com/activia-shot-x2-probiyotik-ahududu-hibiskus-4x80ml
Sütaş Klasik Beyaz Peynir 3 Dilim 450 Gr,8681324007023,344.90,344.90,,https://www.sariyermarket.com/sutas-klasik-beyaz-peynir-3-dilim-450-gr
Arbella Arpa Şehriye Makarna 500Gr,8697430885523,29.90,29.90,,https://www.sariyermarket.com/arbella-arpa-sehriye-makarna-500gr
Fide Paça + İlikli Kemik Suyu Jöle Kıvamında Sade 480 Ml,8691405665837,76.90,76.90,,https://www.sariyermarket.com/fide-paca-_-ilikli-kemik-suyu-jole-kivaminda-sade-480-ml
Ülker Pötibör Çokokrem Kremalı Sandviç 229gr,8690504013402,60.00,60.00,,https://www.sariyermarket.com/ulker-potibor-cokokrem-kremali-sandvic-229gr
Chupa Chups Sakız Dolgulu Lolipop 12 Gr,8003440926949,15.00,15.00,,https://www.sariyermarket.com/chupa-chups-sakiz-dolgulu-lolipop-12-gr
Doğadan İyi Uykular Çayı 18'li 27 G,8699432216114,86.18,86.18,,https://www.sariyermarket.com/dogadan-iyi-uykular-cayi-18li-27-g
Falim Sakiz 5li Orman Meyveli 7gr,8690524000246,17.90,17.90,,https://www.sariyermarket.com/falim-sakiz-5li-orman-meyveli-7gr
Ekici Krem Peynir 400gr,8697403871867,149.90,149.90,,https://www.sariyermarket.com/ekici-krem-peynir-400gr
Sarıyer Gurme Karışık Lüx 120gr,8699089505548,179.90,179.90,,https://www.sariyermarket.com/sariyer-gurme-karisik-lux-120gr
Bebelac 4 Çocuk Devam Sütü 800 Gr,8699745023744,599.90,599.90,,https://www.sariyermarket.com/bebelac-4-cocuk-devam-sutu-800-gr
Eti Gold Çikolatalı Gofret 29 Gr,8690526019222,15.00,15.00,,https://www.sariyermarket.com/eti-gold-cikolatali-gofret-29-gr
Beta Kızıl Dem Türk Çayı Bardak Poşet 25 X 2 Gr,8690717012322,89.90,89.90,,https://www.sariyermarket.com/beta-kizil-dem-turk-cayi-bardak-poset-25-x-2-gr
Prima Premium Care Ekonomik Paket 1 Beden Yenidoğan 2-5 Kg 70'Lı,8001841742151,699.93,699.93,,https://www.sariyermarket.com/prima-premium-care-ekonomik-paket-1-beden-yenidogan-2-5-kg-70li
Mantar Paket 400gr,8683829743413,115.00,115.00,,https://www.sariyermarket.com/mantar-paket-400gr
Coca Cola Sıfır Şeker 4X1 Lt,5000112665253,229.90,229.90,,https://www.sariyermarket.com/coca-cola-sifir-seker-4x1-lt
Felix Sensations Siğir Etli Domatesli Pouch 85gr,7613287484826,39.90,39.90,,https://www.sariyermarket.com/felix-sensations-sigir-etli-domatesli-pouch-85gr
Papia Modanın Başkenti Mendil,8690536013166,7.99,7.99,,https://www.sariyermarket.com/papia-modanin-baskenti-mendil
İçim Süt 1 Lt,8690504995005,54.90,54.90,,https://www.sariyermarket.com/icim-sut-1-lt
Sade Organik Yeşil Mercimek 1000 Gr,8697463091021,259.90,259.90,,https://www.sariyermarket.com/sade-organik-yesil-mercimek-1000-gr
Sütaş Kaf Kefir Sade 1 Lt,8681324008747,107.90,107.90,,https://www.sariyermarket.com/sutas-kaf-kefir-sade-1-lt
Sushida California Roll 205 Gr,8690559020448,296.25,296.25,,https://www.sariyermarket.com/sushida-california-roll-205-gr
Koop Hellim Peyniri Az Tuzlu 220gr,8692005230166,195.90,195.90,,https://www.sariyermarket.com/koop-hellim-peyniri-az-tuzlu-220gr
Bağdat Nane 30 Gr,8690560019226,49.90,49.90,,https://www.sariyermarket.com/bagdat-nane-30-gr
Cappy Şeftali Nektarı 200 Ml,90495489,19.90,19.90,,https://www.sariyermarket.com/cappy-seftali-nektari-200-ml
Züber Lokma Fındık Kaplı Meyve Topu 96 Gr,8681630303017,144.95,144.95,,https://www.sariyermarket.com/zuber-lokma-findik-kapli-meyve-topu-96-gr
Ülker Cocostar 4'lü Paket 100 Gr,8690504027256,57.00,57.00,,https://www.sariyermarket.com/ulker-cocostar-4lu-paket-100-gr
Okey Zero 10'Lu,8850956393877,519.90,519.90,,https://www.sariyermarket.com/okey-zero-10lu
Polonez Piliç Jambon Kg,2904013000003,795.00,795.00,,https://www.sariyermarket.com/polonez-pilic-jambon-kg
Veg&Bones Tavuk Suyu 480ml,8681648005446,94.90,94.90,,https://www.sariyermarket.com/veg-bones-tavuk-suyu-480ml
Doytat Karabiber Tane 40gr,8697635600310,71.90,71.90,,https://www.sariyermarket.com/doytat-karabiber-tane-40gr
Beta Tac Yaprak Bardak 25li,8690717001708,121.90,121.90,,https://www.sariyermarket.com/beta-tac-yaprak-bardak-25li
Koska Helva Fıstıklı 500gr,8690710001347,359.90,359.90,,https://www.sariyermarket.com/koska-helva-fistikli-500gr
Pastavilla Lazanya 500 Gr,8690684006195,149.90,149.90,,https://www.sariyermarket.com/pastavilla-lazanya-500-gr
Hasata Gönen Baldo Pirinç 1000 Gr,8697423961821,169.90,169.90,,https://www.sariyermarket.com/hasata-gonen-baldo-pirinc-1000-gr
Apikoğlu Klasik Sucuk Kg,2920395000004,2750.00,2750.00,,https://www.sariyermarket.com/apikoglu-klasik-sucuk-kg
Croque Yetişkin Kedi Konserve Mama Kuzu Etli 400Gr,8681612753373,76.93,76.93,,https://www.sariyermarket.com/croque-yetiskin-kedi-konserve-mama-kuzu-etli-400gr
Ülker Hanımeller Çokodamla Kakaolu Damla Bisküvi 150 Gr,8690504011903,40.00,40.00,,https://www.sariyermarket.com/ulker-hanimeller-cokodamla-kakaolu-damla-biskuvi-150-gr
Mövenpick Vanilyalı 500Ml,7613034568144,545.90,545.90,,https://www.sariyermarket.com/movenpick-vanilyali-500ml
Carte d'Or Classic Vişne Bitter Çikolata Vanilya 850 Ml,8690637111693,275.00,275.00,,https://www.sariyermarket.com/carte-dor-classic-visne-bitter-cikolata-vanilya-850-ml
Sütaş Kaymaksız Yoğurt 4x125 Gr,8690767710124,59.90,59.90,,https://www.sariyermarket.com/sutas-kaymaksiz-yogurt-4x125-gr
Oral -B Hassasiyet Nane 75 Ml,8700216273077,149.90,149.90,,https://www.sariyermarket.com/oral-b-hassasiyet-nane-75-ml
Purina One Tavuklu Yetişkin Kedi Mamasi 85 Gr,7613038255743,59.90,59.90,,https://www.sariyermarket.com/purina-one-tavuklu-yetiskin-kedi-mamasi-85-gr
"Kent Olips Mini Mints Naneli 12,5gr",57030890,44.90,44.90,,https://www.sariyermarket.com/kent-olips-mini-mints-naneli-12-5gr
Pastavilla Linguine Makarna 500gr,8690684001060,46.90,46.90,,https://www.sariyermarket.com/pastavilla-linguine-makarna-500gr
Bingo Elde Bulaşık Deterjanı Sensitive 650 Ml,8690536924257,99.90,99.90,,https://www.sariyermarket.com/bingo-elde-bulasik-deterjani-sensitive-650-ml
Sarıyer Gurme Çeşnili Tulum Peynir 150 Gr,8699089587124,129.00,129.00,,https://www.sariyermarket.com/sariyer-gurme-cesnili-tulum-peynir-150-gr
Cornetto Disc Max Çikolata 130Ml,8683130097045,75.00,75.00,,https://www.sariyermarket.com/cornetto-disc-max-cikolata-130ml
Herby Premium Matcha Çilek ve Vanilya Aromalı 25 Gr,8682450833418,348.90,348.90,,https://www.sariyermarket.com/herby-premium-matcha-cilek-ve-vanilya-aromali-25-gr
Carte d'Or Selection Patisserie 800 Ml,8683130068571,295.00,295.00,,https://www.sariyermarket.com/carte-dor-selection-patisserie-800-ml
Eti Lifalif Elmalı Hurmalı Granola 200 Gr,8690526539201,180.00,180.00,,https://www.sariyermarket.com/eti-lifalif-elmali-hurmali-granola-200-gr
Schweppes Mandalina Pet 1 Lt,5000112666427,90.00,90.00,,https://www.sariyermarket.com/schweppes-mandalina-pet-1-lt
Soğan Arpacık 500gr,8697403620069,199.00,199.00,,https://www.sariyermarket.com/sogan-arpacik-500gr
Jungle Pouch Yetişkin Kedi Dana Eti Parçalı 100gr,8681299031115,26.53,26.53,,https://www.sariyermarket.com/jungle-pouch-yetiskin-kedi-dana-eti-parcali-100gr
Dudomi Bardak Noodle Körili 60GR,38692424999324,39.90,39.90,,https://www.sariyermarket.com/dudomi-bardak-noodle-korili-60gr
Nestle Nesquik Kakaolu Buğday ve Mısır Gevreği 450 Gr,8690632020440,194.90,194.90,,https://www.sariyermarket.com/nestle-nesquik-kakaolu-bugday-ve-misir-gevregi-450-gr
Algida Cornetto Disc Max Mango 130 Ml,8683130097038,75.00,75.00,,https://www.sariyermarket.com/algida-cornetto-disc-max-mango-130-ml
Cornetto Disc Milka 130 Ml,8683130038154,75.00,75.00,,https://www.sariyermarket.com/cornetto-disc-milka-130-ml
Eti Burçak Yulaflı Bisküvi 375 Gr,8690526651224,73.00,73.00,,https://www.sariyermarket.com/eti-burcak-yulafli-biskuvi-375-gr
Loacker Gofret.Bitter Cikolata Portk.100gr,8000380003778,219.90,219.90,,https://www.sariyermarket.com/loacker-gofret-bitter-cikolata-portk-100gr
Mövenpick Cevizli Dondurma 165 Ml,7613036151825,239.90,239.90,,https://www.sariyermarket.com/movenpick-cevizli-dondurma-165-ml
Tadım Tuzlu Sarı Leblebi 180 Gr,8690787161050,80.00,80.00,,https://www.sariyermarket.com/tadim-tuzlu-sari-leblebi-180-gr
Doğanay Şalgam Suyu Acılı 1 Lt,8693354001094,65.00,65.00,,https://www.sariyermarket.com/doganay-salgam-suyu-acili-1-lt
Eti Lifalif Tuzlu Bar Kajun Baharatlı 30 Gr,8690526397634,37.50,37.50,,https://www.sariyermarket.com/eti-lifalif-tuzlu-bar-kajun-baharatli-30-gr
Tahsildaroğlu Piknik Kaşar Peyniri 400gr,8691225153002,299.90,299.90,,https://www.sariyermarket.com/tahsildaroglu-piknik-kasar-peyniri-400gr
Baltalı Keçi Sütünden Tereyağı 200 Gr,8699916144025,359.90,359.90,,https://www.sariyermarket.com/baltali-keci-sutunden-tereyagi-200-gr
Tamek Fasulye Pilaki 400 Gr,8690575044312,87.90,87.90,,https://www.sariyermarket.com/tamek-h-yem-fas-pilaki-400-gr-
Molped Püre&Soft Uzun Süper Ekonomik 18li,8690536829033,139.90,139.90,,https://www.sariyermarket.com/molped-pure-soft-uzun-super-ekonomik-18li
Juvenis Nemlendirici El Maskesi,8680624691222,144.90,144.90,,https://www.sariyermarket.com/juvenis-nemlendirici-el-maskesi
Pınar Bohça Mantı 400 Gr,8690527110300,144.90,144.90,,https://www.sariyermarket.com/pinar-bohca-manti-400-gr
Borbone Kapsül Kahve 100%Arabica 50Gr,8055176430092,279.90,279.90,,https://www.sariyermarket.com/borbone-kapsul-kahve-100-arabica-50gr
Moms Yaban Mersinli Granola 280GR,8684531264296,174.93,174.93,,https://www.sariyermarket.com/moms-yaban-mersinli-granola-280gr
Ülker Dankek Tart Mini Çilekli 150 Gr,8690504082392,41.90,41.90,,https://www.sariyermarket.com/ulker-dankek-tart-mini-cilekli-150-gr
Ülker Dankek Lokmalık Kakaolu Kek 160 Gr,8690504064374,38.90,38.90,,https://www.sariyermarket.com/ulker-dankek-lokmalik-kakaolu-kek-160-gr
Melis Kornişon Turşu 680 Gr,8699073290610,125.90,125.90,,https://www.sariyermarket.com/melis-kornison-tursu-680-gr
Rice Vermicelli 400g Pirinc Makarnasi,8854419007400,179.90,179.90,,https://www.sariyermarket.com/rice-vermicelli-400g-pirinc-makarnasi
Mango Yemeye Hazir Adet Verita Gurme,8698555412939,210.00,210.00,,https://www.sariyermarket.com/mango-yemeye-hazir-adet-verita-gurme
Pınar Salam Aç Bitir Hindi Fıstıklı Salam 50 Gr,8690527011621,44.90,44.90,,https://www.sariyermarket.com/pinar-salam-ac-bitir-hindi-fistikli-salam-50-gr
Lestello Glutensiz Mercimek Patlağı 135 Gr,5902609001509,229.90,229.90,,https://www.sariyermarket.com/lestello-glutensiz-mercimek-patlagi-135-gr
Jungle Tavuk Ve Balıklı Yetişkin Kedi Maması 500 G,8681299601875,104.93,104.93,,https://www.sariyermarket.com/jungle-tavuk-ve-balikli-yetiskin-kedi-mamasi-500-g
Eti Gong Peynirli Acılı Mısır ve Pirinç Patlağı 68 Gr,8690526074474,32.50,32.50,,https://www.sariyermarket.com/eti-gong-peynirli-acili-misir-ve-pirinc-patlagi-68-gr
Milka Fındıklı Çikolata 80 Gr,8690566990864,159.90,159.90,,https://www.sariyermarket.com/milka-findikli-cikolata-80-gr
Tat Meksika Fasulyeli 410 Gr,8690635470372,79.90,79.90,,https://www.sariyermarket.com/tat-meksika-fasulyeli-410-gr
Nesfit Karışık Meyveli 400 Gr,8690632064703,169.90,169.90,,https://www.sariyermarket.com/nesfit-karisik-meyveli-400-gr
Pınar Hindi Etli Salam Kg,2904034000006,845.00,845.00,,https://www.sariyermarket.com/pinar-hindi-etli-salam-kg
Çerezza Sinema Peynir Soğan Aromalı Mısır Çerezi Süper Boy 117 Gr,8690624302165,54.50,54.50,,https://www.sariyermarket.com/cerezza-sinema-peynir-sogan-aromali-misir-cerezi-super-boy-117-gr
Egos Islak Sert Jöle 250 Ml,8690530024007,229.90,229.90,,https://www.sariyermarket.com/egos-islak-sert-jole-250-ml
Mövenpick Frambuazlı Fermente Süt Ürünü 100 Gr,4002334112677,45.50,45.50,,https://www.sariyermarket.com/movenpick-frambuazli-fermente-sut-urunu-100-gr
Omo Express Fresh Kötü Koku Karşıtı 1.48 L,8683130088760,349.90,349.90,,https://www.sariyermarket.com/omo-express-fresh-kotu-koku-karsiti-1-48-l
Barilla Kalem (Penne Rigate) Makarna 500 Gr,8690579140614,59.90,59.90,,https://www.sariyermarket.com/barilla-kalem-penne-rigate-makarna-500-gr
Sarıyer Gurme Yumurta 30'lu 53 Gr,8699089568086,165.00,165.00,,https://www.sariyermarket.com/sariyer-gurme-yumurta-30lu-53-gr
Züber Kidz Çilekli Meyve Bar 25 Gr,8681630410005,54.95,54.95,,https://www.sariyermarket.com/zuber-kidz-cilekli-meyve-bar-25-gr
İstanbul Halk Ekmek Çekirdekli Galeta 200Gr,8691397198566,55.00,55.00,,https://www.sariyermarket.com/istanbul-halk-ekmek-cekirdekli-galeta-200gr
Bahçıvan Laktozsuz Labne 180 Gr,8690843097910,84.90,84.90,,https://www.sariyermarket.com/bahcivan-laktozsuz-labne-180-gr
Becel Kase Margarin Klasik 250 Gr,8719200750593,73.50,73.50,,https://www.sariyermarket.com/becel-kase-margarin-klasik-250-gr
Jacobs Gold 3'ü 1 Arada Yoğun Lezzet 18 Gr,8714599610480,18.50,18.50,,https://www.sariyermarket.com/jacobs-gold-3u-1-arada-yogun-lezzet-18-gr
"Nestle Nesfit Çikolatalı Tam Tahıllı Bar 23,5 Gr",5900020028051,29.90,29.90,,https://www.sariyermarket.com/nestle-nesfit-cikolatali-tam-tahilli-bar-23-5-gr
Sütaş Kaymaksız Yoğurt 200gr.,8690767673610,23.90,23.90,,https://www.sariyermarket.com/sutas-kaymaksiz-yogurt-200gr-
Nish Endonezya Java Filtre Kahve 250Gr,8682279238593,379.90,379.90,,https://www.sariyermarket.com/nish-endonezya-java-filtre-kahve-250gr
Sensodyne Hassasiyet ve Diş Eti Yumuşak Diş Fırçası,8681291000812,264.90,264.90,,https://www.sariyermarket.com/sensodyne-hassasiyet-ve-dis-eti-yumusak-dis-fircasi
Eker Kefir Sade 200ml,8691316521642,32.90,32.90,,https://www.sariyermarket.com/eker-kefir-sade-200ml
Ülker Pötibör Bisküvi Çifte Kavrulmuş 175 Gr,8690504011705,30.00,30.00,,https://www.sariyermarket.com/ulker-potibor-biskuvi-cifte-kavrulmus-175-gr
Nestle 1927 %82 Kakaolu Kare Bitter Çikolata 60 Gr,8690632482361,109.95,109.95,,https://www.sariyermarket.com/nestle-1927-82-kakaolu-kare-bitter-cikolata-60-gr
Ülker Çokoprens 10'lu Paket 300 Gr,8690504007807,65.00,65.00,,https://www.sariyermarket.com/ulker-cokoprens-10lu-paket-300-gr
Eti Browni Çikolatalı Soslu Kek 165Gr,8690526303017,94.00,94.00,,https://www.sariyermarket.com/eti-browni-cikolatali-soslu-kek-165gr
Dimes Obsesso Kremalı Antep Fıstığı 250 ML,8690558029015,64.90,64.90,,https://www.sariyermarket.com/dimes-obsesso-kremali-antep-fistigi-250-ml
7days Kruvasan Fındık Kremalı 60Gr,7622202050879,39.90,39.90,,https://www.sariyermarket.com/7days-kruvasan-findik-kremali-60gr
Sarıyer Gurme Sıkma Yeşil İçecek 500 Ml 2,8699087418741,119.00,119.00,,https://www.sariyermarket.com/sariyer-gurme-sikma-yesil-icecek-500-ml-2
Doğadan Elma Çayı Poşet 20'li,8699432210983,86.18,86.18,,https://www.sariyermarket.com/dogadan-elma-cayi-poset-20li
Eker Çilekli Kefir 1L,8691316523615,132.90,132.90,,https://www.sariyermarket.com/eker-cilekli-kefir-1l
Fora Zeytin Ezmesi Çeşnili 175gr,8695608410034,71.90,71.90,,https://www.sariyermarket.com/fora-zeytin-ezmesi-cesnili-175gr
Komili Riviera Zeytinyağ Yemeklik 2 Lt,8699300271023,749.90,749.90,,https://www.sariyermarket.com/komili-riviera-zeytinyag-yemeklik-2-lt
Arbella Plus Glutensiz Penne 400 Gr,5941634000514,114.90,114.90,,https://www.sariyermarket.com/arbella-plus-glutensiz-penne-400-gr
Kinder Joy T1 20gr Erkek,80974482,43.90,43.90,,https://www.sariyermarket.com/kinder-joy-t1-20gr-erkek
Tahsildaroğlu Dilimli Klasik İnek Peyniri 450 Gr,8691225156294,329.90,329.90,,https://www.sariyermarket.com/tahsildaroglu-dilimli-klasik-inek-peyniri-450-gr
Lipton Yeşil Çay Bardak Poşet 20'li 30 Gr,8690637055010,114.90,114.90,,https://www.sariyermarket.com/lipton-yesil-cay-bardak-poset-20li-30-gr
Barilla Tagliatelle Makarna 450 Gr,8076809579438,129.90,129.90,,https://www.sariyermarket.com/barilla-tagliatelle-makarna-450-gr
Sarıyer Gurme Sıkma Portakal Suyu 1 Lt,8600000427177,245.00,245.00,,https://www.sariyermarket.com/sariyer-gurme-sikma-portakal-suyu-1-lt
Hipp Organik Elmali Pirinçli Bebek Gofreti 30gr,4062300376199,84.90,84.90,,https://www.sariyermarket.com/hipp-organik-elmali-pirincli-bebek-gofreti-30gr
Sıgnal Whıte System Arındırıcı Beyazlık Diş Macunu 75Ml,6221155141644,149.90,149.90,,https://www.sariyermarket.com/signal-white-system-arindirici-beyazlik-dis-macunu-75ml
Yayla Glutensiz Sebzeli Karabuğday Pilavı 250 Gr,8693374258904,64.90,64.90,,https://www.sariyermarket.com/yayla-glutensiz-sebzeli-karabugday-pilavi-250-gr
Carte D'Or Dünya Tatlıları Profiterol 800 Ml,8683130134023,295.00,295.00,,https://www.sariyermarket.com/carte-dor-dunya-tatlilari-profiterol-800-ml
Teno Tuvalet Kağıdı Ultra 16lı,8690536025206,169.90,169.90,,https://www.sariyermarket.com/teno-tuvalet-kagidi-ultra-16li
Verita Çarkıfelek 3'lü Paket,8698555410652,185.00,185.00,,https://www.sariyermarket.com/verita-carkifelek-3lu-paket
Pet's Family Etli Köpek Maması 10 kg,8681085426644,839.93,839.93,,https://www.sariyermarket.com/pets-family-etli-kopek-mamasi-10-kg
Nevzat Muhallebilik Kadayif 200gr,8690034002051,89.90,89.90,,https://www.sariyermarket.com/nevzat-muhallebilik-kadayif-200gr
Doritos Storm Tatlı Acı Süper Boy 125 Gr,8690624204346,64.50,64.50,,https://www.sariyermarket.com/doritos-storm-tatli-aci-super-boy-125-gr
Dececco Liguine Yassı Çubuk Makarna 500gr,8001250120076,265.00,265.00,,https://www.sariyermarket.com/dececco-liguine-yassi-cubuk-makarna-500gr
Anna's Portakallı Bisküvi 150 Gr,7312220035735,159.90,159.90,,https://www.sariyermarket.com/annas-portakalli-biskuvi-150-gr
Fuse Tea Soğuk Çay Limon Aromalı İçecek Pet 1 Lt,5000112666144,44.90,44.90,,https://www.sariyermarket.com/fuse-tea-soguk-cay-limon-aromali-icecek-pet-1-lt
Muni Karabuğday Sutlu Çikolatalı 50Gr,8683161911457,129.90,129.90,,https://www.sariyermarket.com/muni-karabugday-sutlu-cikolatali-50gr
Bebelac 2 Devam Sütü 400gr,8699745023768,399.90,399.90,,https://www.sariyermarket.com/bebelac-2-devam-sutu-400gr
Karper Üçgen Peynir 16'lı 200 Gr,86902410,129.90,129.90,,https://www.sariyermarket.com/karper-ucgen-peynir-16li-200-gr
Gullon Sekersiz 125gr Damla Cikolata Bisk.,8410376039719,239.90,239.90,,https://www.sariyermarket.com/gullon-sekersiz-125gr-damla-cikolata-bisk-
Pril Elde Yıkama Sıvı Bulaşık Deterjanı 675g Limon,8690572408698,79.90,79.90,,https://www.sariyermarket.com/pril-elde-yikama-sivi-bulasik-deterjani-675g-limon
Davidoff Espresso 57 Çekirdek Kahve 500 Gr,4006067920271,1249.90,1249.90,,https://www.sariyermarket.com/davidoff-espresso-57-cekirdek-kahve-500-gr
Merci Finest Selection Red 250gr,4014400901191,239.90,239.90,,https://www.sariyermarket.com/merci-finest-selection-red-250gr
Mentos Pure Fresh Karpuz Aromalı Draje Sakız 90 Gr,80968856,130.00,130.00,,https://www.sariyermarket.com/mentos-pure-fresh-karpuz-aromali-draje-sakiz-90-gr
Tchibo Cafissimo Espresso 10'lu Kapsül Kahve 10'lu 70 Gr,4046234645187,279.90,279.90,,https://www.sariyermarket.com/tchibo-cafissimo-espresso-10lu-kapsul-kahve-10lu-70-gr
Carte D'or Chunkies Apple Crumble 430 Ml,8721274646658,250.00,250.00,,https://www.sariyermarket.com/carte-dor-chunkies-apple-crumble-430-ml
Sarıyer Gurme Antep Fıstığı 120Gr,8699089550548,249.90,249.90,,https://www.sariyermarket.com/sariyer-gurme-antep-fistigi-120gr
Elma Gala Kg,2918767000004,199.00,199.00,,https://www.sariyermarket.com/elma-gala-kg
Avokado Adet,2623018000008,99.00,99.00,,https://www.sariyermarket.com/avokado-adet
Hendersons Relish Sos 142 ml,5021016990982,149.90,149.90,,https://www.sariyermarket.com/hendersons-relish-sos-142-ml
Sarıyer Gurme Mercimek Köftesi Kg,2901657000000,695.00,695.00,,https://www.sariyermarket.com/sariyer-gurme-mercimek-koftesi-kg
Arı Grissini Tuzsuz Diyet 100gr,8691090003037,49.90,49.90,,https://www.sariyermarket.com/ari-grissini-tuzsuz-diyet-100gr
Bağdat Kekik Tuzluklu Cam 11 Gr,8690560027702,99.90,99.90,,https://www.sariyermarket.com/bagdat-kekik-tuzluklu-cam-11-gr
Vivident Storming 45dk Sakiz Nane Aromali,80950677,59.90,59.90,,https://www.sariyermarket.com/vivident-storming-45dk-sakiz-nane-aromali
Lipton English Breakfast Bardak Poşet 25'li 50 Gr,5063305010322,149.90,149.90,,https://www.sariyermarket.com/lipton-english-breakfast-bardak-poset-25li-50-gr
Ülker Go Ahead Yer Fıstıklı Protein Bar 45 Gr,8683508112073,70.00,70.00,,https://www.sariyermarket.com/ulker-go-ahead-yer-fistikli-protein-bar-45-gr
Kızılay Doğal Maden Suyu 200 Ml,8692813005574,9.90,9.90,,https://www.sariyermarket.com/kizilay-dogal-maden-suyu-200-ml
Ülker Tuzlu Çubuk Kraker 40 Gr,8690504018478,7.50,7.50,,https://www.sariyermarket.com/ulker-tuzlu-cubuk-kraker-40-gr
Ülker Çizi Peynirli Kraker 70 Gr,8690766009205,17.00,17.00,,https://www.sariyermarket.com/ulker-cizi-peynirli-kraker-70-gr
Hipp Organik Elma Ve Muz Püresi 190gr,9062300117001,79.90,79.90,,https://www.sariyermarket.com/hipp-organik-elma-ve-muz-puresi-190gr
Bolca Hindi Kuşbaşi Sote But Kg,2900471000005,499.00,499.00,,https://www.sariyermarket.com/bolca-hindi-kusbasi-sote-but-kg
Doytat Fesleğen 30gr,8697453537867,32.90,32.90,,https://www.sariyermarket.com/doytat-feslegen-30gr
Doğadan Zencefil Limonlu Bitki Çayı 18'li 35.1Gr,8699432216954,86.18,86.18,,https://www.sariyermarket.com/dogadan-zencefil-limonlu-bitki-cayi-18li-35-1gr
Ülker Mini Çikolatali Gofret Çoklu Paket 82gr,8690504136347,60.00,60.00,,https://www.sariyermarket.com/ulker-mini-cikolatali-gofret-coklu-paket-82gr
Colgate Optic White Kahve Çay & Tütün Kullananlar İçin 75Ml,8718951509627,326.18,326.18,,https://www.sariyermarket.com/colgate-optic-white-kahve-cay---tutun-kullananlar-icin-75ml
Superfresh Mısır 3x200 Gr,8690612315054,90.95,90.95,,https://www.sariyermarket.com/superfresh-misir-3x200-gr
Enervit Protein Bar Crispy Bitter Çikolata 40 Gr,8007640896583,139.90,139.90,,https://www.sariyermarket.com/enervit-protein-bar-crispy-bitter-cikolata-40-gr
Sütaş Dil Peyniri 200 Gr,8681324006569,159.90,159.90,,https://www.sariyermarket.com/sutas-dil-peyniri-200-gr
Hipp 600Gr Organik 3 Combiotic Bebek Sutu,4062300457584,959.90,959.90,,https://www.sariyermarket.com/hipp-600gr-organik-3-combiotic-bebek-sutu
Lila Firin Tam Buğday Unlu Galeta 185gr,8681942025041,169.90,169.90,,https://www.sariyermarket.com/lila-firin-tam-bugday-unlu-galeta-185gr
Kızılay Limon Aromalı Maden Suyu 200 Ml,8692813005642,13.50,13.50,,https://www.sariyermarket.com/kizilay-limon-aromali-maden-suyu-200-ml
Bağdat Cam Tarçın Toz 40 Gr,8690560027740,99.90,99.90,,https://www.sariyermarket.com/bagdat-cam-tarcin-toz-40-gr
Uludağ Gazoz Efsane Şekersiz 250 ml,86921589,39.90,39.90,,https://www.sariyermarket.com/uludag-gazoz-efsane-sekersiz-250-ml
Doytat Hindistan Cevizi 50gr,8697826340117,56.90,56.90,,https://www.sariyermarket.com/doytat-hindistan-cevizi-50gr
Yayla Keten Tohumlu Salata Toping 150 Gr,8693374280509,42.90,42.90,,https://www.sariyermarket.com/yayla-keten-tohumlu-salata-toping-150-gr
Toprak Doğal Besni Üzümü Adıyaman 200 Gr,8681078703219,849.90,849.90,,https://www.sariyermarket.com/toprak-dogal-besni-uzumu-adiyaman-200-gr
Sarıyer Gurme Kuru Et Kg,2901538000006,4150.00,4150.00,,https://www.sariyermarket.com/sariyer-gurme-kuru-et-kg
Doa Sprey Bulaşık Deterjanı 500 Ml,8680731416602,69.90,69.90,,https://www.sariyermarket.com/doa-sprey-bulasik-deterjani-500-ml
Herby Yeşil Çay Şeftali & Vanilya 18'li 27 Gr,8682450832855,119.90,119.90,,https://www.sariyermarket.com/herby-yesil-cay-seftali-vanilya-18li-27-gr
Queens Harvest Yeşil Kuşkonmaz 17cm 250 Gr,8697418653120,204.90,204.90,,https://www.sariyermarket.com/queens-harvest-yesil-kuskonmaz-17cm-250-gr
Uni Baby İlk Adım Islak Mendil 3X52li,8690530031364,97.93,97.93,,https://www.sariyermarket.com/uni-baby-ilk-adim-islak-mendil-3x52li
Tadelle Beyaz Çikolata Kaplı Fındık Dolgulu Sütlü Çikolata 30 gr,8683417000201,37.50,37.50,,https://www.sariyermarket.com/tadelle-beyaz-cikolata-kapli-findik-dolgulu-sutlu-cikolata-30-gr
Demko Doğranmış Domates 400gr,8690714213050,79.90,79.90,,https://www.sariyermarket.com/demko-dogranmis-domates-400gr
Bioblas Kolajen & Keratin Sıvı Saç Kremi 200 Ml,8680512635567,249.90,249.90,,https://www.sariyermarket.com/bioblas-kolajen-keratin-sivi-sac-kremi-200-ml
Moms Granola Badem Kakao Nibs Cookie 50gr,8681267006084,48.93,48.93,,https://www.sariyermarket.com/moms-granola-badem-kakao-nibs-cookie-50gr
Ülker Go Ahead Kırmızı Meyveli Kuruyemiş Bar 35 Gr,8683508112042,65.00,65.00,,https://www.sariyermarket.com/ulker-go-ahead-kirmizi-meyveli-kuruyemis-bar-35-gr
Dardanel Kaplanmış Halka Kalamar 300 Gr,8690559016182,519.00,519.00,,https://www.sariyermarket.com/dardanel-kaplanmis-halka-kalamar-300-gr
Papia Tuvalet Kağıdı Platinum16'lı,8690536026388,299.90,299.90,,https://www.sariyermarket.com/papia-tuvalet-kagidi-platinum16li
Special Hamburger Kg,2900964000000,1100.00,1100.00,,https://www.sariyermarket.com/special-hamburger-kg
Kikkoman Teriyaki Sos Balli 250 Ml,8715035310308,629.90,629.90,,https://www.sariyermarket.com/kikkoman-teriyaki-sos-balli-250-ml
Kurukahveci Mehmet Efendi Kahve Kafeinsiz 50gr,8690627421009,99.90,99.90,,https://www.sariyermarket.com/kurukahveci-mehmet-efendi-kahve-kafeinsiz-50gr
Danvita Kırmızı Pancarlı Kraker 130 Gr,4771218201751,289.90,289.90,,https://www.sariyermarket.com/danvita-kirmizi-pancarli-kraker-130-gr
Reis Royal Siyah Fasulye 500 Gr,8690849242147,197.95,197.95,,https://www.sariyermarket.com/reis-royal-siyah-fasulye-500-gr
Eduscho Caffe Crema Gold Çekirdek Kahve 500Gr,4061445301783,649.90,649.90,,https://www.sariyermarket.com/eduscho-caffe-crema-gold-cekirdek-kahve-500gr
Kent Jelibon Kola 80 Gr,8690515141149,49.90,49.90,,https://www.sariyermarket.com/kent-jelibon-kola-80-gr
Algida Boom Boom 80 ml,8690637809279,50.00,50.00,,https://www.sariyermarket.com/algida-boom-boom-80-ml
Burcu Haşlanmış Nohut 600 Gr,8691573030321,69.90,69.90,,https://www.sariyermarket.com/burcu-haslanmis-nohut-600-gr
Kelloggs Granola Meyveli 340 Gr,8682530000198,239.90,239.90,,https://www.sariyermarket.com/kelloggs-granola-meyveli-340-gr
Uludağ Efsane Şekersiz 6X250 ml,8690723121834,237.90,237.90,,https://www.sariyermarket.com/uludag-efsane-sekersiz-6x250-ml
Fersan Elma Sirkesi Pet Şişe 500 Ml,8690816040134,99.90,99.90,,https://www.sariyermarket.com/fersan-elma-sirkesi-pet-sise-500-ml
İçim Tost Sandviç Peyniri Dilimli 65Gr,8692971435701,41.90,41.90,,https://www.sariyermarket.com/icim-tost-sandvic-peyniri-dilimli--65gr
Fruko 1.5 Lt,8690574114467,65.00,65.00,,https://www.sariyermarket.com/fruko-1-5-lt
Felix Etli ve Tavuklu Kedi Maması 85gr,7613287484437,39.90,39.90,,https://www.sariyermarket.com/felix-etli-ve-tavuklu-kedi-mamasi-85gr
Algida Usta Bol Kaymak Dondurma 500 Ml,8683130069318,225.00,225.00,,https://www.sariyermarket.com/algida-usta-bol-kaymak-dondurma-500-ml
Suprapet Yetişkin Kedi Biftekli Parça Etli 85 Gr,8684272331493,39.90,39.90,,https://www.sariyermarket.com/suprapet-yetiskin-kedi-biftekli-parca-etli-85-gr
Ahmad Tea Earl Grey Bardak Poşet Çay 25'li 50 Gr,54881020497,149.90,149.90,,https://www.sariyermarket.com/ahmad-tea-earl-grey-bardak-poset-cay-25li-50-gr
Omo Active Fresh Beyazlar Toz Çamaşır Deterjanı 3 KG 20 Yıkama,8690637534003,379.90,379.90,,https://www.sariyermarket.com/omo-active-fresh-beyazlar-toz-camasir-deterjani-3-kg-20-yikama
Crocus Tavuklu Crema Ödül Mamasi 4*15Gr,8681085429836,83.93,83.93,,https://www.sariyermarket.com/crocus-tavuklu-crema-odul-mamasi-4-15gr
"Fuse Tea Soğuk Çay Mango Ananas Aromalı İçecek Pet 1,5 Lt",5000112666182,44.90,44.90,,https://www.sariyermarket.com/fuse-tea-soguk-cay-mango-ananas-aromali-icecek-pet-1-5-lt
Züber Yer Fıstıklı Kakaolu Bar 40 Gr,8681630106014,48.72,48.72,,https://www.sariyermarket.com/zuber-yer-fistikli-kakaolu-bar-40-gr
Dimes Smoothie Mor 310ml,8690558035443,61.25,61.25,,https://www.sariyermarket.com/dimes-smoothie-mor-310ml
Ayvat Organik Tavuk Kg,2701001000003,495.00,495.00,,https://www.sariyermarket.com/ayvat-organik-tavuk-kg
Lee Kum Kee Sarımsaklı Siyah Fasulye Sosu 368gr,,299.90,299.90,,https://www.sariyermarket.com/lee-kum-kee-sarimsakli-siyah-fasulye-sosu-368gr
Fellas Karışık Kuruyemişli Bar 30 Gr,8684207695591,59.95,59.95,,https://www.sariyermarket.com/fellas-karisik-kuruyemisli-bar-30-gr
Patates Kg.,2910226000006,49.90,49.90,,https://www.sariyermarket.com/patates-kg-
Minky Anti Bakteriyel Temizlik Pedi Desenli,5010353327445,189.90,189.90,,https://www.sariyermarket.com/minky-anti-bakteriyel-temizlik-pedi-desenli
Danone Meyveli Yoğurt Çilekli 400 G,8696368005775,97.50,97.50,,https://www.sariyermarket.com/danone-meyveli-yogurt-cilekli-400-g
Amoy Soya Sosu Tuzu Azaltılmış 150 Ml,,149.90,149.90,,https://www.sariyermarket.com/amoy-soya-sosu-tuzu-azaltilmis-150-ml
Koska Dondurma Külahı 45gr,8690710143740,29.90,29.90,,https://www.sariyermarket.com/koska-dondurma-kulahi-45gr
Marmarabirlik Zeytin Ezmesi Sade 340gr,8690103131347,105.90,105.90,,https://www.sariyermarket.com/marmarabirlik-zeytin-ezmesi-sade-340gr
Ülker Biskrem Extra Cookie 184 Gr,8690504114598,52.00,52.00,,https://www.sariyermarket.com/ulker-biskrem-extra-cookie-184-gr
Yemelix Dondurularak Kurutulmuş Muz 20 Gr,8684802316020,99.90,99.90,,https://www.sariyermarket.com/yemelix-dondurularak-kurutulmus-muz-20-gr
Sade Organik Domates Salçası 650gr,8697463012903,174.90,174.90,,https://www.sariyermarket.com/sade-organik-domates-salcasi-650gr
Altınkılıç Kefir Çilekli 250 Ml,8692886311213,51.90,51.90,,https://www.sariyermarket.com/altinkilic-kefir-cilekli-250-ml
Solo Yüzey Temizlik Havlusu Beyaz Sabun 100lü,8690530064362,159.90,159.90,,https://www.sariyermarket.com/solo-yuzey-temizlik-havlusu-beyaz-sabun-100lu
Üzüm Beyaz Çekirdeksiz Kg,2910210000005,85.00,85.00,,https://www.sariyermarket.com/uzum-beyaz-cekirdeksiz-kg
Ayhan Sicimoğlu Erken Hasat Natürel Sızma Zeytinyağ 500 ml,8697454721364,545.00,545.00,,https://www.sariyermarket.com/ayhan-sicimoglu-erken-hasat-naturel-sizma-zeytinyag-500-ml
Carte d'Or Selection Çikolata Karnavalı 800 Ml,8683130084816,295.00,295.00,,https://www.sariyermarket.com/carte-dor-selection-cikolata-karnavali-800-ml
Yayla Baldo Pirinç 2 Kg,8693374204390,179.90,179.90,,https://www.sariyermarket.com/yayla-baldo-pirinc-2-kg
Colgate Extra Clean Orta Diş Firçasi 1+1,5900273112521,112.43,112.43,,https://www.sariyermarket.com/colgate-extra-clean-orta-dis-fircasi-1_1
Namet Dana Macar Salam 150gr,8692415400258,155.90,155.90,,https://www.sariyermarket.com/namet-dana-macar-salam-150gr
"Lipton Ice Tea Ahududu 1,5 LT",8690574118182,70.00,70.00,,https://www.sariyermarket.com/lipton-ice-tea-ahududu-1-5-lt
Orkid Ultra Ekstra Dörtlü Paket Gece Ekstra 16 Lı,8006530164009,125.93,125.93,,https://www.sariyermarket.com/orkid-ultra-ekstra-dortlu-paket-gece-ekstra-16-li
Queens Harvest Organik Hindistan Cevizi Yağı 300ml,8697418650969,444.90,444.90,,https://www.sariyermarket.com/queens-harvest-organik-hindistan-cevizi-yagi-300ml
Dudomi Kremalı Fesleğenli Peynirli Noodle Bardak 80 Gr,38692424998648,39.90,39.90,,https://www.sariyermarket.com/dudomi-kremali-feslegenli-peynirli-noodle-bardak-80-gr
Pınar Labne 180 Gr,8690565006832,89.90,89.90,,https://www.sariyermarket.com/pinar-labne-180-gr
Superfresh Ton Tahıllı Ton Balık 2 x 150 Gr,8690612314491,145.90,145.90,,https://www.sariyermarket.com/superfresh-ton-tahilli-ton-balik-2-x-150-gr
Omo Çamaşır Makinesi Temizleyicisi Çam Esintisi 2x200 Ml,8690637931055,279.90,279.90,,https://www.sariyermarket.com/omo-camasir-makine-temizleyicisi-2x200ml
Uni Baby Aktif Islak Havlu 72 Adet,8690530031326,46.13,46.13,,https://www.sariyermarket.com/uni-baby-aktif-islak-havlu-72-adet
Sütaş Kaşar Peyniri 400 Gr,8690767671029,235.90,235.90,,https://www.sariyermarket.com/sutas-kasar-peyniri-400-gr
Nestle Lion Chocolate Sütlü Çikolata Kaplı Gofret 60 Gr,7613287757982,49.90,49.90,,https://www.sariyermarket.com/nestle-lion-chocolate-sutlu-cikolata-kapli-gofret-60-gr
Babybel Mini Baby 100 Gr,3073781216370,199.00,199.00,,https://www.sariyermarket.com/-babybel-mini-baby-100-gr
Lente Cheese Mascarpone Peyniri 350 G,8680628281061,549.90,549.90,,https://www.sariyermarket.com/lente-cheese-mascarpone-peyniri-350-g
Sarıyer Gurme Rozbif Kekikli Füme Et Kg,2901533000001,3250.00,3250.00,,https://www.sariyermarket.com/sariyer-gurme-rozbif-kekikli-fume-et-kg
Venado Filtre Kahvesi Luna 250gr,8684313489114,239.90,239.90,,https://www.sariyermarket.com/venado-filtre-kahvesi-luna-250gr
Vivident Storming Sakiz Yeşil Nane Aromali 33gr,80794776,59.90,59.90,,https://www.sariyermarket.com/vivident-storming-sakiz-yesil-nane-aromali-33gr
Barilla Domates ve Balzamik Sirkeli (Pesto Rosso) Makarna Sosu 200 Gr,8076809523547,165.90,165.90,,https://www.sariyermarket.com/barilla-domates-ve-balzamik-sirkeli-pesto-rosso-makarna-sosu-200-gr
Pakmaya Pudra Şekeri 200gr,8690770324202,59.90,59.90,,https://www.sariyermarket.com/pakmaya-pudra-sekeri-200gr
Tahsildaroğlu Ezine Klasik Peyniri Kg,2900037000005,585.00,585.00,,https://www.sariyermarket.com/tahsildaroglu-ezine-klasik-peyniri-kg
Tahsildaroğlu Taze Kaşar Peyniri 600 Gr,8691225155471,429.90,429.90,,https://www.sariyermarket.com/tahsildaroglu-taze-kasar-peyniri-600-gr
"Lipton Ice Tea Karpuz Nane 1,5 Lt",8690574114894,70.00,70.00,,https://www.sariyermarket.com/lipton-ice-tea-karpuz-nane-1-5-lt
Burcu Acı Biber Salçası 600 Gr,8691573004339,117.90,117.90,,https://www.sariyermarket.com/burcu-ev-tipi-aci-biber-salcasi-600gr-cam
Kelloggs Cocopops 450 Gr,8682530220114,198.90,198.90,,https://www.sariyermarket.com/kelloggs-cocopops-450-gr
Gürsoy Fındık Ezmesi 320 Gr,8693887000465,219.90,219.90,,https://www.sariyermarket.com/gursoy-findik-ezmesi-320-gr
Ülker Rulokat 9 Kat Tat Fındıklı Rulo Gofret 42 Gr,8690504019008,20.00,20.00,,https://www.sariyermarket.com/ulker-rulokat-9-kat-tat-findikli-rulo-gofret-42-gr
Heinz Sarımsaklı Mayonez 400 Gr,8696362500399,199.90,199.90,,https://www.sariyermarket.com/heinz-sarimsakli-mayonez-400-gr
Sarıyer Gurme Mutabbel Kg,2901625000001,695.00,695.00,,https://www.sariyermarket.com/sariyer-gurme-mutabbel-kg
Doytat Pulbiber 70gr,8697826340049,64.90,64.90,,https://www.sariyermarket.com/doytat-pulbiber-70gr
Feast Acılı Sogan Halka 450 Gr,8697343112334,139.90,139.90,,https://www.sariyermarket.com/feast-acili-sogan-halka-450-gr
Kuzeyden Maden Suyu 250 Ml,8684556266206,10.90,10.90,,https://www.sariyermarket.com/kuzeyden-maden-suyu-250-ml
FirstAhududu Limon 60dk 27gr,7622202007040,59.90,59.90,,https://www.sariyermarket.com/firstahududu-limon-60dk-27gr
Bilezikçi Çiftliği Beyaz Yumurta 30 Lu 53-62gr,8681254061713,175.00,175.00,,https://www.sariyermarket.com/bilezikci-ciftligi-beyaz-yumurta-30-lu-53-62gr
Rummo Penne Rigate Glutensiz 400 Gr,8008343880664,309.90,309.90,,https://www.sariyermarket.com/rummo-penne-rigate-glutensiz-400-gr
Eti Brownie 40 Gr,8690526784755,15.00,15.00,,https://www.sariyermarket.com/eti-brownie-40-gr
Dereotu Adet,2623008000001,14.90,14.90,,https://www.sariyermarket.com/dereotu-adet
Sütaş Yarım Yağlı Süt 1 Lt,8690767670053,55.90,55.90,,https://www.sariyermarket.com/sutas-yarim-yagli-sut-1-lt
Eti Burçak Sütlü Kremalı Yulaflı Bisküvi 100 Gr,8690526093369,25.00,25.00,,https://www.sariyermarket.com/eti-burcak-sutlu-kremali-yulafli-biskuvi-100-gr
Humm Organic Havuçlu Tarçınlı Kek 30 Gr,8680050317963,119.95,119.95,,https://www.sariyermarket.com/humm-organic-havuclu-tarcinli-kek-30-gr
Eti Browni Intense Çikolatalı Kek 3 x 50 Gr,8690526086378,72.75,72.75,,https://www.sariyermarket.com/eti-browni-intense-cikolatali-kek-3-x-50-gr
Eti Wanted Karamelli Bar 32 Gr,8690526057231,20.00,20.00,,https://www.sariyermarket.com/eti-wanted-karamelli-bar-32-gr
Primavera Alman Emmental Peyniri 150Gr,86990895858851,465.00,465.00,,https://www.sariyermarket.com/primavera-alman-emmental-peyniri-150gr
Landana Kırmızı Pesto Soslu Kg,2901676000005,2250.00,2250.00,,https://www.sariyermarket.com/landana-kirmizi-pesto-soslu-kg
Lipton Ice Tea Sparkling Limon 1 Lt,8690574118786,49.90,49.90,,https://www.sariyermarket.com/lipton-ice-tea-sparkling-limon-1-lt
Züber Şeftali Aromalı Çaylı İçecek 250 Ml,8681630429533,54.90,54.90,,https://www.sariyermarket.com/zuber-seftali-aromali-cayli-icecek-250-ml
Nefis Gofret Atolyesi 450Gr Kakaolu,8682048093231,64.90,64.90,,https://www.sariyermarket.com/nefis-gofret-atolyesi-450gr-kakaolu
Wefood Süt Karamelli Fıstık Ezmesi 300Gr,8683347036905,295.00,295.00,,https://www.sariyermarket.com/wefood-sut-karamelli-fistik-ezmesi-300gr
Activia İyi Hisset Probiyotik Bowl Ahududu Yulaf Ceviz 150Gr,8696368200156,64.00,64.00,,https://www.sariyermarket.com/activia-iyi-hisset-probiyotik-bowl-ahududu-yulaf-ceviz-150gr
Marmarabirlik Mega Zeytin 500 Gr 201-230 Ad/Kg,8690103169531,259.90,259.90,,https://www.sariyermarket.com/marmarabirlik-mega-zeytin-500-gr-201-230-ad-kg
Eti Cin Lokmalık 114 Gr,8690526083148,25.00,25.00,,https://www.sariyermarket.com/eti-cin-lokmalik-114-gr
Dr.Oetker Glutensiz Mısır Nişastası 150 Gr,8690629443696,23.93,23.93,,https://www.sariyermarket.com/dr-oetker-glutensiz-misir-nisastasi-150-gr
Teksüt Rende Mozzarella Peyniri 200 Gr,8690158120020,139.90,139.90,,https://www.sariyermarket.com/teksut-rende-mozzarella-peyniri-200-gr
Sarıyer Gurme Kaju 120Gr,8699089551224,139.90,139.90,,https://www.sariyermarket.com/sariyer-gurme-kaju-120gr
Kühne Üzüm Sirkesi 500 Ml Cam,8696027012014,131.90,131.90,,https://www.sariyermarket.com/kuhne-uzum-sirkesi-500-ml-cam
Thai World Sriracha Acı Bıber Sosu 230gr,,124.90,124.90,,https://www.sariyermarket.com/thai-world-sriracha-aci-biber-sosu-230gr
Sütaş Eski Kaşar Peyniri 250gr,8681324010207,244.90,244.90,,https://www.sariyermarket.com/sutas-eski-kasar-peyniri-250gr
Kahve Dünyası Gofrik Bitter 33gr,8699270013715,44.50,44.50,,https://www.sariyermarket.com/kahve-dunyasi-gofrik-bitter-33gr
Doğadan Form Çilekli Yaban Mersini Bitki Çayı 18'li 23.4 Gr,8699432222023,82.43,82.43,,https://www.sariyermarket.com/dogadan-form-cilekli-yaban-mersini-bitki-cayi-18li-23-4-gr
Weetabix Bran Flakes ( Kepekli Gevrekli ) 500 Gr,5010029015560,339.90,339.90,,https://www.sariyermarket.com/weetabix-bran-flakes-(-kepekli-gevrekli-)-500-gr
Nestle 1927 Sütlü Çikolatalı Gofret 28 Gr,8690632709802,25.95,25.95,,https://www.sariyermarket.com/nestle-1927-sutlu-cikolatali-gofret-28-gr
Sarıyer Gurme Gün Kurusu 400 Gr,8600000429201,499.90,499.90,,https://www.sariyermarket.com/sariyer-gurme-gun-kurusu-400-gr
Namet Hindi Füme 60 Gr,8697471724379,35.90,35.90,,https://www.sariyermarket.com/namet-hindi-fume-60-gr
Lipton Ice Tea Mango Kutu 330 ml,8690574114450,42.50,42.50,,https://www.sariyermarket.com/lipton-ice-tea-mango-kutu-330-ml
Vegeta Sebzeli Çeşnili 200 Gr,3856020285128,199.90,199.90,,https://www.sariyermarket.com/vegeta-sebzeli-cesnili-200-gr
Kotex Active Tekli Uzun 7li,8691900172274,94.90,94.90,,https://www.sariyermarket.com/kotex-active-tekli-uzun-7li
Ülker Olala Tiramisu 45Gr,8690504067610,25.00,25.00,,https://www.sariyermarket.com/ulker-olala-tiramisu-45gr
Amoy Soya Sosu Tuzu Azaltılmış 750ml,,259.90,259.90,,https://www.sariyermarket.com/amoy-soya-sosu-tuzu-azaltilmis-750ml
Bebelac Elma Armut Püresi Kavanoz 125 Gr 6+ Ay,8699745003562,59.90,59.90,,https://www.sariyermarket.com/bebelac-elma-armut-puresi-kavanoz-125-gr--6_-ay
Magnum Pint Pistachio 440 Ml,8721274647464,500.00,500.00,,https://www.sariyermarket.com/magnum-pint-pistachio-440-ml
Çaykur 42 Nolu Tirebolu Çayı 500gr,8690105001129,314.90,314.90,,https://www.sariyermarket.com/caykur-42-nolu-tirebolu-cayi-500gr
Kızılay Güzellik Üzüm&Yıldız Meyvesi 200Ml,8692813007035,19.90,19.90,,https://www.sariyermarket.com/kizilay-guzellik-uzum-yildiz-meyvesi-200ml
Eti Gong Pops Baharatlı Mısır Patlağı 80 Gr,8690526064789,52.50,52.50,,https://www.sariyermarket.com/eti-gong-pops-baharatli-misir-patlagi-80-gr
Ülker Toffee Ülker Toffe Damla Sakızlı Yumuşak Şeker 350 Gr,8690840183326,67.83,67.83,,https://www.sariyermarket.com/ulker-toffee-ulker-toffe-damla-sakizli-yumusak-seker-350-gr
Dardanel Tonwich Tavuk Salatali 145gr,8690559704287,169.00,169.00,,https://www.sariyermarket.com/dardanel-tonwich-tavuk-salatali-145gr
Ülker 8 Kek Orman Meyveli Mini Kekler 162 Gr,8690504088011,41.90,41.90,,https://www.sariyermarket.com/ulker-8-kek-orman-meyveli-mini-kekler-162-gr
Pedigree Pouch Siğir Etli Köpek Mamasi 100gr,5900951318887,52.90,52.90,,https://www.sariyermarket.com/pedigree-pouch-sigir-etli-kopek-mamasi-100gr
Superfresh Ton Light 3X80 Gr,8690612313890,359.90,359.90,,https://www.sariyermarket.com/superfresh-ton-light-3x80-gr
Dimes Ananaslı İçecek 1 Lt,8690558014776,57.50,57.50,,https://www.sariyermarket.com/dimes-ananasli-icecek-1-lt
"Carte d'Or Chunkies Ballı Ceviz & Tarçınlı Kurabiye, Karamelli Dondurma 430 Ml",8683130096116,250.00,250.00,,https://www.sariyermarket.com/carte-dor-chunkies-balli-ceviz-tarcinli-kurabiye-karamelli-dondurma-430-ml
Heinz Soya Sosu 150 Ml,6911657930456,159.90,159.90,,https://www.sariyermarket.com/heinz-soya-sosu-150-ml-
Dardanel Soğuk Sıkım Zeytinyağlı Ton Bonfile 185 Gr,8690559005346,329.90,329.90,,https://www.sariyermarket.com/dardanel-soguk-sikim-zeytinyagli-ton-bonfile-185-gr
Danette Çikolatalı Puding 375 Gr,8696368232546,114.50,114.50,,https://www.sariyermarket.com/danette-cikolatali-puding-375-gr
Reis Jasmine Pirinç 1000gr,8690849004011,259.90,259.90,,https://www.sariyermarket.com/reis-jasmine-pirinc-1000gr
Aptamil Pronutra 5 Devam Sütü 350 Gr,8699745030483,599.90,599.90,,https://www.sariyermarket.com/aptamil-pronutra-5-devam-sutu-350-gr
Sarıyer Gurme Cevizli İçli Köfte Adet,2601247000006,110.00,110.00,,https://www.sariyermarket.com/sariyer-gurme-cevizli-icli-kofte-adet
Clear Women Saç Dökülmesine Karşı Kepeğe Karşı Etkili Şampuan 350 ml,8683130040775,152.94,152.94,,https://www.sariyermarket.com/clear-women-sac-dokulmesine-karsi-kepege-karsi-etkili-sampuan-350-ml
Juvenis Tırnak ve Tırnak Eti Bakım Yağı 10 Ml,8680624691277,289.90,289.90,,https://www.sariyermarket.com/juvenis-tirnak-ve-tirnak-eti-bakim-yagi-10-ml
"Coca Cola 1,5 Lt",5000112672039,59.90,59.90,,https://www.sariyermarket.com/coca-cola-1-5-lt
Kahve Dünyası Tambol Sütlü Fıstıklı Çikolata 77gr,8699270017638,125.90,125.90,,https://www.sariyermarket.com/kahve-dunyasi-tambol-sutlu-fistikli-cikolata-77gr
Wefood Kids Organik Tam Buğday Bisküvi 55Gr,8683347030446,150.00,150.00,,https://www.sariyermarket.com/wefood-kids-organik-tam-bugday-biskuvi-55gr
Hero Goodies Süt Mısırlı Karabuğday Nohut Cipsi 30 Gr,8681080555011,64.90,64.90,,https://www.sariyermarket.com/hero-goodies-sut-misirli-karabugday-nohut-cipsi-30-gr
Namet Dana Kavurma 100 Gr,8697471729947,219.90,219.90,,https://www.sariyermarket.com/namet-dana-kavurma-100-gr
"Nivea Lip Ten Dudak Balmi 4,8 Gr",4006000099408,399.90,399.90,,https://www.sariyermarket.com/nivea-lip-ten-dudak-balmi-4-8-gr
Arslanoğlu Kemalpaşa Tatlısı 140gr,8691725000509,89.90,89.90,,https://www.sariyermarket.com/arslanoglu-kemalpasa-tatlisi-140gr
Dr.oetker Cheesecake Yap Toz Karışım 222 Gr,8690629446475,78.68,78.68,,https://www.sariyermarket.com/dr-oetker-cheesecake-yap-toz-karisim-222-gr
Bayce Pekoe Opp Çay 500 Gr,8690717004549,592.90,592.90,,https://www.sariyermarket.com/bayce-pekoe-opp-cay-500-gr
Eti Burçak Yulaflı Bisküvi 125 Gr,8690526051222,25.00,25.00,,https://www.sariyermarket.com/eti-burcak-yulafli-biskuvi-125-gr
Eti Benimo Kombo Stick 56 Gr,8690526962115,28.00,28.00,,https://www.sariyermarket.com/eti-benimo-kombo-stick-56-gr
Elidor 400Ml Güçlü ve Parlak 2in1 Şampuan,8683130049594,219.90,219.90,,https://www.sariyermarket.com/elidor-400ml-guclu-ve-parlak-2in1-sampuan
Landana Yeşil Pesto Soslu Kg,2901677000004,2250.00,2250.00,,https://www.sariyermarket.com/landana-yesil-pesto-soslu-kg
Melis Karışık Turşu 670 Gr,8690542504696,82.90,82.90,,https://www.sariyermarket.com/melis-karisik-tursu-670-gr
Nestle Beyaz Kare Çikolata 60 Gr,8690632762166,76.95,76.95,,https://www.sariyermarket.com/nestle-beyaz-kare-cikolata-60-gr
İçim Dilimli Burger Peyniri 200 Gr,8692971434971,145.90,145.90,,https://www.sariyermarket.com/icim-dilimli-burger-peyniri-200-gr
Alcatra&Primavera 4 Lü Paket (Kuru Et-Et Çubuk-Parmesan-Gauda Sade),8699089583218,705.00,705.00,,https://www.sariyermarket.com/alcatra-primavera-4-lu-paket-kuru-et-et-cubuk-parmesan-gauda-sade
Hasata Kırşehir Koçbaşı Nohut 1000 Gr,8697423962033,154.90,154.90,,https://www.sariyermarket.com/hasata-kirsehir-kocbasi-nohut-1000-gr
Nescafé Xpress Choco Kakaolu Soğuk Kahve 250 Ml,8690632762876,49.90,49.90,,https://www.sariyermarket.com/nescaf%C3%A9-xpress-choco-kakaolu-soguk-kahve-250-ml
Doytat Karbonat 90gr,8697826340056,21.90,21.90,,https://www.sariyermarket.com/doytat-karbonat-90gr
Tamek Meksika Fasulyesi 410 Gr,8690575006303,97.90,97.90,,https://www.sariyermarket.com/tamek-meksika-fasulyesi-410-gr
Marmarabirlik Az Tuzlu Zeytin 800 G 291-320 Ad/Kg,8690103172814,269.90,269.90,,https://www.sariyermarket.com/marmarabirlik-az-tuzlu-zeytin-800-g-291-320-ad-kg
Superfresh Jumbo Patates 1000 Gr,8690612416782,239.90,239.90,,https://www.sariyermarket.com/superfresh-jumbo-patates-1000-gr
Eti Browni Gold 45gr,8690526093734,15.00,15.00,,https://www.sariyermarket.com/eti-browni-gold-45gr
Bağdat Köfte Harcı 90 Gr,8690560016638,57.90,57.90,,https://www.sariyermarket.com/bagdat-kofte-harci-90-gr
Uludağ Limonata Şekersiz 1 Lt,1500144801765,53.90,53.90,,https://www.sariyermarket.com/uludag-limonata-sekersiz-1-lt
Tire Süt Organik 1 Lt,8699197160080,169.90,169.90,,https://www.sariyermarket.com/tire-sut-organik-1-lt
Kabak Kg,2910225000007,41.90,41.90,,https://www.sariyermarket.com/kabak-kg
Eti Hoşbeş Fındık Kremalı Gofret 142 Gr,8690526095226,49.90,49.90,,https://www.sariyermarket.com/eti-hosbes-findik-kremali-gofret-142-gr
Dimes Vişne Nektarı 200 Ml,8690558014349,17.90,17.90,,https://www.sariyermarket.com/dimes-visne-nektari-200-ml
Frosch Bulaşık Deterjanı Aloe Veralı 750ml,4009175924483,169.90,169.90,,https://www.sariyermarket.com/frosch-bulasik-deterjani-aloe-verali-750ml
Sütaş Krem Peynir 300 Gr,8690767675652,114.90,114.90,,https://www.sariyermarket.com/sutas-krem-peynir-300-gr
Börülce Kg,2916339000001,165.00,165.00,,https://www.sariyermarket.com/borulce-kg
Namet Hindi Sosis 5'Li 210Gr,8697471722818,89.90,89.90,,https://www.sariyermarket.com/namet-hindi-sosis-5li-210gr
Nilky İncirli Yulaflı Probiyo 140 Gr,8682983760762,59.90,59.90,,https://www.sariyermarket.com/nilky-incirli-yulafli-probiyo-140-gr
"Erikli Su 1,5 Lt",8690793020105,40.90,40.90,,https://www.sariyermarket.com/erikli-su-1-5-lt
Uludag Frutti Extra 250ml Orman Meyveli 6'LI,8690723691832,259.90,259.90,,https://www.sariyermarket.com/uludag-frutti-extra-250ml-orman-meyveli-6li
Akmina Elma Aromalı Soda 6X200 Ml,8693593400016,92.90,92.90,,https://www.sariyermarket.com/akmina-elma-aromali-soda-6x200-ml
"Coca Cola Light 1,5lt",5000112664928,59.90,59.90,,https://www.sariyermarket.com/coca-cola-light-1-5lt
Milka Bütün Fındıklı Sütlü Çikolata 90 Gr,7622202043116,159.90,159.90,,https://www.sariyermarket.com/milka-butun-findikli-sutlu-cikolata-90-gr
First Sensations Tropikal Meyve Aromalı Sakız 27 Gr,8690524164832,59.90,59.90,,https://www.sariyermarket.com/first-sensations-tropikal-meyve-aromali-sakiz-27-gr
Felix Sensation Tavuklu Havuçlu 85 Gr,7613287484611,39.90,39.90,,https://www.sariyermarket.com/felix-sensation-tavuklu-havuclu-85-gr
Magnum Badem 100 Ml,8690637687662,90.00,90.00,,https://www.sariyermarket.com/magnum-badem-100-ml
Dido Kare Çikolatalı 55 Gr,8690504028925,45.00,45.00,,https://www.sariyermarket.com/dido-kare-cikolatali-55-gr
Whiskas Etli Çeşitleri Poşet Yaş Mama 4x85 Gr,5900951301810,134.90,134.90,,https://www.sariyermarket.com/whiskas-etli-cesitleri-poset-yas-mama-4x85-gr
La Vache Qui Rit 8'Li Üçgen Peynir 100gr,3073781178357,81.90,81.90,,https://www.sariyermarket.com/la-vache-qui-rit-8li-ucgen-peynir-100gr
Knorr Kremalı Mantar Çorbası 63 Gr,8690637812323,48.90,48.90,,https://www.sariyermarket.com/knorr-kremali-mantar-corbasi-63-gr
Doytat Kimyon 70gr,8697826340261,63.90,63.90,,https://www.sariyermarket.com/doytat-kimyon-70gr
Züber Kakaolu Hi-Protein Bar 45 Gr,8681630145013,114.50,114.50,,https://www.sariyermarket.com/zuber-kakaolu-hi-protein-bar-45-gr
Çaykur Tomurcuk Çay 125 Gr,8690105000429,139.90,139.90,,https://www.sariyermarket.com/caykur-tomurcuk-cay-125-gr
Pin Orange Mango Kutu 250 Ml,8684508124035,36.90,36.90,,https://www.sariyermarket.com/pin-orange-mango-kutu-250-ml
Reis Dermason Fasulye 1000gr,8690849820086,189.90,189.90,,https://www.sariyermarket.com/reis-dermason-fasulye-1000gr
Asi Soğuk Baklava 370 Gr,8699931131680,370.00,370.00,,https://www.sariyermarket.com/asi-soguk-baklava-370-gr
Beta Tac Yaprak 1000gr,8690717001760,409.90,409.90,,https://www.sariyermarket.com/beta-tac-yaprak-1000gr
Fallot Dijon Hardal 210 G,3230140002412,169.90,169.90,,https://www.sariyermarket.com/fallot-dijon-hardal-210-g
Orvital Organik Tavuk Baget Kg,2819003000003,1185.00,1185.00,,https://www.sariyermarket.com/orvital-organik-tavuk-baget-kg
Kınalı Göbek Kaşar Peyniri 500 Gr,8699490830185,275.00,275.00,,https://www.sariyermarket.com/kinali-gobek-kasar-peyniri-500-gr
Sade Organik Tam Buğday Unu 1000 Gr,8697463090475,139.90,139.90,,https://www.sariyermarket.com/sade-organik-tam-bugday-unu-1000-gr
Activia Doğal Probiyotik Sade Yoğurt 8x100 Gr,8696368011196,210.00,210.00,,https://www.sariyermarket.com/activia-dogal-probiyotik-sade-yogurt-8x100-gr
Poco Loco Tortilla Chips 450gr,5412514333324,359.90,359.90,,https://www.sariyermarket.com/poco-loco-tortilla-chips-450gr
Sushida Kyoto Mix 210 Gr,8690559020431,395.00,395.00,,https://www.sariyermarket.com/sushida-kyoto-mix-210-gr
Ülker Çizi Çıtır Peynir & Biftek Süper Boy 120gr,8690504077589,39.90,39.90,,https://www.sariyermarket.com/ulker-cizi-citir-peynir-biftek-super-boy-120gr
Algida Keyif Fıstık Kakao Vanilya 1400 Ml,8690637866296,140.00,140.00,,https://www.sariyermarket.com/algida-keyif-fistik-kakao-vanilya-1400-ml
Schweppes Mandalina Cam 6X250 Ml,5000112666434,355.00,355.00,,https://www.sariyermarket.com/schweppes-mandalina-cam-6x250-ml
Superfresh Pizza Tost 200 Gr,8690612518769,114.90,114.90,,https://www.sariyermarket.com/superfresh-pizza-tost-200-gr
Kızılay Magnezyum Yeşil Elma&Yeşil Erik 200Ml,8692813007066,19.90,19.90,,https://www.sariyermarket.com/kizilay-magnezyum-yesil-elma-yesil-erik-200ml
Barilla Casarecce Makarna 500 Gr,8076809519960,89.90,89.90,,https://www.sariyermarket.com/barilla-casarecce-makarna-500-gr
Pitahaya Adet,2601776000003,155.00,155.00,,https://www.sariyermarket.com/pitahaya-adet
Eti Lifalif İnce Öğütülmüş Müsli Hibiskuslu 250 Gr,8690526019949,170.00,170.00,,https://www.sariyermarket.com/eti-lifalif-ince-ogutulmus-musli-hibiskuslu-250-gr
Avoya Çilek&Gül Maden Suyu 200 ml,8684458000052,13.90,13.90,,https://www.sariyermarket.com/avoya-cilek-gul-maden-suyu-200-ml
Oral-B IO 2 Şarjlı Diş Fırçası - Siyah,8700216523233,5790.00,5790.00,,https://www.sariyermarket.com/oral-b-io-2-sarjli-dis-fircasi-siyah
Jungle Pouch Yavru Kısır Kedi Tavuklu Parçalı 100gr,8681299600038,26.53,26.53,,https://www.sariyermarket.com/jungle-pouch-yavru-kisir-kedi-tavuklu-parcali-100gr
Doga Evi Siyez Bulguru 400Gr,8681110220780,99.90,99.90,,https://www.sariyermarket.com/doga-evi-siyez-bulguru-400gr
Teno Pecete 200lu,8690536012312,59.90,59.90,,https://www.sariyermarket.com/teno-pecete-200lu
Heinz Cheddar Peynirli Sos 230 Gr,8696362806224,142.90,142.90,,https://www.sariyermarket.com/heinz-cedar-peynirli-sos-230gr
Lipton Ice Tea Sofra Şeftali Aromalı Soğuk Çay 2 Lt,8690574120161,76.00,76.00,,https://www.sariyermarket.com/lipton-ice-tea-sofra-seftali-aromali-soguk-cay--2-lt
Tadelle Küp Gofret Fındıklı 200gr,8683417001543,89.90,89.90,,https://www.sariyermarket.com/tadelle-kup-gofret-findikli-200gr
Kebir Gurme Tereyağ Tuzlu 400gr,8692963055009,359.90,359.90,,https://www.sariyermarket.com/kebir-gurme-tereyag-tuzlu-400gr
Anamour Muz 25Gr,8684041960541,74.90,74.90,,https://www.sariyermarket.com/anamour-muz-25gr
McVities Chocolate Caramel Round 109Gr,5000168003887,130.00,130.00,,https://www.sariyermarket.com/mcvities-chocolate-caramel-round-109gr
Starbucks Caffe Latte Premium Kahve Karışımı 14 Gr,8690632014852,36.90,36.90,,https://www.sariyermarket.com/starbucks-caffe-latte-premium-kahve-karisimi-14-gr
Fora Zeytin Ezmesi Yeşil 175gr,8695608410072,71.90,71.90,,https://www.sariyermarket.com/fora-zeytin-ezmesi-yesil-175gr
Whiskas Pouch Etli Yavru Kedi Maması 85gr,5900951301773,134.90,134.90,,https://www.sariyermarket.com/whiskas-pouch-etli-yavru-kedi-mamasi-85gr
Pınar Uzun Sosis 225 Gr,8690527030073,324.90,324.90,,https://www.sariyermarket.com/pinar-uzun-sosis-225-gr
Saklıköy Frambuazlı Beyaz Çikolatalı Bisküvi 100 Gr,8690504116189,37.50,37.50,,https://www.sariyermarket.com/saklikoy-frambuazli-beyaz-cikolatali-biskuvi-100-gr
Koska Pekmez Üzüm Cam 380gr,8690710030330,201.90,201.90,,https://www.sariyermarket.com/koska-pekmez-uzum-cam-380gr
Neutrogena El Kremi Parfümsüz 75ml,,144.90,144.90,,https://www.sariyermarket.com/neutrogena-el-kremi-parfumsuz-75ml
Oral-B Diş İpi Pro-Expert Clinic cool mınt 25 m,8700216365468,249.90,249.90,,https://www.sariyermarket.com/oral-b-dis-ipi-pro-expert-clinic-cool-mint-25-m
Sütaş Kaymaksiz Yoğurt 2000 Gr,8690767675195,165.90,165.90,,https://www.sariyermarket.com/sutas-kaymaksiz-yogurt-2000-gr
Nilky Oat Yulaflı İçeçek 1 Lt,8682983760038,159.90,159.90,,https://www.sariyermarket.com/nilky-oat-yulafli-icecek-1-lt
Çerezza Kokteyl Süper Boy 121gr,8690624303506,54.50,54.50,,https://www.sariyermarket.com/cerezza-kokteyl-super-boy-121gr
Ruffles Arjantin'den İlhamla Biftek Lezzeti 115 Gr,8690624106398,66.50,66.50,,https://www.sariyermarket.com/ruffles-arjantinden-ilhamla-biftek-lezzeti-115-gr
Venado Kapsül Kahve Caramel 55Gr,8684313489244,199.90,199.90,,https://www.sariyermarket.com/venado-kapsul-kahve-caramel-55gr
Cornetto Disc Double Antep Fıstıklı 130Ml,8683130125809,75.00,75.00,,https://www.sariyermarket.com/cornetto-disc-double-antep-fistikli-130ml
Eti Burçak Sultani Üzümlü Kepekli Bisküvi 369 Gr,8690526671154,73.00,73.00,,https://www.sariyermarket.com/eti-burcak-sultani-uzumlu-kepekli-biskuvi-369-gr
Hastavuk Tb. Piliç FiletoKg,2823926000002,265.00,265.00,,https://www.sariyermarket.com/hastavuk-tb-pilic-filetokg-
Tilda Basmati Pirinç 1kg,8901144311002,309.90,309.90,,https://www.sariyermarket.com/tilda-basmati-pirinc-1kg
"Nestle Nesfit Sütlü Çikolatalı ve Muzlu Tam Tahıllı Bar 23,5 Gr",5900020033956,29.90,29.90,,https://www.sariyermarket.com/nestle-nesfit-sutlu-cikolatali-ve-muzlu-tam-tahilli-bar-23-5-gr
Haribo 80g Happy Cola,8691216109162,43.00,43.00,,https://www.sariyermarket.com/haribo-80g-happy-cola
Gold Harvest Master Nut Kabak Çekirdeği 120Gr,8683717470148,71.90,71.90,,https://www.sariyermarket.com/gold-harvest-master-nut-kabak-cekirdegi-120gr
Feast Dondurulmuş Küp Soğan 1 Kg,8697343112266,259.00,259.00,,https://www.sariyermarket.com/feast-dondurulmus-kup-sogan-1-kg
Enervit Protein Bar Coco Choco 40 Gr,8007640896569,139.90,139.90,,https://www.sariyermarket.com/enervit-protein-bar-coco-choco-40-gr
Crocus Ton Balıklı Crema Ödül Mamasi 4*15Gr,8681085429843,83.93,83.93,,https://www.sariyermarket.com/crocus-ton-balikli-crema-odul-mamasi-4-15gr
Granoro Calamari Makarna 500 gr,8007290631381,219.90,219.90,,https://www.sariyermarket.com/granoro-calamari-makarna-500-gr
Bağdat Karbonat 150 Gr,8690560010957,42.90,42.90,,https://www.sariyermarket.com/bagdat-karbonat-150-gr
Elidor Saç Bakım Kremi 350M Ultra İşıltı Serisi,8683130095843,274.90,274.90,,https://www.sariyermarket.com/elidor-sac-bakim-kremi-350m-ultra-isilti-serisi
Gürsoy Kakaolu Fındık Kreması 700 Gr,8693887003350,249.90,249.90,,https://www.sariyermarket.com/gursoy-kakaolu-findik-kremasi-700-gr
Sütaş Beyaz Peynir Tam Yağlı 900gr,8690767716980,309.90,309.90,,https://www.sariyermarket.com/sutas-beyaz-peynir-tam-yagli-900gr
Pfanner Meyve Suyu B+C+E Orman Meyveli 2 Lt,9006900914004,294.90,294.90,,https://www.sariyermarket.com/pfanner-meyve-suyu-b_c_e-orman-meyveli-2-lt
Tamek Meyve Suyu Kayısı 200ml,86903325,17.50,17.50,,https://www.sariyermarket.com/tamek-meyve-suyu-kayisi-200ml
Pınar Gurme Burger 450 Gr,8690527102039,675.90,675.90,,https://www.sariyermarket.com/pinar-gurme-burger-450-gr
Ülker Bitter Baton Çikolata 30 Gr,8690504156826,35.00,35.00,,https://www.sariyermarket.com/ulker-bitter-baton-cikolata-30-gr
Barilla Bukle Makarna (Pipette) 500 Gr,8690579140621,59.90,59.90,,https://www.sariyermarket.com/barilla-bukle-makarna-pipette-500-gr
Sarıyer Gurme Deri Tulum Peyniri Kg,2903055000002,1100.00,1100.00,,https://www.sariyermarket.com/sariyer-gurme-deri-tulum-peyniri-kg
Reis Baldo Pirinç Gönen 1000gr,8690849820048,209.90,209.90,,https://www.sariyermarket.com/reis-baldo-pirinc-gonen-1000gr
Reis Başakbaşı Pilavlık Bulgur 1000gr,8690849820673,79.90,79.90,,https://www.sariyermarket.com/reis-basakbasi-pilavlik-bulgur-1000gr
Ananas Adet,2623006000003,155.00,155.00,,https://www.sariyermarket.com/ananas-adet
Feast Dondurulmus Silindir Kroket 450 Gr,8697343112150,109.90,109.90,,https://www.sariyermarket.com/feast-dondurulmus-silindir-kroket-450-gr
Arıcan Yayla Kır Çiçekleri Balı 500gr,8692970004809,549.90,549.90,,https://www.sariyermarket.com/arican-yayla-kir-cicekleri-bali-500gr
Schweppes Tonik Cam 250 Ml,54023734,68.00,68.00,,https://www.sariyermarket.com/schweppes-tonik-cam-250-ml
Doğadan Form Mango Şeftali Aromalı Avokado Yaprağı 18'li 27 Gr,8699432222047,82.43,82.43,,https://www.sariyermarket.com/dogadan-form-mango-seftali-aromali-avokado-yapragi-18li-27-gr
Pınar Hardal Keskin Acı Cam 175 Gr,8690565020272,139.90,139.90,,https://www.sariyermarket.com/pinar-hardal-keskin-aci-cam-175-gr
Jacobs Capsule Lungo 8 Intenso 10'lu 52 Gr,8711000371244,279.90,279.90,,https://www.sariyermarket.com/jacobs-capsule-lungo-8-intenso-10lu-52-gr
Kent Olips Çiğne Nane Aromalı Yumuşak Şekerleme 47 Gr,7622201430269,32.90,32.90,,https://www.sariyermarket.com/kent-olips-cigne-nane-aromali-yumusak-sekerleme-47-gr
Yayla Türk Tavuk Goğüs Füme Kg,2908673000007,1450.00,1450.00,,https://www.sariyermarket.com/yayla-turk-tavuk-gogus-fume-kg
Gold Kremfıstık Yer Fıstığı Ezmesi 340 Gr,8691026060035,159.50,159.50,,https://www.sariyermarket.com/gold-kremfistik-yer-fistigi-ezmesi-340-gr
Ariste Klasik İnek Peyniri 450gr,8698686742868,434.90,434.90,,https://www.sariyermarket.com/ariste-klasik-inek-peyniri-450gr
La Vache Qui Rit 24'Lü Üçgen Peynir 300gr,3073781018301,244.90,244.90,,https://www.sariyermarket.com/la-vache-qui-rit-24lu-ucgen-peynir-300gr
Foco Çarkıfelekli İçecek 350 Ml,8697418650778,109.90,109.90,,https://www.sariyermarket.com/foco-carkifelekli-icecek-350-ml
Knorr Et Suyu Bulyon 12 Adet 120 Gr,8690701002308,64.90,64.90,,https://www.sariyermarket.com/knorr-et-suyu-bulyon-12-adet-120-gr
Sütaş Süzme Peynir 250 Gr,8690767675225,89.90,89.90,,https://www.sariyermarket.com/sutas-suzme-peynir-250-gr
Humm Organic Tam Tahıllı Ballı Kahvaltılık Gevrek 80 Gr,8680468817277,129.95,129.95,,https://www.sariyermarket.com/humm-organic-tam-tahilli-balli-kahvaltilik-gevrek-80-gr
Nesquik Muz Aromalı Süt 180 Ml,8690632049618,35.65,35.65,,https://www.sariyermarket.com/nesquik-muz-aromali-sut-180-ml
Ülker Altınbaşak Çörekotlu ve Kinoalı Kraker 40 Gr,8690504011699,15.50,15.50,,https://www.sariyermarket.com/ulker-altinbasak-corekotlu-ve-kinoali-kraker-40-gr
Tat Köy Biber Salçası Tatlı 550 Gr,8690635030576,124.90,124.90,,https://www.sariyermarket.com/tat-koy-biber-salcasi--tatli-550-gr
Colgate Extra Clean Orta Diş Firçasi 2+1,8718951297333,149.93,149.93,,https://www.sariyermarket.com/colgate-extra-clean-orta-dis-fircasi-2_1
Parodontax Aktif Diş Eti Onarımı Beyazlatıcı 75Ml,8681291005398,364.90,364.90,,https://www.sariyermarket.com/parodontax-aktif-dis-eti-onarimi-beyazlatici-75ml
Hasata Yozgat Sultani Yeşil Mercimek 1000 Gr,8697423961883,119.90,119.90,,https://www.sariyermarket.com/hasata-yozgat-sultani-yesil-mercimek-1000gr
Bioblas Şampuan Collagen İnce Saçlar 360ml,8680512635581,209.90,209.90,,https://www.sariyermarket.com/bioblas-sampuan-collagen-ince-saclar-360ml
Altınkılıç Kefir 1 Lt,8692886310711,121.90,121.90,,https://www.sariyermarket.com/altinkilic-kefir-1-lt
Kupiec Sütlü Çikolatalı Pirinç Patlağı 90 Gr,5906747179694,139.90,139.90,,https://www.sariyermarket.com/kupiec-sutlu-cikolatali-pirinc-patlagi-90-gr
Nescafe Classic Ekonomik Paket 200 Gr,8690632131535,394.50,394.50,,https://www.sariyermarket.com/nescafe-classic-ekonomik-paket-200-gr
Sarıyer Gurme Naturel Siyah Zeytin Kg,2900717000004,575.00,575.00,,https://www.sariyermarket.com/sariyer-gurme-naturel-siyah-zeytin-kg
Lipton Ice Tea Limon 1 Lt,8690574120017,49.90,49.90,,https://www.sariyermarket.com/lipton-ice-tea-limon-1-lt
Elidor Biberiye Dökülme Karşıtı Şampuan 400 Ml,8683130127032,274.90,274.90,,https://www.sariyermarket.com/elidor-biberiye-dokulme-karsiti-sampuan-400-ml
Bahçıvan Hellim Peyniri 225 Gr,8690843097163,199.90,199.90,,https://www.sariyermarket.com/bahcivan-hellim-peyniri-225-gr
Purelife Himalaya Sofra Öğütme Tuzu 500gr,8699913930294,259.90,259.90,,https://www.sariyermarket.com/purelife-himalaya-sofra-ogutme-tuzu-500gr
Fellas Glutensiz Yulaf Ezmesi 300 Gr,8683200063031,129.95,129.95,,https://www.sariyermarket.com/fellas-glutensiz-yulaf-ezmesi-300-gr
Danone Karışık Meyveli Yoğurt 2X95 Gr,8696368944548,59.00,59.00,,https://www.sariyermarket.com/danone-karisik-meyveli-yogurt-2x95-gr
Filiz Tam Buğday Burgu Makarna 350 Gr,8690579772341,39.90,39.90,,https://www.sariyermarket.com/filiz-tam-bugday-burgu-makarna-350-gr
Pınar Çocuk Devam Sütü 200 Ml,8690565100721,30.90,30.90,,https://www.sariyermarket.com/pinar-cocuk-devam-sutu-200-ml
Superfresh Zeytinyağlı Ton Balığı 3X75 Gr,8690612314217,409.90,409.90,,https://www.sariyermarket.com/superfresh-zeytinyagli-ton-baligi-3x75-gr
Koska Helva Cevizli Yaz 500gr,8690710001286,199.90,199.90,,https://www.sariyermarket.com/koska-helva-cevizli-yaz-500gr
Fine Taste Fesleğen Pesto Sos 190 Gr,8681984007500,159.90,159.90,,https://www.sariyermarket.com/fine-taste-feslegen-pesto-sos-190-gr
Ülker Go Ahead Çilek Hurma Bar 40Gr,8683508112035,57.50,57.50,,https://www.sariyermarket.com/ulker-go-ahead-cilek-hurma-bar-40gr
Altınkılıç Kefir Ballı Muzlu 250 Ml,8692886311312,51.90,51.90,,https://www.sariyermarket.com/altinkilic-kefir-balli-muzlu-250-ml
Superfresh Klasik Ton Balığı 2x140 Gr,8690612314965,374.90,374.90,,https://www.sariyermarket.com/superfresh-klasik-ton-baligi-2x140-gr
Algida Usta Usulü Fıstık Cenneti 460 Ml,8721274616576,250.00,250.00,,https://www.sariyermarket.com/algida-usta-usulu-fistik-cenneti-460-ml
Jungle Yavru Kedi Maması Tavuklu 500 Gr,8681299602537,104.93,104.93,,https://www.sariyermarket.com/jungle-yavru-kedi-mamasi-tavuklu-500-gr
Sarıyer Gurme Sucuk Dilimli 150 Gr,8699089748952,245.00,245.00,,https://www.sariyermarket.com/sariyer-gurme-sucuk-dilimli-150-gr
Sensodyne Çok Yönlü Koruma Diş Fırçası Orta 1+1,8681291002618,359.90,359.90,,https://www.sariyermarket.com/sensodyne-cok-yonlu-koruma-dis-fircasi-orta-1_1
Schweppes Bitter Lemon Aromalı Gazlı İçecek Cam 1Lt,5000112666403,90.00,90.00,,https://www.sariyermarket.com/schweppes-bitter-lemon-aromali-gazli-icecek-cam-1lt
Polonez Dana Kasap Sucuk 250 Gr,8693407004157,490.90,490.90,,https://www.sariyermarket.com/polonez-dana-kasap-sucuk-250-gr
Algida Maraş Usulü Çifte Dövülmüş Dondurma 500 Ml,8683130069455,225.00,225.00,,https://www.sariyermarket.com/algida-maras-usulu-cifte-dovulmus-dondurma-500-ml-
Chupa Chups Sparkling Limon Aromalı Gazlı İçecek 330 Ml,6251897001166,109.90,109.90,,https://www.sariyermarket.com/chupa-chups-sparkling-limon-aromali-gazli-icecek-330-ml
Kivi Yerli Kg,2910252000001,255.00,255.00,,https://www.sariyermarket.com/kivi-yerli-kg
"Nescafe 3'ü 1 Arada Original 16,5 Gr",8690632018799,14.90,14.90,,https://www.sariyermarket.com/nescafe-3u-1-arada-original-16-5-gr
Doytat Limon Tuzu 60gr,8697826340247,47.90,47.90,,https://www.sariyermarket.com/doytat-limon-tuzu-60gr
Ritter Sport Dark Whole Hazelnuts 100 Gr,4000417702005,199.90,199.90,,https://www.sariyermarket.com/ritter-sport-dark-whole-hazelnuts-100-gr
"Carte d'Or Chunkies Cookie Dough & Çikolata, Vanilyalı Dondurma 430 Ml",8683130096130,250.00,250.00,,https://www.sariyermarket.com/carte-dor-chunkies-cookie-dough-cikolata-vanilyali-dondurma-430-ml
Domates Kg,2910259000004,39.95,39.95,,https://www.sariyermarket.com/domates-kg
Nescafe Gold Kavanoz 200gr,7610100026126,974.90,974.90,,https://www.sariyermarket.com/nescafe-gold-kavanoz-200gr
Sade Organik Pilavlik Bulgur 1000 Gr,8697463091045,154.90,154.90,,https://www.sariyermarket.com/sade-organik-pilavlik-bulgur-1000-gr
Hp Barbekü Sos Klasik 465gr,5000111047371,179.90,179.90,,https://www.sariyermarket.com/hp-barbeku-sos-klasik-465gr
Superfresh Patates 1 Kg,8690612426040,229.90,229.90,,https://www.sariyermarket.com/superfresh-patates-1-kg
Sade Organik Yulaf Ezmesi 500gr,8697463098013,79.90,79.90,,https://www.sariyermarket.com/sade-organik-yulaf-ezmesi-500gr
Ecos3 Organik Sıvı Çamaşır Deterjanı 750ml,8680624090223,349.00,349.00,,https://www.sariyermarket.com/ecos3-organik-sivi-camasir-deterjani-750ml
Red Bull Enerji İçeceği Şekersiz 250 Ml,90456107,70.00,70.00,,https://www.sariyermarket.com/red-bull-enerji-icecegi-sekersiz-250-ml
Tada Klasik Ton Balıklı Mısırlı Sandviç 160 Gr,8694918001123,164.90,164.90,,https://www.sariyermarket.com/tada-klasik-ton-balikli-misirli-sandvic-160-gr
De&Co Basmati Pirinç 1000Gr,8691019100472,279.90,279.90,,https://www.sariyermarket.com/de-co-basmati-pirinc-1000gr
Dardanel Mısırlı Aç-ye 160 Gr,8690559022459,186.90,186.90,,https://www.sariyermarket.com/dardanel-misirli-ac-ye-160-gr
Garden Mix Tavuklu Kedi Stick Ödül 3x5gr,8681085426385,90.93,90.93,,https://www.sariyermarket.com/garden-mix-tavuklu-kedi-stick-odul-3x5gr
Milka Choco Snack 29 Gr,90441011,57.90,57.90,,https://www.sariyermarket.com/milka-choco-snack-29-gr
Superfresh Milföy Hamuru 500gr,8690612501990,129.90,129.90,,https://www.sariyermarket.com/superfresh-milfoy-hamuru-500gr
Tamek Karışık Meyve Nektar 200 Ml,8690575865214,17.50,17.50,,https://www.sariyermarket.com/tamek-karisik-meyve-nektar-200-ml
Elidor Brezilya Kratin Terapisi Şampuan 400Ml,8683130064566,219.90,219.90,,https://www.sariyermarket.com/elidor-brezilya-kratin-terapisi-sampuan-400ml
Hipp Organik Havuç Püresi 125gr,9062300106005,69.90,69.90,,https://www.sariyermarket.com/hipp-organik-havuc-puresi-125gr
Suppa Hindi But Füme Kg,2902344000006,1450.00,1450.00,,https://www.sariyermarket.com/suppa-hindi-but-fume-kg
Koska Tahin Cam Kavanoz 620 Gr,8690710030347,261.90,261.90,,https://www.sariyermarket.com/koska-tahin-cam-kavanoz-620-gr
Nestle Su 5 Lt,8697713550094,58.90,58.90,,https://www.sariyermarket.com/nestle-su-5-lt
Superfresh Mini Börek Patatesli Peynirli 500 Gr,8690612507558,129.94,129.94,,https://www.sariyermarket.com/superfresh-mini-borek-patatesli-peynirli-500-gr
Eti Lifalif Kuru Meyveli ve Fındıklı Müsli 350 Gr,8690526059525,135.00,135.00,,https://www.sariyermarket.com/eti-lifalif-kuru-meyveli-ve-findikli-musli-350-gr
OMO Express Fresh Beyazlar 1.48 L,8683130105757,349.90,349.90,,https://www.sariyermarket.com/omo-express-fresh-beyazlar-1-48-l
Pınar Aç Bitir Macar Salam 60 Gr,8690527010938,85.90,85.90,,https://www.sariyermarket.com/pinar-ac-bitir-macar-salam-60-gr
Superfresh Ispanak 450 Gr,8690612410070,119.90,119.90,,https://www.sariyermarket.com/superfresh-ispanak-450-gr
Davidoff Espresso 57 Ristretto Kapsül Kahve 10'lu 55 Gr,4061445226673,299.90,299.90,,https://www.sariyermarket.com/davidoff-espresso-57-ristretto-kapsul-kahve-10lu-55-gr
Melis Garnitür 540 Gr,8682484900261,59.90,59.90,,https://www.sariyermarket.com/melis-garnitur-540-gr
Algida Spoonful 770Ml,8721274646269,230.00,230.00,,https://www.sariyermarket.com/algida-spoonful-770ml
Hayat Su 1 Lt,8693593001473,34.90,34.90,,https://www.sariyermarket.com/hayat-su-1-lt
Kuzeyden %100 Limonata 250 Ml,8684556266602,99.90,99.90,,https://www.sariyermarket.com/kuzeyden-100-limonata-250-ml-
Pakmaya Çikolatalı Sos 125 Gr,8690770324769,60.50,60.50,,https://www.sariyermarket.com/pakmaya-cikolatali-sos-125-gr
Sarıyer Gurme Ayvalık Kırma Yeşil Zeytin Kg,2923407000009,295.00,295.00,,https://www.sariyermarket.com/sariyer-gurme-ayvalik-kirma-yesil-zeytin-kg
Dana Tantuni Kg,2901080000004,1250.00,1250.00,,https://www.sariyermarket.com/dana-tantuni-kg
Nudo Vegan Noodle 350Gr,38692424998600,79.90,79.90,,https://www.sariyermarket.com/nudo-vegan-noodle-350gr
Arslanoğlu Peynir Tatlisi 140gr,8691725000257,89.90,89.90,,https://www.sariyermarket.com/arslanoglu-peynir-tatlisi-140gr
Dudomi Kremalı Körili Tavuk Çeşnili Noodle Bardak 80 Gr,38692424998631,39.90,39.90,,https://www.sariyermarket.com/dudo-mie-bardak-noodle-kremali-korili-tavuk-80gr
İndomie Tavuk Aromalı Hazır Noodle Paket 70 Gr,8680908020007,19.90,19.90,,https://www.sariyermarket.com/indomie-tavuk-aromali-hazir-noodle-paket-70-gr
Sütaş Süzme Yoğurt 900 Gr,8681324008037,149.90,149.90,,https://www.sariyermarket.com/sutas-suzme-yogurt--900-gr
Kühne Turk Tipi Aci Biber Turşu 370gr,8696027013011,179.90,179.90,,https://www.sariyermarket.com/kuhne-turk-tipi-aci-biber-tursu-370gr
Werthers 50g Orjinal,,34.90,34.90,,https://www.sariyermarket.com/werthers-50g-orjinal
Sütaş Kaf Kefir Sade 250 Ml,8681324008730,41.90,41.90,,https://www.sariyermarket.com/sutas-kaf-kefir-sade-250-ml
Lipton Papatya ve Lavanta İyi Geceler Çayı 18'Li 27 Gr,5063305010001,114.90,114.90,,https://www.sariyermarket.com/lipton-papatya-ve-lavanta-iyi-geceler-cayi-18li-27-gr
Gourmet Gold Kiyilmiş Hindi Etli Kedi Mamasi 85gr,8445292081443,69.90,69.90,,https://www.sariyermarket.com/gourmet-gold-kiyilmis-hindi-etli-kedi-mamasi-85gr
Kızılay Erzincan Doğal Maden Suyu 200 Ml,8692813005598,11.00,11.00,,https://www.sariyermarket.com/kizilay-erzincan-dogal-maden-suyu-200-ml
Bağdat Zencefil Tuzluklu Kapak Cam 39 Gr,8690560049070,99.90,99.90,,https://www.sariyermarket.com/bagdat-zencefil-tuzluklu-kapak-cam-39-gr
Ferrero Rocher T8 Çikolata 100 Gr,8000500192801,179.90,179.90,,https://www.sariyermarket.com/ferrero-rocher-t8-cikolata-100-gr
Bağdat Kimyon 75 Gr,8690560180216,82.90,82.90,,https://www.sariyermarket.com/bagdat-kimyon-75-gr
Wefood Yerfıstığı Ezmesi Ballı 300gr,8682392174020,295.00,295.00,,https://www.sariyermarket.com/wefood-yerfistigi-ezmesi-balli-300gr
Moms Glutensiz Yer Fıstığı Kakao Granola 280Gr,8684531264371,174.93,174.93,,https://www.sariyermarket.com/moms-glutensiz-yer-fistigi-kakao-granola-280gr
Suprapet Yavru Kedi Tavuklu Parça Etli 85 Gr,8684272331486,39.90,39.90,,https://www.sariyermarket.com/suprapet-yavru-kedi-tavuklu-parca-etli-85-gr
Ülker Halley Karadutlu Sandviç Bisküvi 236 Gr,8690504186946,95.00,95.00,,https://www.sariyermarket.com/ulker-halley-karadutlu-sandvic-biskuvi-236-gr
Hellmann'S Ketçap 460gr,8683130059470,99.90,99.90,,https://www.sariyermarket.com/hellmanns-ketcap-460gr
Vişne Kg,2910299000002,225.00,225.00,,https://www.sariyermarket.com/visne-kg
Duru Şampuan Kepeğe Karşı 400 ml,8690506565220,76.93,76.93,,https://www.sariyermarket.com/duru-sampuan-kepege-karsi-400-ml
Bağdat Toz Soğan Tuzluklu 38 Gr,8690560017567,89.90,89.90,,https://www.sariyermarket.com/bagdat-toz-sogan-tuzluklu-38-gr
Polonez Dana Dilli Salam Kg,2904046000001,3550.00,3550.00,,https://www.sariyermarket.com/polonez-dana-dilli-salam-kg
"Nutella Biscuits 41,5 Gr",8000500359358,59.90,59.90,,https://www.sariyermarket.com/nutella-biscuits-41-5-gr
Colgate Max White Purple Reveal Diş Macunu 75 Ml,6920354837746,146.18,146.18,,https://www.sariyermarket.com/colgate-max-white-purple-reveal-dis-macunu-75-ml
Kikkoman Soya Sosu Az Tuzlu 150ml,8715035130302,529.90,529.90,,https://www.sariyermarket.com/kikkoman-soya-sosu-az-tuzlu-150ml
Tamek Limo Tropik Meyveli Limonata 200 Ml,8690575040000,17.50,17.50,,https://www.sariyermarket.com/tamek-limo-limonata-tropik-200-ml
Sade Köy Tarhanasi Aci 500gr,8697463091748,194.90,194.90,,https://www.sariyermarket.com/sade-koy-tarhanasi-aci-500gr
Nestle Nesquik Çilek Aromalı Süt 180 Ml,8690642000920,35.65,35.65,,https://www.sariyermarket.com/nestle-nesquik-cilek-aromali-sut-180-ml
Dardanel Füme Ton Balığı 6x75 Gr,8690559028918,329.90,329.90,,https://www.sariyermarket.com/dardanel-fume-ton-baligi-6x75-gr
Çotanak Fındık Yağı 3 Lt,8693275002255,979.90,979.90,,https://www.sariyermarket.com/cotanak-findik-yagi-3-lt
Bağdat Cajun Baharatı 80 Gr,8690560019370,89.90,89.90,,https://www.sariyermarket.com/bagdat-cajun-baharati-80-gr
Uludağ Frutti Ahududu 200Ml,86949736,19.00,19.00,,https://www.sariyermarket.com/uludag-frutti-ahududu-200ml
Bahçıvan Dilimli Tost Peyniri 500 Gr,8690843095251,249.90,249.90,,https://www.sariyermarket.com/bahcivan-dilimli-tost-peyniri-500-gr
Kristal Riviera Zeytinyağı 2 L Pet Şişe,8690819264582,799.90,799.90,,https://www.sariyermarket.com/kristal-riviera-zeytinyagi-2-l-pet-sise
Nescafe Gold Ekonomik Paket 100 Gr,8690632311258,229.90,229.90,,https://www.sariyermarket.com/nescafe-gold-ekonomik-paket-100-gr
Pet's Family Tavuklu Yavru Kedi Maması 400+100Gr,8681085426668,118.93,118.93,,https://www.sariyermarket.com/pets-family-tavuklu-yavru-kedi-mamasi-400_100gr
Bahçıvan Tam Yağlı Taze Dilimli Tost Peyniri 225 Gr,8690843090683,194.90,194.90,,https://www.sariyermarket.com/bahcivan-tam-yagli-taze-dilimli-tost-peyniri-225-gr
Cerezza Popcorn 80gr,8690624303490,45.00,45.00,,https://www.sariyermarket.com/cerezza-popcorn-80gr
Doytat Susam 70gr,8697826340216,43.90,43.90,,https://www.sariyermarket.com/doytat-susam-70gr
Tat Salatalık Turşusu 680 Gr Cam,8690635190010,189.90,189.90,,https://www.sariyermarket.com/tat-salatalik-tursusu-680-gr-cam
Tahsildaroğlu Çeçil Peyniri 180gr,8691225157956,174.90,174.90,,https://www.sariyermarket.com/tahsildaroglu-cecil-peyniri-180gr
Nestle Classic Bol Sütlü Çikolata Baton 30 Gr,8690632050140,39.95,39.95,,https://www.sariyermarket.com/nestle-classic-bol-sutlu-cikolata-baton-30-gr
Ülker Coco Star Tablet 97 gr,8683508050313,80.00,80.00,,https://www.sariyermarket.com/ulker-coco-star-tablet-97-gr
Eti Kombo Lokmalık Kremalı Bisküvi 96 Gr,8690526596372,33.00,33.00,,https://www.sariyermarket.com/eti-kombo-lokmalik-kremali-biskuvi-96-gr
Red Tiger Karides Topu 300 Gr,8697452877827,259.90,259.90,,https://www.sariyermarket.com/red-tiger-karides-topu-300-gr
Takita Toz Tatlandirici 500gr,8690920341684,549.90,549.90,,https://www.sariyermarket.com/takita-toz-tatlandirici-500gr
Orkid Ultra Extra Hijyenik Ped Gece Tekli Paket 6 Ped,8700216915892,52.43,52.43,,https://www.sariyermarket.com/orkid-ultra-extra-hijyenik-ped-gece-tekli-paket-6-ped
Dardanel Mezgit Pane 300gr,8690559021032,295.00,295.00,,https://www.sariyermarket.com/dardanel-mezgit-pane-300gr
Reis Basmati Pirinç 1000gr,8690849820864,219.90,219.90,,https://www.sariyermarket.com/reis-basmati-pirinc-1000gr
First Karpuz Şeftali 60dk 27gr,7622202007002,59.90,59.90,,https://www.sariyermarket.com/first-karpuz-seftali-60dk-27gr
Ülker Dido Sütlü Maxi Gofret 47 Gr,8683508073923,33.50,33.50,,https://www.sariyermarket.com/ulker-dido-sutlu-maxi-gofret-47-gr
Marmarabirlik Kurusele Zeytin 400gr 381- 410 Ad/Kg,8690103294387,139.90,139.90,,https://www.sariyermarket.com/marmarabirlik-kurusele-zeytin-400gr-381--410-ad-kg
Takita Diyabetik Stevia Zero Küp 225gr,8690920327169,479.90,479.90,,https://www.sariyermarket.com/takita-diyabetik-stevia-zero-kup-225gr
Doytat Kişniş 40gr,8697635603816,26.90,26.90,,https://www.sariyermarket.com/doytat-kisnis-40gr
Yenigün Karışık Meyve Aromalı Lokum 250 Gr,8691588058013,99.90,99.90,,https://www.sariyermarket.com/yenigun-karisik-meyve-aromali-lokum-250-gr
Hellmann'S Sarımsaklı Mayonez 235Gr,8683130094921,154.90,154.90,,https://www.sariyermarket.com/hellmanns-sarimsakli-mayonez-235gr
Fellas Protein Granola Kırmızı Meyveler 270 Gr,8684207695843,239.95,239.95,,https://www.sariyermarket.com/fellas-protein-granola-kirmizi-meyveler-270-gr
Eti Crax Thins Tatlı Biber Ekşi Krema 110 Gr,8690526511160,40.00,40.00,,https://www.sariyermarket.com/eti-crax-thins-tatli-biber-eksi-krema-110-gr
Mövenpick Çarkıfelek Meyvesi Ve Mangolu Dondurma 500 Ml,7610026040190,545.90,545.90,,https://www.sariyermarket.com/movenpick-carkifelek-meyvesi-ve-mangolu-dondurma-500-ml
Yayla Salata Hazır Tatlı Miks 120 Gr,8693374264165,76.90,76.90,,https://www.sariyermarket.com/yayla-salata-hazir-tatli-miks-120-gr
Beta Earl Grey Bardak 25*2gr,8690717003146,125.90,125.90,,https://www.sariyermarket.com/beta-earl-grey-bardak-25-2gr
Ülker Çikolata Fındık Rüyası 75 Gr,8683508142056,70.00,70.00,,https://www.sariyermarket.com/ulker-cikolata-findik-ruyasi-75-gr
Lumandıra Jersey Pastorize Süt 3 Lt,8683262481187,389.00,389.00,,https://www.sariyermarket.com/lumandira-jersey-pastorize-sut-3-lt
Pınar Hindi Sucuk Mangal Keyfi 300 Gr,8690527020524,244.90,244.90,,https://www.sariyermarket.com/pinar-hindi-sucuk-mangal-keyfi-300-gr
Beypazarı Sade Soda 200 Ml,8691381000486,12.75,12.75,,https://www.sariyermarket.com/beypazari-sade-soda-200-ml
Ülker Dankek Baton Kek Meyveli 200Gr,8690504067870,60.00,60.00,,https://www.sariyermarket.com/ulker-dankek-baton-kek-meyveli-200gr
Wefood Glutensiz Grissini Çörek Otu&Chiali 40Gr,8683347035540,75.00,75.00,,https://www.sariyermarket.com/wefood-glutensiz-grissini-corek-otu-chiali-40gr
Sensodyne Diş Macunu Naneli 100 Ml,8681291340475,219.90,219.90,,https://www.sariyermarket.com/sensodyne-dis-macunu-naneli-100-ml
Falim 5li Karisik Meyve 35gr,8690515593771,65.90,65.90,,https://www.sariyermarket.com/falim-5li-karisik-meyve-35gr
Bilezikçi Çiftliği Beyaz Yumurta 6lı 53-62Gr,8682325384083,55.00,55.00,,https://www.sariyermarket.com/bilezikci-ciftligi-beyaz-yumurta-6li-53-62gr
Apikoğlu Kavurma Dilimli 100 Gr,8697420923648,319.90,319.90,,https://www.sariyermarket.com/apikoglu-kavurma-dilimli-100-gr
Oreo Çikolatalı Bisküvi 228gr,7622202312649,189.90,189.90,,https://www.sariyermarket.com/oreo-cikolatali-biskuvi-228gr
Reis Kırmızı Mercimek 1000 Gr,8690849820147,139.90,139.90,,https://www.sariyermarket.com/reis-kirmizi-mercimek-1000-gr
Vivident Şişe Karbonatli Nane Aromali Sakiz,80966289,95.00,95.00,,https://www.sariyermarket.com/vivident-sise-karbonatli-nane-aromali-sakiz
Hasmandira Göbek Kaşar Peyniri Kg,2900733000002,895.00,895.00,,https://www.sariyermarket.com/hasmandira-gobek-kasar-peyniri-kg
Mr No Gurme Mozarella Jambon Sandviç 145gr,8690559703990,265.00,265.00,,https://www.sariyermarket.com/mr-no-gurme-mozarella-jambon-sandvic-145gr
Eti Lifalif Meyve Bar Kayısı Yer Fıstıklı 35Gr,8690526232348,57.50,57.50,,https://www.sariyermarket.com/-eti-lifalif-meyve-bar-kayisi-yer-fistikli-35gr
Felix Kedi Mamasi Tavuklu 85gr,7613287484161,39.90,39.90,,https://www.sariyermarket.com/felix-kedi-mamasi-tavuklu-85gr
Weetabix Proteinli Tam Tahilli Bar 440g,5010029222005,417.50,417.50,,https://www.sariyermarket.com/weetabix-proteinli-tam-tahilli-bar-440g
City Farm Organik Cin Misir 500gr,8698518423798,94.90,94.90,,https://www.sariyermarket.com/city-farm-organik-cin-misir-500gr
Knorr Patates Püresi 60 Gr,8690701009758,66.90,66.90,,https://www.sariyermarket.com/knorr-patates-puresi-60-gr
Loacker Kup Gofret Cikolata Kremali 125gr,8000380005963,209.90,209.90,,https://www.sariyermarket.com/loacker-kup-gofret-cikolata-kremali-125gr
Şölen Luppo Sandviç Kek Antep Fıstıklı 182 Gr,8691707058580,104.90,104.90,,https://www.sariyermarket.com/solen-luppo-sandvic-kek-antep-fistikli-182-gr
Tadım Çiğ Kaju 140 Gr,8690787631034,155.00,155.00,,https://www.sariyermarket.com/tadim-cig-kaju-140-gr
Dr.Oetker Yogotella Orman Meyveli 69 Gr,8690629447182,29.93,29.93,,https://www.sariyermarket.com/dr-oetker-yogotella-orman-meyveli-69-gr
Fora Yeşil Çizik Zeytin 400gr,8695608220015,159.90,159.90,,https://www.sariyermarket.com/fora-yesil-cizik-zeytin-400gr
Ülker Çikolatalı Gofret 100 Gr,8683508135416,80.00,80.00,,https://www.sariyermarket.com/ulker-cikolatali-gofret-100-gr
Massimo Donut Cocoa 270 Gr 6Lı,8050705431106,149.90,149.90,,https://www.sariyermarket.com/massimo-donut-cocoa-270-gr-6li
Unabella Ayçekirdekli Lokma Galeta 200gr,8680722050068,149.00,149.00,,https://www.sariyermarket.com/unabella-aycekirdekli-lokma-galeta-200gr
Nesquik Harfler Çikolatalı Tahıl Gevrek 310 Gr,8690632039206,175.00,175.00,,https://www.sariyermarket.com/nesquik-harfler-cikolatali-tahil-gevrek-310-gr
Doytat Tarçın 50gr,8697826340230,56.90,56.90,,https://www.sariyermarket.com/doytat-tarcin-50gr
Primavera Cheddar Peyniri 150Gr,86990895856701,465.00,465.00,,https://www.sariyermarket.com/primavera-cheddar-peyniri-150gr
Çaykur Tiryaki Çay 500 Gr,8690105000719,229.90,229.90,,https://www.sariyermarket.com/caykur-tiryaki-cay-500-gr
Nescafe Mocha Köpüklü Kahve Karışımı 17 gr,8690632042145,17.50,17.50,,https://www.sariyermarket.com/nescafe-mocha-kopuklu-kahve-karisimi-17-gr
CityFarm Organik Öğütme Tuzu 350 Gr,8698518412037,219.90,219.90,,https://www.sariyermarket.com/cityfarm-organik-ogutme-tuzu-350-gr
Jacobs Monarch Gold Ekonomik Paket 100 Gr,8714599610336,399.90,399.90,,https://www.sariyermarket.com/jacobs-monarch-gold-ekonomik-paket-100-gr
Purelife Himalaya Tuzu İyotlu İnce Pembe 500 Gr,8699913930287,259.90,259.90,,https://www.sariyermarket.com/purelife-himalaya-tuzu-iyotlu-ince-pembe-500-gr
Wefood Çok Tahıllı Patlak 100 Gr,8683347032570,64.90,64.90,,https://www.sariyermarket.com/wefood-cok-tahilli-patlak-100-gr
Vaseline Original Nemlendirici Krem 100 Ml,6281006610811,274.90,274.90,,https://www.sariyermarket.com/vaseline-original-nemlendirici-krem-100-ml
Ülker Haylayf Bisküvi 64 Gr,8690504008101,12.50,12.50,,https://www.sariyermarket.com/ulker-haylayf-biskuvi-64-gr
Ülker Probis 10'lu 280 Gr,8690504007203,80.00,80.00,,https://www.sariyermarket.com/ulker-probis-10lu-280-gr
Starbucks Cappuccino Premium Kahve Karışımı 14 Gr,8690632014890,36.90,36.90,,https://www.sariyermarket.com/starbucks-cappuccino-premium-kahve-karisimi-14-gr
Tat Jalapeno Biber Turşusu 330 Gr,8690635190355,82.90,82.90,,https://www.sariyermarket.com/tat-jalapeno-biber-tursusu-330-gr
Lipton Ice Tea Limon Kutu 250 Ml,8690574114436,37.50,37.50,,https://www.sariyermarket.com/lipton-ice-tea-limon-kutu-250-ml
"Fuse Tea Soğuk Çay Şeftali Aromalı İçecek Pet 1,5 Lt",5000112666137,44.90,44.90,,https://www.sariyermarket.com/fuse-tea-soguk-cay-seftali-aromali-icecek-pet-1-5-lt
Capri-Sun Safari Fruits 200 ml,4000177407608,19.90,19.90,,https://www.sariyermarket.com/capri-sun-safari-fruits-200-ml
Signal White Now Diş Macunu Original Uzun Süren Beyazlık 75 Ml,8690637576577,349.90,349.90,,https://www.sariyermarket.com/signal-white-now-dis-macunu-original-uzun-suren-beyazlik-75-ml
Sarıyer Gurme Patlıcan Dolma Kg,2923629000009,995.00,995.00,,https://www.sariyermarket.com/sariyer-gurme-patlican-dolma-kg
Sarıyer Gurme Yumurta 6'lı 63-72 Gr,8699089581115,72.00,72.00,,https://www.sariyermarket.com/sariyer-gurme-yumurta-6li-63-72-gr
Selpak Klasik Peçete 75 li,8690530016521,89.90,89.90,,https://www.sariyermarket.com/selpak-klasik-pecete-75-li
Mom's Glutensiz Müsli 300 Gr,8681267006480,202.93,202.93,,https://www.sariyermarket.com/moms-glutensiz-musli-300-gr
Wefood Glutensiz Pirinç Patlağı 100 Gr,8683347031184,74.90,74.90,,https://www.sariyermarket.com/wefood-glutensiz-pirinc-patlagi-100-gr
Sarıyer Gurme Çiğköfte Kg,2901960000001,695.00,695.00,,https://www.sariyermarket.com/sariyer-gurme-cigkofte-kg
Somon Fileto Kg,2923868000006,1200.00,1200.00,,https://www.sariyermarket.com/somon-fileto-kg
Rummo Tagliatelle 500 Gr,8008343201070,309.90,309.90,,https://www.sariyermarket.com/rummo-tagliatelle-500-gr
Ülker Çokonat Kaplı Gofret 33 Gr,8690504027508,27.50,27.50,,https://www.sariyermarket.com/ulker-cokonat-kapli-gofret-33-gr
Aptamil Pronutra 3 Devam Sütü 800 G,8699745030421,1149.90,1149.90,,https://www.sariyermarket.com/aptamil-pronutra-3-devam-sutu-800-g
Granoro Lasagna 500 Gr,8007290331212,169.90,169.90,,https://www.sariyermarket.com/granoro-lasagna-500-gr
Durex Nude 8'Li,8858693803109,549.90,549.90,,https://www.sariyermarket.com/durex-nude-8li
Fe Smokers Diş Pastasi 90gr,8693203015159,149.90,149.90,,https://www.sariyermarket.com/fe-smokers-dis-pastasi-90gr
Doga Evi Kaya Tuzu İyotlu Sofra Tuzu 500 Gr,8681110220223,79.90,79.90,,https://www.sariyermarket.com/doga-evi-kaya-tuzu-iyotlu-sofra-tuzu-500-gr
Koska Helva Sade 500gr,8690710001323,173.45,173.45,,https://www.sariyermarket.com/koska-helva-sade-500gr
Karali Organik Siyah Çay 500 Gr,8692204003042,199.90,199.90,,https://www.sariyermarket.com/karali-organik-siyah-cay-500-gr
Ülker Tablet Sütlü Çikolata 70 Gr,8690766157784,92.50,92.50,,https://www.sariyermarket.com/ulker-tablet-sutlu-cikolata-70-gr
Ülker Rulokat Kutu 170gr,8690504019923,59.90,59.90,,https://www.sariyermarket.com/ulker-rulokat-kutu-170gr
City Farm Organik Tam Buğday Unu 1000 Gr,8698518440429,134.90,134.90,,https://www.sariyermarket.com/city-farm-organik-tam-bugday-unu-1000-gr
Bamya Kg,2910219000006,335.00,335.00,,https://www.sariyermarket.com/bamya-kg
Kuzeyden %100 Sıkma Nar Suyu 250 Ml,8684556266381,109.90,109.90,,https://www.sariyermarket.com/kuzeyden-100-sikma-nar-suyu-250-ml
Burcu Enginar Konservesi 540 Gr,8691573024146,249.90,249.90,,https://www.sariyermarket.com/burcu-enginar-konservesi-540-gr
Koska Diabetik Vişne Reçeli 240 Gr,8690710006502,189.90,189.90,,https://www.sariyermarket.com/koska-diabetik-visne-receli-240-gr
Sütaş Ayran Şişe 250 Ml,8690767674303,21.90,21.90,,https://www.sariyermarket.com/sutas-ayran-sise-250-ml
Sütaş Kaymaklı Yoğurt 850 Gr,8690767670756,99.90,99.90,,https://www.sariyermarket.com/sutas-kaymakli-yogurt-850-gr
Sarıyer Limonata 1 L,8683789552537,44.90,44.90,,https://www.sariyermarket.com/sariyer-limonata-1-l
"Red Bull Red Edition Enerji İçeceği, Karpuz, 250 Ml",90456091,70.00,70.00,,https://www.sariyermarket.com/red-bull-red-edition-enerji-icecegi--karpuz--250-ml
Bağdat Toz Acı Biber 75 Gr,8690560000217,89.90,89.90,,https://www.sariyermarket.com/bagdat-toz-aci-biber-75-gr
Sarıyer Gurme Eski Kaşar Peynir 350 Gr,8699089818624,345.00,345.00,,https://www.sariyermarket.com/sariyer-gurme-eski-kasar-peynir-350-gr
Tat Barbunya Pilaki 400 Gr,8690635070022,89.90,89.90,,https://www.sariyermarket.com/tat-barbunya-pilaki-400-gr
Chefline İstiridye Sosu Asia 150ML,8697418669633,109.90,109.90,,https://www.sariyermarket.com/chefline-istiridye-sosu-asia-150ml
Mövenpick Nane Aromalı Çikolatalı Dondurma 500 Ml,7610026043313,545.90,545.90,,https://www.sariyermarket.com/movenpick-nane-aromali-cikolatali-dondurma-500-ml
Lipton Bardak Poşet Çay Yellow Label 25'li,8720608631933,119.90,119.90,,https://www.sariyermarket.com/lipton-bardak-poset-cay-yellow-label-25li
Milka Bonibon 27gr,7622210364647,54.90,54.90,,https://www.sariyermarket.com/milka-bonibon-27gr
Arıcan Organik Yayla Polen 90gr,8692970111149,399.90,399.90,,https://www.sariyermarket.com/arican-organik-yayla-polen-90gr
Heinz Acı Sos 150 Gr,8696362801779,139.90,139.90,,https://www.sariyermarket.com/heinz-aci-sos-150-gr
Knorr Fırında Tavuk Çeşnisi Kekikli Fesleğenli Susamlı 29 Gr,8690637976582,67.90,67.90,,https://www.sariyermarket.com/knorr-firinda-tavuk-cesnisi-kekikli-feslegenli-susamli-29-gr
Falim Sakiz 5li Meyveli 7gr,8690524055635,17.90,17.90,,https://www.sariyermarket.com/falim-sakiz-5li-meyveli-7gr
Fora Izgara Zeytin Kavanoz 230 Gr,8695608311249,129.90,129.90,,https://www.sariyermarket.com/fora-izgara-zeytin-kavanoz-230-gr
Namet Macar Salam 50gr,8697471721019,55.90,55.90,,https://www.sariyermarket.com/namet-macar-salam-50gr
Olips Zero Cool Mentol & Okaliptus Aromalı 28 Gr,7622202018046,35.90,35.90,,https://www.sariyermarket.com/olips-zero-cool-mentol---okaliptus-aromali-28-gr
Reis Çiğ Köftelik Bulgur 1000gr,8690849820192,79.90,79.90,,https://www.sariyermarket.com/reis-cig-koftelik-bulgur-1000gr
Yayla Haşlanmış Garnitür 560gr,8693374263533,79.90,79.90,,https://www.sariyermarket.com/yayla-haslanmis-garnitur-560gr
Komili Riviera Zeytinyağ 1 Lt,8690876030014,279.90,279.90,,https://www.sariyermarket.com/komili-riviera-zeytinyag-1-lt
Ülker Çikolata Kadayıflı Dubai Lezzeti 93 Gr,8690504143727,125.00,125.00,,https://www.sariyermarket.com/ulker-cikolata-kadayifli-dubai-lezzeti-93-gr
Falim Sakiz 5li Naneli 7gr,8690524055130,17.90,17.90,,https://www.sariyermarket.com/falim-sakiz-5li-naneli-7gr
Parex Limon Kokulu Temizlik Bezi 3'lü,8699971791189,99.90,99.90,,https://www.sariyermarket.com/parex-limon-kokulu-temizlik-bezi-3lu
Dimes Meyve Suyu Vişne Nektarı 1 Lt,8690558010006,57.50,57.50,,https://www.sariyermarket.com/dimes-meyve-suyu-visne-nektari-1-lt
Filiz Kalem Makarna 500 Gr,8690579992718,34.90,34.90,,https://www.sariyermarket.com/filiz-kalem-makarna-500-gr
Queens Harvest Bebek Mısır Koçanı (11+) 410g,8697418650273,139.90,139.90,,https://www.sariyermarket.com/queens-harvest-bebek-misir-kocani-11_-410g
Jungle Püre Kedi Mamasi Dana Etli 100 Gr,8681299602445,41.93,41.93,,https://www.sariyermarket.com/jungle-pure-kedi-mamasi-dana-etli-100-gr
Sütaş Laktozsuz Süt 200 Ml,8690767716577,19.50,19.50,,https://www.sariyermarket.com/sutas-laktozsuz-sut-200-ml
Pınar Protein Yer Fıstığı & Muz Aromalı Süt 500 Ml,8690565019436,85.90,85.90,,https://www.sariyermarket.com/pinar-protein-yer-fistigi-muz-aromali-sut-500-ml
Nescafe 2 Si 1 Arada 10 G x 10'lu Paket,8690632019475,99.90,99.90,,https://www.sariyermarket.com/nescafe-2-si-1-arada-10-g-x-10lu-paket
Molfix Oksijen Premium Bebek Bezi Midi 60 Adet,8690536849345,399.90,399.90,,https://www.sariyermarket.com/molfix-oksijen-premium-bebek-bezi-midi-60-adet
Tire Tereyağ 500gr,8699197160929,579.90,579.90,,https://www.sariyermarket.com/tire-tereyag-500gr
Burcu Bezelye 570 Gr,8691573006418,49.90,49.90,,https://www.sariyermarket.com/burcu-bezelye-konservesi-570gr-cam
Hipp Organik Erik Püresi 125gr,9062300110453,94.90,94.90,,https://www.sariyermarket.com/hipp-organik-erik-puresi-125gr
Kaserei Camambert Petit Peynir 125gr,5701215042391,375.90,375.90,,https://www.sariyermarket.com/kaserei-camambert-petit-peynir-125gr
Cappy Meyve Suyu Kayısı 200 Ml,90495526,19.90,19.90,,https://www.sariyermarket.com/cappy-meyve-suyu-kayisi-200-ml
Superfresh Taze Fasulye Domatessiz 450 Gr,8690612426071,124.90,124.90,,https://www.sariyermarket.com/superfresh-taze-fasulye-domatessiz-450-gr
Mövenpick Espresso Soğuk Kahve 189 Ml,4002334110307,99.90,99.90,,https://www.sariyermarket.com/movenpick-espresso-soguk-kahve-189-ml
"Lotus Snack 156gr (25x6,25gr)",5410126136166,324.90,324.90,,https://www.sariyermarket.com/lotus-snack-156gr-(25x6-25gr)
Naren %100 Elma - Nar - Portakal Suyu 250 Ml,8690621105035,78.50,78.50,,https://www.sariyermarket.com/naren--100-elma---nar---portakal-suyu-250-ml
Beyoğlu Yeni Klasik Gazoz 250 Ml,8681227060538,35.00,35.00,,https://www.sariyermarket.com/beyoglu-yeni-klasik-gazoz-250-ml
Doritos Storm Flamin Hot Süper Boy 125 Gr,8690624204339,64.50,64.50,,https://www.sariyermarket.com/doritos-storm-flamin-hot-super-boy-125-gr
Ülker Gofret Fındık Kremalı 220 Gr,8690504040620,55.00,55.00,,https://www.sariyermarket.com/ulker-gofret-findik-kremali-220-gr
Filiz Yüksük Makarna 500 Gr,8690579063937,34.90,34.90,,https://www.sariyermarket.com/filiz-yuksuk-makarna-500-gr
Special Antrikot Marineli Kg,2900967000007,2395.00,2395.00,,https://www.sariyermarket.com/special-antrikot-marineli-kg
Pınar Labne Peyniri 400 Gr,8690565041734,119.90,119.90,,https://www.sariyermarket.com/pinar-labne-peyniri-400-gr
Sütaş Matcha Latte 1 Lt,8690767673689,225.90,225.90,,https://www.sariyermarket.com/sutas-matcha-latte-1-lt
Namet Dana Sosis 5'Li 210Gr,8697471722856,195.90,195.90,,https://www.sariyermarket.com/namet-dana-sosis-5li-210gr
Züber Noutos Ekşi Krema ve Soğan 55 Gr,8681630410203,59.90,59.90,,https://www.sariyermarket.com/zuber-noutos-eksi-krema-ve-sogan-55-gr
"Ülker Pastil Zencefil Zerdeçal Propolis 8'li 22,4 Gr",8690840179015,50.00,50.00,,https://www.sariyermarket.com/ulker-pastil-zencefil-zerdecal-propolis-8li-22-4-gr
Sarıyer Gurme Yumurta 10'lu 53 Gr,8699089054862,75.00,75.00,,https://www.sariyermarket.com/sariyer-gurme-yumurta-10lu-53-gr
Mövenpick Vanilyalı Puding 150 Gr,4002334111595,99.90,99.90,,https://www.sariyermarket.com/movenpick-vanilyali-puding-150-gr
Eker Kefir Sade 1 Lt,8691316521208,114.90,114.90,,https://www.sariyermarket.com/eker-kefir-sade-1-lt
Kemal Kükrer Cam Közlenmiş Patlıcan 720 Ml,8682287363881,199.90,199.90,,https://www.sariyermarket.com/kemal-kukrer-cam-kozlenmis-patlican-720-ml
First Yeşil Nane Aromalı Sakız 27 Gr,7622201435448,59.90,59.90,,https://www.sariyermarket.com/first-yesil-nane-aromali-sakiz-27-gr
Whiskas Yavru Tavuklu Kuru Kedi Maması 300 Gr,5900951304378,129.90,129.90,,https://www.sariyermarket.com/whiskas-yavru-tavuklu-kuru-kedi-mamasi-300-gr
Toffifee Çikolata Karamelli 200 g,4014400900651,219.90,219.90,,https://www.sariyermarket.com/toffifee-cikolata-karamelli-200-g
Algida Dövme Sade 1400 Ml,8690637894091,150.00,150.00,,https://www.sariyermarket.com/algida-dovme-sade-1400-ml
Cappy Atom Ballı Karışık Meyve Nektarı 1 L,5449000070944,79.90,79.90,,https://www.sariyermarket.com/cappy-atom-balli-karisik-meyve-nektari-1-l
Kurukahveci Mehmet Efendi Brazilian Filtre Kahve 250 Gr,8690627000921,259.90,259.90,,https://www.sariyermarket.com/kurukahveci-mehmet-efendi-brazilian-filtre-kahve-250-gr
Tamek Meyve Suyu Şeftali 200 ml,86903332,17.50,17.50,,https://www.sariyermarket.com/tamek-meyve-suyu-seftali-200-ml
Fuse Tea Soğuk Çay Karpuz Aromalı İçecek Kutu,5000112664690,55.00,55.00,,https://www.sariyermarket.com/fuse-tea-soguk-cay-karpuz-aromali-icecek-kutu
By Keskin Piliç Fileto 800gr,8681270778893,225.00,225.00,,https://www.sariyermarket.com/by-keskin-pilic-fileto-800gr
Pepsi Cola Pet 1 Lt,8690574114795,60.00,60.00,,https://www.sariyermarket.com/pepsi-cola-pet-1-lt
Eti Browni Intense Antep Fıstıklı 35 Gr,8690526954127,25.00,25.00,,https://www.sariyermarket.com/eti-browni-intense-antep-fistikli-35-gr
Elidor İpeksi Yumuşaklık Şampuan 400 Ml,8683130108741,274.90,274.90,,https://www.sariyermarket.com/elidor-ipeksi-yumusaklik-sampuan-400-ml
First Keskin Nane Aromalı Sakız 27 Gr,8690524165136,59.90,59.90,,https://www.sariyermarket.com/first-keskin-nane-aromali-sakiz-27-gr
Schweppes Tonik Pet 1 Lt,5000112666410,90.00,90.00,,https://www.sariyermarket.com/schweppes-tonik-pet-1-lt
Koska Diabetik Çilek Reçeli 240 Gr,8690710006014,169.90,169.90,,https://www.sariyermarket.com/koska-diabetik-cilek-receli-240-gr
Milka Lotus Biscoff 90 Gr,7622202808999,159.90,159.90,,https://www.sariyermarket.com/milka-lotus-biscoff-90-gr
Muni 100% Fıstık Ezmesi 300gr,8697428020967,379.90,379.90,,https://www.sariyermarket.com/muni-100--fistik-ezmesi-300gr
Sebamed Yüz Ve Vücut Temizleme Jeli Likid 200 Ml,4103040115362,729.90,729.90,,https://www.sariyermarket.com/sebamed-yuz-ve-vucut-temizleme-jeli-likid-200-ml
Eti Burçak Tam Buğday Unlu Bisküvi 3 x 131 Gr,8690526691107,59.90,59.90,,https://www.sariyermarket.com/eti-burcak-biskuvi-3lu-393-gr
Uludağ Frutti Extra Mandalina 250 Ml,1500144802281,44.90,44.90,,https://www.sariyermarket.com/uludag-frutti-extra-mandalina-250-ml
Orkid Günlük Ped Normal Ekonomik Paket 40 Ped,8001090484666,139.93,139.93,,https://www.sariyermarket.com/orkid-gunluk-ped-normal-ekonomik-paket-40-ped
Okey Rötar Prezervatif 10'Lu,8693239205180,419.90,419.90,,https://www.sariyermarket.com/okey-rotar-prezervatif-10lu
Saffet Abdullah Fincan Kadayıf 400gr,18692473000107,189.90,189.90,,https://www.sariyermarket.com/saffet-abdullah-fincan-kadayif-400gr
Biber Dolmalık Renkli Kg,2910294000007,255.00,255.00,,https://www.sariyermarket.com/biber-dolmalik-renkli-kg
Lipton Ice Tea Limon Kutu 6X330 Ml,8690574801039,195.00,195.00,,https://www.sariyermarket.com/lipton-ice-tea-limon-kutu-6x330-ml
Uluova Taze Kaşar Peyniri 500 Gr,8685157982229,449.00,449.00,,https://www.sariyermarket.com/uluova-taze-kasar-peyniri-500-gr
Sarıyer Gurme Fava Kg,2900612000000,695.00,695.00,,https://www.sariyermarket.com/sariyer-gurme-fava-kg
Kuzu İncik But Kg,2901032000007,1090.00,1090.00,,https://www.sariyermarket.com/kuzu-incik-but-kg
Poco Loco Nacho Chips 450gr,5412514333362,359.90,359.90,,https://www.sariyermarket.com/poco-loco-nacho-chips-450gr
Sütaş Süt 200 Ml,86907675,19.90,19.90,,https://www.sariyermarket.com/sutas-sut-200-ml
Cf Organik 695gr Domates Puresi,8698518427536,139.90,139.90,,https://www.sariyermarket.com/cf-organik-695gr-domates-puresi
Ülker Albeni Atıştırmalık Çikolatalı 72 Gr,8690504034735,35.00,35.00,,https://www.sariyermarket.com/ulker-albeni-atistirmalik-cikolatali-72-gr
Züber Antep Fıstıklı Sütlü Çikolata 42Gr,,174.90,174.90,,https://www.sariyermarket.com/zuber-antep-fistikli-sutlu-cikolata-42gr
Kuzu Fırın Kg,2901558000000,1170.00,1170.00,,https://www.sariyermarket.com/kuzu-firin-kg
Tabasco Scorpion Acı Biber Sosu 60ml,,329.90,329.90,,https://www.sariyermarket.com/tabasco-scorpion-aci-biber-sosu-60ml
"Fanta Portakal Aromalı Gazoz Pet 2,5 L",5000112670523,80.00,80.00,,https://www.sariyermarket.com/fanta-portakal-aromali-gazoz-pet-2-5-l
Kayısı Iğdır Kg,2902192000005,199.00,199.00,,https://www.sariyermarket.com/kayisi-igdir-kg
Heinz Ketcap Acılı 570 Gr,8696362806200,139.90,139.90,,https://www.sariyermarket.com/heinz-ketcap-acili-570-gr
Toprak Doğal Kelkit Şeker Fasulyesi 500 Gr,8681078702571,649.90,649.90,,https://www.sariyermarket.com/toprak-dogal-kelkit-seker-fasulyesi-500-gr
Irmak Küp Şeker 1000gr,8690380009742,54.90,54.90,,https://www.sariyermarket.com/irmak-kup-seker-1000gr
Göbek Salata Adet,2623013000003,29.90,29.90,,https://www.sariyermarket.com/gobek-salata-adet
Nutella 400gr,80135876,183.50,183.50,,https://www.sariyermarket.com/nutella-400gr
Tat Bezelye Garnitur Cam 550 Gr,8690635060948,99.90,99.90,,https://www.sariyermarket.com/tat-bezelye-garnitur-cam-550-gr
Oral-B Diş Eti ve Diş Minesi Onarıcı Ekstra Ferahlık 75Ml,8006540952306,299.90,299.90,,https://www.sariyermarket.com/oral-b-dis-eti-ve-dis-minesi-onarici-ekstra-ferahlik-75ml
Alaçatı Tuzlu Kurabiye 250 Gr,8680474790076,209.90,209.90,,https://www.sariyermarket.com/alacati-tuzlu-kurabiye-250-gr
Eker Yayık Ayran Cam 330 Ml,8691316520478,55.90,55.90,,https://www.sariyermarket.com/eker-yayik-ayran-cam-330-ml
Friskies Yavru Tavuk Kedi Yaş Mama 85 Gr,7613036964661,36.90,36.90,,https://www.sariyermarket.com/friskies-yavru-tavuk-kedi-yas-mama-85-gr
Kiri Tam Yağlı Taze Peynir 300 Gr,3073781134599,209.90,209.90,,https://www.sariyermarket.com/kiri-tam-yagli-taze-peynir-300-gr
Heinz Sarımsak Sosu 230 gr,8715700411316,129.90,129.90,,https://www.sariyermarket.com/heinz-sarimsak-sosu-230-gr
Listerine Total Care Ağız Suyu 250 Ml,3574661731926,183.92,183.92,,https://www.sariyermarket.com/listerine-total-care-agiz-suyu-250-ml
Vileda Style Yer Temizlik Sistemi Yedek,8690803750510,699.90,699.90,,https://www.sariyermarket.com/vileda-style-yer-temizlik-sistemi-yedek
Veg&Bones Kelle Paça Çorbası 480ml,8682315557794,177.90,177.90,,https://www.sariyermarket.com/veg-bones-kelle-paca-corbasi-480ml
Veg&Bones İlikli Kemik Suyu 500ml,8681648005408,94.90,94.90,,https://www.sariyermarket.com/veg-bones-ilikli-kemik-suyu-500ml
Heinz Mayonez 505 Gr,8696362805227,139.90,139.90,,https://www.sariyermarket.com/heinz-mayonez-505-gr
Protein Ocean Fındıklı Çikolata Protein Bar 50 gr,8682696000704,89.90,89.90,,https://www.sariyermarket.com/protein-ocean-findikli-cikolata-protein-bar-50-gr
Ülker Çizi Çıtır Peynir & Soğan Parti Boy 160 Gr,8690504077596,51.90,51.90,,https://www.sariyermarket.com/ulker-cizi-citir-peynir-sogan-parti-boy-160-gr
Pınar Protein Kahveli Süt 500 Ml,8690565023594,85.90,85.90,,https://www.sariyermarket.com/pinar-protein-kahveli-sut-500-ml
Bizim Paket Margarin 250 Gr,8691375608209,51.90,51.90,,https://www.sariyermarket.com/bizim-paket-margarin-250-gr
Pastavilla Buket Makarna 500 Gr,8690684005051,46.90,46.90,,https://www.sariyermarket.com/pastavilla-buket-makarna-500-gr
Fide Klasik Ton Balığı 2 x 160 Gr,8691405653124,229.90,229.90,,https://www.sariyermarket.com/fide-klasik-ton-baligi-2-x-160-gr
Apikoğlu Kangal Sucuk Kg,2904008000001,2395.00,2395.00,,https://www.sariyermarket.com/apikoglu-kangal-sucuk-kg
Eti Popkek Mini Çikolata Soslu Kakao Kaplamalı Kek 180 Gr,8690526096469,49.90,49.90,,https://www.sariyermarket.com/eti-popkek-mini-cikolata-soslu-kakao-kaplamali-kek-180-gr
Kupiec Deniz Tuzlu Pirinç Patlaği 120 Gr,5902172001555,99.90,99.90,,https://www.sariyermarket.com/kupiec-deniz-tuzlu-pirinc-patlagi-120-gr
Uludağ Limonata Şekersiz 2 Lt,,89.50,89.50,,https://www.sariyermarket.com/uludag-limonata-sekersiz-2-lt
Heinz Ketçap 375 Gr + Mayonez 330 Gr İkili Set,8696362805609,169.90,169.90,,https://www.sariyermarket.com/heinz-ketcap-375-gr-_-mayonez-330-gr-ikili-set
Pınar Organik Labne Peyniri 180 Gr,8690565027653,105.90,105.90,,https://www.sariyermarket.com/pinar-organik-labne-peyniri-180-gr
Pınar Planty Power Vegan Nugget 320Gr,8690527103463,299.90,299.90,,https://www.sariyermarket.com/pinar-planty-power-vegan-nugget-320gr
Vilux Dijon Hardal 200 Gr,3378240301155,269.90,269.90,,https://www.sariyermarket.com/vilux-dijon-hardal-200-gr
Persil Matik Çamaşır Deterjanı Color 5kg,9000101598711,459.90,459.90,,https://www.sariyermarket.com/persil-matik-camasir-deterjani-color-5kg
Perrier Soda 4lu 330ml.,3179730012564,285.00,285.00,,https://www.sariyermarket.com/perrier-soda-4lu-330ml-
Tat Haşlanmiş Kuru Fasulye 800 Gr,8690635063024,89.90,89.90,,https://www.sariyermarket.com/tat-haslanmis-kuru-fasulye-800-gr
Arko Nem Classic Krem Naturel 250ml,8690506520090,239.90,239.90,,https://www.sariyermarket.com/arko-nem-classic-krem-naturel-250ml
Juvenis Hızlı Oje Kurutucu 50 Ml,8680624691901,289.90,289.90,,https://www.sariyermarket.com/wee-baby-damakli-seffaf-des-emzik-no_2
Domates Kokteyl Kg,2923327000004,110.00,110.00,,https://www.sariyermarket.com/domates-kokteyl-kg
Pınar Klasik Kangal Sucuk 225 Gr,8690527020036,419.90,419.90,,https://www.sariyermarket.com/pinar-klasik-kangal-sucuk-225-gr
Kemal Kükrer Cam Kornişon Turşu 720 Ml,8682287363867,149.90,149.90,,https://www.sariyermarket.com/kemal-kukrer-cam-kornison-tursu-720-ml
Balparmak Yayla Çiçek Balı 850 Gr,8690998112186,599.90,599.90,,https://www.sariyermarket.com/balparmak-yayla-cicek-bali-850-gr
Arko Nem Soft Touch 250 ml,8690506520045,239.90,239.90,,https://www.sariyermarket.com/arko-nem-soft-touch--250-ml
Sarıyer Gurme Kangal Sucuk Kg,2923878000003,1550.00,1550.00,,https://www.sariyermarket.com/sariyer-gurme-kangal-sucuk-kg
Züber Şeker İlavesiz Fıstık Ezmeli Hi-Protein Bar 45 Gr,8681630146010,114.50,114.50,,https://www.sariyermarket.com/zuber-seker-ilavesiz-fistik-ezmeli-hi-protein-bar-45-gr
Algida Maraş Sade ve Çilekli 500Ml,8721274646740,150.00,150.00,,https://www.sariyermarket.com/algida-maras-sade-ve-cilekli--500ml
Saklıköy Antep Fıstığı Kremalı Bisküvi 78.5 Gr,8690504081609,34.90,34.90,,https://www.sariyermarket.com/saklikoy-antep-fistigi-kremali-biskuvi-78-5-gr
Elidor 80 Ml Serum Biberiye Yağ,8683130125960,299.90,299.90,,https://www.sariyermarket.com/elidor-80-ml-serum-biberiye-yag
Dr.Oetker Kendiniz Tatlandrırın Vanilyalı Puding 40 Gr,8690629450564,20.93,20.93,,https://www.sariyermarket.com/dr-oetker-kendiniz-tatlandririn-vanilyali-puding-40-gr-
Pınar Organik Süt 200 Ml,8690565003770,31.90,31.90,,https://www.sariyermarket.com/pinar-organik-sut-200-ml
Yayla Gurme Siyah Pirinç 500 Gr,8693374239231,99.90,99.90,,https://www.sariyermarket.com/yayla-gurme-siyah-pirinc-500-gr
Arıcan Bitlis Hizan Doğal Çıtalı Karakovan Balı 350GR,8692970255270,759.90,759.90,,https://www.sariyermarket.com/arican-bitlis-hizan-dogal-citali-karakovan-bali-350gr
Monster Enerji İçeceği Kutu 500 Ml,5061013944373,70.00,70.00,,https://www.sariyermarket.com/monster-enerji-icecegi-kutu-500-ml
Nish Kapsül Kahve 55 Gr Karamel Aromalı,8683583873586,269.90,269.90,,https://www.sariyermarket.com/nish-kapsul-kahve-55-gr-karamel-aromali
Kühne %100 Nar Ekşisi 250ml,8696027014315,299.90,299.90,,https://www.sariyermarket.com/kuhne--100-nar-eksisi-250ml
Orkid Platinum Dörtlü Hijyenik Ped Gece Ekstra 16'lı,8006530170093,167.93,167.93,,https://www.sariyermarket.com/orkid-platinum-dortlu-hijyenik-ped-gece-ekstra-16li-
Pınar Organik Süt 1 Lt,8690565035689,99.90,99.90,,https://www.sariyermarket.com/pinar-organik-sut-1-lt
Fairy 1500 ml Sıvı Bulaşık Deterjanı Elma,8001841780818,209.90,209.90,,https://www.sariyermarket.com/fairy-1500-ml-sivi-bulasik-deterjani-elma
Dr.Oetker Çikolata Şelalesi 195 Gr,8690629430191,123.68,123.68,,https://www.sariyermarket.com/dr-oetker-cikolata-selalesi-195-gr
Calve Hardal Sos 250 Gr,8690637805226,179.90,179.90,,https://www.sariyermarket.com/calve-hardal-sos-250-gr
Algida Bizim Usta Sade 600Ml,5000426107869,165.00,165.00,,https://www.sariyermarket.com/algida-bizim-usta-sade-600ml
Eti Burçak Hindistan Cevizli Kremalı Bisküvi 100 gr,8690526029443,25.00,25.00,,https://www.sariyermarket.com/eti-burcak-hindistan-cevizli-kremali-biskuvi-100-gr
Kemal Kükrer Üzüm Sirkesi Cam 500ml,8691011100500,142.90,142.90,,https://www.sariyermarket.com/kemal-kukrer-uzum-sirkesi-cam-500ml
Dove Şampuan Yoğun Onarıcı 375 Ml,8683130127971,249.90,249.90,,https://www.sariyermarket.com/dove-sampuan-yogun-onarici-375-ml
Alcatra Bacon 100 Gr,8699089585120,450.00,450.00,,https://www.sariyermarket.com/alcatra-bacon-100-gr
SuperFresh Barbunya 450 Gr,8690612403010,219.90,219.90,,https://www.sariyermarket.com/superfresh-barbunya-450-gr
Hero Goodies Peynirli Karabuğday Nohut Cipsi 30 Gr,8681080555271,64.90,64.90,,https://www.sariyermarket.com/hero-goodies-peynirli-karabugday-nohut-cipsi-30-gr
Tat Bezelye Garnitür 340 Gr Cam,8690635060733,59.90,59.90,,https://www.sariyermarket.com/tat-bezelye-garnitur-340-gr-cam
Elidor Brezilya Keratin Terapisi Bakım Kürü 90 ml,8683130111116,349.90,349.90,,https://www.sariyermarket.com/elidor-brezilya-keratin-terapisi-bakim-kuru-90-ml
Dr Pepper 330ml,8435185944009,109.90,109.90,,https://www.sariyermarket.com/dr-pepper-330ml
Eti Popkek Hindistan Cevizli Kek 60 Gr,8690526066233,15.00,15.00,,https://www.sariyermarket.com/eti-popkek-hindistan-cevizli-kek-60-gr
Hellmann's Acılı Mayonez 230 Gr,8683130094952,154.90,154.90,,https://www.sariyermarket.com/hellmanns-acili-mayonez-230-gr
Peyman Bahçeden Kavrulmuş Yer Fıstığı 175 Gr,8695876060306,82.50,82.50,,https://www.sariyermarket.com/peyman-bahceden-kavrulmus-yer-fistigi-175-gr
Herby Yeşil Çay Mango & Ananas 18'li 27 Gr,8682450832848,119.90,119.90,,https://www.sariyermarket.com/herby-yesil-cay-mango-ananas-18li-27-gr
Borbone Kapsül Kahve Crema Classica 50Gr,850052572204,279.90,279.90,,https://www.sariyermarket.com/borbone-kapsul-kahve-crema-classica-50gr
Koska Tahin Cam Kavanoz 300 Gr,8690710030323,144.90,144.90,,https://www.sariyermarket.com/koska-tahin-cam-kavanoz-300-gr
Lestello Glutensiz Nohut Patlağı 135 Gr,5902609001400,229.90,229.90,,https://www.sariyermarket.com/lestello-glutensiz-nohut-patlagi-135-gr
Glütensiz Ada Fındıklı Kurabiye 117 Gr,8681705100039,144.90,144.90,,https://www.sariyermarket.com/glutensiz-ada-findikli-kurabiye-117-gr
Orkid Platinum Dörtlü Hijyenik Ped Uzun 18'li,8006530169998,167.93,167.93,,https://www.sariyermarket.com/orkid-platinum-dortlu-hijyenik-ped-uzun-18li
Coca Cola Light 4X1 Lt,5000112665284,229.90,229.90,,https://www.sariyermarket.com/coca-cola-light-4x1-lt
Sütaş Orman Meyveli Yoğurt 500 Gr,8690767673658,84.90,84.90,,https://www.sariyermarket.com/sutas-orman-meyveli-yogurt-500-gr
Long Chips Acı Biber Aromalı Çerez 75 Gr,4750127000648,99.90,99.90,,https://www.sariyermarket.com/long-chips-aci-biber-aromali-cerez-75-gr
Eker Efsane Yoğurt 750gr,8691316521468,99.90,99.90,,https://www.sariyermarket.com/eker-efsane-yogurt-750gr
Yayla Haşlanmış Suyu Süzülmüş Meksika Fasulyesi 150 g,8693374265476,59.90,59.90,,https://www.sariyermarket.com/yayla-haslanmis-suyu-suzulmus-meksika-fasulyesi-150-g
"Magnum Mini Classic, Badem, Beyaz 345 Ml 6'lı",8690637860416,269.00,269.00,,https://www.sariyermarket.com/magnum-mini-classic-badem-beyaz-345-ml-6li
Pınar Ekonomik Pizza 800 Gr 4'lü,8690527110102,349.90,349.90,,https://www.sariyermarket.com/pinar-ekonomik-pizza-800-gr-4lu
Lezzet Mantı Üçgen Dana Kıymalı 500 Gr,8697806590136,179.90,179.90,,https://www.sariyermarket.com/lezzet-manti-ucgen-dana-kiymali-500-gr
Elidor 400Ml Kepeğe Karşı 2in1 Şampuan,8683130049518,219.90,219.90,,https://www.sariyermarket.com/elidor-400ml-kepege-karsi-2in1-sampuan
Chupa Chups Popcorn Çilek Aromalı Mısır Patlağı 90 Gr,8720892211620,239.90,239.90,,https://www.sariyermarket.com/chupa-chups-popcorn-cilek-aromali-misir-patlagi-90-gr
Massimo Kuruvasan Red Fruits 270 Gr 6 Lı,8050705434466,149.90,149.90,,https://www.sariyermarket.com/massimo-kuruvasan-red-fruits-270-gr-6-li
"Erikli Su 0,33 Lt",8690793020037,17.90,17.90,,https://www.sariyermarket.com/erikli-su-0-33-lt
Teksüt Çeçil Peyniri 200 Gr,8690158004078,129.90,129.90,,https://www.sariyermarket.com/teksut-cecil-peyniri-200-gr
Dreamies Sığır Etli ve Peynirli Kedi Ödülü 60 gr,4008429055331,79.90,79.90,,https://www.sariyermarket.com/dreamies-sigir-etli-ve-peynirli-kedi-odulu-60-gr
Polo Naneli Şeker 34 Gr,50189779,24.95,24.95,,https://www.sariyermarket.com/polo-naneli-seker-34-gr
Kinder Süt Dilimi 28 Gr,40084725,18.90,18.90,,https://www.sariyermarket.com/kinder-sut-dilimi-28-gr
Ülker Çizi Çıtır Peynir & Biftek 50 Gr,8690504077558,19.90,19.90,,https://www.sariyermarket.com/ulker-cizi-citir-peynir-biftek-50-gr
Bağdat Kekik 60gr,8690560019127,199.90,199.90,,https://www.sariyermarket.com/bagdat-kekik-60gr
Eti Lifalif Bitter Çikolatalı Yulaf Bar 35 Gr,8690526748344,37.50,37.50,,https://www.sariyermarket.com/eti-lifalif-bitter-cikolatali-yulaf-bar-35-gr
Kinder Süt Dilimi Çilek 28Gr,80844983,23.90,23.90,,https://www.sariyermarket.com/kinder-sut-dilimi-cilek-28gr
Vileda Mikrofiberli Temizlik Bezi 4'Lü,8690803760212,259.90,259.90,,https://www.sariyermarket.com/vileda-mikrofiberli-temizlik-bezi-4lu
Ülker Çikolata İstanbul Fındıklı Baton 35G,8683508150563,27.90,27.90,,https://www.sariyermarket.com/ulker-cikolata-istanbul-findikli-baton-35g
Dr.Oetker Puding Çikolata Parçalı 115 Gr,8690629430290,38.93,38.93,,https://www.sariyermarket.com/dr-oetker-puding-cikolata-parcali-115-gr
Sarıyer Gurme Koyun Beyaz Peynir 300 Gr,8699089581924,265.00,265.00,,https://www.sariyermarket.com/sariyer-gurme-koyun-beyaz-peynir-300-gr
Sütaş Çikolatalı Süt 200 Ml,8690767160264,19.50,19.50,,https://www.sariyermarket.com/sutas-cikolatali-sut-200-ml
Activia X2 Probiyotik Shot Ahududu Hibiskus 80 Ml,8696368041698,37.50,37.50,,https://www.sariyermarket.com/activia-x2-probiyotik-shot-ahududu-hibiskus-80-ml
Nish Beyaz Çikolata Aromalı Şurup 250 Ml,8682279237817,114.90,114.90,,https://www.sariyermarket.com/nish-beyaz-cikolata-aromali-surup-250-ml
Nescafe 3ü 1 Arada Extra 16.5gr 10'lu Paket,8690632019420,99.90,99.90,,https://www.sariyermarket.com/nescafe-3u-1-arada-extra-16-5gr--10lu-paket
Doğruluk Koyun Peyniri Kg,2900849000002,825.00,825.00,,https://www.sariyermarket.com/dogruluk-koyun-peyniri-kg
Bağdat Hindistan Cevizi 160 Gr,8690560019134,164.90,164.90,,https://www.sariyermarket.com/bagdat-hindistan-cevizi-160-gr
Muni Ballı Tarçınlı Yer Fıstığı Topu 80gr,8697428021117,119.90,119.90,,https://www.sariyermarket.com/muni-balli-tarcinli-yer-fistigi-topu-80gr
Arbella Plus Glutensiz Spaghetti 400 Gr,8697430885554,114.90,114.90,,https://www.sariyermarket.com/arbella-plus-glutensiz-spaghetti-400-gr
Heinz Hot Chilli Sos 245 Gr,8715700411330,129.90,129.90,,https://www.sariyermarket.com/heinz-hot-chilli-sos-245-gr
Chefline Soya Sosu Asia 150ML,8697418669619,69.90,69.90,,https://www.sariyermarket.com/chefline-soya-sosu-asia-150ml
Proline Kuzu Etli&Pirinçli Yetişkin Kedi Maması 400 Gr,8698995030717,159.90,159.90,,https://www.sariyermarket.com/proline-kuzu-etli-pirincli-yetiskin-kedi-mamasi-400-gr
Eti Etimek Tuzsuz Kızarmış Ekmek 148 Gr,8690526037028,56.00,56.00,,https://www.sariyermarket.com/eti-etimek-tuzsuz-kizarmis-ekmek-148-gr
Aptamil 4 Çocuk Devam Sütü 800 G 1+ Yaş Akıllı Kutu,8699745030469,1149.90,1149.90,,https://www.sariyermarket.com/aptamil-4-cocuk-devam-sutu-800-g-1_-yas-akilli-kutu
Pakmaya Puding Kakaolu 145gr,8690770324783,42.90,42.90,,https://www.sariyermarket.com/pakmaya-puding-kakaolu-145gr
Froods Vai Vai Mocktail 330 Ml,8697404767008,219.90,219.90,,https://www.sariyermarket.com/froods-vai-vai-mocktail-330-ml
Papia Home Asmalı Havlu 250'Li,8690536027392,199.90,199.90,,https://www.sariyermarket.com/papia-home-asmali-havlu-250li
Billur Tuz İyotlu Piknik Tuzu 125 Gr,8690771130123,30.90,30.90,,https://www.sariyermarket.com/billur-tuz-iyotlu-piknik-tuzu-125-gr
Eti Karam %54 Kakaolu Antep Fıstıklı Bitter Çikolata 60 Gr,8690526047768,102.00,102.00,,https://www.sariyermarket.com/eti-karam-54-kakaolu-antep-fistikli-bitter-cikolata-60-gr
Tat Acı Biber Salçası 550 Gr,8690635030569,129.90,129.90,,https://www.sariyermarket.com/tat-aci-biber-salcasi-550-gr
Elidor İpeksi Yumuşaklık Saç Kremi 350 Ml,8683130111833,199.90,199.90,,https://www.sariyermarket.com/elidor-ipeksi-yumusaklik-sac-kremi-350-ml
Reine Hardal Taneli 200gr,3563490017714,239.90,239.90,,https://www.sariyermarket.com/reine-hardal-taneli-200gr
Sinangil Un 2000gr,8693634200025,90.95,90.95,,https://www.sariyermarket.com/sinangil-un-2000gr
Fırst 60Dk Keskin Nane 27gr,7622201691219,59.90,59.90,,https://www.sariyermarket.com/first-60dk-keskin-nane-27gr
Altınkılıç Kefir Sade 250 Ml,8692886310810,51.90,51.90,,https://www.sariyermarket.com/altinkilic-kefir-sade-250-ml
Okey Kayganlaştirici Jel Çilekli 50ml,8683229604413,419.90,419.90,,https://www.sariyermarket.com/okey-kayganlastirici-jel-cilekli-50ml
Sarıyer Gurme Koyun Beyaz Peynir 500 Gr,8699089587971,345.00,345.00,,https://www.sariyermarket.com/sariyer-gurme-koyun-beyaz-peynir-500-gr
Felix Lezzetli Dilimler Yaş Mama Somonlu 80 Gr,7613037430493,40.95,40.95,,https://www.sariyermarket.com/felix-lezzetli-dilimler-yas-mama-somonlu-80-gr
Sarıyer Gurme İncir 400 Gr,8699089580309,279.90,279.90,,https://www.sariyermarket.com/sariyer-gurme-incir-400-gr
Kartal Tup Tarama 90gr,8693727000013,269.90,269.90,,https://www.sariyermarket.com/kartal-tup-tarama-90gr
Superfresh Vişne 350gr,8690612479251,414.90,414.90,,https://www.sariyermarket.com/superfresh-visne-350gr
Perwoll Sıvı Çamaşır Deterjanı 2970L Siyah,9000101814514,399.90,399.90,,https://www.sariyermarket.com/perwoll-sivi-camasir-deterjani-2970l-siyah
Bioblas Saç Dökülmesine Karşı Yağlı Saçlar İçin Şampuan 360 Ml,8697432094039,209.90,209.90,,https://www.sariyermarket.com/bioblas-sac-dokulmesine-karsi-yagli-saclar-icin-sampuan-360-ml
Ülker Kremalı Rondo Muzlu Bisküvi 61 Gr,8690504111030,15.00,15.00,,https://www.sariyermarket.com/ulker-kremali-rondo-muzlu-biskuvi-61-gr
Keskinoğlu Tz. Tabaklı Izgara Tava Map Kg,,349.00,349.00,,https://www.sariyermarket.com/keskinoglu-tz-tabakli-izgara-tava-map-kg
Dr.Oetker Glutensiz Kakaolu Puding 147 Gr,8690629443849,50.18,50.18,,https://www.sariyermarket.com/dr-oetker-glutensiz-kakaolu-puding-147-gr
Sütaş Süzme Yoğurt 375 Gr,8681324005883,77.90,77.90,,https://www.sariyermarket.com/sutas-suzme-yogurt-375-gr
Coca Cola 2.5 Lt,5000112670882,89.50,89.50,,https://www.sariyermarket.com/coca-cola-2-5-lt
Eminali Naturel Sızma Zeytinyağı 750 ml,8697160101023,449.90,449.90,,https://www.sariyermarket.com/eminali-naturel-sizma-zeytinyagi-750-ml
Colgate Üçlü Etki Diş Macunu 150 Ml,8718951717299,134.93,134.93,,https://www.sariyermarket.com/colgate-uclu-etki-dis-macunu-150-ml
Ülker 9 Kat Tat İnce İnce Limon 114 Gr,8690504085348,40.00,40.00,,https://www.sariyermarket.com/ulker-9-kat-tat-ince-ince-limon-114-gr
Elta Organik Günlük Pastörize İnek Süt 1 Lt,8697940410406,150.00,150.00,,https://www.sariyermarket.com/elta-organik-gunluk-pastorize-inek-sut-1-lt
Sarıyer Gurme Kuzu Kuru Füme Et Kg,2901540000001,4150.00,4150.00,,https://www.sariyermarket.com/sariyer-gurme-kuzu-kuru-fume-et-kg
Tadım Bol Tuzlu Siyah Ayçekirdeği 100 Gr,8690787261026,32.00,32.00,,https://www.sariyermarket.com/tadim-bol-tuzlu-siyah-aycekirdegi-100-gr
Çaykur Kamelya Çay 500 Gr,8690105000184,221.90,221.90,,https://www.sariyermarket.com/caykur-kamelya-cay-500-gr
Sensodyne Klinik Onarım Aktif Beyazlık Diş Macunu 75 Ml,8681291341335,349.90,349.90,,https://www.sariyermarket.com/sensodyne-klinik-onarim-aktif-beyazlik-dis-macunu-75-ml
Omo Leke Çıkarıcı Renkliler 1 L,8683130133965,199.90,199.90,,https://www.sariyermarket.com/omo-leke-cikarici-renkliler-1-l
Doga Evi Nohut Unu 250Gr,8681110220735,69.90,69.90,,https://www.sariyermarket.com/doga-evi-nohut-unu-250gr
Dry Dana T-Bone Steak Kg,2901153000009,3950.00,3950.00,,https://www.sariyermarket.com/dry-dana-t-bone-steak-kg
Cornetto Classico Kaymak Dondurma 125 Ml,8690637820052,50.00,50.00,,https://www.sariyermarket.com/cornetto-classico-kaymak-dondurma-125-ml
Tat Domates Püresi 200 Gr,8690635720415,30.90,30.90,,https://www.sariyermarket.com/tat-domates-puresi-200-gr
Fellas Kakao & Hindistan Cevizli Yüksek Protein Bar 45 Gr,8681185086090,99.95,99.95,,https://www.sariyermarket.com/fellas-kakao---hindistan-cevizli-yuksek-protein-bar-45-gr
Arıcan Kır Çiçekleri Petek Balı 500gr,8692970296006,599.90,599.90,,https://www.sariyermarket.com/arican-kir-cicekleri-petek-bali-500gr
Doğa Evi Badem Unu 250gr,8681110220292,449.90,449.90,,https://www.sariyermarket.com/doga-evi-badem-unu-250gr
Kinder Bueno 43gr,80052760,43.90,43.90,,https://www.sariyermarket.com/kinder-bueno-43gr
"Nivea Dudak Bakım Kremi ve Parlatıcısı Kiraz 4,8 g 24 Saat Nem",4006000002071,359.90,359.90,,https://www.sariyermarket.com/nivea-dudak-bakim-kremi-ve-parlaticisi-kiraz-4-8-g-24-saat-nem
Frosch Bulaşık Deterjanı Yeşil Limon 750 Ml,4009175924445,169.90,169.90,,https://www.sariyermarket.com/frosch-bulasik-deterjani-yesil-limon-750-ml
"Coca Cola 2,5lt Zero",5000112670448,89.50,89.50,,https://www.sariyermarket.com/coca-cola-2-5lt-zero
Sarıyer Gurme Tost Kaşar Peyniri Kg,2915161000005,545.00,545.00,,https://www.sariyermarket.com/sariyer-gurme-tost-kasar-peyniri-kg
President Gouda Peyniri 220gr,8692971433653,279.00,279.00,,https://www.sariyermarket.com/president-gouda-peyniri-220gr
Real Thai Pirinç Şehriyesi 250 Gr,8858135001537,219.90,219.90,,https://www.sariyermarket.com/real-thai-pirinc-sehriyesi-250-gr
Züber %100 Fıstık Ezmeli Noutos 55 Gr,8681630410258,59.90,59.90,,https://www.sariyermarket.com/zuber-100-fistik-ezmeli-noutos-55-gr
Magnum Utopia Karamel 85 Ml,8683130095652,90.00,90.00,,https://www.sariyermarket.com/magnum-utopia-karamel-85-ml
Dardanel Sushida California Onigiri 125 Gr,8690559023500,146.25,146.25,,https://www.sariyermarket.com/dardanel-sushida-california-onigiri-125-gr
İçim Tereyağ Kozalak 225 Gr,8692971440989,215.90,215.90,,https://www.sariyermarket.com/icim-tereyag-kozalak-225-gr
Proteın Ocean Bar Tıramisü 50GR,8682696740440,89.90,89.90,,https://www.sariyermarket.com/protein-ocean-bar-tiramisu-50gr
Toprak Doğal Acılı Tarhana Cipsi 80 Gr,8681078702892,125.90,125.90,,https://www.sariyermarket.com/toprak-dogal-acili-tarhana-cipsi-80-gr
Doytat Mısır Unu 350gr,8697826340452,47.90,47.90,,https://www.sariyermarket.com/doytat-misir-unu-350gr
Pet's Family Gurme Yetişkin Kedi Maması 1000+300Gr,8681085426705,244.93,244.93,,https://www.sariyermarket.com/pets-family-gurme-yetiskin-kedi-mamasi-1000_300gr
Alacati Üzümlü Kurabiye 250Gr,8680474790083,209.90,209.90,,https://www.sariyermarket.com/alacati-uzumlu-kurabiye-250gr
Levrek Deniz (800-1000) Kg,2923896000009,1200.00,1200.00,,https://www.sariyermarket.com/levrek-deniz-800-1000-kg
Granoro Penne Rigata Makarna 500 gr,8007290931771,129.90,129.90,,https://www.sariyermarket.com/granoro-penne-rigata-makarna-500-gr
Elidor 80 Ml Serum İpeksi Yumuşaklık,8683130111093,299.90,299.90,,https://www.sariyermarket.com/elidor-80-ml-serum-ipeksi-yumusaklik
Yörük Ana Collagen Sirkesi 500ml,8684059049887,349.90,349.90,,https://www.sariyermarket.com/yoruk-ana-collagen-sirkesi-500ml
Yemelix Dondurularak Kurutulmuş Kavun 15 Gr,8684802316051,89.90,89.90,,https://www.sariyermarket.com/yemelix-dondurularak-kurutulmus-kavun-15-gr
Ülker Tablet Çikolata Bitter 70 Gr,8690766157777,92.50,92.50,,https://www.sariyermarket.com/ulker-tablet-cikolata-bitter-70-gr
Orvital Organik Tavuk Bonfile Kg,2819005000001,1200.00,1200.00,,https://www.sariyermarket.com/orvital-organik-tavuk-bonfile-kg
Mc Vitie's Cracker Crisps Sour Cream&Chive 110 Gr,8690504108115,55.00,55.00,,https://www.sariyermarket.com/mc-vities-cracker-crisps-sour-cream-chive-110-gr
Yayla Salata Hazır Acı Miks 120 Gr,8693374264189,76.90,76.90,,https://www.sariyermarket.com/yayla-salata-hazir-aci-miks-120-gr
Falim Sakiz 5li Isil Nane 8gr,8690524155335,17.90,17.90,,https://www.sariyermarket.com/falim-sakiz-5li-isil-nane-8gr
Züber Nutzilla Kakaolu Fındık Kreması 315 Gr,8681630361017,349.90,349.90,,https://www.sariyermarket.com/zuber-nutzilla-kakaolu-findik-kremasi-315-gr
Activia İyi Hisset Probiyotik Bowl Yaban Mersini 150 Gr,8696368202457,64.00,64.00,,https://www.sariyermarket.com/activia-iyi-hisset-probiyotik-bowl-yaban-mersini-150-gr
Sade Organik Domates Puresi 680 Gr,8697463010039,109.90,109.90,,https://www.sariyermarket.com/sade-organik-domates-puresi-680-gr
Dimes Cool Mix Böğürtlen 310 Ml,8690558041468,60.00,60.00,,https://www.sariyermarket.com/dimes-cool-mix-bogurtlen-310-ml
Sütaş Kaymaklı Yoğurt 1750 Gr,8690767675096,165.90,165.90,,https://www.sariyermarket.com/sutas-kaymakli-yogurt-1750-gr
Pril Elde Yıkama Sıvı Bulaşık Deterjan 750 g Losyon,8690572400548,109.90,109.90,,https://www.sariyermarket.com/pril-elde-yikama-sivi-bulasik-deterjan-750-g-losyon
Balparmak Süzme Çam Balı Çıt Kapak 350 Gr,8690998117228,439.90,439.90,,https://www.sariyermarket.com/balparmak-suzme-cam-bali-cit-kapak-350-gr
Doğadan Böğürtlen Çayı Poşet 20'li,8699432211133,86.18,86.18,,https://www.sariyermarket.com/dogadan-bogurtlen-cayi-poset-20li
Lurpak Sürülebilir Tuzsuz Tereyağı 250 gr,5740900103726,494.90,494.90,,https://www.sariyermarket.com/lurpak-surulebilir-tuzsuz-tereyagi-250-gr
Nestle Nesfit Çikolatalı Granola 300 Gr,8445291594838,159.90,159.90,,https://www.sariyermarket.com/nestle-nesfit-cikolatali-granola-300-gr
Neutrogena Yoğun Bakım Kremi 200ml,3574661755397,199.90,199.90,,https://www.sariyermarket.com/neutrogena-yogun-bakim-kremi-200ml
"Ariel 1,5 kg Toz Çamaşır Deterjanı Parlak Renkler",5413149635135,189.90,189.90,,https://www.sariyermarket.com/ariel-1-5-kg-toz-camasir-deterjani-parlak-renkler
Melis Çubuk SalatalıkTurşusu 720ml,8699073290719,189.90,189.90,,https://www.sariyermarket.com/melis-cubuk-salataliktursusu-720ml
Suprapet Kısırlaştırılmış Kedi Tavuklu 500 Gr,8684272331745,149.90,149.90,,https://www.sariyermarket.com/suprapet-kisirlastirilmis-kedi-tavuklu-500-gr
Yumoş Sıvı Deterjan Tüm Renkler 2.5 L,8683130123652,384.90,384.90,,https://www.sariyermarket.com/yumos-sivi-deterjan-tum-renkler-2-5-l
Kelloggs Special K Çikolata Hindistan Cevizli 300gr,8682530221302,239.90,239.90,,https://www.sariyermarket.com/kelloggs-special-k-cikolata-hindistan-cevizli-300gr
Rıchland Granola Yulaflı ve Kakaolu 330 Gr,8694023910488,139.90,139.90,,https://www.sariyermarket.com/richland-granola-yulafli-ve-kakaolu-330-gr
Sarıyer Gurme Sıkma Greyfurt Suyu 1 Lt,8600000427542,269.00,269.00,,https://www.sariyermarket.com/sariyer-gurme-sikma-greyfurt-suyu-1-lt
Pınar Burger 225 Gr,8690527100011,329.90,329.90,,https://www.sariyermarket.com/pinar-burger-225-gr
Danone Süprix Marvel Oyuncak Hediyeli Çilekli Yoğurt,8696368202433,57.50,57.50,,https://www.sariyermarket.com/danone-suprix-marvel-oyuncak-hediyeli-cilekli-yogurt
Züber Nutzilla Sade Fındık Kreması 315 Gr,8681630799919,349.90,349.90,,https://www.sariyermarket.com/zuber-nutzilla-sade-findik-kremasi-315-gr
Tat Tatlı Biber Salçası 550 Gr Cam,8690635030552,129.90,129.90,,https://www.sariyermarket.com/tat-tatli-biber-salcasi-550-gr-cam
Pedigree Biscrock Ödül Bisküvisi 200 Gr,9003579302545,124.90,124.90,,https://www.sariyermarket.com/pedigree-biscrock-odul-biskuvisi-200-gr
Arıcan Ihlamur Çicekleri Balı 440gr,8692970634402,479.90,479.90,,https://www.sariyermarket.com/arican-ihlamur-cicekleri-bali-440gr
Wefood Glütensiz Granola Kırmızı Meyve&Badem 250 Gr,8683347035397,250.00,250.00,,https://www.sariyermarket.com/wefood-glutensiz-granola-kirmizi-meyve-badem-250-gr
Armut Ankara Kg,2924090000000,155.00,155.00,,https://www.sariyermarket.com/armut-ankara-kg
Sinangil Glutensiz Un 500 Gr,8697702981205,84.90,84.90,,https://www.sariyermarket.com/sinangil-glutensiz-un-500-gr
Sarıyer Gurme Tulum Peyniri 250 Gr,8699085869200,175.00,175.00,,https://www.sariyermarket.com/sariyer-gurme-tulum-peyniri-250-gr
"Eti Petibör Kakaolu Kremalı 22,5 Gr",8690526065335,7.00,7.00,,https://www.sariyermarket.com/eti-petibor-kakaolu-kremali-22-5-gr
Superfresh Doğranmış Soğan 450 Gr,8690612423247,99.90,99.90,,https://www.sariyermarket.com/superfresh-dogranmis-sogan-450-gr
Wefood Fıstık Ezmesi %100 Sade 300Gr,8682392174013,295.00,295.00,,https://www.sariyermarket.com/wefood-fistik-ezmesi-100-sade-300gr
Prima Aktif Bebek Ekonomik Paket 6 Beden 13+ Kg 40 Adet,8001841130057,510.93,510.93,,https://www.sariyermarket.com/prima-aktif-bebek-ekonomik-paket-6-beden-13_-kg-40-adet
Primavera Fesleğenli Gauda Peyniri 150Gr,86990895894252,535.00,535.00,,https://www.sariyermarket.com/primavera-feslegenli-gauda-peyniri-150gr
Nivea Pürüzsüz El ve Vücut Bakım Kremi 400ML,4006000180762,499.90,499.90,,https://www.sariyermarket.com/nivea-puruzsuz-el-ve-vucut-bakim-kremi-400ml
Schweppes Mandalina Cam 250 Ml,54023710,62.90,62.90,,https://www.sariyermarket.com/schweppes-mandalina-cam-250-ml
İçim Zeytinli Kekikli Labne 180 Gr,8692971431079,72.90,72.90,,https://www.sariyermarket.com/icim-zeytinli-kekikli-labne-180-gr
Elite Detox Skinny 200 Ml,8697404764977,89.90,89.90,,https://www.sariyermarket.com/elite-detox-skinny-200-ml
Niğde Gazozu Şekersiz 250Ml,8697448890038,14.90,14.90,,https://www.sariyermarket.com/nigde-gazozu-sekersiz-250ml
Kühne Alman Tipi Kornison Turşusu 370gr,8696027014018,169.90,169.90,,https://www.sariyermarket.com/kuhne-alman-tipi-kornison-tursusu-370gr
Nestle Bol Sütlü Kare Çikolata 60 Gr,8690632242941,76.95,76.95,,https://www.sariyermarket.com/nestle-bol-sutlu-kare-cikolata-60-gr
Kurukahveci Mehmet Efendi Espresso Öğütülmüş Kahve 250 Gr,8690627000945,289.90,289.90,,https://www.sariyermarket.com/kurukahveci-mehmet-efendi-espresso-ogutulmus-kahve-250-gr
Egos Wax Ultra Güçlü Tutuş 100 Ml,8690530041592,329.90,329.90,,https://www.sariyermarket.com/egos-wax-ultra-guclu-tutus-100-ml
Coca Cola Vanilla 330Ml,5449000098917,145.00,145.00,,https://www.sariyermarket.com/coca-cola-vanilla-330ml
Tadım Kabuklu Yer Fıstığı 250 Gr,8690787321102,85.00,85.00,,https://www.sariyermarket.com/tadim-kabuklu-yer-fistigi-250-gr
Hasata Derinkuyu Kuru Fasulye 1000 Gr,8697423961906,114.90,114.90,,https://www.sariyermarket.com/hasata-derinkuyu-kuru-fasulye-1000-gr
Polonez Hindi Füme Eti Zeytinyağlı & Kekikli 50 Gr,8693407004843,48.50,48.50,,https://www.sariyermarket.com/polonez-hindi-fume-eti-zeytinyagli-kekikli-50-gr
Biber Kırmızı Kg,2910283000001,115.00,115.00,,https://www.sariyermarket.com/biber-kirmizi-kg
Eti Burçak Tuzlu Çörek Otlu Bisküvi 273 Gr,8690526032955,70.50,70.50,,https://www.sariyermarket.com/eti-burcak-tuzlu-corek-otlu-biskuvi-273-gr
Kikkoman Wok Sos 250ml,8715035230309,529.90,529.90,,https://www.sariyermarket.com/kikkoman-wok-sos-250ml
Carte D'or Petite Bar Caramella 6'lı 276 Ml,8721274616705,250.00,250.00,,https://www.sariyermarket.com/carte-dor-petite-bar-caramella-6li-276-ml
İçim Orman Meyveli Kefir 1 Lt,8692971429410,119.90,119.90,,https://www.sariyermarket.com/icim-orman-meyveli-kefir-1-lt
Cappy Atom Karışık Meyve Nektarı 200 ML,40822600,19.90,19.90,,https://www.sariyermarket.com/cappy-atom-karisik-meyve-nektari-200-ml
Whiskas Kuru Tavuklu Kedi Maması 300gr,5998749144220,129.90,129.90,,https://www.sariyermarket.com/whiskas-kuru-tavuklu-kedi-mamasi-300gr
Ülker Hanımeller Fındıklı Rulo 82 Gr,8690504011804,20.00,20.00,,https://www.sariyermarket.com/ulker-hanimeller-findikli-rulo-82-gr
Eti Crax Baharatlı Çubuk Kraker 175 Gr,8690533084237,40.00,40.00,,https://www.sariyermarket.com/eti-crax-baharatli-cubuk-kraker-175-gr
Elidor 400Ml Sağlık Uzayan Şampuan,8683130049556,219.90,219.90,,https://www.sariyermarket.com/elidor-400ml-saglik-uzayan-sampuan
Pepsi Max Çilek & Cream 330 Ml,8690574118830,39.90,39.90,,https://www.sariyermarket.com/pepsi-max-cilek-cream-330-ml
Bagdat Akdeniz Makarna Pizza Çeşnisi 50 Gr,8690560034243,169.90,169.90,,https://www.sariyermarket.com/bagdat-akdeniz-makarna-pizza--cesnisi-50-gr
Oreo Milk Snack 30 Gr,90441028,57.90,57.90,,https://www.sariyermarket.com/oreo-milk-snack-30-gr
Magnum Beyaz 100 Ml,8690637721106,90.00,90.00,,https://www.sariyermarket.com/magnum-beyaz-100-ml
Algida Classics Vanilya 65 Ml,8690637947957,20.00,20.00,,https://www.sariyermarket.com/algida-classics-vanilya-65-ml
Arican Organik Siirt Pervari Balı 250gr,8692970111119,979.90,979.90,,https://www.sariyermarket.com/arican-organik-siirt-pervari-bali-250gr
Pastavilla Bronz Kalıp Linguini 500 Gr,8690684900080,77.90,77.90,,https://www.sariyermarket.com/pastavilla-bronz-kalip-linguini-500-gr
Toprak Doğal Kahta Bademi 190gr,8681078704247,499.90,499.90,,https://www.sariyermarket.com/toprak-dogal-kahta-bademi-190gr
Acetum Blaze Balsamik Glaze Sosu 475gr,8015352303909,329.90,329.90,,https://www.sariyermarket.com/acetum-blaze-balsamik-glaze-sosu-475gr
Bağdat Yeni Bahar 40 Gr,8690560370211,99.90,99.90,,https://www.sariyermarket.com/bagdat-yeni-bahar-40-gr
Vivident Storming Sakiz Çilek Aromali,80894889,59.90,59.90,,https://www.sariyermarket.com/vivident-storming-sakiz-cilek-aromali
Activia Shot X2 Probiyotik Sade 4x80 Ml,8696368220017,129.50,129.50,,https://www.sariyermarket.com/activia-shot-x2-probiyotik-sade-4x80-ml
Elmasoğlu Pelmeni Mantı Dana Etli 350 Gr,8681807069265,339.00,339.00,,https://www.sariyermarket.com/elmasoglu-pelmeni-manti-dana-etli-350-gr
Yayla Köftelik Bulgur 1 Kg,8693374011134,64.90,64.90,,https://www.sariyermarket.com/yayla-koftelik-bulgur-1-kg
Heidi Ahududulu Cheesecake Dolgulu Çikolata 55 Gr,5941021029241,99.90,99.90,,https://www.sariyermarket.com/heidi-ahududulu-cheesecake-dolgulu-cikolata-55gr
Pakmaya Şeker İlavesiz Bitter Pul Çikolata 70 Gr,8690770334362,145.90,145.90,,https://www.sariyermarket.com/pakmaya-seker-ilavesiz-bitter-pul-cikolata-70-gr
Hasata Basmati Pirinç 1000 Gr,8684252801152,199.90,199.90,,https://www.sariyermarket.com/hasata-basmati-pirinc-1000-gr
Keskinoğlu Tabaklı Piliç Baget Kg,2816317000002,135.00,135.00,,https://www.sariyermarket.com/keskinoglu-tabakli-pilic-baget-kg
Johnsons Hafif Parfümlü Bebek Vazelini 100 ml,6003001030780,214.90,214.90,,https://www.sariyermarket.com/johnsons-hafif-parfumlu-bebek-vazelini-100-ml
Bounty 57 Gr,5000159558280,64.95,64.95,,https://www.sariyermarket.com/bounty-57-gr
Doga Evi Yulaf Ezmesi 400gr,8681110220049,79.90,79.90,,https://www.sariyermarket.com/doga-evi-yulaf-ezmesi-400gr
Wefood Glutensiz Granola Kuru İncir & Cevizli 60 Gr,8683347035571,75.00,75.00,,https://www.sariyermarket.com/wefood-glutensiz-granola-kuru-incir-cevizli-60-gr
Barilla Mini Midye Makarna (Conchiglie Rigate) 500 Gr,8690579140607,59.90,59.90,,https://www.sariyermarket.com/barilla-mini-midye-makarna-conchiglie-rigate-500-gr
Uludag Frutti Karpuz-Çilek 200 Ml,86949705,19.00,19.00,,https://www.sariyermarket.com/uludag-frutti-karpuz-cilek-200-ml
Sütaş Light Yoğurt 4x125gr,8690767710407,61.90,61.90,,https://www.sariyermarket.com/sutas-light-yogurt-4x125gr
Dardanel Sushida Somon Teriyaki Onigiri 125 Gr,8690559023494,146.25,146.25,,https://www.sariyermarket.com/dardanel-sushida-somon-teriyaki-onigiri-125-gr
Golden Goat 3 Keçi Bebek Sütü 400 Gr,9421025232138,699.90,699.90,,https://www.sariyermarket.com/golden-goat-3-keci-bebek-sutu-400-gr
Molped Süper Night Süper Gece 14lü,8690536829187,139.90,139.90,,https://www.sariyermarket.com/molped-super-night-super-gece-14lu
Whiskas Poşet Yaş Kedi Maması 85 Gr,5900951302169,39.90,39.90,,https://www.sariyermarket.com/whiskas-poset-yas-kedi-mamasi-85-gr
Mövenpick Çilekli Fermente Süt Ürünü 100 Gr,4002334111687,45.50,45.50,,https://www.sariyermarket.com/movenpick-cilekli-fermente-sut-urunu-100-gr
Hasata Mardin Kırmızı Mercimek 1000 Gr,8697423961876,174.90,174.90,,https://www.sariyermarket.com/hasata-mardin-kirmizi-mercimek-1000-gr
Calgon Çamaşır Makinesi Kir ve Kireç Önleyici 250 G Toz,8682539004760,234.90,234.90,,https://www.sariyermarket.com/calgon-camasir-makinesi-kir-ve-kirec-onleyici-250-g-toz
Herby Yeşil Çay Çilek & Lime 18'li 27 Gr,8682450832831,119.90,119.90,,https://www.sariyermarket.com/herby-yesil-cay-cilek-lime-700ml
Sırma Churcill 250 Ml,8691058008135,24.90,24.90,,https://www.sariyermarket.com/sirma-churcill-250-ml
Eti Burçak Tuzlu Peynirli Bisküvi 87 Gr,8690526385990,24.00,24.00,,https://www.sariyermarket.com/eti-burcak-tuzlu-peynirli-biskuvi-87-gr
Massimo Cake Coconut 270Gr 6'lı,8050705432202,149.90,149.90,,https://www.sariyermarket.com/massimo-cake-coconut-270gr-6li
Queens Harvest Ananas Dilimleri (8 Dilim) 850 Gr,8697418650365,299.90,299.90,,https://www.sariyermarket.com/queens-harvest-ananas-dilimleri-8-dilim-850-gr
Knorr Acısso Acı Biber Sosu 50 Ml,8690701002865,129.90,129.90,,https://www.sariyermarket.com/knorr-acisso-aci-biber-sosu-50-ml
Kotex Naturel Ultra Süper Eko Paket Uzun 16 Lı,8691900174124,249.90,249.90,,https://www.sariyermarket.com/kotex-naturel-ultra-super-eko-paket-uzun-16-li
Tamek Meyvelim Meyve Suyu Vişne 200ml,8690575868413,17.50,17.50,,https://www.sariyermarket.com/tamek-meyvelim-meyve-suyu-visne-200ml
Uluova Sade Kefir 1 Lt,8683229254762,165.00,165.00,,https://www.sariyermarket.com/uluova-sade-kefir-1-lt
Sarıyer Gurme Koyun Peyniri Kg,2901043000003,745.00,745.00,,https://www.sariyermarket.com/sariyer-gurme-koyun-peyniri-kg
Feast Ispanak 450 Gr,8697343550075,109.90,109.90,,https://www.sariyermarket.com/feast-ispanak-450-gr
Altınkılıç Kefirix Orman Meyveli 250 Ml,8692886311619,51.90,51.90,,https://www.sariyermarket.com/altinkilic-kefirix-orman-meyveli-250-ml
Pınar Labne 3x180 Gr,8690565022856,254.90,254.90,,https://www.sariyermarket.com/pinar-labne-3x180-gr
Nish Çikolata Aromalı Şurup 250 ML,8682279237916,114.90,114.90,,https://www.sariyermarket.com/nish-cikolata-aromali-surup-250-ml
Yayla Salata Hazır Yeşil Miks 120 gr,8693374272351,62.90,62.90,,https://www.sariyermarket.com/yayla-salata-hazir-yesil-miks-120-gr
Primavera Parmesan 200gr,86990895859536,625.00,625.00,,https://www.sariyermarket.com/primavera-parmesan-200gr
Ülker Mini Metro Çoklu Paket 102gr,8690504135791,60.00,60.00,,https://www.sariyermarket.com/ulker-mini-metro-coklu-paket-102gr
Cornetto Classico Çilek 120 Ml,8683130067994,50.00,50.00,,https://www.sariyermarket.com/cornetto-classico-cilek-120-ml
Sütaş Süt 6X180 Ml,8690767675485,104.90,104.90,,https://www.sariyermarket.com/sutas-sut-6x180-ml
Ülker Çikolata Fındık Rüyası 40.5 Gr,8690504142096,35.00,35.00,,https://www.sariyermarket.com/ulker-cikolata-findik-ruyasi-40-5-gr
Ülker Pötibör Bisküvi 200Gr 4'lü,8690504017264,112.00,112.00,,https://www.sariyermarket.com/ulker-potibor-biskuvi-200gr-4lu
Selpak Butik Kutu Mendil,8690530036758,84.90,84.90,,https://www.sariyermarket.com/selpak-butik-kutu-mendil
Servet Şeker İlavesiz Sade Tahin Helva 400Gr,8697584118447,219.90,219.90,,https://www.sariyermarket.com/servet-seker-ilavesiz-sade-tahin-helva-400gr
Ülker Bitter Çikolatalı Gofret 36 Gr,8690504136484,18.00,18.00,,https://www.sariyermarket.com/ulker-bitter-cikolatali-gofret-36-gr
Mövenpick Vanilyalı Dondurma 165 Ml,7613036151795,239.90,239.90,,https://www.sariyermarket.com/movenpick-vanilyali-dondurma-165-ml
Yenigün Gold Seri Çilek Reçeli 400 Gr,8691588010578,259.90,259.90,,https://www.sariyermarket.com/yenigun-gold-seri-cilek-receli-400-gr
Fersan Elma Sirkesi Cam Şişe 500 Ml,8690816050010,124.90,124.90,,https://www.sariyermarket.com/fersan-elma-sirkesi-cam-sise-500-ml
Altınkılıç Laktozsuz Kefir 250 Ml,8692886411272,55.00,55.00,,https://www.sariyermarket.com/altinkilic-laktozsuz-kefir-250-ml
Coca Cola Kutu 250 Ml,5000112664867,54.00,54.00,,https://www.sariyermarket.com/coca-cola-kutu-250-ml
Muratbey Topi 200 Gr,8695543006279,214.90,214.90,,https://www.sariyermarket.com/muratbey-topi-200-gr
Bağdat Hindistan Cevizi 50 Gr,8690560019202,65.90,65.90,,https://www.sariyermarket.com/bagdat-hindistan-cevizi-50-gr
Peyman Nutzz Popcorn Fıstık - Badem 85 Gr,8695876203727,40.00,40.00,,https://www.sariyermarket.com/peyman-nutzz-popcorn-fistik---badem-85-gr
Schweppes Bitter Lemon Aromalı Gazlı İçecek Cam 250 Ml,54023727,62.90,62.90,,https://www.sariyermarket.com/schweppes-bitter-lemon-aromali-gazli-icecek-cam-250-ml
Sütaş Süzme Peynir 900gr,8681324003056,219.90,219.90,,https://www.sariyermarket.com/sutas-suzme-peynir-900gr
Nestle Nesfit Kabak Çekirdekli Turna Yemişli Granola 300 Gr,8445291594852,159.90,159.90,,https://www.sariyermarket.com/nestle-nesfit-kabak-cekirdekli-turna-yemisli-granola-300-gr
Ülker Dankek Lokmalık Üzümlü Kek 160 Gr,8690504064367,38.90,38.90,,https://www.sariyermarket.com/ulker-dankek-lokmalik-uzumlu-kek-160-gr
Oral-B Stages Çocuk Diş Fırçası ( 6-12 Yaş ),3014260099237,199.90,199.90,,https://www.sariyermarket.com/oral-b-stages-cocuk-dis-fircasi-(-6-12-yas-)
San Pellegrino Doğal Mineralli Su 250 Ml,86946797,79.90,79.90,,https://www.sariyermarket.com/san-pellegrino-dogal-mineralli-su-250-ml
Veggy Etsiz Tofu Kebap 200gr,8680518980180,170.00,170.00,,https://www.sariyermarket.com/veggy-etsiz-tofu-kebap-200gr
Yayla Pilavlik Bulgur 1 Kg,8693374011141,64.90,64.90,,https://www.sariyermarket.com/yayla-pilavlik-bulgur-1-kg
Keyfi Buz Kalıp 648Cc 24X27Gr,8681573024420,42.90,42.90,,https://www.sariyermarket.com/keyfi-buz-kalip-648cc-24x27gr
Superfresh Mantı 1000 Gr,8690612518622,319.90,319.90,,https://www.sariyermarket.com/superfresh-manti-1000-gr
Arıcan Marmaris Süzme Çam Balı 500gr,8692970006100,549.90,549.90,,https://www.sariyermarket.com/arican-marmaris-suzme-cam-bali-500gr
Tilda Yasemin Pirinci 1Kg,5011157730271,239.90,239.90,,https://www.sariyermarket.com/tilda-yasemin-pirinci-1kg
Söke Siyez Unu 1000Gr,8690577002815,159.90,159.90,,https://www.sariyermarket.com/soke-siyez-unu-1000gr
Fellas Granola Antep Fıstığı Kakao 200Gr,8684207695782,274.95,274.95,,https://www.sariyermarket.com/fellas-granola-antep-fistigi-kakao-200gr
Suprapet Yetişkin Kedi Tavuklu 500 Gr,8684272331721,149.90,149.90,,https://www.sariyermarket.com/suprapet-yetiskin-kedi-tavuklu-500-gr
Primavera Biberli Füme Peynir 150Gr,86990895858165,465.00,465.00,,https://www.sariyermarket.com/primavera-biberli-fume-peynir-150gr
Reis Glutensiz Kırmızı Mercimek Unu 500 Gr,8690849870029,124.90,124.90,,https://www.sariyermarket.com/reis-glutensiz-kirmizi-mercimek-unu-500-gr
Nilky Ananaslı Probiyo 140 Gr,8682983760786,59.90,59.90,,https://www.sariyermarket.com/nilky-ananasli-probiyo-140-gr
Mövenpick Çilekli Dondurma 500 Ml,7613035350960,545.90,545.90,,https://www.sariyermarket.com/movenpick-cilekli-dondurma-500-ml
Lipton Doğu Karadeniz Bardak Poşet Çay 100'lü 200 Gr,8720608617869,209.90,209.90,,https://www.sariyermarket.com/lipton-dogu-karadeniz-bardak-poset-cay-100lu-200-gr
Perfect Fit Kedi Tavuklu Kuru Mama 750 g,5900951313639,439.90,439.90,,https://www.sariyermarket.com/perfect-fit-kedi-tavuklu-kuru-mama-750-g
Eti Popkek Çikolatalı Kek 60 Gr,8690526093710,15.00,15.00,,https://www.sariyermarket.com/eti-popkek-cikolatali-kek-60-gr
Marmara B.Zeyt Premium 2Xl 181 - 200 Kalibre 800 Gr,8690103004085,429.90,429.90,,https://www.sariyermarket.com/marmara-b-zeyt-premium-2xl-181---200-kalibre-800-gr
Fasulye Çalı Kg,2910212000003,165.00,165.00,,https://www.sariyermarket.com/fasulye-cali-kg
Sarıyer Limonata 250Ml,8683789554838,34.90,34.90,,https://www.sariyermarket.com/sariyer-limonata-250ml
Fora Biber Dolgulu Yeşil Zeytin 400 Gr,8695608210245,175.90,175.90,,https://www.sariyermarket.com/fora-biber-dolgulu-yesil-zeytin-400-gr
Hayat Su 0.5 Lt,8693593001749,18.90,18.90,,https://www.sariyermarket.com/hayat-su-0-5-lt
Tamek Vişne Nektari Kahverengi Şişe 200 Ml,8690575894115,51.90,51.90,,https://www.sariyermarket.com/tamek-visne-nektari-kahverengi-sise-200-ml
Purelife Anadolu Kaya Tuzu Seramik Değirmen 250 Gr,8699913930812,259.90,259.90,,https://www.sariyermarket.com/purelife-anadolu-kaya-tuzu-seramik-degirmen-250-gr
Orkid Yaprak Pamuksu Günlük Ped Deo Fresh 80 Adet Dev Ekonomi Paketi,8001841189901,279.93,279.93,,https://www.sariyermarket.com/orkid-yaprak-pamuksu-gunluk-ped-deo-fresh-80-adet-dev-ekonomi-paketi
Fide Zeytinyağlı Ton Balığı 3x80 Gr,8691405653353,279.90,279.90,,https://www.sariyermarket.com/fide-zeytinyagli-ton-baligi-3x80-gr
Naturiga Brownie Çıtırları 40 Gr,8681851001594,107.90,107.90,,https://www.sariyermarket.com/naturiga-brownie-citirlari-40-gr
Eti Cicibebe Bisküvi 700 Gr,8690526001135,165.50,165.50,,https://www.sariyermarket.com/eti-cicibebe-biskuvi-700-gr
Sütaş Labne 400 Gr,8690767710421,143.90,143.90,,https://www.sariyermarket.com/sutas-labne-400-gr
"Fanta Portakal Aromalı Gazoz 1,5 L",5000112665130,59.90,59.90,,https://www.sariyermarket.com/fanta-portakal-aromali-gazoz-1-5-l
Red Bull Enerji İçeceği 250 Ml,90486296,70.00,70.00,,https://www.sariyermarket.com/red-bull-enerji-icecegi-250-ml
Superfresh Elma Dilim Patates 1000 Gr,8690612415822,239.90,239.90,,https://www.sariyermarket.com/superfresh-elma-dilim-patates-1000-gr
Dimes Coll Lime Özü 1Lt,8690558039335,175.00,175.00,,https://www.sariyermarket.com/dimes-coll-lime-ozu-1lt
Dreamies Somonlu Kedi Ödül Mamasi 60gr,5998749130483,79.90,79.90,,https://www.sariyermarket.com/dreamies-somonlu-kedi-odul-mamasi-60gr
Nestle Damak Antep Fıstıklı Sütlü Kare Çikolata 60 Gr,8690632709901,109.95,109.95,,https://www.sariyermarket.com/nestle-damak-antep-fistikli-sutlu-kare-cikolata-60-gr
Ülker Biskrem Extra Kakaolu Krema Dolgulu Bisküvi 184 Gr,8690504115304,52.00,52.00,,https://www.sariyermarket.com/ulker-biskrem-extra-kakaolu-krema-dolgulu-biskuvi-184-gr
Tchibo Gold Selection Kavanoz 100 Gr,4046234767599,449.90,449.90,,https://www.sariyermarket.com/tchibo-gold-selection-kavanoz-100-gr-
Elma Golden Kg,2910249000007,115.00,115.00,,https://www.sariyermarket.com/elma-golden-kg
Suprapet Yetişkin Kedi Somonlu Parça Etli 85 Gr,8684272331509,39.90,39.90,,https://www.sariyermarket.com/suprapet-yetiskin-kedi-somonlu-parca-etli-85-gr
Bağdat Sarımsak Granül 40 Gr,8690560043634,59.90,59.90,,https://www.sariyermarket.com/bagdat-sarimsak-granul-40-gr
Nestle Kitkat Chunky Duo Çikolatalı Gofret 38 Gr,8690632060392,32.95,32.95,,https://www.sariyermarket.com/nestle-kitkat-chunky-duo-cikolatali-gofret-38-gr
M&M Fistikli 45gr,40111445,64.95,64.95,,https://www.sariyermarket.com/m-m-fistikli-45gr
De&Co Mısır Koçanı 425Gr,8691019100663,139.90,139.90,,https://www.sariyermarket.com/de-co-misir-kocani-425gr
Selpak Tuvalet Kağıdı 32 li,8690530334359,549.90,549.90,,https://www.sariyermarket.com/selpak-tuvalet-kagidi-32-li
Eti Form Kizarmiş Kepekli Ekmek Dilim 138gr,8690526017037,70.00,70.00,,https://www.sariyermarket.com/eti-form-kizarmis-kepekli-ekmek-dilim-138gr
Nescafe Classic Kavanoz 100 Gr,8690632031132,267.90,267.90,,https://www.sariyermarket.com/nescafe-classic-kavanoz-100-gr
Heinz Ketçap 375 Gr,8696362804671,109.90,109.90,,https://www.sariyermarket.com/heinz-ketcap-375-gr
Sarıyer Gurme Muş Kaşar Peyniri Kg,2918422000004,875.00,875.00,,https://www.sariyermarket.com/sariyer-gurme-mus-kasar-peyniri-kg
Ülker Hanımeller Frambuaz Soslu Kurabiye 150 Gr,8690504116349,45.00,45.00,,https://www.sariyermarket.com/ulker-hanimeller-frambuaz-soslu-kurabiye-150-gr
Çitir Elma Yaprak 50gr,8699490850084,59.90,59.90,,https://www.sariyermarket.com/citir-elma-yaprak-50gr
Eti Lifalif Granola Kuru Yemişli 200 Gr,8690526023021,180.00,180.00,,https://www.sariyermarket.com/eti-lifalif-granola-kuru-yemisli-200-gr
Eti Canga Cookie 45 Gr,8690526940649,25.00,25.00,,https://www.sariyermarket.com/eti-canga-cookie-45-gr
Nivea Luminous630 Leke ve İz Karşıtı Nemlendirici Vücut Bakım Kremi 200 Ml,4006000043531,549.90,549.90,,https://www.sariyermarket.com/nivea-luminous630-leke-ve-iz-karsiti-nemlendirici-vucut-bakim-kremi-200-ml
Eker Kerevizli Muzlu Ananas Kefir 290Ml,8691316523691,54.90,54.90,,https://www.sariyermarket.com/eker-kerevizli-muzlu-ananas-kefir-290ml
Dardanel Zeytinyağlı Ton Balığı 3x75 Gr,8690559015550,439.90,439.90,,https://www.sariyermarket.com/dardanel-zeytinyagli-ton-baligi-3x75-gr
Arıcan Marmaris Süzme Çam Balı 250gr,8692970002201,289.90,289.90,,https://www.sariyermarket.com/arican-marmaris-suzme-cam-bali-250gr
Danone Hüpper Muzlu Puding 70 Gr,8696368907277,39.00,39.00,,https://www.sariyermarket.com/danone-hupper-muzlu-puding-70-gr
Tadım Fırınlanmış Tuzsuz Yer Fıstığı 180 Gr,8690787211052,50.00,50.00,,https://www.sariyermarket.com/tadim-firinlanmis-tuzsuz-yer-fistigi-180-gr
Ülker Halley Mini Granüllü 3lü 264gr,8690504034261,79.50,79.50,,https://www.sariyermarket.com/ulker-halley-mini-granullu-3lu-264gr
Kühne Acı Hardal 250 Ml Pet,8696027017941,132.90,132.90,,https://www.sariyermarket.com/kuhne-aci-hardal-250-ml-pet
Sütaş Çikolatalı Süt 6x180 Ml,8690767675416,104.90,104.90,,https://www.sariyermarket.com/sutas-cikolatali-sut-6x180-ml
İçim Tereyağ 1000gr,8690504024651,899.90,899.90,,https://www.sariyermarket.com/icim-tereyag-1000gr
Ülker Metro 36 Gr,8690504035008,17.00,17.00,,https://www.sariyermarket.com/ulker-metro-36-gr
Humm Organic Organik Grissini Pancarlı 55 Gr,8680050318007,129.95,129.95,,https://www.sariyermarket.com/humm-organic-organik-grissini-pancarli-55-gr
Reyhan Demet,2623987000009,33.00,33.00,,https://www.sariyermarket.com/reyhan-demet
Namet Kokteyl Sosis 250gr,8697471724614,254.90,254.90,,https://www.sariyermarket.com/namet-kokteyl-sosis-250gr
Sarıyer Gurme Sıkma Nar Suyu 500 Ml,8699282486248,137.50,137.50,,https://www.sariyermarket.com/sariyer-gurme-sikma-nar-suyu-500-ml
Granoro Gnocchi Dedicato 500 G,8007290001665,129.90,129.90,,https://www.sariyermarket.com/granoro-gnocchi-dedicato-500-g
City Farm Organik Pilavlik Bulgur 1000 Gr,8698518430574,139.90,139.90,,https://www.sariyermarket.com/city-farm-organik-pilavlik-bulgur-1000-gr
Doytat Kekik 80gr,8697826340391,227.90,227.90,,https://www.sariyermarket.com/doytat-kekik-80gr
Prima Aktif Bebek Süper Paket 4 Beden 52'Li,8006530330992,510.93,510.93,,https://www.sariyermarket.com/prima-aktif-bebek-super-paket-4-beden-52li
Knorr Fırında Tavuk Çeşnisi Baharat&Sarımsak 34 Gr,8690637976575,67.90,67.90,,https://www.sariyermarket.com/knorr-firinda-tavuk-cesnisi-baharat-sarimsak-34-gr
Filiz Fırın Makarna 500 Gr,8690579140010,34.90,34.90,,https://www.sariyermarket.com/filiz-firin-makarna-500-gr
Fiskobirlik Nuga Kakaolu Fındık Kreması 700gr,8691641529016,329.90,329.90,,https://www.sariyermarket.com/fiskobirlik-nuga-kakaolu-findik-kremasi-700gr
Vileda Mikrofiberli Temizlik Bezi 5'Li,8690803713010,229.90,229.90,,https://www.sariyermarket.com/vileda-mikrofiberli-temizlik-bezi-5li
Jif Extra Crunchy Yer Fistiği Ezmesi 454 G,51500255377,399.90,399.90,,https://www.sariyermarket.com/jif-extra-crunchy-yer-fistigi-ezmesi-454-g
Benorganic Kayısı Şeftali Elma Suyu 946 Ml,8680313580462,149.90,149.90,,https://www.sariyermarket.com/benorganic-kayisi-seftali-elma-suyu-946-ml
Eti Bidolu Fındık Kremalı Yer Fıstığı Parçacıklı Gofret 81 Gr,8690526035444,40.00,40.00,,https://www.sariyermarket.com/eti-bidolu-findik-kremali-yer-fistigi-parcacikli-gofret-81-gr
Wefood Kids Organik Keçiboynuzlu Bisküvi 55Gr,8683347030439,150.00,150.00,,https://www.sariyermarket.com/wefood-kids-organik-keciboynuzlu-biskuvi-55gr
Sensodyne Çok Yönlü Koruma Beyazlatıcı Diş Macunu 75 Ml,8681291342295,319.90,319.90,,https://www.sariyermarket.com/sensodyne-cok-yonlu-koruma-beyazlatici-dis-macunu-75-ml
Ülker Altınbaşak Yulaflı 5x46 Gr,8690504011613,71.50,71.50,,https://www.sariyermarket.com/ulker-altinbasak-yulafli-5x46-gr
Ülker Pötibör Bisküvi Çifte Kavrulmuş 450 Gr,8690504011712,70.00,70.00,,https://www.sariyermarket.com/ulker-potibor-biskuvi-cifte-kavrulmus-450-gr
Doritos Taco Baharatlı Süper Boy 135gr,8690624203981,64.50,64.50,,https://www.sariyermarket.com/doritos-taco-baharatli-super-boy-135gr
Lipton Papatya Çayı Bardak Poşet 20'li 30 Gr,8720608631179,114.90,114.90,,https://www.sariyermarket.com/lipton-papatya-cayi-bardak-poset-20li-30-gr
Cheetos Fırından Mega İtalya'dan İlham Pizza Lezzet 80 Gr,8690624305517,44.95,44.95,,https://www.sariyermarket.com/cheetos-firindan-mega-italyadan-ilham-pizza-lezzet-80-gr
Tada Klasik Uc Peynirli Zeytinli Sandvic 160gr,8694918001758,164.90,164.90,,https://www.sariyermarket.com/tada-klasik-uc-peynirli-zeytinli-sandvic-160gr
Aly Sos Mex Salsa Hot 300 Gr,8699847072282,129.90,129.90,,https://www.sariyermarket.com/aly-sos-mex-salsa-hot-300-gr
Clear Women Kepeğe Karşı Etkili Şampuan Kil Terapisi Arınmış ve Yumuşak Saçlar 350Ml,8683130040782,152.94,152.94,,https://www.sariyermarket.com/clear-women-kepege-karsi-etkili-sampuan-kil-terapisi-arinmis-ve-yumusak-saclar-350ml
Filiz Makarna Mantı 500 Gr,8690579060936,34.90,34.90,,https://www.sariyermarket.com/filiz-makarna-manti-500-gr
Bebelac 4 Bebek Sütü 400gr,8699745023782,399.90,399.90,,https://www.sariyermarket.com/bebelac-4-bebek-sutu-400gr
Ülker İkram Çikolatalı 3 x 84 Gr,8690504110231,65.00,65.00,,https://www.sariyermarket.com/ulker-ikram-cikolatali-3-x-84-gr
Beta Kizil Dem Türk Çayi 1000gr,8690717012254,379.90,379.90,,https://www.sariyermarket.com/beta-kizil-dem-turk-cayi-1000gr
Knorr Çabuk Mac & Cheese Peynirli Makarna 212 Gr,8683130067093,119.90,119.90,,https://www.sariyermarket.com/knorr-cabuk-mac-cheese-peynirli-makarna-212-gr
Sütaş Labne 200 Gr,8690767710469,77.90,77.90,,https://www.sariyermarket.com/sutas-labne-200-gr
Tamek Bezelye 830 Gr,8690575061715,89.90,89.90,,https://www.sariyermarket.com/tamek-bezelye-830-gr
İstanbul Halk Ekmek Yulaflı Kurabiye 230gr,8691397198498,85.00,85.00,,https://www.sariyermarket.com/istanbul-halk-ekmek-yulafli-kurabiye-230gr
"Billur Tuz İyotlu Sofra Tuzu 1,5 Kg",8690771130406,74.90,74.90,,https://www.sariyermarket.com/billur-tuz-iyotlu-sofra-tuzu-1-5-kg
Nestle Nesfit Beyaz Çikolatalı Tam Tahıllı Bar 22.5 Gr,5900020040817,29.90,29.90,,https://www.sariyermarket.com/nestle-nesfit-beyaz-cikolatali-tam-tahilli-bar-22-5-gr
Organuca Meyve Sebze İçecek Böğürtlen Çilek Havuç 250 Ml,8684483387371,109.90,109.90,,https://www.sariyermarket.com/organuca-meyve-sebze-icecek-bogurtlen-cilek-havuc-250-ml
Eti Uzun Çikolata Keyfi Antep Fıstıklı 34 Gr,8690526097985,43.00,43.00,,https://www.sariyermarket.com/eti-uzun-cikolata-keyfi-antep-fistikli-34-gr
Bergaz Beyaz Peynir Koyun Kg,2902005000000,790.00,790.00,,https://www.sariyermarket.com/bergaz-beyaz-peynir-koyun-kg
Ecos3 Organik Elde Bulaşık Deterjanı 500ml,8680624091190,169.00,169.00,,https://www.sariyermarket.com/ecos3-organik-elde-bulasik-deterjani-500ml
Arı Grissini Kepekli Diyet 100gr,8691090001033,49.90,49.90,,https://www.sariyermarket.com/ari-grissini-kepekli-diyet-100gr
Canbebe Bebek Bakım Örtüsü 10 Adet,8690742332525,119.90,119.90,,https://www.sariyermarket.com/canbebe-bebek-bakim-ortusu-10-adet
Primavera Gauda Sade 150Gr,86990895859157,465.00,465.00,,https://www.sariyermarket.com/primavera-gauda-sade-150gr
Vivident Storming Sakiz Nane Aromali 33gr,80927266,59.90,59.90,,https://www.sariyermarket.com/vivident-storming-sakiz-nane-aromali-33gr
Tat Mısır Konserve 320 Gr,8690635260072,67.90,67.90,,https://www.sariyermarket.com/tat-misir-konserve-320-gr
Yemelix Dondurularak Kurutulmuş Elma 15 Gr,8684802316037,89.90,89.90,,https://www.sariyermarket.com/yemelix-dondurularak-kurutulmus-elma-15-gr
Havuç Kg,2910232000007,41.90,41.90,,https://www.sariyermarket.com/havuc-kg
Bağdat Zencefil Toz 60 Gr,8690560019318,77.90,77.90,,https://www.sariyermarket.com/bagdat-zencefil-toz-60-gr
M&M Crispy 36gr,5000159561662,64.95,64.95,,https://www.sariyermarket.com/m-m-crispy-36gr
Vivident Cüzdan Extra Mentol Aromali Sakiz,80758594,59.90,59.90,,https://www.sariyermarket.com/vivident-cuzdan-extra-mentol-aromali-sakiz
Activia Laktozsuz Probiyotik Yoğurt Sade 4x100 Gr,8696368943800,114.50,114.50,,https://www.sariyermarket.com/activia-laktozsuz-probiyotik-yogurt-sade-4x100-gr
Akmina Soda 1 Lt,8693593002180,37.50,37.50,,https://www.sariyermarket.com/akmina-soda-1-lt
Colgate Üçlü Etki Diş Macunu 75 Ml,6920354835803,74.93,74.93,,https://www.sariyermarket.com/colgate-uclu-etki-dis-macunu-75-ml
Mentos Sour Yeşil Elma Aromalı Ekşi Sakız 56 gr,86945233,99.90,99.90,,https://www.sariyermarket.com/mentos-sour-yesil-elma-aromali-eksi-sakiz-56-gr
Moms Granola Glütensiz Kakao Fındık Bites 40gr,8681267006466,48.93,48.93,,https://www.sariyermarket.com/moms-granola-glutensiz-kakao-findik-bites-40gr
Pınar Denge Laktozsuz Süt 4'lü 1 Lt,8690565026793,309.90,309.90,,https://www.sariyermarket.com/pinar-denge-laktozsuz-sut-4lu-1-lt
Trado Çilek ve Limon Dondurma 500 Gr,8697436100279,419.90,419.90,,https://www.sariyermarket.com/trado-cilek-ve-limon-dondurma-500-gr
Toblerone Sütlü Çikolata 100 Gr,7622201753979,249.90,249.90,,https://www.sariyermarket.com/toblerone-sutlu-cikolata-100-gr
Yayla Chialı Salata Toping 150 Gr,8693374274256,54.90,54.90,,https://www.sariyermarket.com/yayla-chiali-salata-toping-150-gr
Eti Browni Mousse 48 Gr,8690526096506,25.00,25.00,,https://www.sariyermarket.com/eti-browni-mousse-48-gr
Danone Çilekli Yoğurt 2X95 Gr,8696368944524,59.00,59.00,,https://www.sariyermarket.com/danone-cilekli-yogurt-2x95-gr
Erikli Su Cam 750ml,8690793020075,68.90,68.90,,https://www.sariyermarket.com/erikli-su-cam-750ml
Red Bull Enerji İçeceği Yaban Mersini 250 Ml,90456114,70.00,70.00,,https://www.sariyermarket.com/red-bull-enerji-icecegi-yaban-mersini-250-ml
"Jacobs 2 In 1 Arada 10,5gr",8711000673195,11.90,11.90,,https://www.sariyermarket.com/jacobs-2-in-1-arada-10-5gr
Naturali Rezene Çayı 100 Gr,8681599170095,65.90,65.90,,https://www.sariyermarket.com/naturali-rezene-cayi-100-gr
Sarıyer Gurme Tuzlu Fıstık 120Gr,8699089558186,32.90,32.90,,https://www.sariyermarket.com/sariyer-gurme-tuzlu-fistik-120gr
Dimes %100 Portakal Suyu 1 Lt,8690558018057,144.90,144.90,,https://www.sariyermarket.com/dimes--100-portakal-suyu-1-lt
Chupa Chups Çilek Aromalı Gazlı İçecek 330 Ml,6251897001173,109.90,109.90,,https://www.sariyermarket.com/chupa-chups-cilek-aromali-gazli-icecek-330-ml
Coca Cola Lıght Kutu 6x250 Ml,5449000021816,299.90,299.90,,https://www.sariyermarket.com/coca-cola-light-kutu-6x250-ml
Doritos Taco Baharatlı Parti Boy 185gr,8690624204179,79.50,79.50,,https://www.sariyermarket.com/doritos-taco-baharatli-parti-boy-185gr
Aydin Erüst Kök Ispanak 500Gr,8697417460088,185.00,185.00,,https://www.sariyermarket.com/aydin-erust-kok-ispanak-500gr
Eti Browni Intense Fındıklı 48 Gr,8690526829487,25.00,25.00,,https://www.sariyermarket.com/eti-browni-intense-findikli-48-gr
Reis Nohut 1000gr,8690849820222,149.90,149.90,,https://www.sariyermarket.com/reis-nohut-1000gr
Tamek Domates Salçası 700 Gr,8690575010812,102.90,102.90,,https://www.sariyermarket.com/tamek-domates-salcasi-700-gr
Davidoff Crema Intense Lungo Kapsül Kahve 10'lu 55 Gr,4061445226758,299.90,299.90,,https://www.sariyermarket.com/davidoff-crema-intense-lungo-kapsul-kahve-10lu-55-gr
Sade Organik Elma Sirkesi 500ml,8697463093551,154.90,154.90,,https://www.sariyermarket.com/sade-organik-elma-sirkesi-500ml
Orgalife Organik Form Çayı 40Gr,8692204103551,169.90,169.90,,https://www.sariyermarket.com/orgalife-organik-form-cayi-40gr
Mc Vities Tam Buğday Unlu Şeker İlavesiz Bisküvi 133Gr,5941664011733,50.00,50.00,,https://www.sariyermarket.com/mc-vities-tam-bugday-unlu-seker-ilavesiz-biskuvi-133gr
Bando Fish Finger 260 Gr,8681425147581,389.90,389.90,,https://www.sariyermarket.com/bando-fish-finger-260-gr
Uludağ Frutti C Max Vitaminli 6X200 Ml,8690723031232,121.50,121.50,,https://www.sariyermarket.com/uludag-frutti-c-max-vitaminli-6x200-ml
Sosi %100 Nar Ekşisi 340GR,8684059049245,149.90,149.90,,https://www.sariyermarket.com/sosi-100-nar-eksisi-340gr
Erikli Su 5 Lt,8690793010502,74.90,74.90,,https://www.sariyermarket.com/erikli-su-5-lt
Sütaş Kaf Kefir Orman Meyveli 1Lt,8681324007146,109.90,109.90,,https://www.sariyermarket.com/sutas-kaf-kefir-orman-meyveli-1lt
Pınar Karides 400 Gr,8692142063054,599.90,599.90,,https://www.sariyermarket.com/pinar-karides-400-gr
Omo Active Oxygen 40 Yıkama 6 Kg,8683130049198,649.90,649.90,,https://www.sariyermarket.com/omo-active-oxygen-40-yikama-6-kg
Activia İyi Hisset Probiyotik Bowl Hurma & Yulaf & Badem 150 Gr,8696368200194,64.00,64.00,,https://www.sariyermarket.com/activia-iyi-hisset-probiyotik-bowl-hurma-yulaf-badem-150-gr
Ülker Albeni Kurabiyem 170Gr,8690504036210,87.50,87.50,,https://www.sariyermarket.com/ulker-albeni-kurabiyem-170gr
Strock Knoppers 25gr,40144061,34.90,34.90,,https://www.sariyermarket.com/strock-knoppers-25gr
Eti Antep Fıstıklı Kare Çikolata 60 Gr,8690526067537,102.00,102.00,,https://www.sariyermarket.com/eti-antep-fistikli-kare-cikolata-60-gr
La Fiesta Sade Yuvarlak Tortilla Cips 453gr,5412514934804,249.90,249.90,,https://www.sariyermarket.com/la-fiesta-sade-yuvarlak-tortilla-cips-453gr
Ülker Çokomel Marshmallow Çilekli 180 Gr,8690504131601,90.00,90.00,,https://www.sariyermarket.com/ulker-cokomel-marshmallow-cilekli-180-gr
Activia Doğal Probiyotik Kayısılı Yoğurt 4x100 Gr,8696368011356,114.50,114.50,,https://www.sariyermarket.com/activia-dogal-probiyotik-kayisili-yogurt-4x100-gr
Reis Siyez Bulgur 1000gr,8690849820741,269.90,269.90,,https://www.sariyermarket.com/reis-siyez-bulgur-1000gr
Çaykur Organik Hemşin Karton Kutu 400 Gr,8697820230018,344.90,344.90,,https://www.sariyermarket.com/caykur-organik-hemsin-karton-kutu-400-gr
Elidor Biberiye Dökülme Karşıtı Saç Bakım Kremi 350 Ml,8683130111840,274.90,274.90,,https://www.sariyermarket.com/elidor-biberiye-dokulme-karsiti-sac-bakim-kremi-350-ml
Dove Durulanmayan Saç Kremi Yoğun Onarıcı 150 Ml,8683130127889,369.90,369.90,,https://www.sariyermarket.com/dove-durulanmayan-sac-kremi-yogun-onarici-150-ml
Wasa Glutensiz Gevrek Ekmek (Crispbread Gluten Free) 240 Gr,7300400109215,374.90,374.90,,https://www.sariyermarket.com/wasa-glutensiz-gevrek-ekmek-crispbread-gluten-free-240-gr
Akmina Limon Aromalı Soda 200 Ml,8693593001947,16.00,16.00,,https://www.sariyermarket.com/akmina-limon-aromali-soda-200-ml
"Doğadan Yeşil Çay Papaya Hindistan Cevizli 23,4Gr",8699432218972,86.18,86.18,,https://www.sariyermarket.com/dogadan-yesil-cay-papaya-hindistan-cevizli-23-4gr
Sütaş Kaşar Peynir 600 Gr,8690767716546,339.90,339.90,,https://www.sariyermarket.com/sutas-kasar-peynir-600-gr
Kühne Tuzuazz Kornişon Turşu 720ml,8696027012885,249.90,249.90,,https://www.sariyermarket.com/kuhne-tuzuazz-kornison-tursu-720ml
Sensodyne True White Soft Diş Firçasi,8699522006335,239.90,239.90,,https://www.sariyermarket.com/sensodyne-true-white-soft-dis-fircasi
Green Clean Likit Sabun Portakal Yağlı 500 ml,8690588005317,179.90,179.90,,https://www.sariyermarket.com/green-clean-likit-sabun-portakal-500ml
"Reis Osmancık Pirinç 2,5 Kg",8690849220039,399.90,399.90,,https://www.sariyermarket.com/reis-osmancik-pirinc-2-5-kg
St. Dalfour Kayısı Reçeli 284 Gr,3492390108812,359.90,359.90,,https://www.sariyermarket.com/st--dalfour-kayisi-receli-284-gr
Enervit Protein Bar Lemoncake 48 Gr,8007640879012,179.90,179.90,,https://www.sariyermarket.com/enervit-protein-bar-lemoncake-48-gr
La Vache Qui Rit Dilimli Burger Cheddarlı 288 Gr,3073781197235,299.90,299.90,,https://www.sariyermarket.com/la-vache-qui-rit-dilimli-burger-cheddarli-288-gr
Tchibo Latin Grande Filtre Kahve 250 Gr,4061445353461,649.90,649.90,,https://www.sariyermarket.com/tchibo-latin-grande-filtre-kahve-250-gr
Loco No:03 Yeşil Elma Salatalik Fesleğen 900Ml,8683255401086,1250.00,1250.00,,https://www.sariyermarket.com/loco-no_03-yesil-elma-salatalik-feslegen-900ml
Pfanner C+D+A Ananas-Carota Meyve Suyu 2 Lt,9006900205782,294.90,294.90,,https://www.sariyermarket.com/pfanner-c_d_a-ananas-carota-meyve-suyu-2-lt
Orkid Platinum Hijyenik Ped Gece Extra Tekli Paket 6 Ped,8700216186940,72.03,72.03,,https://www.sariyermarket.com/orkid-platinum-hijyenik-ped-gece-extra-tekli-paket-6-ped
Zanetti Yarım Yağlı Olgunlaştırılmış Gran Spicco Hard Cheese Peynir 150 Gr,8002710440147,289.90,289.90,,https://www.sariyermarket.com/zanetti-yarim-yagli-olgunlastirilmis-gran-spicco-hard-cheese-peynir-150-gr
Ülker Bütün Antep Fıstıklı Sütlü Baton Çikolata 30 Gr,8690504156833,52.50,52.50,,https://www.sariyermarket.com/ulker-butun-antep-fistikli-sutlu-baton-cikolata-30-gr
Dana Biftek Kg,2901009000009,1250.00,1250.00,,https://www.sariyermarket.com/dana-biftek-kg
De cecco Paccheri Kalın Boru Makarna 500 Gr,8001250121257,289.90,289.90,,https://www.sariyermarket.com/de-cecco-paccheri-kalin-boru-makarna-500-gr
Ülker Kanky Mini Yumurta 70 Gr,8690504116677,80.00,80.00,,https://www.sariyermarket.com/ulker-kanky-mini-yumurta-70-gr
Carte D'Or Sorbe Çilek Karadut Limon 850 Ml,8683130134016,275.00,275.00,,https://www.sariyermarket.com/carte-dor-sorbe-cilek-karadut-limon-850-ml
Fropie Glutensiz Jumbo Yulaf Ezmesi 300 Gr,8683555560551,134.90,134.90,,https://www.sariyermarket.com/fropie-glutensiz-jumbo-yulaf-ezmesi-300-gr
Sensodyne Hassas Temizlik 1+1 Diş Fırçası,8681291004445,249.90,249.90,,https://www.sariyermarket.com/sensodyne-hassas-temizlik-1_1-dis-fircasi
Sade Organik Süzme Çiçek Balı 460 Gr,8697463090291,429.90,429.90,,https://www.sariyermarket.com/sade-organik-suzme-cicek-bali-460-gr
Clear Women Şampuan Yumuşak Parlak 350 ml,8683130040812,152.94,152.94,,https://www.sariyermarket.com/clear-women-sampuan-yumusak-parlak-350-ml
Kebir Yoğurt Köy Tipi 2000gr,8692963150414,149.90,149.90,,https://www.sariyermarket.com/kebir-yogurt-koy-tipi-2000gr
Polonez Hindi Kokteyl Sosis 220 Gr,8693407004560,137.90,137.90,,https://www.sariyermarket.com/polonez-hindi-kokteyl-sosis-220-gr
Polonez Dana Frankfurter Sosis Kg,2901830000001,2250.00,2250.00,,https://www.sariyermarket.com/polonez-dana-frankfurter-sosis-kg
Teksüt 3 Lü Yöresel,8690158121362,129.90,129.90,,https://www.sariyermarket.com/teksut-3-lu-yoresel
Selpak Antibakteriyel Islak Cep Mendili 3'Lü Paket,8690530068254,84.90,84.90,,https://www.sariyermarket.com/selpak-antibakteriyel-islak-cep-mendili-3lu-paket
Omo Ultra Power Kapsül Deterjan 26 Kapsül 338 Gr,8683130134184,239.90,239.90,,https://www.sariyermarket.com/omo-ultra-power-kapsul-deterjan-26-kapsul-338-gr
Lee Kum Kee Hoisin Sos 240gr,78895700015,249.90,249.90,,https://www.sariyermarket.com/lee-kum-kee-hoisin-sos-240gr
Stepy Mikrofiber Cam Bezi 2li,8681917081294,104.93,104.93,,https://www.sariyermarket.com/stepy-mikrofiber-cam-bezi-2li-
Nestle Nesfit Ballı Bademli Tam Tahıl ve Pirinç Gevreği 400 Gr,8690632064680,169.90,169.90,,https://www.sariyermarket.com/nestle-nesfit-balli-bademli-tam-tahil-ve-pirinc-gevregi-400-gr
Sütaş Ayran Pratik Şişe 2 Lt,8690767671081,89.90,89.90,,https://www.sariyermarket.com/sutas-ayran-pratik-sise-2-lt
Solo Mendil Peçete 150li,8690530077232,52.90,52.90,,https://www.sariyermarket.com/solo-mendil--pecete-150li
St.Dalfour Reçel 284g 4 Meyve,5014271350424,359.90,359.90,,https://www.sariyermarket.com/st-dalfour-recel-284g-4-meyve
Bağdat Biberiye 35 Gr,8690560052292,49.90,49.90,,https://www.sariyermarket.com/bagdat-biberiye-35-gr
Enervit Protein Bar Vanilla Yoğurt 40 Gr,8007640896576,139.90,139.90,,https://www.sariyermarket.com/enervit-protein-bar-vanilla-yogurt-40-gr
İçim Süzme Peynir 500 Gr,8692971433561,164.90,164.90,,https://www.sariyermarket.com/icim-suzme-peynir-500-gr
Fanta Portakal Aromalı Gazoz 6X250 Ml Kutu,5000112669985,299.90,299.90,,https://www.sariyermarket.com/fanta-portakal-aromali-gazoz-6x250-ml-kutu
Yayla Gurme Beluga Mercimek 500 Gr,8693374239354,75.90,75.90,,https://www.sariyermarket.com/yayla-gurme-beluga-mercimek-500-gr
Aptamil Sütlü Pirinçli Ek Gıda 250 Gr,8699745026509,199.90,199.90,,https://www.sariyermarket.com/aptamil-sutlu-pirincli-ek-gida-250-gr
Omo Active Fresh Renkliler Toz Deterjan 36 Yıkama 5.5 Kg,8690637833496,599.90,599.90,,https://www.sariyermarket.com/omo-active-fresh-renkliler-toz-deterjan-36-yikama-5-5-kg
Koska Kürek Helva Ekstra Fıstıklı 350 Gr,8690710135615,469.90,469.90,,https://www.sariyermarket.com/koska-kurek-helva-ekstra-fistikli-350-gr
Alpro Hindistan Cevizi İçeceği 1 Lt,5411188116592,119.94,119.94,,https://www.sariyermarket.com/alpro-hindistan-cevizi-icecegi-1-lt
Takita Diyabetik Stevia Zero Beyaz Toz 250gr,8690920317672,449.90,449.90,,https://www.sariyermarket.com/takita-diyabetik-stevia-zero-beyaz-toz-250gr
Red Bull Enerji İçeceği Pink Edition 250 Ml,90474996,70.00,70.00,,https://www.sariyermarket.com/red-bull-enerji-icecegi-pink-edition-250-ml
Ülker Çizi Big Bang Mısır Parçacıklı Peynirli Çubuk Kraker 50 Gr,8690504058748,15.90,15.90,,https://www.sariyermarket.com/ulker-cizi-big-bang-misir-parcacikli-peynirli-cubuk-kraker-50-gr
Massimo Kuruvasan Chocolate 270 Gr 6 Lı,8050705434459,149.90,149.90,,https://www.sariyermarket.com/massimo-kuruvasan-chocolate-270-gr-6-li
Burcu Domates & Biber Salçası 600 Gr,8691573004995,112.90,112.90,,https://www.sariyermarket.com/burcu-domates-biber-salcasi-600-gr
Tilda Kahverengi Basmati Pirinç 1kg,8901144601004,310.00,310.00,,https://www.sariyermarket.com/tilda-kahverengi-basmati-pirinc-1kg
Magnum Mini Double Çikolata Böğürtlen Karadut Karamel 345 Ml,8683130097625,269.00,269.00,,https://www.sariyermarket.com/magnum-mini-double-cikolata-bogurtlen-karadut-karamel-345-ml
Magnum Pint Badem 440 Ml,8690637997655,400.00,400.00,,https://www.sariyermarket.com/magnum-pint-badem-440-ml
Alaçatı Tahinli Kurabiye 250 Gr,8680474790014,209.90,209.90,,https://www.sariyermarket.com/alacati-tahinli-kurabiye-250-gr
Doga Evi Kaya Tuzu 250gr,8681110220018,39.90,39.90,,https://www.sariyermarket.com/doga-evi-kaya-tuzu-250gr
Lays Baharat Parti Boy 150 Gr,8690624106022,82.00,82.00,,https://www.sariyermarket.com/lays-baharat--parti-boy-150-gr-
Söke Un Baklavalık & Böreklik 1000gr,8690577028129,69.90,69.90,,https://www.sariyermarket.com/soke-un-baklavalik---boreklik-1000gr
Fersan %100 Nar Ekşisi 330 Gr,8690816980331,289.90,289.90,,https://www.sariyermarket.com/fersan-100-nar-eksisi-330-gr
Sushida Philadelphia Roll 205 Gr,8690559020455,296.25,296.25,,https://www.sariyermarket.com/sushida-philadelphia-roll-205-gr
Parodontax Ağız Suyu Nane Ferahlığı 500 Ml,8681291004469,274.90,274.90,,https://www.sariyermarket.com/parodontax-agiz-suyu-nane-ferahligi-500-ml
Yamasa Soya Sosu 150 Ml,4903001017106,299.90,299.90,,https://www.sariyermarket.com/yamasa-soya-sosu-150-ml
Nestle 1927 Ekstra Sütlü Kare Çikolata 60 Gr,8690632246406,109.95,109.95,,https://www.sariyermarket.com/nestle-1927-ekstra-sutlu-kare-cikolata-60-gr
Kotex Naturel İnce Günlük Ped 32'li,8691900173806,89.90,89.90,,https://www.sariyermarket.com/kotex-naturel-ince-gunluk-ped-32li
Cornetto Çilek Matcha 120Ml,8721274646818,60.00,60.00,,https://www.sariyermarket.com/cornetto-cilek-matcha-120ml
Granoro Farfalle Makarna 500gr,8007290331984,169.90,169.90,,https://www.sariyermarket.com/granoro-farfalle-makarna-500gr
Verita Zerdeçal 100 G Paket,8698555431336,110.00,110.00,,https://www.sariyermarket.com/verita-zerdecal-100-g-paket
De&Co Soya Fasülye Filizi 425Gr,6972018113031,129.90,129.90,,https://www.sariyermarket.com/de-co-soya-fasulye-filizi-425gr
Kayısı Şekerpare Kg,2923985000002,269.00,269.00,,https://www.sariyermarket.com/kayisi-sekerpare-kg
Dr.Oetker Pancake 134 Gr,8690629440169,24.68,24.68,,https://www.sariyermarket.com/dr-oetker-pancake-134-gr
Pfanner Meyve Suyu Yeşil Elma 2lt,9006900913984,294.90,294.90,,https://www.sariyermarket.com/pfanner-meyve-suyu-yesil-elma-2lt
Sarıyer Gurme Domat Yeşil Çizik Zeytin Kg,2900879000003,450.00,450.00,,https://www.sariyermarket.com/sariyer-gurme-domat-yesil-cizik-zeytin-kg
Benorganic Yeşil Sebze Suyu 250 ML,8680313588208,79.90,79.90,,https://www.sariyermarket.com/benorganic-yesil-sebze-suyu-250-ml
Dimes Şeftali Nektarı 1 Lt,1011220021261,57.50,57.50,,https://www.sariyermarket.com/dimes-seftali-nektari-1-lt
Petit Danino Bebe Bisküvili 6x40gr,8696368200637,69.90,69.90,,https://www.sariyermarket.com/petit-danino-bebe-biskuvili-6x40gr
Kotex Ultra Süper Ekonomik Ped Normal 24 Lü,8691900174032,249.90,249.90,,https://www.sariyermarket.com/kotex-ultra-super-ekonomik-ped-normal-24-lu
Sarıyer Gurme Atom Kg,2901762000001,695.00,695.00,,https://www.sariyermarket.com/sariyer-gurme-atom-kg
Whiskas Konserve Sığır Etli Kedi Maması 400gr,5900951305399,175.90,175.90,,https://www.sariyermarket.com/whiskas-konserve-sigir-etli-kedi-mamasi-400gr
Feast Organik Bezelye 450 Gr,8697343550211,144.90,144.90,,https://www.sariyermarket.com/feast-organik-bezelye-450-gr
Dardanel Ton Klasik 4x75 Gr,8690559019824,403.90,403.90,,https://www.sariyermarket.com/dardanel-ton-klasik-4x75-gr
Magnum Sandwich Almond 140 Ml,8721274646214,90.00,90.00,,https://www.sariyermarket.com/magnum-sandwich-almond-140-ml
Bağdat Kabuk Tarçın 45 Gr,8690560078476,77.90,77.90,,https://www.sariyermarket.com/bagdat-kabuk-tarcin-45-gr
Feast Patates İnce Çubuk 1 Kg,8697343600039,162.00,162.00,,https://www.sariyermarket.com/feast-patates-ince-cubuk-1-kg
Suprapet Yetişkin Kedi Tavuklu Parça Etli ve Jöleli 400 Gr,8684272331653,89.90,89.90,,https://www.sariyermarket.com/suprapet-yetiskin-kedi-tavuklu-parca-etli-ve-joleli-400-gr
Sarıyer Gurme İzmir Bergama Tulum Peynir Kg,2923865000009,845.00,845.00,,https://www.sariyermarket.com/sariyer-gurme-izmir-bergama-tulum-peynir-kg
İçim Tereyağ 750 Gr,8692971440514,499.90,499.90,,https://www.sariyermarket.com/icim-tereyag-750-gr
Eti Crax Çubuk Kraker Peynirli 80 Gr,8690533714141,20.50,20.50,,https://www.sariyermarket.com/eti-crax-cubuk-kraker-peynirli-80-gr
Apikoğlu Kavurma Kg,2904003000006,3450.00,3450.00,,https://www.sariyermarket.com/apikoglu-kavurma-kg
Fora Dilimli Yeşil Zeytin 160 Gr,8695608211037,114.90,114.90,,https://www.sariyermarket.com/fora-dilimli-yesil-zeytin-160-gr
Champion Çay 250gr,8690717002118,399.90,399.90,,https://www.sariyermarket.com/champion-cay-250gr
Coca Cola 450 Ml Şekersiz,54023550,55.00,55.00,,https://www.sariyermarket.com/coca-cola-450-ml-sekersiz
Frosch Bulaşık Deterjanı Balsam 750ml,4001499110177,169.90,169.90,,https://www.sariyermarket.com/frosch-bulasik-deterjani-balsam-750ml
Alcatra Baton Sucuk 100 Gr,8699089585670,450.00,450.00,,https://www.sariyermarket.com/alcatra-baton-sucuk-100-gr
Kahve Dünyası Gofrik 225 Gr,8699270017317,223.90,223.90,,https://www.sariyermarket.com/kahve-dunyasi-gofrik-225-gr
"Erikli Su 0,5 Lt",8690793020068,21.90,21.90,,https://www.sariyermarket.com/erikli-su-0-5-lt
Tahsildaroğlu Keçi Peyniri 500 Gr,8691225156379,494.90,494.90,,https://www.sariyermarket.com/tahsildaroglu-keci-peyniri-500-gr
Ülker Metro Kaplamalı Karamel Nugalı Bar 4 x 36 Gr,8690504039334,64.50,64.50,,https://www.sariyermarket.com/ulker-metro-kaplamali-karamel-nugali-bar-4-x-36-gr
Champion Bardak 25x2gr,8690717643007,149.90,149.90,,https://www.sariyermarket.com/champion-bardak-25x2gr
Bağdat Çörek Otu 75 Gr,8690560019271,79.90,79.90,,https://www.sariyermarket.com/bagdat-corek-otu-75-gr
Pınar Labne Kurutulmuş Domatesli 180 Gr.,8690565023648,89.90,89.90,,https://www.sariyermarket.com/pinar-labne-kurutulmus-domatesli-180-gr-
Selpak Mendil Çiçek Kokulu,8690530051355,9.80,9.80,,https://www.sariyermarket.com/selpak-mendil-cicek-kokulu
Feast Organik Ispanak 450 Gr,8697343550215,124.90,124.90,,https://www.sariyermarket.com/feast-organik-ispanak-450-gr
Hipp Organik Bebek Bisküvisi 180 Gr,4062300431935,159.90,159.90,,https://www.sariyermarket.com/hipp-organik-bebek-biskuvisi-180-gr
Ekici Kaşar Peyniri 600gr,8697403873847,349.90,349.90,,https://www.sariyermarket.com/ekici-kasar-peyniri-600gr
Primavera Manchego Peyniri 150Gr,86990895858928,750.00,750.00,,https://www.sariyermarket.com/primavera-manchego-peyniri-150gr
Bağdat Tatlı Toz Biber 75 Gr,8690560019233,89.90,89.90,,https://www.sariyermarket.com/bagdat-tatli-toz-biber-75-gr
Reis Pilavlik Bulgur 1000gr,8690849820178,79.90,79.90,,https://www.sariyermarket.com/reis-pilavlik-bulgur-1000gr
Eti Petito Çıtır Toplu 16 Gr,8690526078229,17.00,17.00,,https://www.sariyermarket.com/eti-petito-citir-toplu-16-gr
Milupa Organik Kayısı Muz Püresi 125 Gr,8699745001032,79.90,79.90,,https://www.sariyermarket.com/milupa-organik-kayisi-muz-puresi-125-gr
Eti Crax Patlayan Lezzet Peynirli Soğanlı Çubuk 50 Gr,8690533094861,18.50,18.50,,https://www.sariyermarket.com/eti-crax-patlayan-lezzet-peynirli-soganli-cubuk-50-gr
Rice Stick 400g Pirinc Makarnasi,804531710052,169.90,169.90,,https://www.sariyermarket.com/rice-stick-400g-pirinc-makarnasi
Arıcan Organik Arı Sütü Apimix 240gr,8692970001112,849.90,849.90,,https://www.sariyermarket.com/arican-organik-ari-sutu-apimix-240gr
Omo Active Fresh Cold Power Renkliler için Sıvı Deterjan 1000 Ml,8683130124901,309.90,309.90,,https://www.sariyermarket.com/omo-active-fresh-cold-power-renkliler-icin-sivi-deterjan-1000-ml
Freşa İnişdibi Maden Suyu 6X200Ml,8693855004433,99.90,99.90,,https://www.sariyermarket.com/fresa-inisdibi-maden-suyu-6x200ml
Superfresh Fırından Kepekli Mini Baget Ekmeği 300 Gr,8690612515102,94.90,94.90,,https://www.sariyermarket.com/superfresh-firindan-kepekli-mini-baget-ekmegi-300-gr
Pınar Hardal Taneli 175gr Cam,8690565015391,139.90,139.90,,https://www.sariyermarket.com/pinar-hardal--taneli-175gr-cam
Doytat Kuş Üzümü 40gr,8697826340278,72.90,72.90,,https://www.sariyermarket.com/doytat-kus-uzumu-40gr
Nescafé Xpress Café Latte Şeker İlavesiz Soğuk Kahve 250 Ml,8690632762913,49.90,49.90,,https://www.sariyermarket.com/nescaf%C3%A9-xpress-caf%C3%A9-latte-seker-ilavesiz-soguk-kahve-250-ml
Sarıyer Gurme Ceviz İçi 100 Gr,8699089587223,94.90,94.90,,https://www.sariyermarket.com/sariyer-gurme-ceviz-ici-100-gr
Omo Active Fresh Cold Power Renkliler için Sıvı Deterjan 1500 Ml,8683130124772,249.90,249.90,,https://www.sariyermarket.com/omo-active-fresh-cold-power-renkliler-icin-sivi-deterjan-1500-ml
Züber Yulaflı ve Kakaolu Kurabiye 80 Gr,8681630718248,174.90,174.90,,https://www.sariyermarket.com/zuber-yulafli-ve-kakaolu-kurabiye-80-gr-
Lipton Ice Tea Sparkling Tropikal 330 Ml,8690574118793,39.90,39.90,,https://www.sariyermarket.com/lipton-ice-tea-sparkling-tropikal-330-ml
Nestle Ala Beyaz 30Gr,8690632766423,49.50,49.50,,https://www.sariyermarket.com/nestle-ala-beyaz-30gr
Alcatra Mortadella Dana Salam 100 Gr,8699089588893,199.00,199.00,,https://www.sariyermarket.com/alcatra-mortadella-dana-salam-100-gr
Casa Mexico Trüf Mantarlı Acı Biber Sosu 100 ml,8697418651768,149.90,149.90,,https://www.sariyermarket.com/casa-mexico-truf-mantarli-aci-biber-sosu-100-ml
Dimes Cool Ekşi Yeşil Elma 310 Ml,8690558042854,60.00,60.00,,https://www.sariyermarket.com/dimes-cool-eksi-yesil-elma-310-ml
Züber Kırmızı Granola Bar 25 Gr,8681630162010,44.95,44.95,,https://www.sariyermarket.com/zuber-kirmizi-granola-bar-25-gr
Wefood Organik Elma Sirkesi 500Ml,8682392174983,294.90,294.90,,https://www.sariyermarket.com/wefood-organik-elma-sirkesi-500ml
Tadelle King Size Fındık Dolgulu Sütlü Çikolata 52 gr,8683417000270,62.50,62.50,,https://www.sariyermarket.com/tadelle-king-size-findik-dolgulu-sutlu-cikolata-52-gr
Dove Durulanmayan Saç Kremi Bond Repair 150 Ml,8683130127841,369.90,369.90,,https://www.sariyermarket.com/dove-durulanmayan-sac-kremi-bond-repair-150-ml
Eti Lifalif Müsli Bar Kuru Meyveli 35gr,8690526307756,37.50,37.50,,https://www.sariyermarket.com/eti-lifalif-musli-bar-kuru-meyveli-35gr
Komili Sızma Zeytinyağ 1 Lt,8699300270019,529.90,529.90,,https://www.sariyermarket.com/komili-sizma-zeytinyag-1-lt
Toffifee Çikolata Karamelli 125g,4014400400007,89.90,89.90,,https://www.sariyermarket.com/toffifee-cikolata-karamelli-125g
Ülker Sütlü Fındıklı Baton Çikolata 32 Gr,8690504156802,35.00,35.00,,https://www.sariyermarket.com/ulker-sutlu-findikli-baton-cikolata-32-gr
Filiz Yumurtali Uzun Erişte Makarna 350 Gr,8690579161206,46.90,46.90,,https://www.sariyermarket.com/filiz-yumurtali-uzun-eriste-makarna-350-gr
Pınar Kido Muzlu Süt 180 Ml,8690565022085,20.90,20.90,,https://www.sariyermarket.com/pinar-kido-muzlu-sut-180-ml
Bahçıvan Yarım Yağlı Laktozsuz Dilimli Tost Peyniri 225 Gr,8690843097194,194.90,194.90,,https://www.sariyermarket.com/bahcivan-yarim-yagli-laktozsuz-dilimli-tost-peyniri-225-gr
Selpak Tuvalet Kağıdı 16lı Extra Kaşmir Katkılı,8690530074446,339.90,339.90,,https://www.sariyermarket.com/selpak-tuvalet-kagidi-16li-extra-kasmir-katkili
Kühne Kırmızı Acı Biber Sosu 100 Ml,8696027015688,132.90,132.90,,https://www.sariyermarket.com/kuhne-kirmizi-aci-biber-sosu-100-ml
Cappy Vişne Nektarı 1 L,5000112664577,79.90,79.90,,https://www.sariyermarket.com/cappy-visne-nektari-1-l
Wefood Organik Dut Özü 315 Gr,8682392174303,250.00,250.00,,https://www.sariyermarket.com/wefood-organik-dut-ozu-315-gr
Eker Bidon Yoğurt 2000gr,8691316520935,189.90,189.90,,https://www.sariyermarket.com/eker-bidon-yogurt-2000gr
Ülker Çokonat Antep Fıstıklı 30G,8690504073772,30.00,30.00,,https://www.sariyermarket.com/ulker-cokonat-antep-fistikli-30g
NIVEA Dudak Bakım Kremi Böğürtlen 4.8 gr,4006000002033,359.90,359.90,,https://www.sariyermarket.com/nivea-dudak-bakim-kremi-bogurtlen-4-8-gr
Alcatra&Primavera 2 Li Paket Biberli Gouda ve Sade Rozbif,8699089585564,438.00,438.00,,https://www.sariyermarket.com/alcatra-primavera-2-li-paket-biberli-gouda-ve-sade-rozbif
Nescafe Classic 2 Gr,8690632020792,13.50,13.50,,https://www.sariyermarket.com/nescafe-classic-2-gr
San Pellegrino Doğal Mineralli Su 6x250 Ml,8002270021060,465.00,465.00,,https://www.sariyermarket.com/san-pellegrino-dogal-mineralli-su-6x250-ml
Komili Mısırözü Yağı 1lt,8699300273003,159.90,159.90,,https://www.sariyermarket.com/komili-misirozu-yagi-1lt
Dr.Oetker Kendiniz Tatlandırın Tavukgöğsü 45 Gr,8690629450588,18.68,18.68,,https://www.sariyermarket.com/dr-oetker-kendiniz-tatlandirin-tavukgogsu-45-gr
Bahçıvan Peynir 200 Gr,8690843097323,149.90,149.90,,https://www.sariyermarket.com/bahcivan-peynir-200-gr
Lays Klasik Parti Boy 160 Gr,8690624106015,82.00,82.00,,https://www.sariyermarket.com/lays-klasik-parti-boy-160-gr
Ülker Dankek Muzlu Rulo Pasta 235 Gr,8690504067825,70.00,70.00,,https://www.sariyermarket.com/ulker-dankek-muzlu-rulo-pasta-235-gr
Sushida Donuk Sushi Ton Maki 140 Gr,8690559027010,249.00,249.00,,https://www.sariyermarket.com/sushida-donuk-sushi-ton-maki-140-gr
Dudomi Bardak Noodle Tavuk Çeşnili 60GR,38692424999294,39.90,39.90,,https://www.sariyermarket.com/dudomi-bardak-noodle-tavuk-cesnili-60gr
Oral-B 75 ml Diş Minesi Güçlendirme Diş Macunu,8006530094634,329.90,329.90,,https://www.sariyermarket.com/oral-b-75-ml-dis-minesi-guclendirme--dis-macunu
Lahana Beyaz Kg,2910304000003,33.90,33.90,,https://www.sariyermarket.com/lahana-beyaz-kg
Gold Harvest Tuzlu İç Badem 135Gr,8683717470117,149.90,149.90,,https://www.sariyermarket.com/gold-harvest-tuzlu-ic-badem-135gr
Portakal Sıkma Kg,2910250000003,49.00,49.00,,https://www.sariyermarket.com/portakal-sikma-kg
Mövenpick Vanilyalı 100 Ml,7613036153942,119.95,119.95,,https://www.sariyermarket.com/movenpick-vanilyali-100-ml
Felix Somonlu Konserve 400 Gr,7613287520760,229.90,229.90,,https://www.sariyermarket.com/felix-somonlu-konserve-400-gr
Listerine Cool Mint Nane 250 Ml,3574661636610,183.92,183.92,,https://www.sariyermarket.com/listerine-cool-mint-nane-250-ml
Monster Mango Loco Enerji İçeceği Kutu 500 Ml,5061013944434,70.00,70.00,,https://www.sariyermarket.com/monster-mango-loco-enerji-icecegi-kutu-500-ml
Pınar Organik Yoğurt 1000 Gr,8690565005132,149.90,149.90,,https://www.sariyermarket.com/pinar-organik-yogurt-1000-gr
Hasata Gönen Baldo Pirinç 2000 Gr,8697423961975,331.90,331.90,,https://www.sariyermarket.com/hasata-gonen-baldo-pirinc-2000gr
"Nestle Nesfit Karamelli Tahıllı Bar 23,5 Gr",5900020033246,29.90,29.90,,https://www.sariyermarket.com/nestle-nesfit-karamelli-tahilli-bar-23-5-gr
Bahçıvan Tam Yağlı Taze Kaşar Peyniri 400 Gr,8690843096937,289.90,289.90,,https://www.sariyermarket.com/bahcivan-tam-yagli-taze-kasar-peyniri-400-gr
City Farm Organik Keten Tohumu 250 Gr,8698518423828,99.90,99.90,,https://www.sariyermarket.com/city-farm-organik-keten-tohumu-250-gr
Godiva Bol Sütlü Kare 60gr,8690504142553,115.00,115.00,,https://www.sariyermarket.com/godiva--bol-sutlu-kare-60gr
Heinz Trüflü Mayonez 220 Gr,8696362806040,199.90,199.90,,https://www.sariyermarket.com/heinz-truflu-mayonez-220-gr
Ülker Pötibör Bisküvi 175 Gr,8690504011101,30.00,30.00,,https://www.sariyermarket.com/ulker-potibor-biskuvi-175-gr
La Vache Qui Rit Dilim Peynir Cheddar 180gr,3073781197211,194.90,194.90,,https://www.sariyermarket.com/la-vache-qui-rit-dilim-peynir-cheddar-180gr
Kızılay Limon Aromalı Maden Suyu 6X200 Ml,8692813004201,75.00,75.00,,https://www.sariyermarket.com/kizilay-limon-aromali-maden-suyu-6x200-ml
Orkid Platinum Üçlü Hijyenik Ped Gece Ekstra 16'lı,8006530169974,167.93,167.93,,https://www.sariyermarket.com/orkid-platinum-dortlu-hijyenik-ped-gece-ekstra-16li
Tamek Garnitür Cam 550 Gr,8690575070212,83.90,83.90,,https://www.sariyermarket.com/tamek-garnitur-cam-550-gr
Selpak Mendil Mentollu,8690530051348,9.80,9.80,,https://www.sariyermarket.com/selpak-mendil-mentollu
Bahçıvan Light Laktozsuz Dilimli Beyaz Peynir 420 Gr,8690843097620,219.00,219.00,,https://www.sariyermarket.com/bahcivan-light-laktozsuz-dilimli-beyaz-peynir-420-gr
Lurpak İthal Organik Tereyağ 200gr,5740900402218,494.90,494.90,,https://www.sariyermarket.com/lurpak-ithal-organik-tereyag-200gr
First Sensations Cool Lime 27gr,7622202251924,59.90,59.90,,https://www.sariyermarket.com/first-sensations-cool-lime-27gr
Polente Süt Reçeli 200Gr,8682911340219,110.95,110.95,,https://www.sariyermarket.com/polente-sut-receli-200gr
Doytat Dolmalık Fıstık 20gr,8697826340285,199.90,199.90,,https://www.sariyermarket.com/doytat-dolmalik-fistik-20gr
Corny Kakao Muz Tahıl Bar 17 Gr,8681080909074,24.90,24.90,,https://www.sariyermarket.com/corny-kakao-muz-tahil-bar-17-gr
Colgate Optic White Oxygen Diş Macunu 50ml,8718951619630,337.43,337.43,,https://www.sariyermarket.com/colgate-optic-white-oxygen-dis-macunu-50ml
Whiskas Sığır Etli Poşet Yaş Kedi Maması 85 Gr,5900951301902,39.90,39.90,,https://www.sariyermarket.com/whiskas-sigir-etli-poset-yas-kedi-mamasi-85-gr
Gold Harvest Master Nut Fındık İçi 130Gr,8683717470162,234.90,234.90,,https://www.sariyermarket.com/gold-harvest-master-nut-findik-ici-130gr
St. Dalfour Şeftali Reçeli 284 Gr,3492390108935,359.90,359.90,,https://www.sariyermarket.com/st--dalfour-seftali-receli-284-gr
Sarıyer Gurme Izgara Mix Zeytin Kg,2901950000004,445.00,445.00,,https://www.sariyermarket.com/sariyer-gurme-izgara-mix-zeytin-kg
Kelloggs Coco Pops 700 Gr,8682530220121,187.90,187.90,,https://www.sariyermarket.com/kelloggs-coco-pops-700-gr
Richland Ballı Buğday Gevreği 240gr,8694023910761,119.90,119.90,,https://www.sariyermarket.com/richland-balli-bugday-gevregi-240gr
Chefline Glutensiz Soya Sosu Asia 150ml,8697418669626,99.90,99.90,,https://www.sariyermarket.com/chefline-glutensiz-soya-sosu-asia-150ml
Beşler Bi Lokma Macar Salam 55gr,8681594302361,51.90,51.90,,https://www.sariyermarket.com/besler-bi-lokma-macar-salam-55gr
Fersan Üzüm Sirkesi 1 Lt,8690816000022,132.90,132.90,,https://www.sariyermarket.com/fersan-1-lt-uzum-sirkesi-pet
Bağdat İsot Biber 80 Gr,8690560019288,84.90,84.90,,https://www.sariyermarket.com/bagdat-isot-biber-80-gr
Hipp 1 Organik Combiotic Bebek Sütü 350gr,4062300434042,629.90,629.90,,https://www.sariyermarket.com/hipp-1-organik-combiotic-bebek-sutu-350gr
Komili Taş Baskı Zeytinyağ 500ml,8699300270118,329.90,329.90,,https://www.sariyermarket.com/komili-tas-baski-zeytinyag-500ml
Moms Gronola Glutensiz Yaban Mersini Bites 40gr,8681267006459,48.93,48.93,,https://www.sariyermarket.com/moms-gronola-glutensiz-yaban-mersini-bites-40gr
Seyidoğlu Kıymalı Kol Böreği 350 Gr,8697512844257,164.93,164.93,,https://www.sariyermarket.com/seyidoglu-kiymali-kol-boregi-350-gr
Polonez Dana Jambon Kg,2904012000004,2200.00,2200.00,,https://www.sariyermarket.com/polonez-dana-jambon-kg
Becel Kase Margarin Zeytinyağlı 500 Gr,8719200750616,162.75,162.75,,https://www.sariyermarket.com/becel-kase-margarin-zeytinyagli-500-gr
Ülker Çikolatalı Gofret Maxi 47 Gr,8690504136514,22.00,22.00,,https://www.sariyermarket.com/ulker-cikolatali-gofret-maxi-47-gr
Thai World Tatli Biber Sosu 350gr,16229905248,139.90,139.90,,https://www.sariyermarket.com/thai-world-tatli-biber-sosu-350gr
Doga Evi Himalaya Tuzu Sofrada Öğütme 500 Gr,8681110220216,79.90,79.90,,https://www.sariyermarket.com/doga-evi-himalaya-tuzu-sofrada-ogutme-500-gr
Wefood Glütensiz Yulaf Ezmesi 300 Gr,8681749104567,130.50,130.50,,https://www.sariyermarket.com/wefood-glutensiz-yulaf-ezmesi-300-gr
Muni Pirinç Patlağı Deniz Tuzlu 100Gr,8683161911037,74.90,74.90,,https://www.sariyermarket.com/muni-pirinc-patlagi-deniz-tuzlu-100gr
Primavera Sade Edam Peyniri 150Gr,86990895857482,465.00,465.00,,https://www.sariyermarket.com/primavera-sade-edam-peyniri-150gr
Eti Alaska Frigo Bitter Çikolata Bar 60 Gr,8690526099613,34.90,34.90,,https://www.sariyermarket.com/eti-alaska-frigo-bitter-cikolata-bar-60-gr
Coca Cola Kutu Zero 250 Ml,5000112664843,54.00,54.00,,https://www.sariyermarket.com/coca-cola-kutu-zero-250-ml
Bağdat Acı Kırmızı Pul Biber 210 Gr,8690560073570,189.90,189.90,,https://www.sariyermarket.com/bagdat-aci-kirmizi-pul-biber-210-gr
Mövenpick Cold Brew Dondurma 165 Ml,7613037627572,239.90,239.90,,https://www.sariyermarket.com/movenpick-cold-brew-dondurma-165-ml
Bioblas Organic Oil Sarımsak Özü Şampuan 360 Ml,8680512600022,209.90,209.90,,https://www.sariyermarket.com/bioblas-organic-oil-sarimsak-ozu-sampuan-360-ml
Dana Gulaş Kg,2913123000001,1250.00,1250.00,,https://www.sariyermarket.com/dana-gulas-kg
Dr Pepper Cherry 330ml,8435185954626,109.90,109.90,,https://www.sariyermarket.com/dr-pepper-cherry-330ml
Pepsi Limon Aromalı 330 Ml,8690574119189,39.90,39.90,,https://www.sariyermarket.com/pepsi-limon-aromali-330-ml
Eker Tombul Ayran 195 Gr,8691316521420,21.90,21.90,,https://www.sariyermarket.com/eker-tombul-ayran-195-gr
Ülker Çokoprens Atıştırmalık 81 Gr,8690504008002,20.00,20.00,,https://www.sariyermarket.com/ulker-cokoprens-atistirmalik-81-gr
Pınar Macar Fıstıklı Salam Kg,2901039000000,1595.00,1595.00,,https://www.sariyermarket.com/pinar-macar-fistikli-salam-kg
Alcatra Rozbif Sade 100Gr,8699089579662,450.00,450.00,,https://www.sariyermarket.com/alcatra-rozbif-sade-100gr
Loco No:08 Lyche Çilek 900Ml,8683255401055,1250.00,1250.00,,https://www.sariyermarket.com/loco-no_08-lyche-cilek-900ml
"Milka Milkinis 87,5 Gr",7622300105167,159.90,159.90,,https://www.sariyermarket.com/milka-milkinis-87-5-gr
Wefood Badem Unu 250gr,8681749104574,474.90,474.90,,https://www.sariyermarket.com/wefood-badem-unu-250gr
Massimo Donut Strawberry 270 Gr 6Lı,8050705431120,149.90,149.90,,https://www.sariyermarket.com/massimo-donut-strawberry-270-gr-6li
Egos Ultra Güçlü Tutuş Jöle 250 Ml,8690530027060,249.90,249.90,,https://www.sariyermarket.com/egos-ultra-guclu-tutus-jole-250-ml
Nesquik Çokokare Kahvaltılık Gevrek 310gr,8690632047775,145.00,145.00,,https://www.sariyermarket.com/nesquik-cokokare-kahvaltilik-gevrek-310gr
"Eker Yayık Ayran 1,5 Lt",8691316520416,104.90,104.90,,https://www.sariyermarket.com/eker-yayik-ayran-1-5-lt
Algida Oreo Pint 430 Ml,8721274618280,250.00,250.00,,https://www.sariyermarket.com/algida-oreo-pint-430-ml
Avoya Blend Misket Limon Maden Suyu 250 ml,8684458000588,31.90,31.90,,https://www.sariyermarket.com/avoya-blend-misket-limon-maden-suyu-250-ml
Nescafe 3ü1 Arada Gold Yoğun Çoklu Paket 10 x 17.6 Gr,8690632765396,109.90,109.90,,https://www.sariyermarket.com/nescafe-3u1-arada-gold-yogun-coklu-paket-10-x-17-6-gr
Apikoğlu Tost Jambon Kg,2900060000003,2100.00,2100.00,,https://www.sariyermarket.com/apikoglu-tost-jambon-kg
Patates Taze Kg,2910264000006,79.90,79.90,,https://www.sariyermarket.com/patates-taze-kg
Ülker 9 Kat Tat İnce İnce Portakal 114Gr,8690504085355,40.00,40.00,,https://www.sariyermarket.com/ulker-9-kat-tat-ince-ince-portakal-114gr
Doytat Nane 30gr,8697826340315,39.90,39.90,,https://www.sariyermarket.com/doytat-nane-30gr
Colgate Barbie Batman Çocuk Diş Firçasi 5+,5900273150042,202.43,202.43,,https://www.sariyermarket.com/colgate-barbie-batman-cocuk-dis-fircasi-5_
Nescafé Xpress Americano Şeker İlavesiz Soğuk Kahve 250 Ml,8690632762906,49.90,49.90,,https://www.sariyermarket.com/nescaf%C3%A9-xpress-americano-seker-ilavesiz-soguk-kahve-250-ml
Dr.Oetker Pudra Şekeri 250 Gr,8690629300050,43.43,43.43,,https://www.sariyermarket.com/dr-oetker-pudra-sekeri-250-gr
Pidemiss Lahmacun 100gr 5'Li,8681820154603,304.90,304.90,,https://www.sariyermarket.com/pidemiss-lahmacun-100gr-5li
Knorr Köfte Harcı 82 Gr,8690637001932,67.90,67.90,,https://www.sariyermarket.com/knorr-kofte-harci-82-gr
Ülker Çıtır Kadayıflı Antep Fıstıklı Sütlü Çikolata 35 Gr,8690504150404,50.00,50.00,,https://www.sariyermarket.com/ulker-citir-kadayifli-antep-fistikli-sutlu-cikolata-35-gr
Pınar Süt 200 Ml,8690565008058,29.90,29.90,,https://www.sariyermarket.com/pinar-sut-200-ml
Anamour Çilek 25Gr,8684041960558,174.90,174.90,,https://www.sariyermarket.com/anamour-cilek-25gr
Doytat Keten Tohumu 60gr,8697453538581,21.90,21.90,,https://www.sariyermarket.com/doytat-keten-tohumu-60gr
Burcu Meksika Fasulye 400 Gr,8691573017087,69.90,69.90,,https://www.sariyermarket.com/burcu-meksika-fasulye-400-gr
Hipp 600Gr Organik 1 Combiotic Bebek Sutu,4062300457386,959.90,959.90,,https://www.sariyermarket.com/hipp-600gr-organik-1-combiotic-bebek-sutu
Loacker Quadratini Chocolate 54 Gr,80879190,139.90,139.90,,https://www.sariyermarket.com/loacker-quadratini-chocolate-54-gr
Karpuz Çekirdeksiz Kg,2923509000006,45.90,45.90,,https://www.sariyermarket.com/karpuz-cekirdeksiz-kg
Chefline Worchester Sosu Asia 150ML,8697418669992,74.90,74.90,,https://www.sariyermarket.com/chefline-worchester-sosu-asia-150ml
Tchibo Kapsül Kahve Espresso Brasil,4061445355533,299.90,299.90,,https://www.sariyermarket.com/tchibo-kapsul-kahve-espresso-brasil
Heinz Chipotle Mayonez 225 Gr,8696362806088,179.90,179.90,,https://www.sariyermarket.com/heinz-chipotle-mayonez-225-gr
De cecco Fettuccine Kurdele Makarna 500Gr,8001250152336,329.90,329.90,,https://www.sariyermarket.com/de-cecco-fettuccine-kurdele-makarna-500gr
Arbella Yüksük Makarna 500 Gr,8697430885448,29.90,29.90,,https://www.sariyermarket.com/arbella-yuksuk-makarna-500-gr
Molped Pure&Soft Normal Süper Fırsat 8li,8690536842186,59.90,59.90,,https://www.sariyermarket.com/molped-pure-soft-normal-super-firsat-8li
Sarıyer Gurme Trakya Eski Kaşar Peynir Kg,2901584000005,695.00,695.00,,https://www.sariyermarket.com/sariyer-gurme-trakya-eski-kasar-peynir-kg
Şifalıköy Antep Dolma Biber 20li,8680716082556,279.00,279.00,,https://www.sariyermarket.com/sifalikoy-antep-dolma-biber-20li
Barilla Tam Buğday Spagetti (Integrale Spaghetti) Makarna 400 Gr,8690579975001,59.90,59.90,,https://www.sariyermarket.com/barilla-tam-bugday-spagetti-integrale-spaghetti-makarna-400-gr
Pastavilla Mantı Makarna 500 Gr,8690684002166,46.90,46.90,,https://www.sariyermarket.com/pastavilla-manti-makarna-500-gr
Pet's Family Pouch Kısırlaştırılmış Kedi Maması Somon Jöleli 85Gr,8681085426552,34.93,34.93,,https://www.sariyermarket.com/pets-family-pouch-kisirlastirilmis-kedi-mamasi-somon-joleli-85gr
Biber Köy Kg,2900404000003,69.90,69.90,,https://www.sariyermarket.com/biber-koy-kg
Reis Barbunya 1000 Gr,8690849820123,299.90,299.90,,https://www.sariyermarket.com/reis-barbunya-1000-gr
Selpak Extra Pamuk Katkılı Tuvalet Kağıdı 32'li,8690530067646,529.90,529.90,,https://www.sariyermarket.com/selpak--extra-pamuk-katkili-tuvalet-kagidi-32li
Bahçıvan Dil Peyniri 200 Gr,8690843050014,149.90,149.90,,https://www.sariyermarket.com/bahcivan-dil-peyniri-200-gr
Sarıyer Gurme Dilimli Tost Peyniri 400 Gr,8699089580361,255.00,255.00,,https://www.sariyermarket.com/sariyer-gurme-dilimli-tost-peyniri-400-gr
Friskies Tavuk & Havuçlu Yavru Köpek Maması 100 Gr,7613035798915,41.90,41.90,,https://www.sariyermarket.com/friskies-tavuk---havuclu-yavru-kopek-mamasi-100-gr
Jelibon Sourpatch Peach 80 Gr,7622202207143,49.90,49.90,,https://www.sariyermarket.com/jelibon-sourpatch-peach-80-gr
Amoy Soya Sosu 150ml Light,5000111044226,219.90,219.90,,https://www.sariyermarket.com/amoy-soya-sosu-150ml-light
Feast Çilek 400 Gr,21008110076140,244.50,244.50,,https://www.sariyermarket.com/feast-cilek-400-gr
Nish Kapsül Kahve 55 Gr Fındık Aromalı,8683583872138,269.90,269.90,,https://www.sariyermarket.com/nish-kapsul-kahve-55-gr-findik-aromali
Züber Sütlü Çikolata 42 Gr,8681630793160,124.90,124.90,,https://www.sariyermarket.com/zuber-sutlu-cikolata-42-gr
Nish Espresso İtaly 250 gr,8682279230962,379.90,379.90,,https://www.sariyermarket.com/nish-espresso-italy-250-gr
Fora Kokteyl Yeşil Zeytin 400 Gr,8695608230014,164.90,164.90,,https://www.sariyermarket.com/fora-kokteyl-yesil-zeytin-400-gr
Beypazarı Maden Suyu 6X200 Ml,8691381000035,74.90,74.90,,https://www.sariyermarket.com/beypazari-maden-suyu-6x200-ml
Eti Petit Beurre Bisküvi 800 Gr,8690526691015,119.00,119.00,,https://www.sariyermarket.com/eti-petit-beurre-biskuvi-800-gr
De cecco Tagliatelle İnce Erişte Makarna 500Gr,8001250152039,329.90,329.90,,https://www.sariyermarket.com/de-cecco-tagliatelle-ince-eriste-makarna-500gr
Ülker Caramio Karamel Dolgulu Sütlü Çikolata 32 Gr,8690504141204,27.50,27.50,,https://www.sariyermarket.com/ulker-caramio-karamel-dolgulu-sutlu-cikolata-32-gr
İçim Çocuk Devam Sütü 1 Lt,8692971416434,79.90,79.90,,https://www.sariyermarket.com/icim-cocuk-devam-sutu-1-lt
Ülker Çokonat 3'Lü Paket 99Gr,8690504031567,78.50,78.50,,https://www.sariyermarket.com/ulker-cokonat-3lu-paket-99gr
İhe Grissini Çörekotlu 200 Gr,8691397020041,60.00,60.00,,https://www.sariyermarket.com/ihe-grissini-corekotlu-200-gr
Clear Men Maksimum Ferahlık Yağlı Saç Derisi İçin Kepeğe Karşı Etkili Şampuan 350 ml,8683130040881,152.94,152.94,,https://www.sariyermarket.com/clear-men-maksimum-ferahlik-yagli-sac-derisi-icin-kepege-karsi-etkili-sampuan-350-ml
Hipp Organik İyi Geceler Sütlü Elma Tahil 250gr,9062300113546,149.90,149.90,,https://www.sariyermarket.com/hipp-organik-iyi-geceler-sutlu-elma-tahil-250gr
Petit Danino Orman Meyveli 6x40gr,8696368200642,69.90,69.90,,https://www.sariyermarket.com/petit-danino-orman-meyveli-6x40gr
Pınar Milföy Hamuru 1000 Gr,8690527110034,119.90,119.90,,https://www.sariyermarket.com/pinar-milfoy-hamuru-1000-gr
Pınar Beyaz 180 Gr,8690565006702,103.90,103.90,,https://www.sariyermarket.com/pinar-beyaz-180-gr
Pastavilla Bronz Kalıp Rigatoni 500 Gr,8690684900127,77.90,77.90,,https://www.sariyermarket.com/pastavilla-bronz-kalip-rigatoni-500-gr
Züber Dolu Dolu Meyve Bar Yer Fıstığı Ezmeli 30 Gr,8681630428949,64.95,64.95,,https://www.sariyermarket.com/zuber-dolu-dolu-meyve-bar-yer-fistigi-ezmeli-30-gr
Persil Jel 1690Ml 26 Yıkama Okyanus Ferahlığı,9000101837308,329.90,329.90,,https://www.sariyermarket.com/persil-jel-1690ml-26-yikama-okyanus-ferahligi
Eti Burçak Tuzlu Zeytinli Bisküvi 273 Gr,8690526031712,70.50,70.50,,https://www.sariyermarket.com/eti-burcak-tuzlu-zeytinli-biskuvi-273-gr
Söke Glütensiz Un 250gr,8690577001818,54.90,54.90,,https://www.sariyermarket.com/soke-glutensiz-un-250gr
Knorr Bolonez Makarna Sosu 45 Gr,8690701010051,79.90,79.90,,https://www.sariyermarket.com/knorr-bolonez-makarna-sosu-45-gr
Frico Sade Füme Peynir Kg,2904040000007,1895.00,1895.00,,https://www.sariyermarket.com/frico-sade-fume-peynir-kg
Sütaş Taze Kaymak 180 Gr,8681324000536,164.90,164.90,,https://www.sariyermarket.com/sutas-taze-kaymak-180-gr
Ülker Fındık Rüyası Tüp 30 Gr,8690504005360,30.00,30.00,,https://www.sariyermarket.com/ulker-findik-ruyasi-tup-30-gr
Biber Sivri Kg,2910234000005,69.90,69.90,,https://www.sariyermarket.com/biber-sivri-kg
Fuse Tea Mango Ananas Aromalı Soğuk Çay Kutu 330 ML,5000112664683,55.00,55.00,,https://www.sariyermarket.com/fuse-tea-mango-ananas-aromali-soguk-cay-kutu-330-ml
Pınar Piliç Kroket 430 Gr,8690527100271,199.90,199.90,,https://www.sariyermarket.com/pinar-pilic-kroket-430-gr
Nescafe Gold 2 Gr,8690632041070,14.90,14.90,,https://www.sariyermarket.com/nescafe-gold-2-gr
Sade Organik Burgu Makarna 500 Gr,8697463092998,94.90,94.90,,https://www.sariyermarket.com/sade-organik-burgu-makarna-500-gr
Tadım Çiğ Badem 180 Gr,8690787601037,210.00,210.00,,https://www.sariyermarket.com/tadim-cig-badem-180-gr
Anamour Elma 25Gr,8684041960565,99.90,99.90,,https://www.sariyermarket.com/anamour-elma-25gr
Chefline Pirinç Sirkesi Asia 150ML,8697418669985,94.90,94.90,,https://www.sariyermarket.com/chefline-pirinc-sirkesi-asia-150ml
Clear Women Komple Bakım Şampuan 350Ml,8683130040799,152.94,152.94,,https://www.sariyermarket.com/clear-women-komple-bakim-sampuan-350ml
Kotex Ultra Süper Ekonomik Gece Hijyenik Ped 16 Adet,8691900174056,249.90,249.90,,https://www.sariyermarket.com/kotex-ultra-super-ekonomik-gece-hijyenik-ped-16-adet
Omo Express Fresh Capcanlı Renkler Renkli ve Siyahlar 1.48 L,8683130088753,349.90,349.90,,https://www.sariyermarket.com/omo-express-fresh-capcanli-renkler-renkli-ve-siyahlar-1-48-l
Pınar Yoğurt Lezzetin Alası 500 Gr,8690565035429,65.90,65.90,,https://www.sariyermarket.com/pinar-yogurt-lezzetin-alasi-500-gr
Uluova Klasik Beyaz Peynir 350 Gr,8683229254496,280.00,280.00,,https://www.sariyermarket.com/uluova-klasik-beyaz-peynir-350-gr
Nestle Damak Sütlü Çikolata Kaplı Antep Fıstıklı Draje 50 Gr,8690632992846,109.95,109.95,,https://www.sariyermarket.com/nestle-damak-sutlu-cikolata-kapli-antep-fistikli-draje-50-gr
CityFarm Organik İrmik 500 Gr,8698518426119,82.90,82.90,,https://www.sariyermarket.com/cityfarm-organik-irmik-500-gr
Koska Pekmez Üzüm Bidon 700gr,8690710135974,319.90,319.90,,https://www.sariyermarket.com/koska-pekmez-uzum-bidon-700gr
Tadım Naturel 180 Gr,8690787181423,165.00,165.00,,https://www.sariyermarket.com/tadim-naturel-180-gr
Ülker Coco Star Hindistan Cevizli Bar 25 Gr,8690504050056,15.00,15.00,,https://www.sariyermarket.com/ulker-coco-star-hindistan-cevizli-bar-25-gr
Moms Granola Glütensiz Yer Fıstıklı Bites 40gr,8681267006473,48.93,48.93,,https://www.sariyermarket.com/moms-granola-glutensiz-yer-fistikli-bites-40gr
Uludağ Efsane Gazoz Şekersiz 1 Lt,1500144802083,59.50,59.50,,https://www.sariyermarket.com/uludag-efsane-gazoz-sekersiz-1-lt
Teksüt Krem Peynir 270gr,8690158124271,79.90,79.90,,https://www.sariyermarket.com/teksut-krem-peynir-270gr
Alpro Şekersiz Yulaf İçeceği 1 Lt,5411188124689,119.94,119.94,,https://www.sariyermarket.com/alpro-sekersiz-yulaf-icecegi-1-lt
Melis Kornişon Turşu 370ml Cam,8690542501541,87.90,87.90,,https://www.sariyermarket.com/melis-kornison-tursu-370ml-cam
İçim Fit Süt Kahveli 400 Ml,8692971435664,69.90,69.90,,https://www.sariyermarket.com/icim-fit-sut-kahveli-400-ml
Zencefil İthal Kg,2923328000003,399.00,399.00,,https://www.sariyermarket.com/zencefil-ithal-kg
Fellas Kırmızı Meyveli Kuruyemiş Bar 30Gr,8684207695621,59.95,59.95,,https://www.sariyermarket.com/fellas-kirmizi-meyveli-kuruyemis-bar-30gr
Erdemler Gezen Tavuk Yumurtası 10'lu Medium,8697409850965,135.00,135.00,,https://www.sariyermarket.com/erdemler-gezen-tavuk-yumurtasi-10lu-medium
Kuzu Kuşbaşı Kg,2901017000008,1240.00,1240.00,,https://www.sariyermarket.com/kuzu-kusbasi-kg
Milupa Organik Sütlaç 125gr,8699745000967,79.90,79.90,,https://www.sariyermarket.com/milupa-organik-sutlac-125gr
Tadelle Küp Gofret Kakaolu 200gr,8683417001512,89.90,89.90,,https://www.sariyermarket.com/tadelle-kup-gofret-kakaolu-200gr
Ülker Olala Sufle Kek 70gr,8690504080893,40.00,40.00,,https://www.sariyermarket.com/ulker-olala-sufle-kek-70gr
Primavera Sade Füme Peyniri 150Gr,86990895858164,465.00,465.00,,https://www.sariyermarket.com/primavera-sade-fume-peyniri-150gr
Pamukkale Manda Yoğurt 800g,8684278645204,279.90,279.90,,https://www.sariyermarket.com/pamukkale-manda-yogurt-800g
Doğadan Mango Aromalı Matcha Yeşil Çay Tozu 25 G,8699432220876,243.68,243.68,,https://www.sariyermarket.com/dogadan-mango-aromali-matcha-yesil-cay-tozu-25-g
Barilla Capellini İnce Spagetti 500 Gr,8690579984553,59.90,59.90,,https://www.sariyermarket.com/barilla-ince-spagetti-makarna-500-gr
Züber Antep Fıstıklı Çikolatalı Meyve Bar 40 Gr,8681630101019,56.22,56.22,,https://www.sariyermarket.com/zuber-antep-fistikli-cikolatali-meyve-bar-40-gr
Sütaş Kaymaksız Yoğurt 600 Gr,8690767671104,62.90,62.90,,https://www.sariyermarket.com/sutas-kaymaksiz-yogurt-600-gr
Sana Paket Margarin Hamurişi 250 Gr,8719200751538,66.50,66.50,,https://www.sariyermarket.com/sana-paket-margarin-hamurisi-250-gr
Ülker Dankek Havuçlu Tarçınlı 160 Gr,8690504064428,38.90,38.90,,https://www.sariyermarket.com/ulker-dankek-havuclu-tarcinli-160-gr
Pakmaya Şeker İlavesiz Sütlü Pul Çikolata 70Gr,8690770333075,145.90,145.90,,https://www.sariyermarket.com/pakmaya-seker-ilavesiz-sutlu-pul-cikolata-70gr
Pınar Aç Bitir Hindi Salam Büyük Dilim 60 Gr,8690527011294,41.90,41.90,,https://www.sariyermarket.com/pinar-ac-bitir-hindi-salam-buyuk-dilim-60-gr
Polonez Salam İtalyan Macar Kg,2915118000003,3200.00,3200.00,,https://www.sariyermarket.com/polonez-salam-italyan-macar-kg
Alpro Hindistan Cevizi İçeceği Şekersiz 1 Lt,5411188128311,119.94,119.94,,https://www.sariyermarket.com/alpro-hindistan-cevizi-icecegi-sekersiz-1-lt
Wefood Zeytinli Kekikli Kraker 40 Gr,8683347035083,69.90,69.90,,https://www.sariyermarket.com/wefood-zeytinli-kekikli-kraker-40-gr
Fide Klasik Ton Balığı 3x80 Gr,8691405653100,254.90,254.90,,https://www.sariyermarket.com/fide-klasik-ton-baligi-3x80-gr
Seyidoğlu Bitter Çikolatalı Ekler 300 Gr,8697512844110,217.43,217.43,,https://www.sariyermarket.com/seyidoglu-bitter-cikolatali-ekler-300-gr
Toprak Doğal Ağın Leblebesi Elazığ 200 Gr,8681078703684,219.90,219.90,,https://www.sariyermarket.com/toprak-dogal-agin-leblebesi-elazig-200-gr
Superfresh Zeytinyağlı Ton Balığı 2x140 Gr,8690612314996,269.90,269.90,,https://www.sariyermarket.com/superfresh-zeytinyagli-ton-baligi-2x140-gr
City Farm Organik Tahin 350gr,8698518426775,349.90,349.90,,https://www.sariyermarket.com/city-farm-organik-tahin-350gr
Nescafe Xpress Original 250 Ml,8690632762869,49.90,49.90,,https://www.sariyermarket.com/nescafe-xpress-original-250-ml
Ülker Oneo Slims 60 Dk Meyve Aromalı Sakız 14 Gr,8690840229406,27.00,27.00,,https://www.sariyermarket.com/ulker-oneo-slims-60-dk-meyve-aromali-sakiz-14-gr
Takita Kahverengi Kup Seker 500gr,8690920126182,199.90,199.90,,https://www.sariyermarket.com/takita-kahverengi-kup-seker-500gr
Arıcan Yayla Kır Çiçekleri Balı Çıt Kapak 400 Gr,8692970684001,469.90,469.90,,https://www.sariyermarket.com/arican-yayla-kir-cicekleri-bali-cit-kapak-400-gr
Pınar Aç Bitir Hindi Salam 75 Gr,8690527010839,49.50,49.50,,https://www.sariyermarket.com/pinar-ac-bitir-hindi-salam-75-gr
Hellmann'S Truffle Mayonez 235Gr,8683130094938,179.90,179.90,,https://www.sariyermarket.com/hellmanns-truffle-mayonez-235gr
City Farm Organik Nohut 1000 Gr,8698518430505,199.90,199.90,,https://www.sariyermarket.com/city-farm-organik-nohut-1000-gr
Ülker Çizi Çıtır Tulum Peyniri & Köz Biber 50 Gr,8690504077541,19.90,19.90,,https://www.sariyermarket.com/ulker-cizi-citir-tulum-peyniri-koz-biber-50-gr
Lahana Kırmızı Kg,2910245000001,49.00,49.00,,https://www.sariyermarket.com/lahana-kirmizi-kg
Ülker Çikolatalı Gofret 4'lü Paket 144 Gr,8690504135562,69.00,69.00,,https://www.sariyermarket.com/ulker-cikolatali-gofret-4lu-paket-144-gr
Jungle Kedi Macunu (Tüy Yumağı Önleyici Ve Multivitamin ) 75 gr,8682631204501,90.93,90.93,,https://www.sariyermarket.com/jungle-kedi-macunu-tuy-yumagi-onleyici-ve-multivitamin-75-gr
Eti Pronot Glutensiz Bebek Bisküvisi 180 Gr,8690526548074,150.00,150.00,,https://www.sariyermarket.com/eti-pronot-glutensiz-bebek-biskuvisi-180-gr
Bilezikçi Çiftliği Organik Yumurta 15'li 53-63gr,8682325384007,260.00,260.00,,https://www.sariyermarket.com/bilezikci-ciftligi-organik-yumurta-15li-53-63gr
Danette Karamelli Çikolatalı Puding 4 x 100 Gr,8696368000770,99.90,99.90,,https://www.sariyermarket.com/danette-karamelli-cikolatali-puding-4-x-100-gr
Powerade Ice Blast Karışık Meyve Aromalı Spor İçeceği Pet 500 Ml,5000112664614,70.00,70.00,,https://www.sariyermarket.com/powerade-ice-blast-karisik-meyve-aromali-spor-icecegi-pet-500-ml
"Mentos Meyveli Draje Şeker 37,5 Gr",87108026,30.00,30.00,,https://www.sariyermarket.com/mentos-meyveli-draje-seker-37-5-gr
Doğa Evi Öğütülmüş Keçiboynuzu Unu 200gr,8681110220117,79.90,79.90,,https://www.sariyermarket.com/doga-evi-ogutulmus-keciboynuzu-unu-200gr
Peyman Nutzz Popzz Soğan Kremalı 90 Gr,8695876208661,35.00,35.00,,https://www.sariyermarket.com/peyman-nutzz-popzz-sogan-kremali-90-gr
Cappy Portakallı İçecek 1 L,5449000051776,79.90,79.90,,https://www.sariyermarket.com/cappy-portakalli-icecek-1-l
Lee Kum Kee Soya Sosu 500ml,788951287892,189.90,189.90,,https://www.sariyermarket.com/lee-kum-kee-soya-sosu-500ml
Eti Browni Gold Kakao Soslu Çikolatalı 9'lu 180 Gr,8690526073736,69.00,69.00,,https://www.sariyermarket.com/eti-browni-gold-kakao-soslu-cikolatali-9lu-180-gr
Ecowell Organik Çocuk Diş Macunu 75ml,8680624093378,219.00,219.00,,https://www.sariyermarket.com/ecowell-organik-cocuk-dis-macunu-75ml
Activia Doğal Probiyotik Çilekli Yoğurt 4 x 100 Gr,8696368011349,114.50,114.50,,https://www.sariyermarket.com/activia-dogal-probiyotik-cilekli-yogurt-4-x-100-gr
Borbone Kapsül Kahve Crema Superiore 50Gr,8055176430139,279.90,279.90,,https://www.sariyermarket.com/borbone-kapsul-kahve-crema-superiore-50gr
Pastavilla Glütensiz Veggipasta Rotini Burgu Makarna 350 Gr,8690684900004,123.90,123.90,,https://www.sariyermarket.com/pastavilla-glutensiz-veggipasta-rotini-burgu-makarna-350-gr
Sütaş Paket Tereyağ 125 Gr,8690767160103,114.90,114.90,,https://www.sariyermarket.com/sutas-paket-tereyag-125-gr
Doğadan Mango & Lime Yeşil Çay 18'li 23.4 G,8699432218958,86.18,86.18,,https://www.sariyermarket.com/dogadan-mango-lime-yesil-cay-18li-23-4-g
Long Chips Patates Çerez 75 Gr,4750127300793,99.90,99.90,,https://www.sariyermarket.com/long-chips-patates-cerez-75-gr
Pınar Kido Çilekli Süt 180 Ml,8690565022054,20.90,20.90,,https://www.sariyermarket.com/pinar-kido-cilekli-sut-180-ml
Fersan Üzüm Sirkesi Pet Şişe 500 Ml,8690816000015,89.90,89.90,,https://www.sariyermarket.com/fersan-uzum-sirkesi-pet-sise-500-ml
Eminali Naturel Sızma Cam Şişe Soğuk Sıkım 500ML,8697160101016,349.90,349.90,,https://www.sariyermarket.com/eminali-naturel-sizma-cam-sise-soguk-sikim-500ml
Dardanel 4 Tahıllı Ton Aç-Ye 160 Gr,8690559022503,186.90,186.90,,https://www.sariyermarket.com/dardanel-4-tahilli-ton-ac-ye-160-gr
Bağdat Izgara Harcı 65 Gr,8690560050304,69.90,69.90,,https://www.sariyermarket.com/bagdat-izgara-harci-65-gr
Züber Chia Hindistan Cevizi 40 Gr,8681630105017,48.72,48.72,,https://www.sariyermarket.com/zuber-chia-hindistan-cevizi-40-gr
Dimes Şeftali Nektarı 200 Ml,8690558014356,17.90,17.90,,https://www.sariyermarket.com/dimes-seftali-nektari-200-ml
Eti Form Bitter Çikolata Kaplı Lifli Bisküvi 50 Gr,8690526093543,40.00,40.00,,https://www.sariyermarket.com/eti-form-bitter-cikolata-kapli-lifli-biskuvi-50-gr
Kızılay Erzincan Doğal Maden Suyu 6X200 Ml,8692813005116,59.95,59.95,,https://www.sariyermarket.com/kizilay-erzincan-dogal-maden-suyu-6x200-ml
Mango Adet,2623067000004,125.00,125.00,,https://www.sariyermarket.com/mango-adet
Billur Tuz İyotlu 3000 Gr,8690771130901,129.90,129.90,,https://www.sariyermarket.com/billur-tuz-iyotlu-3000-gr
First Sensations Ahududu Ve Karadut Aromalı Sakız 27 Gr,8690524000147,59.90,59.90,,https://www.sariyermarket.com/first-sensations-ahududu-ve-karadut-aromali-sakiz-27-gr
Selpak Mendil Losyonlu,8690530161320,9.80,9.80,,https://www.sariyermarket.com/selpak-mendil-losyonlu
Dr.Oetker Muhallebi 196 Gr,8690629310950,35.18,35.18,,https://www.sariyermarket.com/dr-oetker-muhallebi-196-gr
Whiskas Kuru Ton Balıklı Kedi Maması 300gr,5900951304255,129.90,129.90,,https://www.sariyermarket.com/whiskas-kuru-ton-balikli-kedi-mamasi-300gr
City Farm Organik Tarhana 500 Gr,8698518429882,249.90,249.90,,https://www.sariyermarket.com/city-farm-organik-tarhana-500-gr
Zekeriyaköy Çiftliği İzmir Tulum Peyniri 150 Gr,8699089586134,225.00,225.00,,https://www.sariyermarket.com/zekeriyakoy-ciftligi-izmir-tulum-peyniri-150-gr
Lipton Ice Tea Çilek 1LT,8690574115969,49.90,49.90,,https://www.sariyermarket.com/lipton-ice-tea-cilek-1lt
Nilky Almond Bademli İçeçek 1 Lt,8682983760014,159.90,159.90,,https://www.sariyermarket.com/nilky-almond-bademli-icecek-1-lt
Superfresh Kinoalı Ton 150gr,8690612605643,159.90,159.90,,https://www.sariyermarket.com/superfresh-kinoali-ton-150gr
Sütaş Çeçil Peyniri 200 Gr,8681324006583,159.90,159.90,,https://www.sariyermarket.com/sutas-cecil-peyniri-200-gr
Real Thai Pirinç Yufkası Rice Paper 22cm,8858135054021,219.90,219.90,,https://www.sariyermarket.com/real-thai-pirinc-yufkasi-rice-paper-22cm
Wefood Organik Hindistan Ceviz Yağı 300ml,8681749104321,595.00,595.00,,https://www.sariyermarket.com/wefood-organik-hindistan-ceviz-yagi-300ml
Algida Frigola Fındık Çikolata 60 Ml,8690637816505,40.00,40.00,,https://www.sariyermarket.com/algida-frigola-findik-cikolata-60-ml
Dardanel Fasulyeli Ton Aç-Ye 160 Gr,8690559022497,186.90,186.90,,https://www.sariyermarket.com/dardanel-fasulyeli-ton-ac-ye-160-gr
City Farm Organik Makarna Burgu 500 Gr,8698518455522,74.90,74.90,,https://www.sariyermarket.com/city-farm-organik-makarna-burgu-500-gr
Omo Express Fresh Beyaz ve Renkliler 840 Ml,8683130139561,249.90,249.90,,https://www.sariyermarket.com/omo-express-fresh-beyaz-ve-renkliler-840-ml
Red Bull Enerji İçeceği 473 Ml,9002490268329,120.00,120.00,,https://www.sariyermarket.com/red-bull-enerji-icecegi-473-ml
Dardanel Sushida Ton Onigiri 125 Gr,8690559023487,146.25,146.25,,https://www.sariyermarket.com/dardanel-sushida-ton-onigiri-125-gr
Yenigün Şeker İlavesiz Çilek Reçeli 2290 Gr,8691588111572,274.90,274.90,,https://www.sariyermarket.com/yenigun-seker-ilavesiz-cilek-receli-2290-gr
Primavera Toz Parmesan 100 Gr,8699089589883,195.00,195.00,,https://www.sariyermarket.com/primavera-toz-parmesan-100-gr
Sarıyer Gurme Kabuklu Kaju 120Gr,8699089552214,139.90,139.90,,https://www.sariyermarket.com/sariyer-gurme-kabuklu-kaju-120gr
Ülker Çikolata Dolu Dolu Fındıklı 80 Gr,8683508143800,120.00,120.00,,https://www.sariyermarket.com/ulker-cikolata-dolu-dolu-findikli-80-gr
Friskies Tavuk Kedi Yaş Mama 85 Gr,7613036964043,36.90,36.90,,https://www.sariyermarket.com/friskies-tavuk-kedi-yas-mama-85-gr
Batiste Kuru Şampuan Tropical 200 ml,5010724527511,319.90,319.90,,https://www.sariyermarket.com/batiste-kuru-sampuan-tropical-200-ml
Nestle Nesfit Kırmızı Meyveli Tam Tahıl ve Pirinç Gevreği 400 Gr,8690632064710,169.90,169.90,,https://www.sariyermarket.com/nestle-nesfit-kirmizi-meyveli-tam-tahil-ve-pirinc-gevregi-400-gr
Vivident Storming Sakiz Karpuz Aromali 33gr,80832386,59.90,59.90,,https://www.sariyermarket.com/vivident-storming-sakiz-karpuz-aromali-33gr
Kühne Türk Tipi Kornişon Turşu 670 Ml,8696027016043,199.90,199.90,,https://www.sariyermarket.com/kuhne-turk-tipi-kornison-tursu-670-ml
Algida Plombir 120 Ml,8683130113882,90.00,90.00,,https://www.sariyermarket.com/algida-plombir-120-ml
Pakmaya Bitter Parça Çikolata 70 Gr,8690770329184,126.90,126.90,,https://www.sariyermarket.com/pakmaya-bitter-parca-cikolata-70-gr
Muz Yerli Kg,2906412000004,99.00,99.00,,https://www.sariyermarket.com/muz-yerli-kg
Doga Evi Yulaf Kepegi 400gr,8681110220032,99.90,99.90,,https://www.sariyermarket.com/doga-evi-yulaf-kepegi-400gr
Pınar Protein Vanilya Aromalı Süt 500 Ml,8690565017531,85.90,85.90,,https://www.sariyermarket.com/pinar-protein-vanilya-aromali-sut-500-ml
Sarıyer Kola 330Ml,8683789552513,27.50,27.50,,https://www.sariyermarket.com/sariyer-kola-330ml
Oral-B Vitality Şarj Edilebilir Diş Fırçası 3D White,4210201426981,2990.00,2990.00,,https://www.sariyermarket.com/oral-b-vitality-sarj-edilebilir-dis-fircasi-3d-white
Hipp Organik Kayısı Püresi 125gr,9062300106081,89.90,89.90,,https://www.sariyermarket.com/hipp-organik-kayisi-puresi-125gr
Orhan Reis Sarımsak File 250gr,8690849370581,59.90,59.90,,https://www.sariyermarket.com/orhan-reis-sarimsak-file-250gr
Dana Kuşbası Et ve Süt Kurumu İthal Et Kg,2901911005086,650.00,650.00,,https://www.sariyermarket.com/dana-kusbasi-et-ve-sut-kurumu-ithal-et-kg
Eti Gong Süt Mısır & Acılı 68 Gr,8690526194455,32.50,32.50,,https://www.sariyermarket.com/eti-gong-sut-misir---acili-68-gr
Omo Express Fresh Ultra Beyaz 840 Ml,8683130139547,249.90,249.90,,https://www.sariyermarket.com/omo-express-fresh-ultra-beyaz-840-ml-
Peyman Çitliyo Kara Şimşek Klasik 180 Gr,8695876206377,56.00,56.00,,https://www.sariyermarket.com/peyman-citliyo-kara-simsek-klasik-180-gr
Komili Soğuk Sıkma Sızma Zeytinyağ 500ml,8699300270163,329.90,329.90,,https://www.sariyermarket.com/komili-soguk-sikma-sizma-zeytinyag-500ml
Kapra Keçi Labne Peyniri 200 Gr,8682530660729,399.90,399.90,,https://www.sariyermarket.com/kapra-keci-labne-peyniri-200-gr
Dardanel Fish Finger 400gr,8690559014140,255.00,255.00,,https://www.sariyermarket.com/dardanel-fish-finger-400gr
Bilezikçi Çiftliği Beyaz Yumurta 10'lu 53-62 Gr,8682325384045,89.00,89.00,,https://www.sariyermarket.com/bilezikci-ciftligi-beyaz-yumurta-10lu-53-62-gr
Gold Kremfıstık Şeker İlavesiz Yer Fıstığı Ezmesi 340 Gr,8691026060073,199.50,199.50,,https://www.sariyermarket.com/gold-kremfistik-seker-ilavesiz-yer-fistigi-ezmesi-340-gr
Lipton Ice Tea Şeftali Kutu 330 Ml,8690574114726,42.50,42.50,,https://www.sariyermarket.com/lipton-ice-tea-seftali-kutu-330-ml
Pınar Köfte İnegöl 390 Gr,8690527102541,549.90,549.90,,https://www.sariyermarket.com/pinar-kofte-inegol-390-gr
Ekici Süzme Peynir 400gr,8697403874134,129.00,129.00,,https://www.sariyermarket.com/ekici-suzme-peynir-400gr
Sarıyer Gurme Arnavut Ciğer Kg,2903040000000,1495.00,1495.00,,https://www.sariyermarket.com/sariyer-gurme-arnavut-ciger-kg
Sütaş Kaf Kefir Orman Meyveli 250 Ml,8681324004718,41.90,41.90,,https://www.sariyermarket.com/sutas-kaf-kefir-orman-meyveli-250-ml
Sarıyer Gazoz Karışık Meyveli 1Lt,8683789552117,34.90,34.90,,https://www.sariyermarket.com/sariyer-gazoz-karisik-meyveli-1lt
Doytat Sumak 60gr,8697826340322,68.90,68.90,,https://www.sariyermarket.com/doytat-sumak-60gr
Eti Karam Gurme Bitter Çikolatalı Gofret 50 Gr,8690526095417,27.50,27.50,,https://www.sariyermarket.com/eti-karam-gurme-bitter-cikolatali-kremali-gofret-50-gr
Veggy Bezelye Proteini 200gr,8680518980357,264.00,264.00,,https://www.sariyermarket.com/veggy-bezelye-proteini-200gr
Humm Organic Fındıklı Kakaolu Kek 30 Gr,8680050317949,119.95,119.95,,https://www.sariyermarket.com/humm-organic-findikli-kakaolu-kek-30-gr
Melis Salatalık Turşu 680 Gr,8699073290603,99.90,99.90,,https://www.sariyermarket.com/melis-salatalik-tursu-680-gr
Bebelac Gold 2 Devam Sütü 350 Gr,8699745023638,489.90,489.90,,https://www.sariyermarket.com/bebelac-gold-2-devam-sutu-350-gr
City Farm Organik Üzüm Pekmezi 460gr,8698518424252,210.90,210.90,,https://www.sariyermarket.com/city-farm-organik-uzum-pekmezi-460gr
Vileda Süperpaspas Classic,18690803712942,299.90,299.90,,https://www.sariyermarket.com/vileda-superpaspas-classic
Pınar Piliç Şnitzel 415 Gr,8690527100332,199.90,199.90,,https://www.sariyermarket.com/pinar-pilic-snitzel-415-gr
Whiskas Tavuklu Kuru Mama 3.8 Kg,5998749130223,1349.90,1349.90,,https://www.sariyermarket.com/whiskas-tavuklu-kuru-mama-3-8-kg
Alcatra Et Çubukları 150Gr,8699089585298,450.00,450.00,,https://www.sariyermarket.com/alcatra-et-cubuklari-150gr
Nescafe Classic Eko Paket 50 Gr,8690632132051,124.90,124.90,,https://www.sariyermarket.com/nescafe-classic-eko-paket-50-gr
Eti Burçak Sultani Bisküvi 123 Gr,8690526091150,25.00,25.00,,https://www.sariyermarket.com/eti-burcak-sultani-biskuvi-123-gr
"Lipton Ice Tea Limon 1,5 Lt",8690574118953,70.00,70.00,,https://www.sariyermarket.com/lipton-ice-tea-limon-1-5-lt
Burcu Mısır 3 x 200 Gr,8691573337314,79.90,79.90,,https://www.sariyermarket.com/burcu-misir-3-x-200-gr
Selpak Organik Bambu & Zeytinyağlı Özlü Islak Mendil 50'li,8690530057470,59.90,59.90,,https://www.sariyermarket.com/selpak-organik-bambu-zeytinyagli-ozlu-islak-mendil-50li
Jungle Püre Yetişkin Kedi Mamasi Somonlu 100gr,8681299602469,41.93,41.93,,https://www.sariyermarket.com/jungle-pure-yetiskin-kedi-mamasi-somonlu-100gr
Cornetto Classico Çikolata Dondurma 125 Ml,8690637684401,50.00,50.00,,https://www.sariyermarket.com/cornetto-classico-cikolata-dondurma-125-ml
Ülker Hanımeller Limon Soslu Kurabiye 94 Gr,8690504119609,27.50,27.50,,https://www.sariyermarket.com/ulker-hanimeller-limon-soslu-kurabiye-94-gr
Kühne Türk Tipi Kornişon Turşu 370ml,8696027011154,199.90,199.90,,https://www.sariyermarket.com/kuhne-turk-tipi-kornison-tursu-370ml
Feast Dondurulmuş Yaban Mersini 250 Gr,8697343112402,279.90,279.90,,https://www.sariyermarket.com/feast-dondurulmus-yaban-mersini-250-gr
Ülker Çokokrem Tüp 40 Gr,8690504005100,30.00,30.00,,https://www.sariyermarket.com/ulker-cokokrem-tup-40-gr
Fellas Dört Tohumlu Gronala Bar 23 Gr,8684802317126,39.95,39.95,,https://www.sariyermarket.com/fellas-dort-tohumlu-gronala-bar-23-gr
Züber Tropik Meyve Aromalı Çaylı İçecek 250 Ml,8681630429458,54.90,54.90,,https://www.sariyermarket.com/zuber-tropik-meyve-aromali-cayli-icecek-250-ml
Lipton Ice Tea Sparkling Tropikal 1 Lt,8690574118809,49.90,49.90,,https://www.sariyermarket.com/lipton-ice-tea-sparkling-tropikal-1-lt
Bilezikçi Çiftliği Organik Yumurta 10'lu 53-63 Gr,8682325384014,125.00,125.00,,https://www.sariyermarket.com/bilezikci-ciftligi-organik-yumurta-10lu-53-63-gr
Tamek Şeftali Nektarı Kahverengi Şişe 200 Ml,8690575894313,51.90,51.90,,https://www.sariyermarket.com/tamek-seftali-nektari-kahverengi-sise-200-ml
Muratbey Anadolu Lezzetleri 200gr,8695543003872,204.90,204.90,,https://www.sariyermarket.com/muratbey-anadolu-lezzetleri-200gr
Billur Tuz İyotlu Sofra Tuzu 500 Gr,8690771130147,59.90,59.90,,https://www.sariyermarket.com/billur-tuz-iyotlu-sofra-tuzu-500-gr
Yayla Etli Nohut Yemeği 250 Gr,8693374260785,132.90,132.90,,https://www.sariyermarket.com/yayla-etli-nohut-yemegi-250-gr
Danone %1 Yağlı Uht Laktozsuz Süt 1Lt,8696368944647,49.90,49.90,,https://www.sariyermarket.com/danone--1-yagli-uht-laktozsuz-sut-1lt
Marmarabirlik Kurusele Zeytin 800g 381- 410 Ad/Kg,8690103294882,254.90,254.90,,https://www.sariyermarket.com/marmarabirlik-kurusele-zeytin-800g-381--410-ad-kg
Sarıyer Gurme Soğan Dolması Kg,2901347000006,995.00,995.00,,https://www.sariyermarket.com/sariyer-gurme-sogan-dolmasi-kg
Eti Crax Çubuk Kraker 40 Gr,8690533034010,7.50,7.50,,https://www.sariyermarket.com/eti-crax-cubuk-kraker-40-gr
Lotus Biscoff Sandwich Biscoff Vanilla 150 gr,5410126006360,265.90,265.90,,https://www.sariyermarket.com/lotus-biscoff-sandwich-biscoff-vanilla-150-gr
Fairy 1500 ml Sıvı Bulaşık Deterjanı Limon,8006540507186,209.90,209.90,,https://www.sariyermarket.com/fairy-1500-ml-sivi-bulasik-deterjani-limon
NEUTROGENA NORVEC FORMULU LIPSTICK,3574660085563,199.90,199.90,,https://www.sariyermarket.com/neutrogena-norvec-formulu-lipstick
Kebir Yoğurt Köy 1000gr,8692963151138,79.90,79.90,,https://www.sariyermarket.com/kebir-yogurt-koy-1000gr
Reis Köftelik Bulgur 1000 Gr,8690849820185,79.90,79.90,,https://www.sariyermarket.com/reis-koftelik-bulgur-1000-gr
Wefood Dektoks Sirkesi 250 Ml,8683347035526,295.00,295.00,,https://www.sariyermarket.com/wefood-dektoks-sirkesi-250-ml
Falım Orman Meyveli Sakız 5'li 35Gr,7622202396267,65.90,65.90,,https://www.sariyermarket.com/falim-orman-meyveli-sakiz-5li-35gr
Barilla Kelebek (Farfalle) Makarna 500 Gr,8690579140652,59.90,59.90,,https://www.sariyermarket.com/barilla-kelebek-farfalle-makarna-500-gr
Yörükana Dolmalık Kuru Biber 15'Li,,119.90,119.90,,https://www.sariyermarket.com/yorukana-dolmalik-kuru-biber-15li
Frico Edam Kelle Peyniri Kg,2904043000004,1895.00,1895.00,,https://www.sariyermarket.com/frico-edam-kelle-peyniri-kg
Ülker Çokokrem Fındık Ezmesi 350 Gr,8683508120634,275.00,275.00,,https://www.sariyermarket.com/ulker-cokokrem-findik-ezmesi-350-gr
Croque Tavuklu 600 Gr Yavru Kedi Maması,8681612752024,111.93,111.93,,https://www.sariyermarket.com/croque-tavuklu-600-gr-yavru-kedi-mamasi
Humm Organıc Pancarlı Tam Tahıllı Puflar 30 Gr,8680468817260,119.95,119.95,,https://www.sariyermarket.com/humm-organic-pancarli-tam-tahilli-puflar-30-gr
Selpak Trend Pecete 12Li,8690530345683,79.90,79.90,,https://www.sariyermarket.com/selpak-trend-pecete-12li
İçim Doğal Yoğurt 1200gr,8692971428451,119.90,119.90,,https://www.sariyermarket.com/icim-dogal-yogurt-1200gr
Erikli Su Cam 330ml,86946780,35.50,35.50,,https://www.sariyermarket.com/erikli-su-cam-330ml
İndomie Tavuk Aromalı Noodle Bardak 60 Gr,,40.50,40.50,,https://www.sariyermarket.com/indomie-tavuk-aromali-noodle-bardak-60-gr
Scotti Venere Pirinç 500 Gr,8001860187735,399.90,399.90,,https://www.sariyermarket.com/scotti-venere-pirinc-500-gr
Pet's Family Etli Kedi Konserve Maması 400Gr,8681085423179,64.90,64.90,,https://www.sariyermarket.com/pets-family-etli-kedi-konserve-mamasi-400gr
Chefline Çin Eriştesi 350gr,6953179910110,79.90,79.90,,https://www.sariyermarket.com/chefline-cin-eristesi-350gr
Activia İyi Hisset Ananaslı Hindistan Cevizli Yulaflı Probiyotikli Bowl 150 Gr,8696368000312,64.00,64.00,,https://www.sariyermarket.com/activia-iyi-hisset-ananasli-hindistan-cevizli-yulafli-probiyotikli-bowl-150-gr
Hipp 600Gr Organik 2 Combiotic Bebek Sutu,4062300457478,959.90,959.90,,https://www.sariyermarket.com/hipp-600gr-organik-2-combiotic-bebek-sutu
Felix Kuzulu Kedi Mamasi 85 Gr,7613287484123,39.90,39.90,,https://www.sariyermarket.com/felix-kuzulu-kedi-mamasi-85-gr
Fersan Balsamik Sirke 250 Ml,8690816982564,159.90,159.90,,https://www.sariyermarket.com/fersan-250-cc-balsamik-sirke-cam
Sarıyer Gurme Kabak Çetme Kg,2901627000009,695.00,695.00,,https://www.sariyermarket.com/sariyer-gurme-kabak-cetme-kg
Eker Çilekli Kefir 200 Ml,8691316521628,32.90,32.90,,https://www.sariyermarket.com/eker-cilekli-kefir-200-ml
Kühne Balzamik Sirke 250 Ml,8696027015022,224.90,224.90,,https://www.sariyermarket.com/kuhne-balzamik-sirke-250-ml
Dr.Oetker Guseppe Supreme Extra Karışk Pizza 415 Gr,8690629443450,172.43,172.43,,https://www.sariyermarket.com/dr-oetker-guseppe-supreme-extra-karisk-pizza-415-gr
Yayla Gurme Risotto Pirinç 500 Gr,8693374239378,129.90,129.90,,https://www.sariyermarket.com/yayla-gurme-risotto-pirinc-500-gr
Bando Çimçim Karides 500 Gr,8681425147338,369.90,369.90,,https://www.sariyermarket.com/bando-cimcim-karides-500-gr
Danone Çikolata Aromalı Süt 6x180 Ml,8696368230719,164.50,164.50,,https://www.sariyermarket.com/danone-cikolata-aromali-sut-6x180-ml
Barilla Lazanya (Lasagne) Makarna 500 Gr,8076809523738,129.90,129.90,,https://www.sariyermarket.com/barilla-lazanya-lasagne-makarna-500-gr
Aroy-D Köri Ezmesi Yeşil 400 G,,219.90,219.90,,https://www.sariyermarket.com/aroy-d-kori-ezmesi-yesil-400-g
Akpınar Tam Yağlı Taze Peynir 500Gr,8696888020586,199.00,199.00,,https://www.sariyermarket.com/akpinar-tam-yagli-taze-peynir-500gr
Reis Royal Şeker Fasulye 500 Gr,8690849242178,365.90,365.90,,https://www.sariyermarket.com/reis-royal-seker-fasulye-500-gr
Melwiss Chocolate Frambuaz Aromalı Tatlı Sos 330 Gr,8684313942312,219.90,219.90,,https://www.sariyermarket.com/melwiss-chocolate-frambuaz-aromali-tatli-sos-330-gr
Fellas Badem ve Kakaolu Protein Barı 45 Gr,8681185086199,99.95,99.95,,https://www.sariyermarket.com/fellas-badem-ve-kakaolu-protein-bari-45-gr
Bahçıvan Yarım Yağlı Laktozsuz Süzme Peynir 500 Gr,8690843097170,165.90,165.90,,https://www.sariyermarket.com/bahcivan-yarim-yagli-laktozsuz-suzme-peynir-500-gr
Sütaş Hüptrik Çilekli 5x30 Gr,86926973,29.90,29.90,,https://www.sariyermarket.com/sutas-huptrik-cilekli-5x30-gr
Nish House Blend Filtre Kahve 250Gr,8682279231099,319.90,319.90,,https://www.sariyermarket.com/nish-house-blend-filtre-kahve-250gr
Namet Füme Et 130gr,8697471724102,379.90,379.90,,https://www.sariyermarket.com/namet-fume-et-130gr
Peyman Bahçeden Ortaya Karışık Kuruyemiş Klasik 180 Gr,8695876201259,150.00,150.00,,https://www.sariyermarket.com/peyman-bahceden-ortaya-karisik-kuruyemis-klasik-180-gr
Tire Yoğurt 850gr,8699197161032,149.90,149.90,,https://www.sariyermarket.com/tire-yogurt-850gr
Tat Domates Salçası 830 Gr,8690635030163,99.90,99.90,,https://www.sariyermarket.com/tat-domates-salcasi-830-gr
Tat Köy Tipi Domates Salçası 560 Gr,8690635030750,149.90,149.90,,https://www.sariyermarket.com/tat-koy-tipi-domates-salcasi-560-gr
Tadım Fındıklı & Tarçınlı Hurmalı Bar 40 Gr,8690787581063,40.00,40.00,,https://www.sariyermarket.com/tadim-findikli-tarcinli-hurmali-bar-40-gr
Croque Tavuklu 1.5 kg Yavru Kedi Maması,8681612752000,244.93,244.93,,https://www.sariyermarket.com/croque-tavuklu-1-5-kg-yavru-kedi-mamasi
Ülker Laviva Dolgulu ve Bisküvili Çikolata 35 Gr,8690504065395,22.90,22.90,,https://www.sariyermarket.com/ulker-laviva-dolgulu-ve-biskuvili-cikolata-35-gr
Teksüt Lor Peyniri 500gr,8690158120143,79.90,79.90,,https://www.sariyermarket.com/teksut-lor-peyniri-500gr
Eti Crax Baharatli 80gr,8690533074238,20.50,20.50,,https://www.sariyermarket.com/eti-crax-baharatli-80gr
Dardanel Zeytinyağlı Ton 4x75 Gr,8690559019831,439.90,439.90,,https://www.sariyermarket.com/dardanel-zeytinyagli-ton-4x75-gr
Ülker Beyaz Çikolatalı Gofret 35 Gr,8690504136521,18.00,18.00,,https://www.sariyermarket.com/ulker-beyaz-cikolatali-gofret-35-gr
Pepsi Max 1 L,8690574114511,60.00,60.00,,https://www.sariyermarket.com/pepsi-max-1-l
Yayla Tavuklu Pirinç Pilavı 200 Gr,8693374268491,77.90,77.90,,https://www.sariyermarket.com/yayla-tavuklu-pirinc-pilavi-200-gr
Eti Cicibebe Bisküvi 400 Gr,8690533081137,96.50,96.50,,https://www.sariyermarket.com/eti-cicibebe-biskuvi-400-gr
Ariel Pods Kapsül Çamaşır Deterjanı 25'li,8700216826440,399.90,399.90,,https://www.sariyermarket.com/ariel-pods-kapsul-camasir-deterjani-25li
Freşa İnişdibi Maden Suyu 200ml,8693855111117,17.00,17.00,,https://www.sariyermarket.com/fresa-inisdibi-maden-suyu-200ml
Ruffles Maksimum Peynir Soğan Süper Boy 125 Gr,8690624105735,66.50,66.50,,https://www.sariyermarket.com/ruffles-maksimum-peynir-sogan-super-boy-125-gr
Lipton Earl Grey Demlik Poşet Çay 100'lü 320 Gr,5063305010537,334.90,334.90,,https://www.sariyermarket.com/lipton-earl-grey-demlik-poset-cay-100lu-320-gr
Sırma C+ Limon Aromalı Doğal Maden Suyu 6x200 Ml,8691058141887,87.95,87.95,,https://www.sariyermarket.com/sirma-c_-limon-aromali-dogal-maden-suyu-6x200-ml
Parex Rengarenk Temizlik Bezi 8'li,8680895105763,179.90,179.90,,https://www.sariyermarket.com/parex-rengarenk-temizlik-bezi-8li
Activia İyi Hisset Probiyotik Bowl Muz Yulaf Fındık 150 Gr,8696368200118,64.00,64.00,,https://www.sariyermarket.com/activia-iyi-hisset-probiyotik-bowl-muz-yulaf-findik-150-gr
Eti Cin Portakallı Bisküvi 325 Gr,8690526063140,70.00,70.00,,https://www.sariyermarket.com/eti-cin-portakalli-biskuvi-325-gr
Merba Nougatelli Cookies 175gr,8710502470011,149.90,149.90,,https://www.sariyermarket.com/merba-nougatelli-cookies-175gr
Ülker Çizi Çıtır Peynir & Soğan Süper Boy Çerez 120 Gr,8690504077565,39.90,39.90,,https://www.sariyermarket.com/ulker-cizi-citir-peynir-sogan-super-boy-cerez-120-gr-2
Heinz Acılı Mayonez 405 Gr,620090033185,239.90,239.90,,https://www.sariyermarket.com/heinz-acili-mayonez-405-gr
Armut Santa Maria Kg,2910266000004,110.00,110.00,,https://www.sariyermarket.com/armut-santa-maria-kg
Hipp Organik Orman Meyveli Şeftali Elma Püre 100gr,4062300427938,129.90,129.90,,https://www.sariyermarket.com/hipp-organik-orman-meyveli-seftali-elma-pure-100gr
Ekici Top Peynirim 200gr,8697403871300,159.90,159.90,,https://www.sariyermarket.com/ekici-top-peynirim-200gr
Becel Kase Margarin Klasik 500 Gr,8719200750586,141.90,141.90,,https://www.sariyermarket.com/becel-kase-margarin-klasik-500-gr
Nudo Tam Buğdaylı Noodle 350Gr,38692424998594,79.90,79.90,,https://www.sariyermarket.com/nudo-tam-bugdayli-noodle-350gr
Persil Sıvı Çamaşır Deterjanı 26 Yıkama Color 1690ml,9000101597578,329.90,329.90,,https://www.sariyermarket.com/persil-sivi-camasir-deterjani-26-yikama-color-1690ml
Sensodyne Hızlı Rahatlama Diş Macunu 75 Ml,5054563016232,379.90,379.90,,https://www.sariyermarket.com/sensodyne-hizli-rahatlama-dis-macunu-75-ml-
Sarıyer Gurme Dilimli Eski Kaşar Peyniri 250 Gr,8699089580521,295.00,295.00,,https://www.sariyermarket.com/sariyer-gurme-dilimli-eski-kasar-peyniri-250-gr
Fine Taste Organik Hindistan Cevizi Yağı 310ml,8681984006695,335.00,335.00,,https://www.sariyermarket.com/fine-taste-organik-hindistan-cevizi-yagi-310ml
Ülker Draje Çikolata Sütlü Fındıklı 67 Gr,8690766149123,90.00,90.00,,https://www.sariyermarket.com/ulker-draje-cikolata-sutlu-findikli-67-gr
Heinz Thai Sweet Chilli Sauce 240 Gr,6911657410033,139.90,139.90,,https://www.sariyermarket.com/heinz-thai-sweet-chilli-sauce-240-gr
Sarıyer Gurme Hellim Peyniri 250 Gr,8699089581511,155.00,155.00,,https://www.sariyermarket.com/sariyer-gurme-hellim-peyniri-250-gr
Eti Burçak Sütlü Çikolatalı Bisküvi 114 Gr,8690526053509,40.00,40.00,,https://www.sariyermarket.com/eti-burcak-sutlu-cikolatali-biskuvi-114-gr
Pet's Family Etli Köpek Konserve Maması 400Gr,8681085423148,64.90,64.90,,https://www.sariyermarket.com/pets-family-etli-kopek-konserve-mamasi-400gr
Quaker Yulaf Ezmesi 500 Gr,8710100101218,439.90,439.90,,https://www.sariyermarket.com/quaker-yulaf-ezmesi-500-gr
Ülker Susamlı Çubuk Kraker 70 Gr,8690504016236,17.50,17.50,,https://www.sariyermarket.com/ulker-susamli-cubuk-kraker-70-gr
Lipton Yellow Label Demlik Poşet Çay 48'li 153 Gr,8690637544620,189.90,189.90,,https://www.sariyermarket.com/lipton-yellow-label-demlik-poset-cay-48li-153-gr
Molped Püre&Soft Gece 6lı,8690536842247,59.90,59.90,,https://www.sariyermarket.com/molped-pure-soft-gece-6li
Servet Şeker İlavesiz Kakaolu Tahin Helva 400Gr,8697584118430,219.90,219.90,,https://www.sariyermarket.com/servet-seker-ilavesiz-kakaolu-tahin-helva-400gr
Çaykur Tomurcuk Çay 200gr,8690105001709,179.90,179.90,,https://www.sariyermarket.com/caykur-tomurcuk-cay-200gr
Ülker Oneo Slims Nane Aromalı Sakız 14 Gr,8690840228546,27.00,27.00,,https://www.sariyermarket.com/ulker-oneo-slims-nane-aromali-sakiz-14-gr
"Nivea Şeftali Dudak Bakim Stick 4,8g",4006000002132,359.90,359.90,,https://www.sariyermarket.com/nivea-seftali-dudak-bakim-stick-4-8g
Eyüp Sabri Tuncer Doğal Misvak Özlü Diş Macunu 90 ml,8691685024362,199.90,199.90,,https://www.sariyermarket.com/eyup-sabri-tuncer-dogal-misvak-ozlu-dis-macunu-90-ml
Oral-B 75 ml Günlük gün calim delic Sens.,8700216034142,289.90,289.90,,https://www.sariyermarket.com/oral-b-75-ml-gunluk-gun-calim--delic-sens-
Kuzucu Beyaz Peynir Kg,2902001000004,395.00,395.00,,https://www.sariyermarket.com/kuzucu-beyaz-peynir-kg
Reis Patlatmalık Mısır 500 Gr,8690849110101,47.90,47.90,,https://www.sariyermarket.com/reis-patlatmalik-misir-500-gr
Polonez Salam Karabiberli Kg,2923112000004,2295.00,2295.00,,https://www.sariyermarket.com/polonez-salam-karabiberli-kg
Omo Active Cold Power Siyahlar İçin Sıvı Deterjan 1500 Ml,8683130124819,249.90,249.90,,https://www.sariyermarket.com/omo-sivi-camasir-deterjani-cold-power-siyahlar-1500-ml-30-yikama
Borbone Crema Classica 500 Gr Çekirdek Kahve,8055176430122,719.90,719.90,,https://www.sariyermarket.com/borbone-crema-classica-500-gr-cekirdek-kahve
Tadelle Gofret Çikolatali 28gr,8683417003295,17.00,17.00,,https://www.sariyermarket.com/tadelle-gofret-cikolatali-28gr
Sarıyer Gurme Kars Gravyer Kg,2904037000003,1250.00,1250.00,,https://www.sariyermarket.com/sariyer-gurme-kars-gravyer-kg
Eti Nero Kakaolu Bisküvi 110 Gr,8690526793184,30.00,30.00,,https://www.sariyermarket.com/eti-nero-kakaolu-biskuvi-110-gr
Dana Antrikot Kg,2901008000000,2100.00,2100.00,,https://www.sariyermarket.com/dana--antrikot-kg
Alcatra Rozbif Kekikli 100Gr,8699089586417,450.00,450.00,,https://www.sariyermarket.com/alcatra-rozbif-kekikli-100gr
Kemal Kükrer Dört Hırsız Sirkesi 500ml,8682287361320,169.90,169.90,,https://www.sariyermarket.com/kemal-kukrer-dort-hirsiz-sirkesi-500ml
Sarıyer Gurme İzmir Tulum Peyniri Dilimli 150 Gr,8699089580132,195.00,195.00,,https://www.sariyermarket.com/sariyer-gurme-izmir-tulum-peyniri-dilimli-150-gr
Irmak Toz Şeker 3000gr,8690380003009,168.90,168.90,,https://www.sariyermarket.com/irmak-toz-seker-3000gr
Tamek Gusto Lifli Pesto Sos 190 Gr,8690575008000,149.90,149.90,,https://www.sariyermarket.com/tamek-gusto-lifli-pesto-sos-190-gr
Carte d'Or Dünya Tatlıları Çilekli Milföy 800 Ml,8683130134030,295.00,295.00,,https://www.sariyermarket.com/carte-dor-dunya-tatlilari-cilekli-milfoy-800-ml
"Yedigün Portakal 1,5 Lt",8690574114764,70.00,70.00,,https://www.sariyermarket.com/yedigun-portakal-1-5-lt
Gullon Digestive Şekersiz Bisküvi 245 Gr,8410376049602,179.90,179.90,,https://www.sariyermarket.com/gullon-digestive-sekersiz-biskuvi-245-gr
Heinz Mayonez Light 420 Gr,8696362500412,199.90,199.90,,https://www.sariyermarket.com/heinz-mayonez-light-420-gr
Alpro Bademli İçecek 250 Ml,5411188114628,74.90,74.90,,https://www.sariyermarket.com/alpro-bademli-icecek-250-ml
Ülker Hanımeller Limon Soslu Kurabiye 150 gr,8690504119548,45.00,45.00,,https://www.sariyermarket.com/ulker-hanimeller-limon-soslu-kurabiye-150-gr
Burcu Haşlanmış Fasulye 600 Gr,8691573029400,49.90,49.90,,https://www.sariyermarket.com/burcu-haslanmis-fasulye-600-gr
Hipp Organik Elma Suyu 200ml,9062300106272,109.90,109.90,,https://www.sariyermarket.com/hipp-organik-elma-suyu-200ml
Kızılay Zindelik Yeşilçay&Limon 200Ml,8692813007004,19.90,19.90,,https://www.sariyermarket.com/kizilay-zindelik-yesilcay-limon-200ml
İçim Çilekli Kefir 1 Lt,8692971429519,119.90,119.90,,https://www.sariyermarket.com/icim-cilekli-kefir-1-lt
Yayla Osmancık Pirinç 1 Kg,8693374047461,119.90,119.90,,https://www.sariyermarket.com/yayla-osmancik-pirinc-1-kg
Seyidoğlu Mini Pastane Simidi 7'Li 280 Gr,8697512844165,104.93,104.93,,https://www.sariyermarket.com/seyidoglu-mini-pastane-simidi-7-40-280gr
Şölen Octavia Fıstık Kremalı Sütlü Çikolata 236 g,8691707164007,269.90,269.90,,https://www.sariyermarket.com/solen-octavia-fistik-kremali-sutlu-cikolata-236-g
Doritos Nacho Parti Boy 185gr,8690624204186,79.50,79.50,,https://www.sariyermarket.com/doritos-nacho-parti-boy-185gr
Hipp Organik İyi Geceler Süt Yulaf Elma Tahil 250m,9062300113775,149.90,149.90,,https://www.sariyermarket.com/hipp-organik-iyi-geceler-sut-yulaf-elma-tahil-250m
Caprı-sun Multi Vitamin 200 Ml,4000177407509,19.90,19.90,,https://www.sariyermarket.com/capri-sun-multi-vitamin-200-ml
Burn Enerji İçeceği Kutu 250 Ml,5061013960922,49.90,49.90,,https://www.sariyermarket.com/burn-enerji-icecegi-kutu-250-ml
Sütaş Yoğurt Kaymaklı Tava 1000gr,8690767674693,109.90,109.90,,https://www.sariyermarket.com/sutas-yogurt-kaymakli-tava-1000gr
Pet's Family Köpek Konserve Maması 400Gr,8681085423155,64.90,64.90,,https://www.sariyermarket.com/pets-family-kopek-konserve-mamasi-400gr
Ülker İkram Kremalı Bisküvi Çikolatalı 84 Gr,8690504010104,23.00,23.00,,https://www.sariyermarket.com/ulker-ikram-kremali-biskuvi-cikolatali-84-gr
Rummo Fettuccini 500 Gr,8008343200899,299.90,299.90,,https://www.sariyermarket.com/rummo-fettuccini-500-gr
Kula Maden Suyu 250 Ml,86946049,16.90,16.90,,https://www.sariyermarket.com/kula-maden-suyu-250-ml
Züber Fıstrık Yer Fıstıklı Kuruyemiş Bar 30 Gr,8681630703749,49.95,49.95,,https://www.sariyermarket.com/zuber-fistrik-yer-fistikli-kuruyemis-bar-30-gr
Sarıyer Gazoz Mandalina 330Ml,8683789552506,27.50,27.50,,https://www.sariyermarket.com/sariyer-gazoz-mandalina-330ml
Durex Intense 10 Lu,5052197058024,529.90,529.90,,https://www.sariyermarket.com/durex-intense-10-lu
Ülker İkram Kremalı Bisküvi Fındıklı 84 Gr,8690504010203,23.00,23.00,,https://www.sariyermarket.com/ulker-ikram-kremali-biskuvi-findikli-84-gr
Dececco Penne Rigate Kalem Makarna 500gr,8001250120410,265.00,265.00,,https://www.sariyermarket.com/dececco-penne-rigate-kalem-makarna-500gr
President Kaşar Peyniri 600 Gr,8692971430263,379.90,379.90,,https://www.sariyermarket.com/president-kasar-peyniri-600-gr
Froods X On The Beach Mocktail 330 Ml,8697404766988,219.90,219.90,,https://www.sariyermarket.com/froods-x-on-the-beach-mocktail-330-ml
Humm Organik Çilekli Kurabiye 55 Gr,8685111480143,129.95,129.95,,https://www.sariyermarket.com/humm-organik-cilekli-kurabiye-55-gr
Magnum Badem Cone 120 Ml,8721274647327,100.00,100.00,,https://www.sariyermarket.com/magnum-badem-cone-120-ml
Şölen Madlen Çikolata 250gr,8691707140124,202.95,202.95,,https://www.sariyermarket.com/solen-madlen-cikolata-250gr
Zekeriyaköy Çiftliği Koyun Beyaz Peyniri 600 Gr,8699089585847,425.00,425.00,,https://www.sariyermarket.com/zekeriyakoy-ciftligi-koyun-beyaz-peyniri-600-gr
Venado Moreno Çekirdek Kahve 250Gr,8684313489138,239.90,239.90,,https://www.sariyermarket.com/venado--moreno-cekirdek-kahve-250gr
Nestle Damak İnci Antep Fıstıklı Beyaz Çikolata 60 Gr,8690632712260,109.95,109.95,,https://www.sariyermarket.com/nestle-damak-inci-antep-fistikli-beyaz-cikolata-60-gr
Peyman Bahçeden Kavrulmuş Fındık 160 Gr,8695876070305,365.00,365.00,,https://www.sariyermarket.com/peyman-bahceden-kavrulmus-findik-160-gr
Yenigün Organik Ahududu Reçeli 290 G,8691588111718,319.90,319.90,,https://www.sariyermarket.com/yenigun-organik-ahududu-receli-290-g
Lipton Ice Tea Sparkling Limon 330 Ml,8690574118779,39.90,39.90,,https://www.sariyermarket.com/lipton-ice-tea-sparkling-limon-330-ml
Kanlıca Yoğurt Kaymaklı 2500 Gr,8680407170074,339.90,339.90,,https://www.sariyermarket.com/kanlica-yogurt-kaymakli-2500-gr
Whiskas Biftekli Kuru Mama 3.8 Kg,5998749144169,1349.90,1349.90,,https://www.sariyermarket.com/whiskas-biftekli-kuru-mama-3-8-kg
Teksut Olgunlaştırılmış Beyaz Peynir 650 Gr,8690158122710,419.90,419.90,,https://www.sariyermarket.com/teksut-olgunlastirilmis-beyaz-peynir-650-gr
Züber Antep Fıstığı Kreması 200 Gr,8681630417974,349.90,349.90,,https://www.sariyermarket.com/zuber-antep-fistigi-kremasi-200-gr
Godiva Antep Fıstık Karamel Kare Çikolata 60gr,8690504142591,160.00,160.00,,https://www.sariyermarket.com/godiva-antep-fistik-karamel-kare-cikolata-60gr
Maydanoz Adet,2623007000002,14.90,14.90,,https://www.sariyermarket.com/maydanoz-adet
Saol Vitamin Water Women 500 Ml,8681845632452,59.90,59.90,,https://www.sariyermarket.com/saol-vitamin-water-women-500-ml-
Kinder Delice 39gr T1,8000500226780,32.90,32.90,,https://www.sariyermarket.com/kinder-delice-39gr-t1
Pakmaya Pul Çikolata Bitter 100gr,8690770328156,145.90,145.90,,https://www.sariyermarket.com/pakmaya-pul-cikolata-bitter-100gr
Eti Petit Beurre Kakao Kremalı 270 Gr,8690526740744,54.90,54.90,,https://www.sariyermarket.com/eti-petit-beurre-kakao-kremali-270-gr
Şeftali Kg,2910265000005,65.00,65.00,,https://www.sariyermarket.com/seftali-kg
Sarıyer Gurme Kuru Sele Siyah Zeytin Kg,2901492000005,595.00,595.00,,https://www.sariyermarket.com/sariyer-gurme-kuru-sele-siyah-zeytin-kg
Tadım Festival 180 Gr,8690787181218,200.00,200.00,,https://www.sariyermarket.com/tadim-festival-180-gr
Ülker Napoliten 33 Gr,8690504023135,36.90,36.90,,https://www.sariyermarket.com/ulker-napoliten-33-gr
Tadım Bol Tuzlu Kavrulmuş Siyah Ayçekirdek 180 Gr,8690787261033,56.00,56.00,,https://www.sariyermarket.com/tadim-bol-tuzlu-kavrulmus-siyah-aycekirdek-180-gr
Namet Dana Jambon 50gr 7/24,8697471723716,69.90,69.90,,https://www.sariyermarket.com/namet-dana-jambon-50gr-7-24
Sinangil Un 1000gr,8693634200018,48.90,48.90,,https://www.sariyermarket.com/sinangil-un-1000gr
Sütaş Tam Yağlı Beyaz Peynir 500 Gr,8690767670923,189.90,189.90,,https://www.sariyermarket.com/sutas-tam-yagli-beyaz-peynir-500-gr
Gagoz Gazoz 250 Ml,8690327432220,39.90,39.90,,https://www.sariyermarket.com/gagoz-gazoz-250-ml
Pancar Kg,2923241000005,49.90,49.90,,https://www.sariyermarket.com/pancar-kg
Milka Üzümlü Fındıklı Çikolata 80 Gr,8690566990925,159.90,159.90,,https://www.sariyermarket.com/milka-uzumlu-findikli-cikolata-80-gr
Dardanel Kinoalı Ton Aç-Ye 160 Gr,8690559022466,186.90,186.90,,https://www.sariyermarket.com/dardanel-kinoali-ton-ac-ye-160-gr
Parodontax Beyazlatıcı Diş Macunu75 Ml,8681291002298,304.90,304.90,,https://www.sariyermarket.com/parodontax-beyazlatici-dis-macunu75-ml
Doğanay Gurme Acısız Şalgam 750 ml,8693354000462,119.90,119.90,,https://www.sariyermarket.com/doganay-gurme-acisiz-salgam-750-ml
Züber Kakaolu ve Portakallı Meyve Barı 40 Gr,8681630117010,48.72,48.72,,https://www.sariyermarket.com/zuber-kakaolu-ve-portakalli-meyve-bari-40-gr
Tat Domates Salçası Cam 710 Gr,8690635030323,69.90,69.90,,https://www.sariyermarket.com/tat-domates-salcasi-cam-710-gr
Yayla Meksika Soslu Pilaki 400gr,8693374255491,84.90,84.90,,https://www.sariyermarket.com/yayla-meksika-soslu-pilaki-400gr
Pastavilla Kalem Makarna 500gr,8690684002081,46.90,46.90,,https://www.sariyermarket.com/pastavilla-kalem-makarna-500gr
Tadelle Fındık Dolgulu Sütlü Çikolata 30 gr,8683417000140,37.50,37.50,,https://www.sariyermarket.com/tadelle-findik-dolgulu-sutlu-cikolata-30-gr
Çaykur Filiz Çay 500 Gr,8690105003703,259.90,259.90,,https://www.sariyermarket.com/caykur-filiz-cay-500-gr
Pınar Rulo Börek Labneli Ispanaklı 500 Gr,8690527110409,159.90,159.90,,https://www.sariyermarket.com/pinar-rulo-borek-labneli-ispanakli-500-gr
Sma 1 Optipro Probiyotik Başlangiç Sütü 800gr,8445290937841,1059.90,1059.90,,https://www.sariyermarket.com/sma-1-optipro-probiyotik-baslangic-sutu-800gr
Rice Up Pirinç Patlağı Sunflowers Seeds 120 Gr,3800233070064,84.90,84.90,,https://www.sariyermarket.com/rice-up-pirinc-patlagi-sunflowers-seeds-120-gr
Peyman Bahçeden Beyaz Leblebi 180 Gr,8695876207442,85.00,85.00,,https://www.sariyermarket.com/peyman-bahceden-beyaz-leblebi-180-gr
Doytat Nane 100gr,8697826340407,109.90,109.90,,https://www.sariyermarket.com/doytat-nane-100gr
Tat Pratik Domates Suyu 1 Lt,8690635120109,104.90,104.90,,https://www.sariyermarket.com/tat-pratik-domates-suyu-1-lt
Teksüt Rulo Tereyağ 700GR,8690158121980,579.90,579.90,,https://www.sariyermarket.com/teksut-rulo-tereyag-700gr
Pepita Yaban Mersini 125gr (Blue Bery),8698555432081,99.00,99.00,,https://www.sariyermarket.com/pepita-yaban-mersini-125gr-(blue-bery)
Colgate Optic White Parıldayan Beyazlık Beyazlatıcı Diş Macunu 75 Ml,6920354829918,281.18,281.18,,https://www.sariyermarket.com/colgate-optic-white-parildayan-beyazlik-beyazlatici-dis-macunu-75-ml
Fe Smokers Diş Tozu 50gr,8693203015043,149.90,149.90,,https://www.sariyermarket.com/fe-smokers-dis-tozu-50gr
Papia Pecete Beyaz 100Lü,8690536024810,99.90,99.90,,https://www.sariyermarket.com/papia-pecete-beyaz-100lu
Tat Közlenmiş Patlıcan 520 Gr,8690635060832,129.90,129.90,,https://www.sariyermarket.com/tat-kozlenmis-patlican-520-gr
Kayısı Tokalı Kg,,125.00,125.00,,https://www.sariyermarket.com/kayisi-tokali-kg
Uludağ Limonata 1 Lt,1500144801659,53.90,53.90,,https://www.sariyermarket.com/uludag-limonata-1-lt
City Farm Organik Domates Salçasi 610 Gr,8698518450626,189.90,189.90,,https://www.sariyermarket.com/city-farm-organik-domates-salcasi-610-gr
Cook Kahve Filtre Kağıdı 1/4 80'li,8690709260212,129.90,129.90,,https://www.sariyermarket.com/cook-kahve-filtre-kagidi-1-4-80li
Superfresh Frulove Orman Meyveli Tatlı Toplar 140 Gr,8690612605810,209.94,209.94,,https://www.sariyermarket.com/superfresh-frulove-orman-meyveli-tatli-toplar-140-gr
Clear Men 3ü1 Arada Şampuan & Duş Jeli Yağlanma Karşıtı Lime Özlü 350 Ml,8683130097915,191.94,191.94,,https://www.sariyermarket.com/clear-men-3u1-arada-sampuan-dus-jeli-yaglanma-karsiti-lime-ozlu-350-ml
Kühne Turk Tipi Salatalik Turşu 720ml,8693027016035,199.90,199.90,,https://www.sariyermarket.com/kuhne-turk-tipi-salatalik-tursu-720ml
Tada Mozarella Dana Jambonlu Gurme Sandviç 160 Gr,8694918001222,199.90,199.90,,https://www.sariyermarket.com/tada-mozarella-dana-jambonlu-gurme-sandvic-160-gr
Uludağ Limonata Nane Aromalı 1 Lt,1500144801635,53.90,53.90,,https://www.sariyermarket.com/uludag-limonata-nane-aromali-1-lt
Pınar Protein Kakaolu Süt 500 Ml,8690565017555,85.90,85.90,,https://www.sariyermarket.com/pinar-protein-kakaolu-sut-500-ml
Reis Royal Maş Fasulye 500 Gr,8690849242031,134.90,134.90,,https://www.sariyermarket.com/reis-royal-mas-fasulye-500-gr
City Farm Organik Makarna Kalem 500 Gr,8698518455539,74.90,74.90,,https://www.sariyermarket.com/city-farm-organik-makarna-kalem-500-gr
Superfresh Sosisli ve Patatesli Rulo Börek 420 Gr,8690612507602,199.90,199.90,,https://www.sariyermarket.com/superfresh-sosisli-ve-patatesli-rulo-borek-420-gr
Starbucks Doubleshot 200ml,5711953180866,149.90,149.90,,https://www.sariyermarket.com/starbucks-doubleshot-200ml
Ice Break Vanilyalı Latte 375 Ml,8692971435794,64.90,64.90,,https://www.sariyermarket.com/ice-break-vanilyali-latte-375-ml
Green Clean Bulaşık Deterjanı Portakal 730Ml,8690588005027,214.90,214.90,,https://www.sariyermarket.com/green-clean-bulasik-deterjani-portakal-730ml
Barilla Burgu Makarna (Fusilli ) 500 Gr,8690579140591,59.90,59.90,,https://www.sariyermarket.com/barilla-burgu-makarna-fusilli-500-gr
Wefood Karışık Kinoa 300gr,8681749104222,325.00,325.00,,https://www.sariyermarket.com/wefood-karisik-kinoa-300gr
Starbucks Caffe Mocha Premium Kahve Karışımı 22 Gr,8690632014876,36.90,36.90,,https://www.sariyermarket.com/starbucks-caffe-mocha-premium-kahve-karisimi-22-gr
Ülker Dido Sütlü Klasik 35gr,8690504028536,22.90,22.90,,https://www.sariyermarket.com/ulker-dido-sutlu-klasik-35gr
Ülker Krispi Acılı Çubuk Kraker 43 Gr,8690504108825,10.00,10.00,,https://www.sariyermarket.com/ulker-krispi-acili-cubuk-kraker-43-gr
Eti Balık Kraker 85g,8690526094038,21.00,21.00,,https://www.sariyermarket.com/eti-balik-kraker-85g
Pınar Hardal 175gr Cam,8690565040850,139.90,139.90,,https://www.sariyermarket.com/pinar-hardal-175gr-cam
Züber Çilekli Çikolatalı Meyve Bar 40 Gr,8681630102016,48.72,48.72,,https://www.sariyermarket.com/zuber-cilekli-cikolatali-meyve-bar-40-gr
"Whiskas Biftekli Kuru Kedi Maması 1,4 Kg",5998749144121,549.90,549.90,,https://www.sariyermarket.com/whiskas-biftekli-kuru-kedi-mamasi-1-4-kg
Pedigree Dentastix 7'li Ödül Maması 180 Gr,5010394984584,184.90,184.90,,https://www.sariyermarket.com/pedigree-dentastix-7li-odul-mamasi-180-gr
Filiz Pilavlık Bulgur 800 Gr,8690579773201,59.90,59.90,,https://www.sariyermarket.com/filiz-pilavlik-bulgur-800-gr
Barbunya Kg,2910223000009,135.00,135.00,,https://www.sariyermarket.com/barbunya-kg
Kristal Riviera Zeytinyağı 3 L Teneke,8690819259403,1269.90,1269.90,,https://www.sariyermarket.com/kristal-riviera-zeytinyagi-3-l-teneke
Croque Tavuklu 600 Gr Kısırlaştırılmış Yetişkin Kedi Maması,8681612750648,111.93,111.93,,https://www.sariyermarket.com/croque-tavuklu-600-gr-kisirlastirilmis-yetiskin-kedi-mamasi
Tchibo Filtre Kahve Kağıdı 80'li,4063676448718,139.90,139.90,,https://www.sariyermarket.com/tchibo-filtre-kahve-kagidi-80li
Elma Kırmızı Kg,2910206000002,199.00,199.00,,https://www.sariyermarket.com/elma-kirmizi-kg
Ülker Oneo Karpuz Aromalı Bottle Draje Sakız 60 Gr,8690840227952,75.00,75.00,,https://www.sariyermarket.com/ulker-oneo-karpuz-aromali-bottle-draje-sakiz-60-gr
Galez Yeşil Zeytinli Mini İçli Köfte 200gr,8683052384308,135.90,135.90,,https://www.sariyermarket.com/galez-yesil-zeytinli-mini-icli-kofte-200gr
Kavun Kırkağaç Kg,2909081000009,41.90,41.90,,https://www.sariyermarket.com/kavun-kirkagac-kg
Dr Pepper Zero 330ml,8435185953711,109.90,109.90,,https://www.sariyermarket.com/dr-pepper-zero-330ml
Kuzeyden %100 Sıkma Portakal Suyu 250 Ml,8684556266404,109.90,109.90,,https://www.sariyermarket.com/kuzeyden-100-sikma-portakal-suyu-250-ml
Polonez Dana Kokteyl Sosis 200 Gr,8693407004539,319.90,319.90,,https://www.sariyermarket.com/polonez-dana-kokteyl-sosis-200-gr
Kemal Kükrer Organik Elma Sirkesi Cam 500ml,8694748694052,244.90,244.90,,https://www.sariyermarket.com/kemal-kukrer-organik-elma-sirkesi-cam-500ml
Galez Ispanaklı Mini İçli Köfte 200gr,8683052384285,135.90,135.90,,https://www.sariyermarket.com/galez-ispanakli-mini-icli-kofte-200gr
Dimes %100 Elma Suyu 1 Lt,8690558010037,109.90,109.90,,https://www.sariyermarket.com/dimes--100-elma-suyu-1-lt
Jelibon Sourpatch 80 G,7622210442789,49.90,49.90,,https://www.sariyermarket.com/jelibon-sourpatch-80-g
O.b. Tampon Normal 16lı,3574661626093,199.90,199.90,,https://www.sariyermarket.com/o-b--tampon-normal-16li
Filiz Yumurtalı Erişte Makarna 350 Gr,8690579224116,46.90,46.90,,https://www.sariyermarket.com/filiz-yumurtali-eriste-makarna-350-gr
Rummo Farfalle No:85 500 Gr,8008343200851,279.90,279.90,,https://www.sariyermarket.com/rummo-farfalle-no_85-500-gr
Tchibo Gold Selection Çekirdek Kahve 500 Gr,4061445348948,699.90,699.90,,https://www.sariyermarket.com/tchibo-gold-selection-cekirdek-kahve-500gr
Sırma C+ Mandalina Aromalı Doğal Maden Suyu 200 Ml,8691058005783,15.00,15.00,,https://www.sariyermarket.com/sirma-c_-mandalina-aromali-dogal-maden-suyu-200-ml
Tadım Kuruyemiş Bar Fındıklı 30 Gr,8690787511015,35.00,35.00,,https://www.sariyermarket.com/tadim-kuruyemis-bar-findikli-30-gr
Aptamil Prosyneo 2 Devam Sütü 400 Gr,8699745028381,849.90,849.90,,https://www.sariyermarket.com/aptamil-prosyneo-2-devam-sutu-400-gr
Yenigün Antep Fıstıklı Çifte Kavrulmuş Lokum 250 Gr,8691588058105,159.90,159.90,,https://www.sariyermarket.com/yenigun-antep-fistikli-cifte-kavrulmus-lokum-250-gr
Eyüp Sabri Tuncer Diş Macun Zencefil Özlü 90ml,8691685024461,199.90,199.90,,https://www.sariyermarket.com/eyup-sabri-tuncer-dis-macun-zencefil-ozlu-90ml
Laz Kızı Kolot Peyniri 350 Gr,8699089587940,262.43,262.43,,https://www.sariyermarket.com/laz-kizi-kolot-peyniri-350-gr
Eti Browni Intense Mini Kahveli Kek 160 Gr,8690526066004,85.00,85.00,,https://www.sariyermarket.com/eti-browni-intense-mini-kahveli-kek-160-gr
Yenigün Gold Seri Vişne Reçeli 400 Gr,8691588010561,378.50,378.50,,https://www.sariyermarket.com/yenigun-gold-seri-visne-receli-400-gr
Nestle Cheerios Ballı Tahıl Gevreği 225 Gr,5900020020819,169.95,169.95,,https://www.sariyermarket.com/nestle-cheerios-balli-tahil-gevregi-225-gr
Algida Maraş Usulu Kesme Dondurma 600 Ml,8690637893537,165.00,165.00,,https://www.sariyermarket.com/algida-maras-usulu-kesme-dondurma-600-ml
Ülker Go Ahead Portakallı Üzümlü Kuruyemiş Bar 35 Gr,8683508112059,65.00,65.00,,https://www.sariyermarket.com/ulker-go-ahead-portakalli-uzumlu-kuruyemis-bar-35-gr
Eti Burçak Tuzlu Çörek Otlu Bisküvi 91 Gr,8690526012957,24.00,24.00,,https://www.sariyermarket.com/eti-burcak-tuzlu-corek-otlu-biskuvi-91-gr
Yudum Egemden 500Ml Naturel Sızma Cam,8690876103381,645.90,645.90,,https://www.sariyermarket.com/yudum-egemden-500ml-naturel-sizma-cam
Toprak Doğal Fındıklı Pestil Gümüşhane 250 Gr,8681078702625,444.90,444.90,,https://www.sariyermarket.com/toprak-dogal-findikli-pestil-gumushane-250-gr
Eti Canga Gold Yer Fıstıklı Karamelli Nuga Bar 45 Gr,8690526012704,28.50,28.50,,https://www.sariyermarket.com/eti-canga-gold-yer-fistikli-karamelli-nuga-bar-45-gr
Bioblas Onarıcı Olgunlaştırıcı Saç Kremi 250 Ml,8680512635574,249.90,249.90,,https://www.sariyermarket.com/bioblas-onarici-olgunlastirici-sac-kremi-250-ml
Sırma Doğal Maden Suyu 6x200 Ml,8691058100020,81.90,81.90,,https://www.sariyermarket.com/sirma-dogal-maden-suyu-6x200-ml
Sarıyer Gurme Çemensiz Pastırma 100 Gr,8699089584826,345.00,345.00,,https://www.sariyermarket.com/sariyer-gurme-cemensiz-pastirma-100-gr
Eker Süzme Yoğurt 900 Gr,8691316520973,169.90,169.90,,https://www.sariyermarket.com/eker-suzme-yogurt-900-gr
Mr. No Gurme Tavuk Teriyaki 220 Gr,8690559704270,275.00,275.00,,https://www.sariyermarket.com/mr-no-gurme-tavuk-teriyaki-220-gr
Calve Burger Sos 255 Gr,8690637805653,139.90,139.90,,https://www.sariyermarket.com/calve-burger-sos-255-gr
Clear Men 3 in 1 Şampuan & Duş Jeli Arındırıcı Kömür 350 ml,8683130067314,191.94,191.94,,https://www.sariyermarket.com/clear-men-3-in-1-sampuan---dus-jeli-arindirici-komur-350-ml
Bağdat Ekstra Acı Pul Biber 80 Gr,8690560019349,89.90,89.90,,https://www.sariyermarket.com/bagdat-ekstra-aci-pul-biber-80-gr
Fide İlikli Kemik Suyu 480 Ml,8691405665509,67.90,67.90,,https://www.sariyermarket.com/fide-ilikli-kemik-suyu-480-ml
Orkid Platinum Dörtlü Hijyenik Ped Normal 24'lü,8006530169929,167.93,167.93,,https://www.sariyermarket.com/orkid-platinum-dortlu-hijyenik-ped-normal-24lu
Jungle Pouch Yetişkin Kedi Tavuk Parçalı 100gr,8681299031108,26.53,26.53,,https://www.sariyermarket.com/jungle-pouch-yetiskin-kedi-tavuk-parcali-100gr
Eti Popkek Limonlu Kek 60 Gr,8690526093703,15.00,15.00,,https://www.sariyermarket.com/eti-popkek-limonlu-kek-60-gr
Ülker Laviva Tablet Çikolata Sütlü ve Bitter 100 gr,8683508066543,115.00,115.00,,https://www.sariyermarket.com/ulker-laviva-tablet-cikolata-sutlu-ve-bitter-100-gr
Demirciköy Organik Yumurta 15'li 63-72 Gr,8682325384038,299.00,299.00,,https://www.sariyermarket.com/demircikoy-organik-yumurta-15li-63-72-gr
Züber Noutos Fırınlanmış Nohut Cips Kajun Baharatlı 55 Gr,8681630314013,59.90,59.90,,https://www.sariyermarket.com/zuber-noutos-firinlanmis-nohut-cips-kajun-baharatli-55-gr
Semizotu Demet,2710121001807,33.90,33.90,,https://www.sariyermarket.com/semizotu-demet
Tahsildaroğlu Eski Kaşar Ezine 350gr,8691225153415,369.90,369.90,,https://www.sariyermarket.com/tahsildaroglu-eski-kasar-ezine-350gr
İçim Laktozsuz Yarım Yağlı Süt 1Lt,68692971410939,69.90,69.90,,https://www.sariyermarket.com/icim-laktozsuz-yarim-yagli-sut-1lt
Sarımsak Kuru File Kg,2900931000002,395.00,395.00,,https://www.sariyermarket.com/sarimsak-kuru-file-kg
Ülker Pötibör Bisküvi Kakaolu 175 Gr,8690504011200,30.00,30.00,,https://www.sariyermarket.com/ulker-potibor-biskuvi-kakaolu-175-gr
Whiskas Ton Balıklı Poşet Yaş Mama 85 Gr,5900951302183,39.90,39.90,,https://www.sariyermarket.com/whiskas-ton-balikli-poset-yas-mama-85-gr
Sarıyer Gurme Çeçil Peyniri Kg,2919391000002,695.00,695.00,,https://www.sariyermarket.com/sariyer-gurme-cecil-peyniri-kg
CityFarm Organik Elma Sirkesi 500 ml Cam,8698518440764,129.90,129.90,,https://www.sariyermarket.com/cityfarm-organik-elma-sirkesi-500-ml-cam
Burcu Garnitür Konservesi 570 Gr,8691573011269,74.90,74.90,,https://www.sariyermarket.com/burcu-garnitur-konservesi-570-gr
Komili Erken Hasat Zeytinyağ 500 Ml,8699300270101,329.90,329.90,,https://www.sariyermarket.com/komili-erken-hasat-zeytinyag-500-ml
Doytat Antep Fıstık Toz 30gr,8697453534866,199.90,199.90,,https://www.sariyermarket.com/doytat-antep-fistik-toz-30gr
Wefood Organik Maca Tozu 100 Gr,8682392174457,495.00,495.00,,https://www.sariyermarket.com/wefood-organik-maca-tozu-100-gr
İçim Labne 3x180 Gr,8692971434445,215.90,215.90,,https://www.sariyermarket.com/icim-labne-3x180-gr
Filiz Yumurtalı Bukle Makarna 350 Gr,8690579161213,46.90,46.90,,https://www.sariyermarket.com/filiz-yumurtali-bukle-makarna-350-gr
Polonez Fıstıklı Salam 90 Gr,8693407004256,159.90,159.90,,https://www.sariyermarket.com/polonez-fistikli-salam-90-gr
Ülker Bütün Antep Fıstıklı Sütlü Kare Çikolata 65 Gr,8690504157649,69.90,69.90,,https://www.sariyermarket.com/ulker-butun-antep-fistikli-sutlu-kare-cikolata-65-gr
Ülker Everwell C-D-Çinko-Aserola Ef.Tablet 15'li 67.5 Gr,8690840173495,190.00,190.00,,https://www.sariyermarket.com/ulker-everwell-c-d-cinko-aserola-ef-tablet-15li-67-5-gr
Ülker Dankek Kakaolu Baton Kek 200 Gr,8690504067887,60.00,60.00,,https://www.sariyermarket.com/ulker-dankek-kakaolu-baton-kek-200-gr
Knoppers Minis Gofretler 200 Gr,4014400930474,239.90,239.90,,https://www.sariyermarket.com/knoppers-minis-gofretler-200-gr
Tadım Kuruyemiş Bar Antep Fıstıklı 30 Gr,8690787501054,65.00,65.00,,https://www.sariyermarket.com/tadim-kuruyemis-bar-antep-fistikli-30-gr
Ahmad Tea Earl Grey Demlik Poşet Çay 100'lü 320 Gr,,519.90,519.90,,https://www.sariyermarket.com/ahmad-tea-earl-grey-demlik-poset-cay-100lu-320-gr
Elit Gourmet Collection Spesiyal Çikolata 170gr,8698701012822,359.90,359.90,,https://www.sariyermarket.com/elit-gourmet-collection-spesiyal-cikolata-170gr
"Nestle Sıcak Çikolata 18,5 Gr",8690632750811,12.90,12.90,,https://www.sariyermarket.com/nestle-sicak-cikolata-18-5-gr
Sarıyer Gurme Siirt Fıstk 120Gr,8699089552009,299.90,299.90,,https://www.sariyermarket.com/sariyer-gurme-siirt-fistk-120gr
Söke Un 2 Kg,8690577101822,69.90,69.90,,https://www.sariyermarket.com/soke-un-2-kg
Sarıyer Gurme Keçi Beyaz Peynir 500 Gr,8699089587957,345.00,345.00,,https://www.sariyermarket.com/sariyer-gurme-keci-beyaz-peynir-500-gr
Solo Temizlik Havlusu Aquablock 30'lu,8690530074590,159.90,159.90,,https://www.sariyermarket.com/solo-temizlik-havlusu-aquablock-30lu
Yörük Ana Detox Sirkesi 500ml,8684059049863,99.90,99.90,,https://www.sariyermarket.com/yoruk-ana-detox-sirkesi-500ml
Erdemler Yumurta Medium Kahverengi 15li,8697409850064,175.00,175.00,,https://www.sariyermarket.com/erdemler-yumurta-medium-kahverengi-15li
"Lipton Ice Tea Mango ve Egzotik Meyve 1,5 Lt",8690574120147,70.00,70.00,,https://www.sariyermarket.com/lipton-ice-tea-mango-ve-egzotik-meyve-1-5-lt
Sarıyer Gurme Mihaliç Peyniri Dilimli 250 Gr,8600000410056,195.00,195.00,,https://www.sariyermarket.com/sariyer-gurme-mihalic-peyniri-dilimli-250-gr
Polonez Fıstıklı Macar Salam Kg,2904052000002,1745.00,1745.00,,https://www.sariyermarket.com/polonez-fistikli-macar-salam-kg
Namdar Manda Kaymak Kg,2900311000004,1350.00,1350.00,,https://www.sariyermarket.com/namdar-manda-kaymak-kg
Nestle Classic Bitter Kare Çikolata 60 Gr,8690632050102,76.95,76.95,,https://www.sariyermarket.com/nestle-classic-bitter-kare-cikolata-60-gr
Kotex Aplikatörlü Tampon Süper 8'li,5029053535265,259.90,259.90,,https://www.sariyermarket.com/kotex-aplikatorlu-tampon-super-8li
Beta Bergamot Rüyası Demlik Poşet Çay 48'Li 153gr,8690717020099,109.90,109.90,,https://www.sariyermarket.com/beta-bergamot-ruyasi-demlik-poset-cay-48li-153gr
Eker Kaymak 200gr,8691316520546,139.90,139.90,,https://www.sariyermarket.com/eker-kaymak-200gr
Eker Hurmalı Chialı Probiyotik Yoğurt 4x100g,8691316524056,101.90,101.90,,https://www.sariyermarket.com/eker-hurmali-chiali-probiyotik-yogurt-4x100g
Hasata Pilavlık Antep Bulguru 1000 Gr,8697423962064,47.90,47.90,,https://www.sariyermarket.com/hasata-pilavlik-antep-bulguru-1000-gr
Wefood Glutensiz Tam Yulaf Unu 300Gr,8681749104895,245.00,245.00,,https://www.sariyermarket.com/wefood-glutensiz-tam-yulaf-unu-300gr
Stepy Sünger Hobby Mercan 4'Lü,8681917085308,82.43,82.43,,https://www.sariyermarket.com/stepy-sunger-hobby-mercan-4lu
Nestle Gold Flakes 225 Gr,8690632040820,170.00,170.00,,https://www.sariyermarket.com/nestle-gold-flakes-225-gr
Herby Defense Shot Bitki Bazlı İçecek 60 Ml,8682450830301,99.90,99.90,,https://www.sariyermarket.com/herby-defense-shot-bitki-bazli-icecek-60-ml
Benorganic Kırmızı Karışım Suyu 946 Ml,8680313580332,149.90,149.90,,https://www.sariyermarket.com/benorganic-kirmizi-karisim-suyu-946-ml
Pepsi Cola Pet 1.5 L,8690574114498,70.00,70.00,,https://www.sariyermarket.com/pepsi-cola-pet-1-5-l
Dr.Oetker Kendiniz Tatlandırın Sakızlı Muhallebi 54 Gr,8690629450540,18.68,18.68,,https://www.sariyermarket.com/dr-oetker-kendiniz-tatlandirin-sakizli-muhallebi-54-gr
Sütaş Tatlımmm Tatlım Çikolatalı Sütlü 4x65gr,8690767710223,47.50,47.50,,https://www.sariyermarket.com/sutas-tatlimmm-tatlim-cikolatali-sutlu-4x65gr
Uludağ Premium Maden Suyu 750 Ml,8690723591422,119.90,119.90,,https://www.sariyermarket.com/uludag-premium-maden-suyu-750-ml
Ülker Çikolatalı Gofret 36gr,8690504135913,13.90,13.90,,https://www.sariyermarket.com/ulker-cikolatali-gofret-36gr
Gullon Kinoa Ve Chia Tohumlu Mini Kraker 250 Gr,8410376051940,189.90,189.90,,https://www.sariyermarket.com/gullon-kinoa-ve-chia-tohumlu-mini-kraker-250-gr
Eti Form Hurma İncir ve Çiyalı Tam Buğday Unlu Bisküvi 50 Gr,8690526094205,21.00,21.00,,https://www.sariyermarket.com/eti-form-hurma-incir-ve-ciyali-tam-bugday-unlu-biskuvi-50-gr
Lipton Bardak 50gr Golden Ceylon 25 'Li,8690639321908,149.90,149.90,,https://www.sariyermarket.com/lipton-bardak-50gr-golden-ceylon-25-li
Manchego Peynir Kg,2900810000000,2599.00,2599.00,,https://www.sariyermarket.com/manchego-peynir-kg
Aly Salsa Mild Sos 300 Gr,8699847072275,129.90,129.90,,https://www.sariyermarket.com/aly-salsa-mild-sos-300-gr
Sade Organik Üzüm Pekmezi 460 Gr,8697463090437,199.90,199.90,,https://www.sariyermarket.com/sade-organik-uzum-pekmezi-460-gr
Yedigün 2.5lt Portakal,8690574115082,75.00,75.00,,https://www.sariyermarket.com/yedigun-2-5lt-portakal
Omo Active Fresh Cold Power Beyazlar İçin Sıvı Deterjan 1500 Ml,8683130124796,249.90,249.90,,https://www.sariyermarket.com/omo-active-fresh-cold-power-beyazlar-icin-sivi-deterjan-1500-ml
Arıcan Yayla Kır Çiçekleri Balı 250gr,8692970002409,289.90,289.90,,https://www.sariyermarket.com/arican-yayla-kir-cicekleri-bali-250gr
"Mentos Naneli Şeker 37,5 Gr",87108019,30.00,30.00,,https://www.sariyermarket.com/mentos-naneli-seker-37-5-gr
Fallot Tohumlu Hardal 205 Gr,3230140002511,169.90,169.90,,https://www.sariyermarket.com/fallot-tohumlu-hardal-205-gr
Lipton Ice Tea Karpuz Pet 1 Lt,8690574114900,49.90,49.90,,https://www.sariyermarket.com/lipton-ice-tea-karpuz-pet-1-lt
Khao Shong Wasabi Kapli Bezelye 120gr,8850043140018,284.90,284.90,,https://www.sariyermarket.com/khao-shong-wasabi-kapli-bezelye-120gr
Kelloggs Granola Sade 340 Gr,8682530000167,169.90,169.90,,https://www.sariyermarket.com/kelloggs-granola-sade-340-gr
Dr.Oetker Keşkül 125 Gr,8690629449209,26.93,26.93,,https://www.sariyermarket.com/dr-oetker-keskul-125-gr
Tat Sultani Bamya Cam 670 Gr,8690635060450,199.90,199.90,,https://www.sariyermarket.com/tat-sultani-bamya-cam-670-gr
Kühne Taneli Hardal 250 ml,40122526,249.90,249.90,,https://www.sariyermarket.com/kuhne-taneli-hardal-250-ml
La Fiesta Guacamole Dip Sos 300 Gr,5412514935115,229.90,229.90,,https://www.sariyermarket.com/la-fiesta-guacamole-dip-sos-300-gr
Elite Naturel Organik Klasik Limonata 250 Ml,8697404766780,89.90,89.90,,https://www.sariyermarket.com/elite-naturel-organik-klasik-limonata-250-ml
Heinz American Burger Sos 230 Gr,8410066125203,132.90,132.90,,https://www.sariyermarket.com/heinz-american-burger-sos-230-gr
Arıcan Bitlis Doğal Karakovan Balı 600gr,8692970306002,1029.90,1029.90,,https://www.sariyermarket.com/arican-bitlis-dogal-karakovan-bali-600gr
Eker Kefir Orman Meyveli 200ml,8691316523554,32.90,32.90,,https://www.sariyermarket.com/eker-kefir-orman-meyveli-200ml
Melwiss Chocolate Sütlü Tatlı Sos 330 Gr,8684313942282,219.90,219.90,,https://www.sariyermarket.com/melwis-chocolate-sutlu-tatli-sos-330-gr
Doritos Extreme Mexıcano Acı Baharatlı Super 130gr,8690624203998,64.50,64.50,,https://www.sariyermarket.com/doritos-extreme-mexicano-aci-baharatli-super-130gr
Knorr Kremalı Domates Çorbası 70 Gr,8690701053133,48.90,48.90,,https://www.sariyermarket.com/knorr-kremali-domates-corbasi-70-gr
Dr.Oetker Glutensiz Pirinç Unu 175 Gr,8690629443863,47.93,47.93,,https://www.sariyermarket.com/dr-oetker-glutensiz-pirinc-unu-175-gr
Superfresh Frulove Cheeecake Topları 170 Gr,8690612605834,209.94,209.94,,https://www.sariyermarket.com/superfresh-frulove-cheeecake-toplari-170-gr
Mentos 2 Saat Clean Yoğun Nane Ferahlığı 21 Gr,80829010,55.00,55.00,,https://www.sariyermarket.com/mentos-2-saat-clean-yogun-nane-ferahligi-21-gr
By Keskin Tabaklı Piliç Izgara Kanat 800 Gr,8681270777537,235.00,235.00,,https://www.sariyermarket.com/by-keskin-tabakli-pilic-izgara-kanat-800-gr
"Suprapet Kısırlaştırılmış Kedi Tavuklu 1,5 Kg",8684272331776,399.90,399.90,,https://www.sariyermarket.com/suprapet-kisirlastirilmis-kedi-tavuklu-1-5-kg
Sarıyer Gurme Yeşil Çizik Zeytin Kg,2904023000000,450.00,450.00,,https://www.sariyermarket.com/sariyer-gurme-yesil-cizik-zeytin-kg
Herby Detox Tea Diyete Destek Detoks Bitki Çayı 20'li,8681535101930,129.90,129.90,,https://www.sariyermarket.com/herby-detox-tea-diyete-destek-detoks-bitki-cayi-20li
Superfresh Pizza King 4 Lü 780 Gr,8690612507312,299.90,299.90,,https://www.sariyermarket.com/superfresh-pizza-king-4-lu-780-gr
Deep Fresh Sac Kremi 400Ml Biotin Kapakli,8681554626070,49.90,49.90,,https://www.sariyermarket.com/deep-fresh-sac-kremi--400ml-biotin-kapakli
İçim Fit Süt Vanilyalı 400 Ml,8692971435619,69.90,69.90,,https://www.sariyermarket.com/icim-fit-sut-vanilyali-400-ml
Colgate Total Gelişmiş Beyazlık Diş Macunu 75 Ml,8718951748163,217.43,217.43,,https://www.sariyermarket.com/colgate-total-gelismis-beyazlik-dis-macunu-75-ml
Vileda Spray Max Yedek Başlık Mop,4023103199217,449.90,449.90,,https://www.sariyermarket.com/vileda-spray-max-yedek-baslik-mop
Fora Sele Siyah Zeytin 500 Gr,8695608130383,220.90,220.90,,https://www.sariyermarket.com/fora-sele-siyah-zeytin-500-gr
Fripp Meksika Fasulyesi 410 Gr,8691255170314,99.90,99.90,,https://www.sariyermarket.com/fripp-meksika-fasulyesi-410-gr
Eti Karam %54 Kakaolu Bitter Çikolata 60 Gr,8690526027593,49.90,49.90,,https://www.sariyermarket.com/eti-karam--54-kakaolu-bitter-cikolata-60-gr-
Teksüt Kaşar Peyniri 400gr Yağlı,8690158020344,179.90,179.90,,https://www.sariyermarket.com/teksut-kasar-peyniri-400gr-yagli
Borbone Kapsül Kahve Decaffeinated 50Gr,8055176431020,279.90,279.90,,https://www.sariyermarket.com/borbone-kapsul-kahve-decaffeinated-50gr
Selpak Kutu Mendil 50 li,8690530036710,79.90,79.90,,https://www.sariyermarket.com/selpak-kutu-mendil-50-li
Eti Süt Burger Çilekli Krema Dolgulu Ballı Kek 35 Gr,8690526076843,17.50,17.50,,https://www.sariyermarket.com/eti-sut-burger-cilekli-krema-dolgulu-balli-kek-35-gr
Pet's Family Pouch Yavru Kedi Maması Tavuklu Jöleli 85Gr,8681085426521,34.93,34.93,,https://www.sariyermarket.com/pets-family-pouch-yavru-kedi-mamasi-tavuklu-joleli-85gr
Laz Kızı Tereyağı 250 Gr,8699089576968,209.93,209.93,,https://www.sariyermarket.com/laz-kizi-tereyagi-250-gr
Pastavilla Arpa Şehriye 500 Gr,8690684003026,46.90,46.90,,https://www.sariyermarket.com/pastavilla-arpa-sehriye-500-gr
Lays Fırından Yoğurt Ve Mevsim Yeşillikli 134gr,8690624103694,82.00,82.00,,https://www.sariyermarket.com/lays-firindan-yogurt-ve-mevsim-yesillikli-134gr
Apikoğlu Parmak Sucuk 200 Gr,8697420920296,489.90,489.90,,https://www.sariyermarket.com/apikoglu-parmak-sucuk-200-gr
Orgalife Organik Bardak Poset 20li 40Gr,8692204100024,124.90,124.90,,https://www.sariyermarket.com/orgalife-organik-bardak-poset-20li-40gr
Eti Çikolatalı Gofret 29 Gr,8690526953625,15.00,15.00,,https://www.sariyermarket.com/eti-cikolatali-gofret-29-gr
Züber Lokma Hindistan Cevizi Kaplı Meyve Topu 96 Gr,8681630301013,144.95,144.95,,https://www.sariyermarket.com/zuber-lokma-hindistan-cevizi-kapli-meyve-topu-96-gr
President Cheddar Üçgen Peynir 100 Gr,8692971434667,58.90,58.90,,https://www.sariyermarket.com/president-cheddar-ucgen-peynir-100-gr
Katırlı Siyah Zeytin 1kg,8697404377047,645.00,645.00,,https://www.sariyermarket.com/katirli-siyah-zeytin-1kg
Eti Gong Sütlü Kakao Kaplamalı 30 Gr,8690526344102,25.00,25.00,,https://www.sariyermarket.com/eti-gong-sutlu-kakao-kaplamali-30-gr
Sarıyer Gurme Yeşil Biberli Zeytin Kg,2904022000001,450.00,450.00,,https://www.sariyermarket.com/sariyer-gurme-yesil-biberli-zeytin-kg
Nestle Nesquik Kakaolu Süt 180 Ml,86914970,35.65,35.65,,https://www.sariyermarket.com/nestle-nesquik-kakaolu-sut-180-ml
Kinder Pingui Cacao T.4 112gr,4008400290423,105.50,105.50,,https://www.sariyermarket.com/kinder-pingui-cacao-t-4-112gr
Omo Ultra Power Kapsül Deterjan 18 Kapsül 234 Gr,8683130134221,189.90,189.90,,https://www.sariyermarket.com/omo-ultra-power-kapsul-deterjan-18-kapsul-234-gr
Özerhisar Cam Şişe Ayran 1 Lt,8692653000210,164.95,164.95,,https://www.sariyermarket.com/ozerhisar-cam-sise-ayran-1-lt
Ülker Deluxe Gofret Vanilya Aromalı Kremalı 220 Gr,8690504040637,55.00,55.00,,https://www.sariyermarket.com/ulker-deluxe-gofret-vanilya-aromali-kremali-220-gr
Ülker Çikolata Dolu Dolu Bademli 80 Gr,8690766145118,120.00,120.00,,https://www.sariyermarket.com/ulker-cikolata-dolu-dolu-bademli-80-gr
Polonez Çemeni Sıyrılmış Pastırma 75 Gr,8693407003051,325.90,325.90,,https://www.sariyermarket.com/polonez-cemeni-siyrilmis-pastirma-75-gr
"Doğadan Ayvalı Ihlamur Çayı 18'li 28,8 Gr",8699432216916,86.18,86.18,,https://www.sariyermarket.com/dogadan-ayvali-ihlamur-cayi-18li-28-8-gr
Tahsildaroğlu Ezine Klasik Peynir 200gr,8691225155105,149.90,149.90,,https://www.sariyermarket.com/tahsildaroglu-ezine-klasik-peynir-200gr
Eti Fıstıkişi Antep Fıstıklı 50 Gr,8690526182278,100.00,100.00,,https://www.sariyermarket.com/eti-fistikisi-antep-fistikli-50-gr
Kühne Soya Sosu Sodyumu Azaltilmis 250ml,8696027015121,237.90,237.90,,https://www.sariyermarket.com/kuhne-soya-sosu-sodyumu-azaltilmis-250ml
Arıcan Kars Yaylalarından Karakovan Petek Balı 700 gr,8692970707007,1229.90,1229.90,,https://www.sariyermarket.com/arican-kars-yaylalarindan-karakovan-petek-bali-700-gr
Tadım Ceviz İçi 150 Gr,8690787291030,165.00,165.00,,https://www.sariyermarket.com/tadim-ceviz-ici-150-gr
Eti 98329 Benim'O Lokmalik 3'lü 240 Gr,8690526743295,102.00,102.00,,https://www.sariyermarket.com/eti-98329-benimo-lokmalik-3lu-240-gr
Eti Petito Sosbom Çikolatalı Krema Dolgulu Pasta 50 Gr,8690526780214,30.00,30.00,,https://www.sariyermarket.com/eti-petito-sosbom-cikolatali-krema-dolgulu-pasta-50-gr
Tamek Patlıcan Kızartma 380 Gr,8690575047214,99.90,99.90,,https://www.sariyermarket.com/tamek-patlican-kizartma-380-gr
Avokado Yemeye Hazir Adet Verita Gurme,8698555412915,145.00,145.00,,https://www.sariyermarket.com/avokado-yemeye-hazir-adet-verita-gurme
Tadım Hurma 140 Gr,8690787471012,105.00,105.00,,https://www.sariyermarket.com/tadim-hurma-140-gr
Suppa Hindi But Füme Karabiberli Kg,2902345000005,1450.00,1450.00,,https://www.sariyermarket.com/suppa-hindi-but-fume-karabiberli-kg
Balparmak Apitera Zen 7X7 Gr,8690998214606,179.90,179.90,,https://www.sariyermarket.com/balparmak-apitera-zen-7x7-gr
Doritos Storm Mexicano Süper Boy 125 gr,8690624204360,64.50,64.50,,https://www.sariyermarket.com/doritos-storm-mexicano-super-boy-125-gr
Stepy Silver Sünger 2 Li,8681917085162,59.93,59.93,,https://www.sariyermarket.com/stepy-silver-sunger-2-li
Nilky Almond Bademli Şekersiz İçeçek 1 Lt,8682983760083,159.90,159.90,,https://www.sariyermarket.com/nilky-almond-bademli-sekersiz-icecek-1-lt
Fuse Tea Soğuk Çay Şeftali Aromalı İçecek Kutu 6X330 Ml,5000112666083,325.00,325.00,,https://www.sariyermarket.com/fuse-tea-soguk-cay-seftali-aromali-icecek-kutu-6x330-ml
Züber Granola Bar Elmalı Tarçınlı 25 Gr,8681630173016,44.95,44.95,,https://www.sariyermarket.com/zuber-granola-bar-elmali-tarcinli-25-gr
Wefood İnce Öğütülmüş Glutensiz Yulaf Ezmesi 300 Gr,8683347034826,130.50,130.50,,https://www.sariyermarket.com/wefood-ince-ogutulmus-glutensiz-yulaf-ezmesi-300-gr
Signal White Now Diş Macunu Extra Fresh 75 Ml,8710522444252,349.90,349.90,,https://www.sariyermarket.com/signal-white-now-dis-macunu-extra-fresh-75-ml
Toprak Doğal Cevizli Pestil Gümüşhane 250 Gr,8681078702618,444.90,444.90,,https://www.sariyermarket.com/toprak-dogal-cevizli-pestil-gumushane-250-gr
Papia Platinum Çek Al Mendil 125'li,8690536026548,59.90,59.90,,https://www.sariyermarket.com/papia-platinum-cek-al-mendil-125li
Dana Döş Kıyma Kg,2910981000006,995.00,995.00,,https://www.sariyermarket.com/dana-dos-kiyma-kg
Lipton Yellow Label Çay 1 Kg,8720608617630,269.90,269.90,,https://www.sariyermarket.com/lipton-yellow-label-cay-1-kg
"Yudum Ayçiçek 4,5lt Pet",8690876101783,529.90,529.90,,https://www.sariyermarket.com/yudum-aycicek-4-5lt-pet
Gourmet Gold Kıyılmış Ton Balıklı Kedi Maması 85gr,7613032814526,69.90,69.90,,https://www.sariyermarket.com/gourmet-gold-kiyilmis-ton-balikli-kedi-mamasi-85gr
Prima Aktif Bebek Süper Paket 7 Beden 30'Lu,8006530361514,510.93,510.93,,https://www.sariyermarket.com/prima-aktif-bebek-super-paket-7-beden-30lu
Prima Premium Care Ekonomik Paket 3 Beden Mıdı 6-10 Kg 52Li,8001841742311,699.93,699.93,,https://www.sariyermarket.com/prima-premium-care-ekonomik-paket-3-beden-midi-6-10-kg-52li
Pınar Beyaz 350 Gr,8690565022733,149.90,149.90,,https://www.sariyermarket.com/pinar-beyaz-350-gr
Arıcan Organik Siirt Pervari Balı 500gr,8692970111118,1849.90,1849.90,,https://www.sariyermarket.com/arican-organik-siirt-pervari-bali-500gr
Hasmandira Ghee Sade İnek Tereyağ 300gr,8697623020663,645.00,645.00,,https://www.sariyermarket.com/hasmandira-ghee-sade-inek-tereyag-300gr
Sarelle Hindistan Cevizli Gofret 33gr,8683417001338,27.50,27.50,,https://www.sariyermarket.com/sarelle-hindistan-cevizli-gofret-33gr
Tadım Karnaval 180 Gr,8690787401033,340.00,340.00,,https://www.sariyermarket.com/tadim-karnaval-180-gr
Knorr Mac & Cheese Makarna Sosu 50 Gr,8683130120248,79.90,79.90,,https://www.sariyermarket.com/knorr-mac-cheese-makarna-sosu-50-gr
Bağdat Kahvaltılık Poy Baharatı Tuzluklu Cam 40 Gr,8690560024589,99.90,99.90,,https://www.sariyermarket.com/bagdat-kahvaltilik-poy-baharati-tuzluklu-cam-40-gr
Primavera Küp Cheddar Peyniri 150Gr,8699089581474,450.00,450.00,,https://www.sariyermarket.com/primavera-kup-cheddar-peyniri-150gr
Ekici Tam Yağlı Beyaz Peynir Lokum Kıvamında 500gr,8697403871454,222.90,222.90,,https://www.sariyermarket.com/ekici-tam-yagli-beyaz-peynir-lokum-kivaminda-500gr
Nescafe 3ü1 Arada Ice Toffe Nut Aromalı 10 Gr,8690632042329,55.90,55.90,,https://www.sariyermarket.com/nescafe-3u1-arada-ice-toffe-nut-aromali-10-gr
Tadım Kavrulmuş Tuzsuz Kabak Çekirdeği 180 Gr,8690787141045,110.00,110.00,,https://www.sariyermarket.com/tadim-kavrulmus-tuzsuz-kabak-cekirdegi-180-gr
Bingo Elde Bulaşık Deterjanı Limon 650 Ml,8690536924219,99.90,99.90,,https://www.sariyermarket.com/bingo-elde-bulasik-deterjani-limon-650-ml
Melis Kahvaltılık Sos Acı 200 Gr,8682484900193,159.90,159.90,,https://www.sariyermarket.com/melis-kahvaltilik-sos-aci-200-gr
Toprak Doğal Cevizli Köme Gümüşhane 280 Gr,8681078702670,579.90,579.90,,https://www.sariyermarket.com/toprak-dogal-cevizli-kome-gumushane-280-gr
Sarıyer Gurme Yeşil Domat Çizik Kg,2900072000008,450.00,450.00,,https://www.sariyermarket.com/sariyer-gurme-yesil-domat-cizik-kg
İçim Orman Meyveli Kefir 250 Ml,8692971429595,44.90,44.90,,https://www.sariyermarket.com/icim-orman-meyveli-kefir-250-ml
Yemelix Dondurularak Kurutulmuş Böğürtlen 15 Gr,8684802316044,94.90,94.90,,https://www.sariyermarket.com/yemelix-dondurularak-kurutulmus-bogurtlen-15-gr
Balparmak Çıtkapak Yayla Ve Ova Çiçek Balı 350 Gr,8690998151857,364.90,364.90,,https://www.sariyermarket.com/balparmak-citkapak-yayla-ve-ova-cicek-bali-350-gr
Lipton Ice Tea Mango ve Egzotik Meyve 1 Lt,8690574120024,49.90,49.90,,https://www.sariyermarket.com/lipton-ice-tea-mango-ve-egzotik-meyve-1-lt
Milupa Organik Şeftali Elma Püresi Kavanoz 125 Gr 6+ Ay,4013166895010,79.90,79.90,,https://www.sariyermarket.com/milupa-organik-seftali-elma-puresi-kavanoz-125-gr-6_-ay
Kühne Cüccü Kornişon Turşusu 370 Gr,8696027011796,169.90,169.90,,https://www.sariyermarket.com/kuhne-cuccu-kornison-tursusu-370-gr
Lipton Osmanthus Çiçeği Aromalı Yeşil Çay 18'li 27 Gr,5063305009883,114.90,114.90,,https://www.sariyermarket.com/lipton-osmanthus-cicegi-aromali-yesil-cay-18li-27-gr
Nilky Barista İçecek 1 Lt,8682983760700,184.90,184.90,,https://www.sariyermarket.com/nilky-barista-icecek-1-lt
Ülker Oneo Slims Karpuz 14 Gr,8690840228560,27.00,27.00,,https://www.sariyermarket.com/ulker-oneo-slims-karpuz-14-gr
Ariste Trakya Eski Kaşar Peyniri 300gr,8698686741861,565.90,565.90,,https://www.sariyermarket.com/ariste-trakya-eski-kasar-peyniri-300gr
Erüst Kişniş 25 Gr,8697417461023,155.00,155.00,,https://www.sariyermarket.com/erust-kisnis-25-gr
Nestle Damak Antep Fıstıklı Sütlü Çikolata 30 Gr,8690632050218,56.50,56.50,,https://www.sariyermarket.com/nestle-damak-antep-fistikli-sutlu-cikolata-30-gr
Fide Zeytinyağlı Ton Balığı 4x80 Gr,8691405654343,279.90,279.90,,https://www.sariyermarket.com/fide-zeytinyagli-ton-baligi-4x80-gr
Ülker Biskrem Cookie 80Gr,8690504114802,25.00,25.00,,https://www.sariyermarket.com/ulker-biskrem-cookie-80gr
Sarıyer Gurme Mihaliç Koyun Peyniri Kg,2900407000000,845.00,845.00,,https://www.sariyermarket.com/sariyer-gurme-mihalic-koyun-peyniri-kg
Kent Olips Stick Keskin Mentol 28gr,7622210648921,32.90,32.90,,https://www.sariyermarket.com/kent-olips-stick-keskin-mentol-28gr
Superfresh Milföy Hamuru 1000 Gr,8690612502058,179.90,179.90,,https://www.sariyermarket.com/superfresh-milfoy-hamuru-1000-gr
Lezzet Mantı Bohça Dana Kıymalı 1000 Gr,8697806590105,369.90,369.90,,https://www.sariyermarket.com/lezzet-manti-bohca-dana-kiymali-1000-gr
Heinz Barbekü Sos 250 Gr,8715700414386,132.90,132.90,,https://www.sariyermarket.com/heinz-barbeku-sos-250-gr
Fiskokrem Fındık Ezmesi 400gr,8691641130212,119.90,119.90,,https://www.sariyermarket.com/fiskokrem-findik-ezmesi-400gr
Eti Ahenk Gurme Çikolata Kaplı Fındık Kremalı Gofret 50 Gr,8690526018935,30.00,30.00,,https://www.sariyermarket.com/eti-ahenk-gurme-cikolata-kapli-findik-kremali-gofret-50-gr
Baltalı Labne 200gr,8699916025027,274.90,274.90,,https://www.sariyermarket.com/baltali-labne-200gr
Jungle Kedi Et Ezmesi Taze Somonlu Tavuklu 90 G,8682631204693,69.93,69.93,,https://www.sariyermarket.com/jungle-kedi-et-ezmesi-taze-somonlu-tavuklu-90-g
Eti Form Mahlepli Çiyalı ve Çörek Otlu Kepekli Bisküvi 40 Gr,8690526011905,15.50,15.50,,https://www.sariyermarket.com/eti-form-mahlepli-ciyali-ve-corek-otlu-kepekli-biskuvi-40-gr
Cornetto Disc Antep Fıstıklı - Çikolatalı 130 Ml,8690637784705,75.00,75.00,,https://www.sariyermarket.com/cornetto-disc-antep-fistikli---cikolatali-130-ml
Kemal Kükrer Elma Sirkesi Cam 500ml,8691011200507,99.90,99.90,,https://www.sariyermarket.com/kemal-kukrer-elma-sirkesi-cam-500ml
Eti Kremalı Çilekli Bisküvi 61 Gr,8690526043319,15.00,15.00,,https://www.sariyermarket.com/eti-kremali-cilekli-biskuvi-61-gr
Eti Alaska Frigo Karamelli Çikolata Bar 47 Gr,8690526069722,34.90,34.90,,https://www.sariyermarket.com/eti-alaska-frigo-karamelli-cikolata-bar-47-gr
Sarıyer Gurme Rozbif Biberli Füme Et Kg,2901535000009,3250.00,3250.00,,https://www.sariyermarket.com/sariyer-gurme-rozbif-biberli-fume-et-kg
Lipton Ice Tea Karpuz Kutu 330 Ml,8690574114412,42.50,42.50,,https://www.sariyermarket.com/lipton-ice-tea-karpuz-kutu-330-ml
Kurukahveci Mehmet Efendi Colombian Filtre Kahve 80 Gr,8690627000181,99.90,99.90,,https://www.sariyermarket.com/kurukahveci-mehmet-efendi-colombian-filtre-kahve-80-gr
Signal Diş Fırçası 4D Clean Expert 1+1,8683130067833,399.90,399.90,,https://www.sariyermarket.com/signal-dis-fircasi-4d-clean-expert--1_1
Pepita Tatlı Patates Kg,2901502000001,125.00,125.00,,https://www.sariyermarket.com/pepita-tatli-patates-kg
Prima Külot Bebek Bezi Tekli Paket 5 Beden 21'li,8006540898192,349.93,349.93,,https://www.sariyermarket.com/prima-kulot-bebek-bezi-tekli-paket-5-beden-21li
Elmasoğlu Ispanaklı Vegan Pelmeni Mantı 350 Gr,8681807069388,194.90,194.90,,https://www.sariyermarket.com/elmasoglu-ispanakli-vegan-pelmeni-manti-350-gr
Anna's Bademli Bisküvi 150 Gr,7312220016277,159.90,159.90,,https://www.sariyermarket.com/annas-bademli-biskuvi-150gr
Corny Kuruyemiş Meyve Bar Vişne Kakao 35 Gr,8681080906028,54.90,54.90,,https://www.sariyermarket.com/corny-kuruyemis-meyve-bar-visne-kakao-35-gr
Pınar Hindi Fıstıklı Salam Kg,2914517000003,845.00,845.00,,https://www.sariyermarket.com/pinar-hindi-fistikli-salam-kg
Chefline Sushi Pirinci 500 Gr,8697418653717,194.90,194.90,,https://www.sariyermarket.com/chefline-sushi-pirinci-500-gr
Wefood Organik Hindistan Ceviz Yağı 150ml,8681749104451,325.00,325.00,,https://www.sariyermarket.com/wefood-organik-hindistan-ceviz-yagi-150ml
Humm Organik Portakallı Kurabiye 55 Gr,8680050320550,129.95,129.95,,https://www.sariyermarket.com/humm-organik-portakalli-kurabiye-55-gr
Eti Burçak Kurabi Yulaflı Fındıklı Kurabiye 198 Gr,8690526073477,68.00,68.00,,https://www.sariyermarket.com/eti-burcak-kurabi-yulafli-findikli-kurabiye-198-gr
Bebelac 350gr Gold 3,8699745023645,489.90,489.90,,https://www.sariyermarket.com/bebelac-350gr-gold-3
Eti Tartini Turta Frambuazlı 114 Gr,8690526288758,43.00,43.00,,https://www.sariyermarket.com/eti-tartini-turta-frambuazli-114-gr
Kirecburnu Kırıkkırak Tereyağlı 185 Gr,8692170000021,134.90,134.90,,https://www.sariyermarket.com/kirecburnu-kirikkirak-tereyagli-185-gr
Doytat Pulbiber 200gr,8697826340414,149.90,149.90,,https://www.sariyermarket.com/doytat-pulbiber-200gr
Beşler Bi Lokma Hindi Füme 55gr,8681594302392,37.90,37.90,,https://www.sariyermarket.com/besler-bi-lokma-hindi-fume-55gr
Yayla Siyezli Ezogelin Çorbası 250 Gr,8693374255354,53.90,53.90,,https://www.sariyermarket.com/yayla-siyezli-ezogelin-corbasi-250-gr
Wefood Organik Tahin 300 gr,8682392174365,350.00,350.00,,https://www.sariyermarket.com/wefood-organik-tahin-300-gr
İçim Çilekli Kefir 250 Ml,8692971429588,44.90,44.90,,https://www.sariyermarket.com/icim-cilekli-kefir-250-ml
Sarıyer Şişe Kola 200Ml,8683789552674,23.90,23.90,,https://www.sariyermarket.com/sariyer-sise-kola-200ml
Pet's Family Balıklı Yetişkin Kedi Maması 400+100Gr,8681085426682,118.93,118.93,,https://www.sariyermarket.com/pets-family-balikli-yetiskin-kedi-mamasi-400_100gr
Cappy Karışık Meyve Nektarı 1 L,5449000033109,79.90,79.90,,https://www.sariyermarket.com/cappy-karisik-meyve-nektari-1-l
Danvita Peynirli Kraker 130 Gr,4771218202529,289.90,289.90,,https://www.sariyermarket.com/danvita-peynirli-kraker-130-gr
Şölen Biscolata Veni Gofret Fındıklı 110GR,8691707096544,50.00,50.00,,https://www.sariyermarket.com/solen-biscolata-veni-gofret-findikli-110gr
Tek Lezzet Sarımsak Marine 390 Gr,8681105000717,199.90,199.90,,https://www.sariyermarket.com/tek-lezzet-sarimsak-marine-390-gr
Vienetta Vanilyalı ve Çikolatalı Dondurma 800 Ml,8690637720888,165.00,165.00,,https://www.sariyermarket.com/vienetta-vanilyali-ve-cikolatali-dondurma-800-ml
Tipi Dil Peyniri Kg,2901770000000,1200.00,1200.00,,https://www.sariyermarket.com/tipi-dil-peyniri-kg
Koska Tahin Bidon 550 Gr,8690710135981,169.90,169.90,,https://www.sariyermarket.com/koska-tahin-bidon-550-gr
Tırmata Galete Unu 400Gr,8683684329241,49.90,49.90,,https://www.sariyermarket.com/tirmata-galete-unu-400gr
Sarıyer Gurme Vişneli Yaprak Sarma Kg,2901939000001,995.00,995.00,,https://www.sariyermarket.com/sariyer-gurme-visneli-yaprak-sarma-kg
Listerıne Total Care Ağız Suyu 500 Ml,3574661731964,327.92,327.92,,https://www.sariyermarket.com/listerine-total-care-agiz-suyu-500-ml
Kühne Bin Ada Salata Sosu 250 Ml,40122472,209.90,209.90,,https://www.sariyermarket.com/kuhne-bin-ada-salata-sosu-250-ml
Laz Kızı Yağlı Telli Peynir 250 Gr,8699089587711,168.75,168.75,,https://www.sariyermarket.com/laz-kizi-yagli-telli-peynir-250-gr
Çaykur Bardak Poşet Çay 25li,8690105015300,99.90,99.90,,https://www.sariyermarket.com/caykur-bardak-poset-cay-25li
Okey Zero Tenn,8850956034527,519.90,519.90,,https://www.sariyermarket.com/okey-zero-tenn
Polonez Piliç Jambon Sebzeli Kg,2904033000007,795.00,795.00,,https://www.sariyermarket.com/polonez-pilic-jambon-sebzeli-kg
Ülker Pembo Karışık Meyve Aromalı Balonlu Sakız 22.5 Gr,8690840229093,16.50,16.50,,https://www.sariyermarket.com/ulker-pembo-karisik-meyve-aromali-balonlu-sakiz-22-5-gr
Dr.Oetker Kendiniz Tatlandırın Tatlı Sos Kakaolu 39 Gr,8690629450601,35.93,35.93,,https://www.sariyermarket.com/dr-oetker-kendiniz-tatlandirin-tatli-sos-kakaolu-39-gr
Falim Sakiz 5li Cilek 7gr,8690524055536,17.90,17.90,,https://www.sariyermarket.com/falim-sakiz-5li-cilek-7gr
Sarıyer Gurme Acılı Ezme Kg,2903038000005,695.00,695.00,,https://www.sariyermarket.com/sariyer-gurme-acili-ezme-kg
Maille Dijon Hardal 215ml,3036810201280,509.90,509.90,,https://www.sariyermarket.com/maille-dijon-hardal-215ml
Cappy Kayısı Nektarı 1 L,5449000087461,79.90,79.90,,https://www.sariyermarket.com/cappy-kayisi-nektari-1-l
Tahsildaroğlu Bergama Tulum 250 Gr,8691225158281,239.90,239.90,,https://www.sariyermarket.com/tahsildaroglu-bergama-tulum-250-gr
Wefood Organik Elma Suyu Konsantresi 340 gr,8682392174068,289.90,289.90,,https://www.sariyermarket.com/wefood-organik-elma-suyu-konsantresi-340ml
Herby Ice Tea Açai Ananas 250 Ml,8682450833074,69.90,69.90,,https://www.sariyermarket.com/herby-ice-tea-acai-ananas-250-ml
Komili Riviera Zeytinyağı Yemeklik 500 Ml,8690876030717,229.90,229.90,,https://www.sariyermarket.com/komili-riviera-zeytinyagi-yemeklik-500-ml
Eti Paykek Mini Limonlu Haşhaşlı 150 Gr,8690526444864,54.50,54.50,,https://www.sariyermarket.com/eti-paykek-mini-limonlu-hashasli-150-gr
Superfresh 7/24 Fırından Simit 400 Gr,8680959084362,98.94,98.94,,https://www.sariyermarket.com/superfresh-7-24-firindan-simit-400-gr
Parodontax Orijinal Diş Macunu 75 Ml,8681291003035,279.90,279.90,,https://www.sariyermarket.com/parodontax-orijinal-dis-macunu-75-ml
Tat Domates Salçası 360 Gr,8690635030910,69.90,69.90,,https://www.sariyermarket.com/tat-domates-salcasi-360-gr
Alcatra Füme Dil 100Gr,8699089586424,595.00,595.00,,https://www.sariyermarket.com/alcatra-fume-dil-100gr
Nestle Salep 17 Gr,8690632083124,12.90,12.90,,https://www.sariyermarket.com/nestle-salep-17-gr
Dr. Oetker Puding Kakaolu 147 Gr,8690629201104,38.93,38.93,,https://www.sariyermarket.com/dr-oetker-puding-kakaolu-147-gr
Ülker Bol Sütlü Kare Çikolata 60 Gr,8690504025009,44.90,44.90,,https://www.sariyermarket.com/ulker-bol-sutlu-kare-cikolata-60-gr
Doytat Zencefil Tane 50gr,8697635600945,79.90,79.90,,https://www.sariyermarket.com/doytat-zencefil-tane-50gr
Ferrero Raffaello Çikolata T4x16 40gr,5413548040639,49.90,49.90,,https://www.sariyermarket.com/ferrero-raffaello-cikolata-t4x16-40gr
Tempo Antep Fıstıklı Krokan 40 Gr,8690949000128,180.00,180.00,,https://www.sariyermarket.com/tempo-antep-fistikli-krokan-40-gr
Arbella Makarna Kelebek 500 Gr,8697430885424,29.90,29.90,,https://www.sariyermarket.com/arbella-makarna-kelebek-500-gr
Glütensiz Ada Kahveli Kurabiye 108gr,8681705100053,164.90,164.90,,https://www.sariyermarket.com/glutensiz-ada-kahveli-kurabiye-108gr
Eti Süt Burger Sütlü ve Ballı 35 Gr,86924962,17.50,17.50,,https://www.sariyermarket.com/eti-sut-burger-sutlu-ve-balli-35-gr
Eti Lifalif Meyve Bar Kırmızı Meyveli 35 Gr,8690526346069,57.50,57.50,,https://www.sariyermarket.com/eti-lifalif-meyve-bar-kirmizi-meyveli-35-gr
Master Patato Soğanlı&Ekşi Kremalı Cips 160Gr,8683717471442,120.00,120.00,,https://www.sariyermarket.com/master-patato-soganli-eksi-kremali-cips-160gr-
Prima Bebek Bezi Premium Care Ekonomik Paket 7 Beden 30 lu,8700216575157,699.93,699.93,,https://www.sariyermarket.com/prima-bebek-bezi-premium-care-ekonomik-paket-7-beden-30-lu
Tamek %100 Portakal Suyu 1 Lt,8690575874315,135.90,135.90,,https://www.sariyermarket.com/tamek-100-portakal-suyu-1-lt
Tadım Sultaniye Kuru Üzüm 140 Gr,8690787281048,46.00,46.00,,https://www.sariyermarket.com/tadim-sultaniye-kuru-uzum-140-gr
Ülker Dido Trio Beyaz Sütlü Bitter Çikolatalı Gofret 36.5 Gr,8690504131458,30.00,30.00,,https://www.sariyermarket.com/ulker-dido-trio-beyaz-sutlu-bitter-cikolatali-gofret-36-5-gr
Nane Adet,2623016000000,14.90,14.90,,https://www.sariyermarket.com/nane-adet
Eti Gong Pops Jalapenolu Mısır Ve Pirinç Patlağı 80Gr,8690526069487,52.50,52.50,,https://www.sariyermarket.com/eti-gong-pops-jalapenolu-misir-ve-pirinc-patlagi-80gr
Wefood Glütensiz Granola Kakao&Fındık 250 Gr,8683347035380,250.00,250.00,,https://www.sariyermarket.com/wefood-glutensiz-granola-kakao-findik-250-gr
Cumhuriyet Kangal Parmak Sucuk 180gr,8697980760134,384.90,384.90,,https://www.sariyermarket.com/cumhuriyet-kangal-parmak-sucuk-180gr
Chupa Chups Sparkling Karpuz Aromalı Gazlı İçecek 330 Ml,6251897001159,109.90,109.90,,https://www.sariyermarket.com/chupa-chups-sparkling-karpuz-aromali-gazli-icecek-330-ml
Herby Premium Matcha Sade 25 Gr,8682450833401,348.90,348.90,,https://www.sariyermarket.com/herby-premium-matcha-sade-25-gr
Humm Organic Zencefilli Tarçınlı Vegan Kurabiye 55 Gr,8680050304925,129.95,129.95,,https://www.sariyermarket.com/humm-organic-zencefilli-tarcinli-vegan-kurabiye-55-gr
Algida Volcano White & Cookies 86 Ml,8721274646641,50.00,50.00,,https://www.sariyermarket.com/algida-volcano-white-cookies-86-ml
Dr.Oetker Ristorante Mini Pizza Mista 600 Gr,8690629499853,262.43,262.43,,https://www.sariyermarket.com/dr-oetker-ristorante-mini-pizza-mista-600-gr
Duru Şampuan Dökülme Karşıtı 400 Ml,8690506565206,76.93,76.93,,https://www.sariyermarket.com/duru-sampuan-dokulme-karsiti--400-ml
Fairy 650 ml Sıvı Bulaşık Deterjanı Limon,5413149798854,109.90,109.90,,https://www.sariyermarket.com/fairy-650-ml-sivi-bulasik-deterjani-limon
Koska Vişne Reçeli 380gr,8690710003501,169.90,169.90,,https://www.sariyermarket.com/koska-visne-receli-380gr
Solo Peçete 200 Yaprak,8690530232686,129.90,129.90,,https://www.sariyermarket.com/solo-pecete-200-yaprak
City Farm Organik Kirmizi Mercimek 1000 Gr,8698518430512,219.90,219.90,,https://www.sariyermarket.com/city-farm-organik-kirmizi-mercimek-1000-gr
Sırma +C Mango Ananas Aromalı Mineralli İçecek 200 Ml,8691058005813,15.00,15.00,,https://www.sariyermarket.com/sirma-_c-mango-ananas-aromali-mineralli-icecek-200-ml
Tchibo Gold Selection Filtre Kahve 250 Gr,4006067943676,349.90,349.90,,https://www.sariyermarket.com/tchibo-gold-selection-filtre-kahve-250-gr
Pınar Üçgen Peynir Yarım Yağlı 8X12.5 Gr,8690565010822,65.90,65.90,,https://www.sariyermarket.com/pinar-ucgen-peynir-yarim-yagli-8x12-5-gr
Zekeriyaköy Çiftliği Eski Kaşar Peyniri 350 Gr,8699089585649,375.00,375.00,,https://www.sariyermarket.com/zekeriyakoy-ciftligi-eski-kasar-peyniri-350-gr
Colgate Diş Macunu 75M Hassasiyete Pro-Çözüm Beyazlık,8718951682672,374.93,374.93,,https://www.sariyermarket.com/colgate-dis-macunu-75m-hassasiyete-pro-cozum-beyazlik
Çaykur Altınbaş Çay 500 Gr,8690105000382,314.90,314.90,,https://www.sariyermarket.com/caykur-altinbas-cay-500-gr
Friskies Mini Menü Köpek Etli 1.5kg,7613034241207,504.90,504.90,,https://www.sariyermarket.com/friskies-mini-menu-kopek-etli-1-5kg
Rice Up Rice Bar Dark Chocolate 18Gr,3800233074383,39.90,39.90,,https://www.sariyermarket.com/rice-up-rice-bar-dark-chocolate-18gr
Teksüt Çubuk Peynir 200 Gr,8690158121515,149.90,149.90,,https://www.sariyermarket.com/teksut-cubuk-peynir-200-gr
Milka Oreo Sandviç Kakaolu Bisküvili Çikolata 92 Gr,7622202211867,159.90,159.90,,https://www.sariyermarket.com/milka-oreo-sandvic-kakaolu-biskuvili-cikolata-92-gr
Tamek Meyve Suyu Şeftali 1lt,8690575871819,64.90,64.90,,https://www.sariyermarket.com/tamek-meyve-suyu-seftali-1lt
Kızılay Bağışıklık Kara Mürver&Çilek 200Ml,8692813006946,19.90,19.90,,https://www.sariyermarket.com/kizilay-bagisiklik-kara-murver-cilek-200ml
Billur Tuz İyotlu 750 Gr,8690771120407,37.90,37.90,,https://www.sariyermarket.com/billur-tuz-iyotlu-750-gr
Anavarza Akıllı Kapak Çiçek Balı 325 Gr,8695707008057,317.90,317.90,,https://www.sariyermarket.com/anavarza-akilli-kapak-cicek-bali-325-gr
Uludağ Frutti Extra Mandalinalı Pet 1 Lt,8690723444308,56.90,56.90,,https://www.sariyermarket.com/uludag-frutti-extra-mandalinali-pet-1-lt
Balküpü Toz Şeker 1000 Gr,8690778655711,57.90,57.90,,https://www.sariyermarket.com/balkupu-toz-seker-1000-gr
Benorganic Yeşil Meyve Ve Sebze Suyu 946 Ml,8680313580547,149.90,149.90,,https://www.sariyermarket.com/benorganic-yesil-meyve-ve-sebze-suyu-946-ml
Sütaş Light Beyaz Peynir 700 Gr,8690767002038,229.90,229.90,,https://www.sariyermarket.com/sutas-light-beyaz-peynir-700-gr
Doytat Sarımsak Tozu 50gr,8697635603878,59.25,59.25,,https://www.sariyermarket.com/doytat-sarimsak-tozu-50gr
Baltalı Keçi Peyniri 350gr,8699916011051,759.90,759.90,,https://www.sariyermarket.com/baltali-keci-peyniri-350gr
Jacobs Capsule Espresso 10 Intenso 10'lu 52 Gr,8711000371183,279.90,279.90,,https://www.sariyermarket.com/jacobs-capsule-espresso-10-intenso-10lu-52-gr
Omo Express Fresh Capcanlı Siyahlar 1.480 Ml,8683130143650,349.90,349.90,,https://www.sariyermarket.com/omo-express-fresh-capcanli-siyahlar-1-480-ml
Calve Ketçap 400gr,8690637805134,89.90,89.90,,https://www.sariyermarket.com/calve-ketcap-400gr
Sushida Donuk Sushi California Maki 140 Gr,8690559027034,239.00,239.00,,https://www.sariyermarket.com/sushida-donuk-sushi-california-maki-140-gr
Reis Royal Kırmızı Fasulye 500 Gr,8690849242123,222.90,222.90,,https://www.sariyermarket.com/reis-royal-kirmizi-fasulye-500-gr
Monster Rossi Enerji İçeceği Kutu 500 Ml,5061013944496,70.00,70.00,,https://www.sariyermarket.com/monster-rossi-enerji-icecegi-kutu-500-ml
Eti Pronot Portakallı Kurabiye 85G,8690526404424,74.00,74.00,,https://www.sariyermarket.com/eti-pronot-portakalli-kurabiye-85g
Sarelle Kakaolu Fındık Ezmesi 350gr,8683417000027,199.90,199.90,,https://www.sariyermarket.com/sarelle-kakaolu-findik-ezmesi-350gr
Jungle Kuzulu Yetişkin Kedi Maması 500 Gr,8681299602544,104.93,104.93,,https://www.sariyermarket.com/jungle-kuzulu-yetiskin-kedi-mamasi-500-gr
Koska Şeker İlavesiz Vişne Reçeli 290gr,8690710132287,279.90,279.90,,https://www.sariyermarket.com/koska-seker-ilavesiz-visne-receli-290gr
Nestle Crunch Tam Tahıl ve Pirinç Gevreği 375 Gr,8690632020433,169.95,169.95,,https://www.sariyermarket.com/nestle-crunch-tam-tahil-ve-pirinc-gevregi-375-gr
Perwoll Sıvı Çamaşır Deterjanı 2970L Açık Renkler,9000101834680,399.90,399.90,,https://www.sariyermarket.com/perwoll-sivi-camasir-deterjani-2970l-acik-renkler
Eti Lifalif Tuzlu Bar Domatesli 30 Gr,8690526357744,37.50,37.50,,https://www.sariyermarket.com/eti-lifalif-tuzlu-bar-domatesli-30-gr
Fanta Portakal Aromalı Gazoz Kutu 250 Ml,5000112664805,54.00,54.00,,https://www.sariyermarket.com/fanta-portakal-aromali-gazoz-kutu-250-ml
Felix Yavru Kedi Mamasi Tavuklu 85 Gr,7613287491084,39.90,39.90,,https://www.sariyermarket.com/felix-yavru-kedi-mamasi-tavuklu-85-gr
Prıma Premium Care Ekonomik Paket 4 Beden Maxı 9-14 Kg 46Lı,8001841742397,699.93,699.93,,https://www.sariyermarket.com/prima-premium-care-ekonomik-paket-4-beden-maxi-9-14-kg-46li
St. Dalfour Böğürtlen Reçeli 284 Gr,3492390108904,359.90,359.90,,https://www.sariyermarket.com/st--dalfour-bogurtlen-receli-284-gr
Activia Yaban Mersinli Probiyotikli Yogurt 4X100 Gr,8696368011882,114.50,114.50,,https://www.sariyermarket.com/activia-yaban-mersinli-probiyotikli-yogurt-4x100-gr
Filiz Boncuk Makarna 500 Gr,8690579048934,34.90,34.90,,https://www.sariyermarket.com/filiz-boncuk-makarna-500-gr
Dimes %100 Karışık Meyve Suyu 1 Lt,8690558023907,109.90,109.90,,https://www.sariyermarket.com/dimes--100-karisik-meyve-suyu-1-lt
Wefood Ananas Sirkesi 500 Ml,8683347035519,295.00,295.00,,https://www.sariyermarket.com/wefood-ananas-sirkesi-500-ml
Sarıyer Gurme Sıkma Portakal Suyu 500 Ml,8600000427160,122.50,122.50,,https://www.sariyermarket.com/sariyer-gurme-sikma-portakal-suyu-500-ml
Colgate Zig Zag Charcoal Orta Diş Firçasi 1+1,8718951549616,164.93,164.93,,https://www.sariyermarket.com/colgate-zig-zag-charcoal-orta-dis-fircasi-1_1
Sarıyer Gurme Yumurta Organik 10'lu 53-62 Gr,8699089887248,155.00,155.00,,https://www.sariyermarket.com/sariyer-gurme-yumurta-organik-10lu-53-62-gr
Amoy Soya Sosu 750ml,78024002102,269.90,269.90,,https://www.sariyermarket.com/amoy-soya-sosu-750ml
Tadım Ayçekirdeği Siyah 100 Gr,8690787251072,32.00,32.00,,https://www.sariyermarket.com/tadim-aycekirdegi-siyah-100-gr
Haribo 80g Jellyteeth,8691216080348,43.00,43.00,,https://www.sariyermarket.com/haribo-80g-jellyteeth
Billur Sofrada Öğütme Himalaya Tuzu 500 Gr,8690771130734,114.90,114.90,,https://www.sariyermarket.com/billur-sofrada-ogutme-himalaya-tuzu-500-gr
Juvenis Candy Shop Serisi Çilekli El Maskesi,8680624690843,144.90,144.90,,https://www.sariyermarket.com/juvenis-candy-shop-serisi-cilekli-el-maskesi
Nescafe 3'ü 1 Arada Sütlü Köpüklü 10'lu Paket,8690632038414,99.90,99.90,,https://www.sariyermarket.com/nescafe-3u-1-arada-sutlu-kopuklu-10lu-paket
Sprite Limon Aromalı Gazoz 4X1 Lt,5000112665383,229.90,229.90,,https://www.sariyermarket.com/sprite-limon-aromali-gazoz-4x1-lt
Pastavilla Makarna Sosu Arrabiata 300gr,8690684005075,104.90,104.90,,https://www.sariyermarket.com/pastavilla-makarna-sosu-arrabiata-300gr
Dana Kuşbaşı Orta Yağlı Kg,2901007000001,1050.00,1050.00,,https://www.sariyermarket.com/dana-kusbasi-orta-yagli-kg
Cappy Pulpy Karışık 1 L,5000112666113,86.50,86.50,,https://www.sariyermarket.com/cappy-pulpy-karisik-1-l
Chefline Panko Ekmek Kırıntısı,8697418650303,74.90,74.90,,https://www.sariyermarket.com/chefline-panko-ekmek-kirintisi
Elidor Saç Kremi İpek Terapisi 130 Ml,8683130137314,299.90,299.90,,https://www.sariyermarket.com/elidor-sac-kremi-ipek-terapisi-130-ml
Lipton Bardak Poşet Çay Doğu Karadeniz 50 Gr 25'li,8720608617821,99.90,99.90,,https://www.sariyermarket.com/lipton-bardak-poset-cay-dogu-karadeniz-50-gr-25li
Fropie Yer Fıstıklı&Çikolatalı Granola 200GR,8682815018795,209.90,209.90,,https://www.sariyermarket.com/fropie-yer-fistikli-cikolatali-granola-200gr
Maille Dijon Taneli Hardal 215gr,3036810207589,529.90,529.90,,https://www.sariyermarket.com/maille-dijon-taneli-hardal-215gr
Massimo Cake Coffee 270Gr 6'lı,8050705432219,149.90,149.90,,https://www.sariyermarket.com/massimo-cake-coffee-270gr-6li
Cornetto Disc Oreo 130 Ml,8683130038161,75.00,75.00,,https://www.sariyermarket.com/cornetto-disc-oreo-130-ml
Maret Pratik Macar Salam 50 Gr,8697471726373,59.90,59.90,,https://www.sariyermarket.com/maret-pratik-macar-salam-50-gr
Polonez Hindi Jambon 50 Gr,8693407004478,40.90,40.90,,https://www.sariyermarket.com/polonez-hindi-jambon-50-gr
Protein Ocean Bar Muzlu 50Gr,8682696740198,89.90,89.90,,https://www.sariyermarket.com/protein-ocean-bar-muzlu-50gr
Kebir Gurme Tereyağ Köy 750gr,8692963010053,679.90,679.90,,https://www.sariyermarket.com/kebir-gurme-tereyag-koy-750gr
Sarıyer Gurme Taze Kaşar Peyniri 400 Gr,8699089583386,175.00,175.00,,https://www.sariyermarket.com/sariyer-gurme-taze-kasar-peyniri-400-gr
Sarıyer Gurme Peynir Dolgulu Jalapeno Biber Kg,2924156000005,545.00,545.00,,https://www.sariyermarket.com/sariyer-gurme-peynir-dolgulu-jalapeno-biber-kg
Cappy Bubble Ejder ve Çilek Aromalı İçecek Pet 330 Ml,54032293,55.00,55.00,,https://www.sariyermarket.com/cappy-bubble-ejder-ve-cilek-aromali-icecek-pet-330-ml
Lee Kum Kee Tatlı Ekşi Sos 240gr,78895720051,229.90,229.90,,https://www.sariyermarket.com/lee-kum-kee-tatli-eksi-sos-240gr
Sensodyne Diş Firçasi Yumuşak Gentle,8681291002373,214.90,214.90,,https://www.sariyermarket.com/sensodyne-dis-fircasi-yumusak-gentle
Balance&Nature Burger Hellim Peyniri 250 Gr,8697418654288,239.90,239.90,,https://www.sariyermarket.com/balance-nature-burger-hellim-peyniri-250-gr
Prima Islak Havlu Mendil Temiz ve Ferah 52 Yaprak Tekli Paket,8001841041360,125.93,125.93,,https://www.sariyermarket.com/prima-islak-havlu-mendil-temiz-ve-ferah-52-yaprak-tekli-paket
Friskies Yetişkin Kümes Hayvanlı Kuru Mama 300 Gr,7613287171467,109.90,109.90,,https://www.sariyermarket.com/friskies-yetiskin-kumes-hayvanli-kuru-mama-300-gr
Polonez Hindi Füme Eti 50 Gr,8693407004461,44.90,44.90,,https://www.sariyermarket.com/polonez-hindi-fume-eti-50-gr
Ferrero Rocher Çikolata 200 Gr,8000500037874,314.90,314.90,,https://www.sariyermarket.com/ferrero-rocher-cikolata-200-gr
Kestane Mantar Kg,8697417462785,335.00,335.00,,https://www.sariyermarket.com/kestane-mantar-kg
Pidemiss Kuşbaşılı Kaşarlı Pide 125gr 3lu,8680628427667,229.90,229.90,,https://www.sariyermarket.com/pidemiss-kusbasili-kasarli-pide-125gr-3lu
Doytat İsot Biberi 60gr,8697826340360,51.90,51.90,,https://www.sariyermarket.com/doytat-isot-biberi-60gr
President Cheddar Peyniri 220gr,8692971434988,279.00,279.00,,https://www.sariyermarket.com/president-cheddar-peyniri-220gr
Niğde Gazozu 250ml,8697448890045,24.95,24.95,,https://www.sariyermarket.com/nigde-gazozu-250ml
Züber Fıstık Ezmeli Vegan Hi Protein Bar 45 Gr,8681630151014,114.50,114.50,,https://www.sariyermarket.com/zuber-fistik-ezmeli-vegan-hi-protein-bar-45-gr
Burcu Domates Rendesi 685 Gr,8691573091087,56.90,56.90,,https://www.sariyermarket.com/burcu-domates-rendesi-685-gr
Special Antrikot Kekikli Biberli Kg,2900966000008,2395.00,2395.00,,https://www.sariyermarket.com/special-antrikot-kekikli-biberli-kg
Baltalı Keçi Büş 200gr,8699916012027,489.90,489.90,,https://www.sariyermarket.com/baltali-keci-bus-200gr
Sütaş Bubble Mix Orman Meyveli 140 Gr,8681324010290,49.90,49.90,,https://www.sariyermarket.com/sutas-bubble-mix-orman-meyveli-140gr
Eti Cicibebe Bisküvi 172 Gr,8690533091136,52.50,52.50,,https://www.sariyermarket.com/eti-cicibebe-biskuvi-172-gr
Sarıyer Gurme Süzme Çiçek Balı Çıt Kapak 400 Gr,8692970324501,325.00,325.00,,https://www.sariyermarket.com/sariyer-gurme-suzme-cicek-bali-cit-kapak-400-gr
Tat Domates Rendesi 685gr,8690635020454,79.90,79.90,,https://www.sariyermarket.com/tat-domates-rendesi-685gr
Obsesso Latte Soğuk Kahve 250 Ml,8690558039540,64.90,64.90,,https://www.sariyermarket.com/obsesso-latte-soguk-kahve-250-ml
Ülker Çokoprens 30 Gr,8690504007708,8.00,8.00,,https://www.sariyermarket.com/ulker-cokoprens-30-gr
Nivea Yoğun Nemlendirici El Vücut Bakım Kremi 400 Ml,4006000180793,549.90,549.90,,https://www.sariyermarket.com/nivea-yogun-nemlendirici-el-vucut-bakim-kremi-400-ml
Sarıyer Gurme Keçi Beyaz Peynir 300 Gr,8699089986248,265.00,265.00,,https://www.sariyermarket.com/sariyer-gurme-keci-beyaz-peynir-300-gr
Ülker Dankek Muz Kremalı Rulo Kek 28 Gr,8690504087977,12.00,12.00,,https://www.sariyermarket.com/ulker-dankek-muz-kremali-rulo-kek-28-gr
Milupa Sebze Çorbası Kavanoz 125 G 6+ Ay,8699745016401,79.90,79.90,,https://www.sariyermarket.com/milupa-sebze-corbasi-kavanoz-125-g-6_-ay
Lipton Form Plus Kayısılı Çay 20'li 40 Gr,8720608631223,114.90,114.90,,https://www.sariyermarket.com/lipton-form-plus-kayisili-cay-20li-40-gr
Purelife Himalaya Tuzu Sofrada Öğütme Pembe 500 G,8699913930300,259.90,259.90,,https://www.sariyermarket.com/purelife-himalaya-tuzu-sofrada-ogutme-pembe-500-g
Sütaş Büyümix Çilekli 6x40 Gr,8690767673498,51.90,51.90,,https://www.sariyermarket.com/sutas-buyumix-cilekli-6x40-gr
Clear Women Hyaluron Nem Terapisi Şampuan 350 ml,8683130082690,152.94,152.94,,https://www.sariyermarket.com/clear-women-hyaluron-nem-terapisi-sampuan-350-ml
Doytat Kırmızı Biber Acı 60 Gr,8697826340162,55.90,55.90,,https://www.sariyermarket.com/doytat-kirmizi-biber-aci-60-gr
Mammen Rokfor Peyniri 100g,5703985058473,234.90,234.90,,https://www.sariyermarket.com/mammen-rokfor-peyniri-100g
Yuvam Firikli Kuru Patlıcan Dolması 400Gr,8699164065219,72.90,72.90,,https://www.sariyermarket.com/yuvam-firikli-kuru-patlican-dolmasi-400gr
Okomesan Sushi Pirinç 1kg,8034125240067,469.90,469.90,,https://www.sariyermarket.com/okomesan-sushi-pirinc-1kg
Ülker Hanımeller Sütlü Çikolatalı Kurabiye 89 Gr,8690504118527,35.00,35.00,,https://www.sariyermarket.com/ulker-hanimeller-sutlu-cikolatali-kurabiye-89-gr
Lipton Dökme Çay Earl Grey 500 Gr,8720608617500,334.90,334.90,,https://www.sariyermarket.com/lipton-dokme-cay-earl-grey-500-gr
Eti Popkek Mini Limonlu Kek 180 Gr,8690526076423,49.90,49.90,,https://www.sariyermarket.com/eti-popkek-mini-limonlu-kek-180-gr
Feast Frambuaz 350 Gr,21014010079140,399.75,399.75,,https://www.sariyermarket.com/feast-frambuaz-350-gr
Damla Minera Soda Sade 200 Ml,5449000176288,9.90,9.90,,https://www.sariyermarket.com/damla-minera-soda-sade-200-ml
Hipp Organik Elma Püresi 125gr,9062300106036,89.90,89.90,,https://www.sariyermarket.com/hipp-organik-elma-puresi-125gr
Koska Helva Sade 200gr,8690710309429,88.45,88.45,,https://www.sariyermarket.com/koska-helva-sade-200gr
Teremyağ Kase Margarin 250 Gr,8691375608551,76.50,76.50,,https://www.sariyermarket.com/teremyag-kase-margarin-250-gr
Eker Yeşil Çaylı Elmalı Detoks Kefir 1 Lt,8691316524186,149.90,149.90,,https://www.sariyermarket.com/eker-yesil-cayli-elmali-detoks-kefir-1-lt
Fuse Tea Mango Ananas Soğuk Çay Pet 1 L,5000112666175,70.00,70.00,,https://www.sariyermarket.com/fuse-tea-mango-ananas-soguk-cay-pet-1-l
Rummo Penne Rigate No:66 500 Gr,8008343200660,215.00,215.00,,https://www.sariyermarket.com/rummo-penne-rigate-no_66-500-gr
Cornetto Disc Vanilya Karamel 130 Ml,8683130038185,75.00,75.00,,https://www.sariyermarket.com/cornetto-disc-vanilya-karamel-130-ml
Kurukahveci Mehmet Efendi Kahve Kutu 12x6gr,8690627021971,99.90,99.90,,https://www.sariyermarket.com/kurukahveci-mehmet-efendi-kahve-kutu-12x6gr
Ariel Toz Dağ Esintisi 4 Kg,8001090846235,399.90,399.90,,https://www.sariyermarket.com/ariel-toz-dag-esintisi-4-kg
Doğadan Rezene Bardak Poşet 20'li,8699580000436,86.18,86.18,,https://www.sariyermarket.com/dogadan-rezene-bardak-poset-20li
Ülker Bebe Sütlü Bisküvi 800 Gr,8690504016885,170.00,170.00,,https://www.sariyermarket.com/ulker-bebe-sutlu-biskuvi-800-gr
Fora Az Tuzlu Az Yağli Siyah Zeytin 800 Gr,8695608131595,314.90,314.90,,https://www.sariyermarket.com/fora-az-tuzlu-az-yagli-siyah-zeytin-800-gr
Kebir Kuymak Peyniri 500 Gr,8692963151855,295.90,295.90,,https://www.sariyermarket.com/kebir-kuymak-peyniri-500-gr
Orvital Organik Tavuk But Pirzola Kg,2819002000004,1195.00,1195.00,,https://www.sariyermarket.com/orvital-organik-tavuk-but-pirzola-kg
Pınar Proteinli Kahve 1 Lt,8690565031223,119.90,119.90,,https://www.sariyermarket.com/pinar-proteinli-kahve-1-lt
Pastavilla Spaghetti 500gr Tam Bugday,8690684006430,29.90,29.90,,https://www.sariyermarket.com/pastavilla-spaghetti-500gr-tam-bugday
Knorr Tarhana Çorbası 74 Gr,8690637058547,48.90,48.90,,https://www.sariyermarket.com/knorr-tarhana-corbasi-74-gr
Züber Granola Bar Yer Fıstıklı 25 Gr,8681630163017,44.95,44.95,,https://www.sariyermarket.com/zuber-granola-bar-yer-fistikli-25-gr
Barilla Fettuccine (Fettucini) Makarna 500 Gr,8076809523776,129.90,129.90,,https://www.sariyermarket.com/barilla-fettuccine-fettucini-makarna-500-gr
Familia Plus Naural Tuvalet Kağıdı 40lı,8690536027019,499.90,499.90,,https://www.sariyermarket.com/familia-plus-naural-tuvalet-kagidi-40li
Ülker Kekstra Mini Çilekli 150 Gr,8690766082307,41.90,41.90,,https://www.sariyermarket.com/ulker-kekstra-mini-cilekli-150-gr
Molped Süper Night Önü Uzun Süper Gece 14'lü,8690536847549,139.90,139.90,,https://www.sariyermarket.com/molped-super-night-onu-uzun-super-gece-14lu
Kühne Elma Sirke Filtresiz 500ml Cam,8696027016470,169.90,169.90,,https://www.sariyermarket.com/kuhne-elma-sirke-filtresiz-500ml-cam
Jacobs Monarch Filtre Kahve 250 Gr,7622400005732,349.90,349.90,,https://www.sariyermarket.com/jacobs-monarch-filtre-kahve-250-gr
Chefline Teriyaki Sosu Asia 150ML,8697418669640,119.90,119.90,,https://www.sariyermarket.com/chefline-teriyaki-sosu-asia-150ml
Ülker Altınbaşak Tahıl Cipsi Taco & Kinoa 50Gr,8690504011378,22.00,22.00,,https://www.sariyermarket.com/ulker-altinbasak-tahil-cipsi-taco-kinoa-50gr
Sütaş Laktozsuz Süt 1 Lt,8690767716430,61.90,61.90,,https://www.sariyermarket.com/sutas-laktozsuz-sut-1-lt
Neutrogena Besleyici Bakım Kremi 200ml,3574661754390,199.90,199.90,,https://www.sariyermarket.com/neutrogena-besleyici-bakim-kremi-200ml
Uludağ Limonata 2 Lt,8693374239835,89.50,89.50,,https://www.sariyermarket.com/uludag-limonata-2-lt
Uludağ Futti Extra Mandalina 6x250 ml,8690723611830,259.90,259.90,,https://www.sariyermarket.com/uludag-futti-extra-mandalina-6x250-ml
Sarıyer Gurme Tereyağ 700 Gr,8699089581610,355.00,355.00,,https://www.sariyermarket.com/sariyer-gurme-tereyag-700-gr
Nestle Classic Sütlü Çikolatalı Çıtır Gofret 27 Gr,8690632713465,19.50,19.50,,https://www.sariyermarket.com/nestle-classic-sutlu-cikolatali-citir-gofret-27-gr
Orvital Organik Yumurta 10 Lu,8699394119973,145.00,145.00,,https://www.sariyermarket.com/orvital-organik-yumurta-10-lu
Melis Közlenmiş Patlıcan 650 Gr,8682484902111,114.90,114.90,,https://www.sariyermarket.com/melis-kozlenmis-patlican-650-gr
Filiz Tam Buğday Spagetti Makarna 350 Gr,8690579772358,39.90,39.90,,https://www.sariyermarket.com/filiz-tam-bugday-spagetti-makarna-350-gr
Sarıyer Gurme Amerikan Salata Kg,2903039000004,695.00,695.00,,https://www.sariyermarket.com/sariyer-gurme-amerikan-salata-kg
Eker Çilekli Probiyotik Yoğurt 400 Gr,8691316523257,104.90,104.90,,https://www.sariyermarket.com/eker-cilekli-probiyotik-yogurt-400-gr
Nestle 1927 %60 Kakaolu Bitter Kare Çikolata 65 Gr,8690632021195,109.95,109.95,,https://www.sariyermarket.com/nestle-1927-60-kakaolu-bitter-kare-cikolata-65-gr
Mom's Kakaolu Fındıklı Granola 280 Gr,8684531264333,174.93,174.93,,https://www.sariyermarket.com/moms-kakaolu-findikli-granola-280-gr
Herby Ice Tea Cool Lime 250 Ml,8682450833067,69.90,69.90,,https://www.sariyermarket.com/herby-cool-lime-ice-tea-250ml
Magnum Mini Badem 6 x 55 Ml,8690637860423,269.00,269.00,,https://www.sariyermarket.com/magnum-mini-badem-6-x-55-ml
Eti Form Domatesli Zeytinli ve Kekikli Bisküvi 40 Gr,8690526011929,15.50,15.50,,https://www.sariyermarket.com/eti-form-domatesli-zeytinli-ve-kekikli-biskuvi-40-gr
Selpak Extra Desenli Peçete 20 li,8690530029330,42.90,42.90,,https://www.sariyermarket.com/selpak-extra-desenli-pecete-20-li
Whiskas Pouch Güveç Tavuklu 85gr,5900951306105,39.90,39.90,,https://www.sariyermarket.com/whiskas-pouch-guvec-tavuklu-85gr
Nivea Krem 150ml,4005800001192,399.90,399.90,,https://www.sariyermarket.com/nivea-krem-150ml
Sarıyer Gurme Limonata 500 Ml,8699081477522,39.90,39.90,,https://www.sariyermarket.com/sariyer-gurme-limonata-500-ml
Pfanner Meyve Suyu Kan Portakal 2lt,9006900913991,294.90,294.90,,https://www.sariyermarket.com/pfanner-meyve-suyu-kan-portakal-2lt
De&Co Beyaz Kuşkonmaz 370Gr,5411506673011,329.90,329.90,,https://www.sariyermarket.com/de-co-beyaz-kuskonmaz-370gr
Pınar Labne 8X20 Gr,8690565002049,103.90,103.90,,https://www.sariyermarket.com/pinar-labne-8x20-gr
Cappy Pulpy Portakal 1 L,5000112664522,86.50,86.50,,https://www.sariyermarket.com/cappy-pulpy-portakal-1-l
Uludag Frutti C Max Limon 200 Ml,8690723031201,21.90,21.90,,https://www.sariyermarket.com/uludag-frutti-c-max-limon-200-ml
Jungle Kedi Ödülü Tüy yumağı Kontrolü 60 gr,8682631202934,48.93,48.93,,https://www.sariyermarket.com/jungle-kedi-odulu-tuy-yumagi-kontrolu-60-gr
Wefood Organik Keçiboynuzu Özü 315 Gr,8682392174037,250.00,250.00,,https://www.sariyermarket.com/wefood-organik-keciboynuzu-ozu-315-gr
First Sensations Damla Sakızlı 27 Gr,8690524162739,59.90,59.90,,https://www.sariyermarket.com/first-sensations-damla-sakizli-27-gr
Tahsildaroğlu Klasik Beyaz Peynir 500 Gr,8691225156355,329.90,329.90,,https://www.sariyermarket.com/tahsildaroglu-klasik-beyaz-peynir-500-gr
"Kent Olips Mini Mints Menthol 12,5gr",7622201796068,44.90,44.90,,https://www.sariyermarket.com/kent-olips-mini-mints-menthol-12-5gr
Danette Topper Selection Antep Fıstıklı & Baklava Parçaları 122 Gr,8696368000701,54.90,54.90,,https://www.sariyermarket.com/danette-topper-selection-antep-fistikli-baklava-parcalari-122-gr
Bahçıvan Serpme Beyaz Peynir 200 Gr,8690843097699,114.90,114.90,,https://www.sariyermarket.com/bahcivan-serpme-beyaz-peynir-200-gr
Pınar Süt Protein Kakaolu 1 Lt,8690565031599,119.90,119.90,,https://www.sariyermarket.com/pinar-sut-protein-kakaolu-1-lt
Eti Crax Thins Mexican Chili 110 Gr,8690526422282,40.00,40.00,,https://www.sariyermarket.com/eti-crax-thins-mexican-chili-110-gr
Sarıyer Gurme Sade Rozbif Füme Et Kg,2901534000000,3250.00,3250.00,,https://www.sariyermarket.com/sariyer-gurme-sade-rozbif-fume-et-kg
Yenigun Tarçın Karanfil Erik Marmelatı 250Gr,8691588110865,189.90,189.90,,https://www.sariyermarket.com/yenigun-tarcin-karanfil-erik-marmelati-250gr
Elite Detox Super Hero (Chia) 200 Ml,8697404764540,89.90,89.90,,https://www.sariyermarket.com/elite-detox-super-hero-chia-200-ml
Melis Biberiye Turşusu 370 Gr,8699073290306,99.90,99.90,,https://www.sariyermarket.com/melis-biberiye-tursusu-370-gr
Nestle Damak Napoliten Mini 33Gr,8690632766720,59.95,59.95,,https://www.sariyermarket.com/nestle-damak-napoliten-mini-33gr
Sütaş Light Yoğurt 650 Gr,8690767160080,63.90,63.90,,https://www.sariyermarket.com/sutas-light-yogurt-650-gr
Zertum Organik Kırma Yeşil Zeytin 475gr,8694609006192,358.00,358.00,,https://www.sariyermarket.com/zertum-organik-kirma-yesil-zeytin-475gr
Crocus Somonlu Crema Ödül Maması 4*15Gr,8681085429850,83.93,83.93,,https://www.sariyermarket.com/crocus-somonlu-crema-odul-mamasi-4-15gr
Oral-B Diş Fırçası Yedek Başlığı Cross Action 2'li Siyah,8006540846018,799.90,799.90,,https://www.sariyermarket.com/oral-b-dis-fircasi-yedek-basligi-cross-action-2li-siyah
Superfresh Mini Börek Ispanaklı 500 Gr,8690612507534,129.94,129.94,,https://www.sariyermarket.com/superfresh-mini-borek-ispanakli-500-gr
Eti Mini Bol Sütlü Çikolata 32 Gr,8690526713809,42.50,42.50,,https://www.sariyermarket.com/eti--mini-bol-sutlu-cikolata-32-gr
Muni Deniz Tuzlu Yer Fıstığı Barı 40gr,8697428021186,69.90,69.90,,https://www.sariyermarket.com/muni-deniz-tuzlu-yer-fistigi-bari-40gr
Sütaş Meyveli Yoğurt Ananas 500 Gr,8681324008341,84.90,84.90,,https://www.sariyermarket.com/sutas-meyveli-yogurt-ananas-500-gr
Magnum Classic 100 Ml,8690637687419,90.00,90.00,,https://www.sariyermarket.com/magnum-classic-100-ml
Filiz Sade Fiyonk Makarna 500 Gr,8690579992671,34.90,34.90,,https://www.sariyermarket.com/filiz-sade-fiyonk-makarna-500-gr
Pakmaya Şeker İlavesiz Kakaolu Puding 54Gr,8690770330753,36.45,36.45,,https://www.sariyermarket.com/pakmaya-seker-ilavesiz-kakaolu-puding-54gr
Bağdat Tarçın 45 Gr,8690560355218,59.90,59.90,,https://www.sariyermarket.com/bagdat-tarcin-45-gr
Sushida Tokyo Mix 190 Gr,8690559020424,296.25,296.25,,https://www.sariyermarket.com/sushida-tokyo-mix-190-gr
Nilky Wake Badem Latte 250 Ml,8682983760489,62.90,62.90,,https://www.sariyermarket.com/nilky-wake-badem-latte-250-ml
Kuzeyden Su 5 Lt,8681763366613,49.90,49.90,,https://www.sariyermarket.com/kuzeyden-su-5-lt
Avoya Sade Maden Suyu 200 ml,8684458000007,10.90,10.90,,https://www.sariyermarket.com/avoya-sade-maden-suyu-200-ml
Queens Harvest Klasik Kruvasan 90 Gr,8697418653519,129.90,129.90,,https://www.sariyermarket.com/queens-harvest-klasik-kruvasan-90-gr
Pastavilla Dirsek Makarna 500 Gr,8690684004023,46.90,46.90,,https://www.sariyermarket.com/pastavilla-dirsek-makarna-500-gr
Pınar Choco Labne 180 Gr,8690565030615,89.90,89.90,,https://www.sariyermarket.com/pinar-choco-labne-180-gr
Herby No Stress Tea Karışık Bitki Çayı 20'li 30 Gr,8682450830332,129.90,129.90,,https://www.sariyermarket.com/herby-no-stress-tea-karisik-bitki-cayi-20li-30-gr
Tat Haşlanmış Nohut 800 Gr,8690635063048,89.90,89.90,,https://www.sariyermarket.com/tat-haslanmis-nohut-800-gr
Eti Browni Klasik Çikolatalı Fındıklı Kek 200 Gr,8690526351018,85.00,85.00,,https://www.sariyermarket.com/eti-browni-klasik-cikolatali-findikli-kek-200-gr
Eti Crax Patlayan Lezzet Limon-Aci Biber 50 Gr,8690526054490,18.50,18.50,,https://www.sariyermarket.com/eti-crax-patlayan-lezzet-limon-aci-biber-50-gr
Oral-B Çocuklar İçin Şarj Edilebilir Diş Fırçası D100 Frozen Özel Seri,8006540772515,3249.90,3249.90,,https://www.sariyermarket.com/oral-b-cocuklar-icin-sarj-edilebilir-dis-fircasi-d100-frozen-ozel-seri
Irmak Esmer Tekli Sargili Küp Şeker 500gr,8690380009827,94.90,94.90,,https://www.sariyermarket.com/irmak-esmer-tekli-sargili-kup-seker-500gr
Anavarza Süzme Çiçek Balı 850 Gr,8695707060017,599.90,599.90,,https://www.sariyermarket.com/anavarza-suzme-cicek-bali-850-gr
"Beta Yüksek Tepeler Demlik Poşet Çay 100x3,2 Gr",8690717020075,129.90,129.90,,https://www.sariyermarket.com/beta-yuksek-tepeler-demlik-poset-cay-100x3-2-gr
Organuca Sebze Meyve İçecek Ananas Mango Havuç 250 Ml,8684483387388,109.90,109.90,,https://www.sariyermarket.com/organuca-sebze-meyve-icecek-ananas-mango-havuc-250-ml
Sade Organik Cin Mısır-500 Gr,8697463093728,94.90,94.90,,https://www.sariyermarket.com/sade-organik-cin-misir-500-gr
Kühne Soya Sosu 250ml,8696027015114,239.90,239.90,,https://www.sariyermarket.com/kuhne-soya-sosu-250ml
Danone Disney Kakaolu Süt 180 Ml,86902625,29.50,29.50,,https://www.sariyermarket.com/danone-disney-kakaolu-sut-180-ml
Oral-B Pro 3D White Advanced Luxe Perfection 75 Ml,8700216272650,299.90,299.90,,https://www.sariyermarket.com/oral-b-pro-3d-white-advanced-luxe-perfection-75-ml-
Loacker Gardena Chocalate 38 Gr,80001461,109.90,109.90,,https://www.sariyermarket.com/loacker-gardena-chocalate-38-gr
Feast Frambuazlı Cheesecake 650 Gr,8699952636492,409.90,409.90,,https://www.sariyermarket.com/feast-frambuazli-cheesecake-650-gr
Nestle Nesquik Kakaolu Süt 6x180 Ml,8690632049557,172.50,172.50,,https://www.sariyermarket.com/nestle-nesquik-kakaolu-sut-6x180-ml
Burcu Kuru Dolma Biber 400 Gr,8691573022197,139.90,139.90,,https://www.sariyermarket.com/burcu-kuru-dolma-biber-400-gr
Ülker Altınbaşak Çörekotlu Kinoalı Labneli Kraker 60 Gr,8690504116257,20.00,20.00,,https://www.sariyermarket.com/ulker-altinbasak-corekotlu-kinoali-labneli-kraker-60-gr
Yemelix Dondurularak Kurutulmuş Şeftali 15 Gr,8684802316006,89.90,89.90,,https://www.sariyermarket.com/yemelix-dondurularak-kurutulmus-seftali-15-gr
Filiz Kuskus Makarna 500 Gr,8690579057936,34.90,34.90,,https://www.sariyermarket.com/filiz-kuskus-makarna-500-gr
Prima Premium Care Ekonomik Paket 5 Beden Junior 11-16 Kg 42Lı,4015400691679,699.93,699.93,,https://www.sariyermarket.com/prima-premium-care-ekonomik-paket-5-beden-junior-11-16-kg-42li
Barilla Glutensiz Penne Rigate (Kalem) Makarna 400 Gr,8076809545457,159.90,159.90,,https://www.sariyermarket.com/barilla-glutensiz-kalem-makarna-400-gr
Söke Glutensiz Sade Kek Unu 225Gr,8690577001757,67.90,67.90,,https://www.sariyermarket.com/soke-glutensiz-sade--kek-unu-225gr
Ferrero Kinder Bueno Dark T2,80867067,43.90,43.90,,https://www.sariyermarket.com/ferrero-kinder-bueno-dark-t2
Fellas Kakaolu Fındık Kreması 315 Gr,8684802317744,549.90,549.90,,https://www.sariyermarket.com/fellas-kakaolu-findik-kremasi-315-gr-
Orkid Günlük Ped Extra Koruma Uzun 20 li,8700216482509,107.03,107.03,,https://www.sariyermarket.com/orkid-gunluk-ped-extra-koruma-uzun-20-li
Lipton Slim Plus Kiraz Saplı 20'li 36 Gr,8720608631209,114.90,114.90,,https://www.sariyermarket.com/lipton-slim-plus-kiraz-sapli-20li-36-gr
Felix Lezzetli Dilimler Yaş Mama Ton Balıklı 80 Gr,7613037392845,40.95,40.95,,https://www.sariyermarket.com/felix-lezzetli-dilimler-yas-mama-ton-balikli-80-gr
Burcu Zeytinyağlı Yaprak Sarma 200 Gr,8691573071591,129.90,129.90,,https://www.sariyermarket.com/burcu-zeytinyagli-yaprak-sarma-200-gr
Arıcan Petek Bal Porsiyon 50gr,8692970280258,57.90,57.90,,https://www.sariyermarket.com/arican-petek-bal-porsiyon-50gr
Tabasco Srıracha Acı Biber Sosu 256ml,,469.90,469.90,,https://www.sariyermarket.com/tabasco-sriracha-aci-biber-sosu-256ml
Irmak Esmer Stick Şeker 500gr,8690380008516,99.90,99.90,,https://www.sariyermarket.com/irmak-esmer-stick-seker-500gr
Pastavilla Mezzanelli Firin Makarna 500 Gr,8690684102057,46.90,46.90,,https://www.sariyermarket.com/pastavilla-mezzanelli-firin-makarna-500-gr
Eti Petit Beurre Bisküvi 400 Gr,8690526031019,62.00,62.00,,https://www.sariyermarket.com/eti-petit-beurre-biskuvi-400-gr
Ritter Sport Tane Findikli Beyaz Çikolata 100 Gr,4000417013002,199.90,199.90,,https://www.sariyermarket.com/ritter-sport-tane-findikli-beyaz-cikolata-100-gr
Sarelle Duo Gofret 33gr,8683417000720,27.50,27.50,,https://www.sariyermarket.com/sarelle-duo-gofret-33gr
Rummo Organik Penne 500gr,8008343700665,309.90,309.90,,https://www.sariyermarket.com/rummo-organik-penne-500gr
Knorr Tavuk Suyu Bulyon 12 Adet 120 Gr,8690701002575,64.90,64.90,,https://www.sariyermarket.com/knorr-tavuk-suyu-bulyon-12-adet-120-gr
Eti Browni Selection 285 Gr,8690526663418,120.00,120.00,,https://www.sariyermarket.com/eti-browni-selection-285-gr
Eti Tutku Kakao Kremalı Mozaik Bisküvi 100 Gr,8690526083254,25.00,25.00,,https://www.sariyermarket.com/eti-tutku-kakao-kremali-mozaik-biskuvi-100-gr
Heidi Krema Dolgulu Sütlü Çikolata 55 Gr,5941021029234,99.90,99.90,,https://www.sariyermarket.com/heidi-krema-dolgulu-sutlu-cikolata-55-gr
Molfix Bebek Bezi Maxi 62li Fırsat Paketi 3D,8690536845637,439.90,439.90,,https://www.sariyermarket.com/molfix-bebek-bezi-maxi-62li-firsat-paketi-3d
Bilezikçi Çiftliği Yumurta Organik 6'lı 53-63gr,8682325384076,105.00,105.00,,https://www.sariyermarket.com/bilezikci-ciftligi-yumurta-organik-6li-53-63gr
Züber Peanutzilla Kakaolu Fıstık Kreması 315Gr,8681630410159,449.95,449.95,,https://www.sariyermarket.com/zuber-peanutzilla-kakaolu-fistik-kremasi-315gr
Yenigün Şeker İlavesiz Vişne Reçeli 290gr,8691588111565,348.90,348.90,,https://www.sariyermarket.com/yenigun-seker-ilavesiz-visne-receli-290gr
Feast Dondurulmuş Patatesli Mısır Kroket 450 Gr,8697343112211,175.90,175.90,,https://www.sariyermarket.com/feast-dondurulmus-patatesli-misir-kroket-450-gr-
Teptip Hindistan Ceviz Sütü 400ml,,139.90,139.90,,https://www.sariyermarket.com/teptip-hindistan-ceviz-sutu-400ml
Lindt Gold Milk Çikolata 300 Gr,7610400111799,399.90,399.90,,https://www.sariyermarket.com/lindt-gold-milk-cikolata-300-gr
Loacker Tortina Karamel Dolgulu Gofret 63gr,8000380201402,174.90,174.90,,https://www.sariyermarket.com/loacker-tortina-karamel-dolgulu-gofret-63gr
Calve Ketcap 520gr + Mayonez Set 455gr,8683130057605,279.90,279.90,,https://www.sariyermarket.com/calve-ketcap-520gr-_-mayonez-set-455gr
Davidoff Fine Aroma Espresso Kapsül Kahve 10'lu 55 Gr,4061445226710,299.90,299.90,,https://www.sariyermarket.com/davidoff-fine-aroma-espresso-kapsul-kahve-10lu-55-gr
Sarıyer Gurme Havuç Tarator Kg,2923618000003,695.00,695.00,,https://www.sariyermarket.com/sariyer-gurme-havuc-tarator-kg
Omo Active Fresh Beyazlar Toz Deterjan 10 Yıkama 1.5 Kg,8690637533983,199.90,199.90,,https://www.sariyermarket.com/omo-active-fresh-beyazlar-toz-deterjan-10-yikama-1-5-kg
Superfresh Çıtır Soğan Halka Kroket 450 Gr,8690612423223,154.90,154.90,,https://www.sariyermarket.com/superfresh-citir-sogan-halka-kroket-450-gr
Alkiş Tel Kadayif 500gr,8693812010606,199.90,199.90,,https://www.sariyermarket.com/alkis-tel-kadayif-500gr
Freşa Extra Karadut 200Ml,8693855007915,17.50,17.50,,https://www.sariyermarket.com/fresa-extra-karadut-200ml
Kanlıca Yoğurt Kaymaklı 1000 Gr,8680407170050,169.90,169.90,,https://www.sariyermarket.com/kanlica-yogurt-kaymakli-1000-gr
Vileda Süper Mocio Pamuk&Mikrofiber Paspas Yedek,8690803740801,399.90,399.90,,https://www.sariyermarket.com/vileda-super-mocio-pamuk-mikrofiber-paspas-yedek
Felix Junior Sığır Etli Yaş Yavru Kedi Maması Pouch 85 Gr,7613287491060,39.90,39.90,,https://www.sariyermarket.com/felix-junior-sigir-etli-yas-yavru-kedi-mamasi-pouch-85-gr
Thaiworld Sriracha Aci Biber Sosu 475gr,16229912437,209.90,209.90,,https://www.sariyermarket.com/thaiworld-sriracha-aci-biber-sosu-475gr
Bebelac Elma Şeftali Püresi Kavanoz 125 Gr 6+ Ay,8699745001063,59.90,59.90,,https://www.sariyermarket.com/bebelac-elma-seftali-puresi-kavanoz-125-gr--6_-ay
Nestle Nesquik Çikolatalı İçecek Tozu 375 Gr,8690632026305,265.00,265.00,,https://www.sariyermarket.com/nestle-nesquik-cikolatali-icecek-tozu-375-gr
Poco Loco Salsa Sour Cream 300g,5412514930530,229.90,229.90,,https://www.sariyermarket.com/poco-loco-salsa-sour-cream-300g
Doytat Tatlı Kırmızı Biber 70gr,8697826340186,69.90,69.90,,https://www.sariyermarket.com/doytat-tatli-kirmizi-biber-70gr
Sarıyer Gurme Mücver Adet,2623623000004,99.00,99.00,,https://www.sariyermarket.com/sariyer-gurme-mucver-adet
Knorr Yemek Kiti Lazanya Roll 180 Gr,8683130089569,119.90,119.90,,https://www.sariyermarket.com/knorr-yemek-kiti-lazanya-roll-180-gr
Tamek Domates Püresi 210 Gr,8690575010515,22.90,22.90,,https://www.sariyermarket.com/tamek-domates-puresi-210-gr
Aydın Erüst Maskolin Salatası 150 Gr,8697447160736,169.00,169.00,,https://www.sariyermarket.com/aydin-erust-maskolin-salatasi-150-gr
Pınar Labne Sarımsak ve Frenk Soğanlı 180 Gr,8690565021200,89.90,89.90,,https://www.sariyermarket.com/pinar-labne-sarimsak-ve-frenk-soganli-180-gr
İndomie Gurme Soya Soslu Hazır Noodle 80 Gr,8680908024197,26.90,26.90,,https://www.sariyermarket.com/indomie-gurme-soya-soslu-hazir-noodle-80-gr
Coca Cola Şekersiz Kutu 6x250 Ml,5000112665307,299.90,299.90,,https://www.sariyermarket.com/coca-cola-sekersiz-kutu-6x250-ml
Tadım Beyaz Leblebi 180 Gr,8690787151037,84.00,84.00,,https://www.sariyermarket.com/tadim-beyaz-leblebi-180-gr
Heinz Pesto Mayonez 225 Gr,8696362806101,179.90,179.90,,https://www.sariyermarket.com/heinz-pesto-mayonez-225-gr
Eti Burçak Kakao Kremalı Bisküvi 100 Gr,8690526023281,25.00,25.00,,https://www.sariyermarket.com/eti-burcak-kakao-kremali-biskuvi-100-gr
Vivident Cüzdan Damla Sakiz Aromali 26gr,80761310,59.90,59.90,,https://www.sariyermarket.com/vivident-cuzdan-damla-sakiz-aromali-26gr
Loacker Gardena Coconut 38 Gr,80001485,109.90,109.90,,https://www.sariyermarket.com/loacker-gardena-coconut-38-gr
Kemal Kükrer Soya Sosu Cam 250ml,8694748670735,199.90,199.90,,https://www.sariyermarket.com/kemal-kukrer-soya-sosu-cam-250ml
Alcatra&Primavera 2li Paket Füme Peynir ve Kekikli Rozbif,86990895855401,438.00,438.00,,https://www.sariyermarket.com/alcatra-primavera-2li-paket-fume-peynir-ve-kekikli-rozbif
Richland Choco Rings 150gr,8694023910549,89.90,89.90,,https://www.sariyermarket.com/richland-choco-rings-150gr
Rummo Pappardelle 500 Gr,8008343201193,309.90,309.90,,https://www.sariyermarket.com/rummo-pappardelle-500-gr
Algida 6'lı Mini Nogger 360 Ml,8683130061602,225.00,225.00,,https://www.sariyermarket.com/algida-6li-mini-nogger-360-ml
Feast Parmak Patates 1 Kg,8697343644255,155.70,155.70,,https://www.sariyermarket.com/feast-parmak-patates-1-kg
Erdemler Yumurta Organik Medium 10 lu,8697409850545,139.00,139.00,,https://www.sariyermarket.com/erdemler-yumurta-organik-medium-10-lu
St. Dalfour Ananas Mango Reçeli 284 Gr,3492390108829,359.90,359.90,,https://www.sariyermarket.com/st--dalfour-ananas-mango-receli-284-gr
Sensodyne Promine Onarım Beyazlatıcı Diş Macunu 75 Ml,8681291341533,389.90,389.90,,https://www.sariyermarket.com/sensodyne-promine-onarim-beyazlatici-dis-macunu-75-ml
Nescafé Xpress Karamel Aromalı Soğuk Kahve 250 Ml,8690632762920,49.90,49.90,,https://www.sariyermarket.com/nescaf%C3%A9-xpress-karamel-aromali-soguk-kahve-250-ml
Solo Peçete 100 Yaprak,8690530202689,69.90,69.90,,https://www.sariyermarket.com/solo-pecete-100-yaprak
"Mentos Meyveli Draje Şeker 37,5 Gr",87311396,30.00,30.00,,https://www.sariyermarket.com/mentos-meyveli-draje-seker-37-5-gr-
Pakmaya Şeker İlavesiz Çikolata Sos 39Gr,8690770333426,59.90,59.90,,https://www.sariyermarket.com/pakmaya-seker-ilavesiz-cikolata-sos-39gr
Eti Petito Sütlü Çikolata Kaplı Çilekli Kremalı Gofret 25.5 Gr,8690526892955,15.00,15.00,,https://www.sariyermarket.com/eti-petito-sutlu-cikolata-kapli-cilekli-kremali-gofret-25-5-gr
Uni Baby Alie Islak Mendil 90'lı,8690530038233,34.93,34.93,,https://www.sariyermarket.com/uni-baby-alie-islak-mendil-90li
Pril Sıvı Bulaşık Deterjanı 4kg Limon,9000101017649,299.90,299.90,,https://www.sariyermarket.com/pril-sivi-bulasik-deterjani-4kg-limon
Dimes Sıkma Portakal Suyu Cam 700 Ml,8690558027974,199.90,199.90,,https://www.sariyermarket.com/dimes-sikma-portakal-suyu-cam-700-ml
Züber Noutos Fırınlanmış Nohut Cipsi Chili 55 Gr,8681630315010,59.90,59.90,,https://www.sariyermarket.com/zuber-noutos-firinlanmis-nohut-cipsi-chili-55-gr
Dr.Oetker Bitter Çikolatalı Sos 122 Gr,8690629448554,50.93,50.93,,https://www.sariyermarket.com/dr-oetker-bitter-cikolatali-sos-122-gr
Colgate Total Gelişmiş Nane Temizliği Diş Macunu 75 Ml,8718951744776,206.18,206.18,,https://www.sariyermarket.com/colgate-total-gelismis-nane-temizligi-dis-macunu-75-ml
Arbella Makarna Fiyonk 500 Gr,8697430885486,29.90,29.90,,https://www.sariyermarket.com/arbella-makarna-fiyonk-500-gr
Pınar Rulo Börek Kıymalı Patatesli 500 Gr,8690527110379,189.90,189.90,,https://www.sariyermarket.com/pinar-rulo-borek-kiymali-patatesli-500-gr
Heinz Mayonez 330 Gr,8696362805203,159.90,159.90,,https://www.sariyermarket.com/heinz-mayonez-330-gr
Moms Granola Brownie Cookie 50gr,8681267006091,48.93,48.93,,https://www.sariyermarket.com/moms-granola-brownie-cookie-50gr
Bilezikçi Çiftliği Yumurta Gezen Tavuk 10'lu 53-63 Gr,8682325384052,145.00,145.00,,https://www.sariyermarket.com/bilezikci-ciftligi-yumurta-gezen-tavuk-10lu-53-63-gr
Dimes Meyve Suyu Ekşi Elma 1 Lt,8690558023921,57.50,57.50,,https://www.sariyermarket.com/dimes-meyve-suyu-eksi-elma-1-lt
Yayla Gurme Sushi Pirinç 500 Gr,8693374243016,85.90,85.90,,https://www.sariyermarket.com/yayla-gurme-sushi-pirinc-500-gr
Bağdat Kakule Tuzluklu Cam 37 Gr,8690560017536,239.90,239.90,,https://www.sariyermarket.com/bagdat-kakule-tuzluklu-cam-37-gr
Eker Probiotik Yoğurt İncirli&Yulaflı 4X100Gr,8691316524063,79.90,79.90,,https://www.sariyermarket.com/eker-probiotik-yogurt-incirli-yulafli-4x100gr
Yakisoba Noodle Chili Sos 84 Gr,8692424803408,29.90,29.90,,https://www.sariyermarket.com/yakisoba-noodle-chili-sos-84-gr
Namet Çemeni Sıyrılmış Dana Pastırma 110gr,8697471721514,444.90,444.90,,https://www.sariyermarket.com/namet-cemeni-siyrilmis-dana-pastirma-110gr
Hipp Doğal Mineralli Su 1 Lt,9062300000662,49.90,49.90,,https://www.sariyermarket.com/hipp-dogal-mineralli-su-1-lt
Çupra Deniz 800-1000 Kg,2923893000002,1000.00,1000.00,,https://www.sariyermarket.com/cupra-deniz--800-1000-kg
Becel Kase Margarin Tereyağı Keyfi 250 Gr,8719200750609,73.50,73.50,,https://www.sariyermarket.com/becel-kase-margarin-tereyagi-keyfi-250-gr
Perwoll Hızlı Yıkama Sıvı Deterjan 2 lt,9000101838527,99.90,99.90,,https://www.sariyermarket.com/perwoll-hizli-yikama-sivi-deterjan-2-lt
Alcatra Antrikot Füme Et 100Gr,8699089586110,465.00,465.00,,https://www.sariyermarket.com/alcatra-antrikot-fume-et-100gr
Kuzu Pirzola Kg (Trakya Kıvırcık Kuzu),2901015000000,2225.00,2225.00,,https://www.sariyermarket.com/kuzu-pirzola-kg-(trakya-kivircik-kuzu)
Toprak Doğal Çemişgezek Ulukale Dut Kurusu 130 Gr,8681078703691,319.90,319.90,,https://www.sariyermarket.com/toprak-dogal-cemisgezek-ulukale-dut-kurusu-130-gr
Özkaynak Maden Suyu 200 Ml,8691637030014,13.00,13.00,,https://www.sariyermarket.com/ozkaynak-maden-suyu-200-ml
Pepsi Max Çilek & Cream 1 Lt,8690574118854,49.90,49.90,,https://www.sariyermarket.com/pepsi-max-cilek-cream-1-lt
Züber Kidz Sütlü Kakaolu Meyve Bar 25 Gr,8681630410029,54.95,54.95,,https://www.sariyermarket.com/zuber-kidz-sutlu-kakaolu-meyve-bar-25-gr
Ülker Altınbaşak Çörek Otlu & Kinoalı Kraker 5 x 40 Gr,8690504011828,73.50,73.50,,https://www.sariyermarket.com/ulker-altinbasak-corek-otlu-kinoali-kraker-5-x-40-gr
Damp Duster Pembe Toz Alma Süngeri,5999546884029,314.90,314.90,,https://www.sariyermarket.com/damp-duster-pembe-toz-alma-sungeri
"Nestle Su 0,5lt",8690793020136,16.50,16.50,,https://www.sariyermarket.com/nestle-su-0-5lt
Dudomi Tavuk Çeşnili Noodle 70G Poşet,38692424998952,19.90,19.90,,https://www.sariyermarket.com/dudomi-tavuk-cesnili-noodle-70g-poset
Balparmak Çıt Kapak Yayla Çiçek Balı 600 Gr,8690998117136,699.90,699.90,,https://www.sariyermarket.com/balparmak-cit-kapak-yayla-cicek-bali-600-gr
Nesquik Duo Çikolatalı Kahvaltılık Gevrek 310 Gr,8690632760421,175.00,175.00,,https://www.sariyermarket.com/nesquik-duo-cikolatali-kahvaltilik-gevrek-310-gr
Tahsildaroğlu Örgü Peyniri 180gr,8691225157970,174.90,174.90,,https://www.sariyermarket.com/tahsildaroglu-orgu-peyniri-180gr
Muratbey Burgu Peynir 200gr,8695543006149,214.90,214.90,,https://www.sariyermarket.com/muratbey-burgu-peynir-200gr
Kent Jelibon Tropical 80gr,7622202207310,49.90,49.90,,https://www.sariyermarket.com/kent-jelibon-tropical-80gr
Takita Stevia Tablet Tatlandirici 300 Adet 18 Gr,8690920357210,379.90,379.90,,https://www.sariyermarket.com/takita-stevia-tablet-tatlandirici-300-adet-18-gr
Pınar Köfte Cızbız 395 Gr,8690527101469,549.90,549.90,,https://www.sariyermarket.com/pinar-kofte-cizbiz-395-gr
Solo Bambu Katkılı Tuvalet Kağıdı 24'lü,8690530056756,279.90,279.90,,https://www.sariyermarket.com/solo-bambu-katkili-tuvalet-kagidi-24lu
Fellas Vegan Protein Granola Karışık Kuruyemiş & Kakao 270Gr,8684207695805,239.95,239.95,,https://www.sariyermarket.com/fellas-vegan-protein-granola-karisik-kuruyemis---kakao-270gr
Oral-B Stages Çocuklar İçin Diş Fırçası Yedek Başlığı Frozen 2 adet,8006540804513,799.90,799.90,,https://www.sariyermarket.com/oral-b-stages-cocuklar-icin-dis-fircasi-yedek-basligi-frozen--2-adet
Humm Organic Keçiboynuzlu Vegan Kurabiye 55 Gr,8680050304918,129.95,129.95,,https://www.sariyermarket.com/humm-organic-keciboynuzlu-vegan-kurabiye-55-gr
Bağdat Tane Beyaz Biber Değirmen Kapak 59 Gr,8690560049049,199.90,199.90,,https://www.sariyermarket.com/bagdat-tane-beyaz-biber-degirmen-kapak-59-gr
Yayla Dermason Fasulye 1 Kg,8693374111988,112.90,112.90,,https://www.sariyermarket.com/yayla-dermason-fasulye-1-kg
Kent Olips Mentol Okaliptus Aromalı 28 Gr,8690515124272,32.90,32.90,,https://www.sariyermarket.com/kent-olips-mentol-okaliptus-aromali-28-gr
Tadım Karnaval 135 Gr,8690787401057,255.00,255.00,,https://www.sariyermarket.com/tadim-karnaval-135-gr
Teksüt Örgü Peyniri 200gr,8690158020412,129.90,129.90,,https://www.sariyermarket.com/teksut-orgu-peyniri-200gr
Jacobs Gold 3'ü 1 Arada Yumuşak Lezzet 18 Gr,8690515524881,18.50,18.50,,https://www.sariyermarket.com/jacobs-gold-3u-1-arada-yumusak-lezzet-18-gr
Kühne Türk Tipi Pancar Turşusu 720ml,8696027013042,199.90,199.90,,https://www.sariyermarket.com/kuhne-turk-tipi-pancar-tursusu-720ml
Dankek Rulo Pasta Çilekli 235 Gr,8690504103257,70.00,70.00,,https://www.sariyermarket.com/dankek-rulo-pasta-cilekli-235-gr
Eti Gong Çilekli Yoğurtlu Kaplamalı 30 Gr,8690526588452,25.00,25.00,,https://www.sariyermarket.com/eti-gong-cilekli-yogurtlu-kaplamali-30-gr
Barilla Napoliten (Napoletana) Makarna Sosu 400 Gr,8076809513692,165.90,165.90,,https://www.sariyermarket.com/barilla-napoliten-napoletana-makarna-sosu-400-gr
Elidor Brezilya Keratin Terapisi Saç Kremi 350 Ml,8683130059241,274.90,274.90,,https://www.sariyermarket.com/elidor-brezilya-keratin-terapisi-sac-kremi-350-ml
Komili Naturel Sızma Zeytinyağı Meyvemsi Lezzet 500ml,8690637041860,279.90,279.90,,https://www.sariyermarket.com/komili-naturel-sizma-zeytinyagi-meyvemsi-lezzet-500ml
Doytat Zerdeçal 70gr,8697635603809,56.90,56.90,,https://www.sariyermarket.com/doytat-zerdecal-70gr
Marmarabirlik Hiper Zeytin 500 Gr 231 - 260 Ad/Kg,8690103116535,234.90,234.90,,https://www.sariyermarket.com/marmarabirlik-hiper-zeytin-500-gr-231---260-ad-kg
Nestle Damak Ala 30Gr,8690632767888,49.50,49.50,,https://www.sariyermarket.com/nestle-damak-ala-30gr
Vileda Sünger Çizmez Oluklu 2Li,8690803712211,219.90,219.90,,https://www.sariyermarket.com/vileda-sunger-cizmez-oluklu-2li
Papia Maksi Kutu Mendil 100lü,8690536027118,99.90,99.90,,https://www.sariyermarket.com/papia-maksi-kutu-mendil-100lu
Arizona Meyve ve Yeşil Çay Aromalı İçecek 450 Ml,8685048750050,165.00,165.00,,https://www.sariyermarket.com/arizona-meyve-ve-yesil-cay-aromali-icecek-450-ml
Orkid Platinum Hijyenik Ped Gece Tekli Paket 6 Ped,8700216917995,72.03,72.03,,https://www.sariyermarket.com/orkid-platinum-hijyenik-ped-gece-tekli-paket-6-ped
Reine Hardal Dijon 200gr,3563490017707,239.90,239.90,,https://www.sariyermarket.com/reine-hardal-dijon-200gr
Elite Detox Defence 200 Ml,8697404764960,99.90,99.90,,https://www.sariyermarket.com/elite-detox-defence-200-ml
Peyman Bahçeden Antep Fıstıklı Bar 27gr,8695876206254,65.00,65.00,,https://www.sariyermarket.com/peyman-bahceden-antep-fistikli-bar-27gr
Ülker Everwell C Vitamin Aserola Eferv. Tablet 67.5 Gr,8690840173075,160.00,160.00,,https://www.sariyermarket.com/ulker-everwell-c-vitamin-aserola-eferv-tablet-67-5-gr
Kızılay Doğal Maden Suyu 6x200 Ml,8692813002306,51.90,51.90,,https://www.sariyermarket.com/kizilay-dogal-maden-suyu-6x200-ml
San Pellegrino Doğal Mineralli Su 750 Ml,86946803,159.90,159.90,,https://www.sariyermarket.com/san-pellegrino-dogal-mineralli-su-750-ml
Granoro Spagetti Makarna 500 gr,8007290931801,139.90,139.90,,https://www.sariyermarket.com/granoro-spagetti-makarna-500-gr
Fide Tavuk Suyu 480 Ml,8691405665608,67.90,67.90,,https://www.sariyermarket.com/fide-tavuk-suyu-480-ml
Sarıyer Gurme Izgara Yeşil Zeytin Kg,2901455000004,495.00,495.00,,https://www.sariyermarket.com/sariyer-gurme-izgara-yesil-zeytin-kg
Danone Orman Meyveli Yoğurt 400 Gr,8696368005768,97.50,97.50,,https://www.sariyermarket.com/danone-orman-meyveli-yogurt-400-gr
Sarelle Fındık Ezmesi 350gr,8683417000102,359.90,359.90,,https://www.sariyermarket.com/sarelle-findik-ezmesi-350gr
İçim Yoğurt Tam Yağlı 500Gr,8692971421155,57.50,57.50,,https://www.sariyermarket.com/icim-yogurt-tam-yagli-500gr
McVities Tam Buğdaylı Orijinal Bisküvi 120 Gr,8690766087357,55.00,55.00,,https://www.sariyermarket.com/mcvities-tam-bugdayli-orijinal-biskuvi-120-gr
Ülker Çizi Çıtır Peynir & Biftek Parti Boy 160 Gr,8690504077657,51.90,51.90,,https://www.sariyermarket.com/ulker-cizi-citir-peynir-biftek-parti-boy-160-gr
Tat Doğranmış Domates 340 Gr,8690635040261,59.90,59.90,,https://www.sariyermarket.com/tat-dogranmis-domates-340-gr
Erik Mürdüm Kg,2910214000001,49.90,49.90,,https://www.sariyermarket.com/erik-murdum-kg
Coffee Mate Ekonomik Paket 500 Gr,8690632240756,199.90,199.90,,https://www.sariyermarket.com/coffee-mate-ekonomik-paket-500-gr
Herby Fit Shot Bitki Bazlı İçecek 60 Ml,8682450830325,99.90,99.90,,https://www.sariyermarket.com/herby-fit-shot-bitki-bazli-icecek-60-ml
Kahve Dünyası Gofrik 33gr,8699270013418,44.50,44.50,,https://www.sariyermarket.com/kahve-dunyasi-gofrik-33gr
Lipton Earl Grey Bardak Poşet Çay 100'lü 200 Gr,8720608617852,459.90,459.90,,https://www.sariyermarket.com/lipton-earl-grey-bardak-poset-cay-100lu-200-gr
Eti Süt Burger Sütlü Kakaolu Krema Dolgulu Ballı Kek 35 Gr,8690526220659,17.50,17.50,,https://www.sariyermarket.com/eti-sut-burger-sutlu-kakaolu-krema-dolgulu-balli-kek-35-gr
Ruffles Orjinal Sade Süper 125gr,8690624105742,66.50,66.50,,https://www.sariyermarket.com/ruffles-orjinal-sade-super-125gr
Kühne Mayhoş Sos 250 Ml,8696027018566,219.90,219.90,,https://www.sariyermarket.com/kuhne-mayhos-sos-250-ml
Nescafe 3ü 1 Arada 17.5 G 10 lu Paket,8690632019338,99.90,99.90,,https://www.sariyermarket.com/nescafe-3u-1-arada-17-5-g-10-lu-paket
Colgate 360 Fresh 1+1 Diş Fırçası,8718951709096,149.93,149.93,,https://www.sariyermarket.com/colgate-360-fresh-1_1-dis-fircasi
"Çamlıca Gazoz 1,5 Lt",8697520103018,55.00,55.00,,https://www.sariyermarket.com/camlica-gazoz-1-5-lt
"Kinder Happy Hippo 103,5gr",8000500423523,249.90,249.90,,https://www.sariyermarket.com/kinder-happy-hippo-103-5gr
Ferrero Rocher Çikolata 3'Lü 37.5 Gr,80050278,64.50,64.50,,https://www.sariyermarket.com/ferrero-rocher-cikolata-3lu-37-5-gr
Sarıyer Gurme İtalyan Salatası Kg,2903041000009,795.00,795.00,,https://www.sariyermarket.com/sariyer-gurme-italyan-salatasi-kg
First 60Dk Yesil Nane 27gr,7622201691257,59.90,59.90,,https://www.sariyermarket.com/first-60dk-yesil-nane-27gr
Tadım Tuzlu Yer Fıstığı 180 Gr,8690787131077,86.00,86.00,,https://www.sariyermarket.com/tadim-tuzlu-yer-fistigi-180-gr
Eti Topkek Meyveli Kek 40 Gr,8690526096124,13.00,13.00,,https://www.sariyermarket.com/eti-topkek-meyveli-kek-40-gr
Dardanel Light Ton Balığı 2x140 Gr,8690559020530,329.90,329.90,,https://www.sariyermarket.com/dardanel-light-ton-baligi-2x140-gr
Pepsi Cola Pet 2.5 L,8690574114528,85.00,85.00,,https://www.sariyermarket.com/pepsi-cola-pet-2-5-l
Tadım Badem İçi 135 Gr,8690787191057,165.00,165.00,,https://www.sariyermarket.com/tadim-badem-ici-135-gr
Kotex Naturel Ultra Süper Eko Paket Gece 14'lü,8691900174834,219.90,219.90,,https://www.sariyermarket.com/kotex-naturel-ultra-super-eko-paket-gece-14lu
Polonez Macar Salam 50 Gr,8693407004409,82.50,82.50,,https://www.sariyermarket.com/polonez-macar-salam-50-gr
Alcatra Kuzu But Füme 100Gr,8699089586318,595.00,595.00,,https://www.sariyermarket.com/alcatra-kuzu-but-fume-100gr
Pınar Tereyağ 1 Kg,8690565020302,950.00,950.00,,https://www.sariyermarket.com/pinar-tereyag-1-kg
Fuse Tea Soğuk Çay Limon Aromalı İçecek Kutu 250 Ml,54023659,60.00,60.00,,https://www.sariyermarket.com/fuse-tea-soguk-cay-limon-aromali-icecek-kutu-250-ml
Doytat Kekik 20gr,8697826340131,59.90,59.90,,https://www.sariyermarket.com/doytat-kekik-20gr
Kühne Türk Tipi Közlenmiş Kırmızı Biber 580ml,8696027018320,219.90,219.90,,https://www.sariyermarket.com/kuhne-turk-tipi-kozlenmis-kirmizi-biber-580ml
Dalin Islak Havlu Klasik 3 Lü 56'Li,8690605084004,199.90,199.90,,https://www.sariyermarket.com/dalin-islak-havlu-klasik-3-lu-56li
Feast Prenses Patates 450 Gr,8697343112396,110.90,110.90,,https://www.sariyermarket.com/feast-prenses-patates-450-gr
Eti Burçak Bitter Çikolatali Bisküvi 114 Gr,8690526023830,40.00,40.00,,https://www.sariyermarket.com/eti-burcak-bitter-cikolatali-biskuvi-114-gr
Tchibo Gold Ekonomik Paket 150 Gr,4046234821314,379.90,379.90,,https://www.sariyermarket.com/tchibo-gold-ekonomik-paket-150-gr
First Sensations Çilek Aromalı Sakız 27 Gr,8690524164931,59.90,59.90,,https://www.sariyermarket.com/first-sensations-cilek-aromali-sakiz-27-gr
Yenigün Diyabetik Çilek Reçeli 230Gr,8691588015573,129.90,129.90,,https://www.sariyermarket.com/yenigun-diyabetik-cilek-receli-230gr
Çizmeci Time Wafer Master Fındıklı 75 Gr,8691066160511,42.50,42.50,,https://www.sariyermarket.com/cizmeci-time-wafer-master-findikli-75-gr
Eti Hoşbeş Çilek Kremalı Gofret 142 Gr,8690526095264,49.90,49.90,,https://www.sariyermarket.com/eti-hosbes-cilek-kremali-gofret-142-gr
Kühne Közlenmiş Patlıcan 520 Gr,8696027018306,199.90,199.90,,https://www.sariyermarket.com/kuhne-turk-tipi-kozlenmis-patlican-520gr
"Suprapet Yetişkin Kedi Tavuklu 1,5 Kg",8684272331752,399.90,399.90,,https://www.sariyermarket.com/suprapet-yetiskin-kedi-tavuklu-1-5-kg
Kotex Naturel Ultra Süper Eko Paket Normal 20 Li,8691900174827,219.90,219.90,,https://www.sariyermarket.com/kotex-naturel-ultra-super-eko-paket-normal-20-li
Filiz Erişte Makarna 500 Gr,8690579051934,34.90,34.90,,https://www.sariyermarket.com/filiz-eriste-makarna-500-gr
Barilla Tam Buğday Burgu Makarna 400 Gr,8690579975018,59.90,59.90,,https://www.sariyermarket.com/barilla-tam-bugday-burgu-makarna-400-gr
Falim 5li Stik Damla 35gr,8690515593801,65.90,65.90,,https://www.sariyermarket.com/falim-5li-stik-damla-35gr
Arbella Kalem Makarna 500Gr,8697430885431,29.90,29.90,,https://www.sariyermarket.com/arbella-kalem-makarna-500gr
Irmak Toz Şeker 1000gr,8694404000029,62.90,62.90,,https://www.sariyermarket.com/irmak-toz-seker-1000gr
Colgate Mikro İnce Siyah Yumuşak Diş Firçasi 1+1,8693495041461,247.43,247.43,,https://www.sariyermarket.com/colgate-mikro-ince-siyah-yumusak-dis-fircasi-1_1
Eti Crax Peynirli Çubuk Kraker 175 Gr,8690533074146,40.00,40.00,,https://www.sariyermarket.com/eti-crax-peynirli-cubuk-kraker-175-gr
Kuzu But Kg,2901012000003,1125.00,1125.00,,https://www.sariyermarket.com/kuzu-but-kg
Yayla Siyez Bulgur Pilavı 250gr,8693374254883,69.90,69.90,,https://www.sariyermarket.com/yayla-siyez-bulgur-pilavi-250gr
Ülker Bol Sütlü Baton Çikolata 30 Gr,8690504156819,35.00,35.00,,https://www.sariyermarket.com/ulker-bol-sutlu-baton-cikolata-30-gr
Jungle Ton-Karides Krema Ödül Maması 5'Li14 Gr,8682631201159,66.43,66.43,,https://www.sariyermarket.com/jungle-ton-karides-krema-odul--mamasi-5li14-gr
Kotex Anyday Günlük Ped Normal 34 Lü,8691900172724,159.90,159.90,,https://www.sariyermarket.com/kotex-anyday-gunluk-ped-normal-34-lu
Pınar Denge Laktozsuz Süt 500 Ml,8690565151570,56.90,56.90,,https://www.sariyermarket.com/pinar-denge-laktozsuz-sut-500-ml
Ülker Metro Büyük Boy 50.4 Gr,8690504039884,21.50,21.50,,https://www.sariyermarket.com/ulker-metro-buyuk-boy-50-4-gr
Magnum Mini Klasik 330 Ml,8690637860430,269.00,269.00,,https://www.sariyermarket.com/magnum-mini-klasik-330-ml
Granoro Rigatoni Makarna 500 gr,8007290931832,139.90,139.90,,https://www.sariyermarket.com/granoro-rigatoni-makarna-500-gr
Sarıyer Gurme Klasik Beyaz Peynir Kg,2902003000002,450.00,450.00,,https://www.sariyermarket.com/sariyer-gurme-klasik-beyaz-peynir-kg
President Marble Cheddar 220 Gr,8692971436005,279.00,279.00,,https://www.sariyermarket.com/president-marble-cheddar-220-gr
Zertum Organik Siyah Ezme Zeytin 180 G,8694609000312,145.00,145.00,,https://www.sariyermarket.com/zertum-organik-siyah-ezme-zeytin-180-g
Kuzeyden %100 Sıkma Yeşil Elma Suyu 250 Ml,8684556266428,99.90,99.90,,https://www.sariyermarket.com/kuzeyden-100-sikma-yesil-elma-suyu-250-ml
Nescafe 3'ü 1 Arada Gold Yumuşak İçim 17.5 Gr,8690632765365,11.50,11.50,,https://www.sariyermarket.com/nescafe-3u-1-arada-gold-yumusak-icim-17-5-gr
Thai World Fish Sauce Balik Sosu 200 Ml,,159.90,159.90,,https://www.sariyermarket.com/thai-world-fish-sauce-balik-sosu-200-ml
Borbone Crema Classica Filtre Kahve 250Gr,8034028333491,379.90,379.90,,https://www.sariyermarket.com/borbone-crema-classica-filtre-kahve-250gr
Beta Yüksek Tepeler 1000gr,8690717977218,329.90,329.90,,https://www.sariyermarket.com/beta-yuksek-tepeler-1000gr
Hero Goodies Yaban Mersini Muz Yulaf Pouch 100 Gr,8691080555232,89.90,89.90,,https://www.sariyermarket.com/hero-goodies-yaban-mersini-muz-yulaf-pouch-100-gr
Arı Grissini Sade Diyet 100gr,8691090001019,49.90,49.90,,https://www.sariyermarket.com/ari-grissini-sade-diyet-100gr
Kelloggs Special K Kırmızı Meyveli 400 Gr,68690504272047,239.90,239.90,,https://www.sariyermarket.com/kelloggs-special-k-kirmizi-meyveli-400-gr
Dreamies Ordekli Kedi Ödül Mamasi 60gr,5998749130520,79.90,79.90,,https://www.sariyermarket.com/dreamies-ordekli-kedi-odul-mamasi-60gr
Sütaş Bubble Mix Çilekli 140 Gr,8681324010306,49.90,49.90,,https://www.sariyermarket.com/sutas-bubble-mix-cilekli-140-gr
Pastavilla Kelebek Makarna 500gr,8690684004443,46.90,46.90,,https://www.sariyermarket.com/pastavilla-kelebek-makarna-500gr
Sarelle Duo Sütlü Kakaolu Fındık Kreması 350gr,8683417000041,199.90,199.90,,https://www.sariyermarket.com/sarelle-duo-sutlu-kakaolu-findik-kremasi-350gr
Danone Disney Milkshake Çilek Vanilya 220gr,8696368905464,46.00,46.00,,https://www.sariyermarket.com/danone-disney-milkshake-cilek-vanilya-220gr
Heinz Ketçap 700 Gr,8696362805364,159.90,159.90,,https://www.sariyermarket.com/heinz-ketcap-700-gr
Seyidoğlu Kalem Sigara Böreği 450 Gr,8697512844219,209.93,209.93,,https://www.sariyermarket.com/seyidoglu-kalem-sigara-boregi-450-gr
Lipton Earl Grey Dökme Çay 1 Kg,8720608617517,609.90,609.90,,https://www.sariyermarket.com/lipton-earl-grey-cay-1000-gr
Tariş Riviera Zeytinyağ 1 Lt Cam Şişe,8690102405210,399.90,399.90,,https://www.sariyermarket.com/taris-riviera-zeytinyag-1-lt-cam-sise
Burn Gold Spark Enerji İçeceği Kutu 250 Ml,5061013960953,49.90,49.90,,https://www.sariyermarket.com/burn-gold-spark-enerji-icecegi-250-ml
Ülker Probis Şeker İlavesiz Midi Boy 101 Gr,8690504080145,35.00,35.00,,https://www.sariyermarket.com/ulker-probis-seker-ilavesiz-midi-boy-101-gr
Juvenıs Yaşlanma Karşıtı El Maskesi (Anti-Aging),8680624690966,174.90,174.90,,https://www.sariyermarket.com/juvenis-yaslanma-karsiti-el-maskesi-anti-aging
Lipton Şeftali ve Bergamot Aromalı Yeşil Çay 20'li 30 Gr,5063305009982,114.90,114.90,,https://www.sariyermarket.com/lipton-seftali-ve-bergamot-aromali-yesil-cay-20li-30-gr
Badem Çengelköy Kg,2910207000001,75.90,75.90,,https://www.sariyermarket.com/badem-cengelkoy-kg
Yakisoba Noodle Japon Körili Sos 85 Gr,8962424803385,29.90,29.90,,https://www.sariyermarket.com/yakisoba-noodle-japon-korili-sos-85-gr
Sarıyer Gurme Datça Badem 120Gr,8699089552146,139.90,139.90,,https://www.sariyermarket.com/sariyer-gurme-datca-badem-120gr
Tobleron 100g Bitter,7622201754037,249.90,249.90,,https://www.sariyermarket.com/tobleron-100g-bitter
Bağdat Karabiber 40 Gr,8690560150417,82.90,82.90,,https://www.sariyermarket.com/bagdat-karabiber-40-gr
Sarıyer Gurme Tulum Peynir Lüx Kg,2903019000000,495.00,495.00,,https://www.sariyermarket.com/sariyer-gurme-tulum-peynir-lux-kg
Danone Actıvıa Mıx & Go Çilek 183 Gr,8696368000503,79.50,79.50,,https://www.sariyermarket.com/danone-activia-mix-go-cilek-183-gr
Reis Yeşil Mercimek 1000gr,8690849820154,191.90,191.90,,https://www.sariyermarket.com/reis-yesil-mercimek-1000gr
Doğa Evi Kinoa 500gr,8681110220346,249.90,249.90,,https://www.sariyermarket.com/doga-evi-kinoa-500gr
Rummo Spaghetti 500 Gr,8008343200035,215.00,215.00,,https://www.sariyermarket.com/rummo-spaghetti-500-gr
Coca Cola Light Kutu 250 Ml,5000112664850,54.00,54.00,,https://www.sariyermarket.com/coca-cola-light-kutu-250-ml
Barilla Glutensiz Spagetti (Spaghetti) Makarna 400 Gr,8076809545440,159.90,159.90,,https://www.sariyermarket.com/barilla-glutensiz-spagetti-spaghetti-makarna-400-gr
Orvital Organik Kanat Izgara Kg,2819007006025,795.00,795.00,,https://www.sariyermarket.com/orvital-organik-kanat-izgara-kg
Knorr Kremalı Tavuk Çorbası 65 Gr,8690637018626,48.90,48.90,,https://www.sariyermarket.com/knorr-kremali-tavuk-corbasi-65-gr
Falim Sakiz 5li Damla 7gr,8690524055031,17.90,17.90,,https://www.sariyermarket.com/falim-sakiz-5li-damla-7gr
Filiz Tel Şehriye 500 Gr,8690579992756,34.90,34.90,,https://www.sariyermarket.com/filiz-tel-sehriye-500-gr
Doritos Twist Kırmızı Koz Biberli 115 Gr,8690624305470,64.50,64.50,,https://www.sariyermarket.com/doritos-twist-kirmizi-koz-biberli-115-gr
Namet Macar Salam Etli Fıstıklı Kg,2900857000001,1350.00,1350.00,,https://www.sariyermarket.com/namet-macar-salam-etli-fistikli-kg
Sprite Limon Aromalı Gazoz Kutusu 6X250 Ml,5000112665352,299.90,299.90,,https://www.sariyermarket.com/sprite-limon-aromali-gazoz-kutusu-6x250-ml
Mentos Pure Fresh Big Bottle Sakız Nane 90Gr,80979173,130.00,130.00,,https://www.sariyermarket.com/mentos-pure-fresh-big-bottle-sakiz-nane-90gr
Orvital Organik Kefir 1 lt,8699394110635,154.90,154.90,,https://www.sariyermarket.com/orvital-organik-kefir-1-lt
Eti Canga Antep Fıstıklı 45gr,8690526671284,70.00,70.00,,https://www.sariyermarket.com/eti-canga-antep-fistikli-45gr
Uni Vazelin Extra Kavanoz 170 Ml,8690530041424,139.93,139.93,,https://www.sariyermarket.com/uni-vazelin-extra-kavanoz-170-ml
Mc Vities Digistive Şekersiz Bitter Çikolata,5941664011740,110.00,110.00,,https://www.sariyermarket.com/mc-vities-digistive-sekersiz-bitter-cikolata
Canada Dry 330ml,8435185954954,109.90,109.90,,https://www.sariyermarket.com/canada-dry-330ml
Uludağ Yeşil Limonlu Limonata 1 L Pet,1500144801628,53.90,53.90,,https://www.sariyermarket.com/uludag-yesil-limonlu-limonata-1-l-pet
Ülker Pastil Okaliptus Mentol Nane 8 Adet 22.4 Gr,8690840179084,50.00,50.00,,https://www.sariyermarket.com/ulker-pastil-okaliptus-mentol-nane-8-adet-22-4-gr
Pet's Family Pouch Yetişkin Kedi Maması Tavuklu Jöleli 85Gr,8681085426545,34.93,34.93,,https://www.sariyermarket.com/pets-family-pouch-yetiskin-kedi-mamasi-tavuklu-joleli-85gr
Pfanner Meyve Suyu A+C+E 2lt,9006900914479,294.90,294.90,,https://www.sariyermarket.com/pfanner-meyve-suyu-a_c_e-2lt
Bayce Opa Opp Çay 250 Gr,8690717008035,319.90,319.90,,https://www.sariyermarket.com/bayce-opa-opp-cay-250-gr
Unabella Konya Gevreği Bol Tahilli 250gr,8680722050969,149.00,149.00,,https://www.sariyermarket.com/unabella-konya-gevregi-bol-tahilli-250gr
Sarıyer Gurme Sıkma Yeşil İçecek 500 Ml 3,8699087485156,119.00,119.00,,https://www.sariyermarket.com/sariyer-gurme-sikma-yesil-icecek-500-ml-3
Signal White Now Diş Macunu Lekesiz Beyazlık 75 Ml,8720181342639,189.90,189.90,,https://www.sariyermarket.com/signal-white-now-dis-macunu-lekesiz-beyazlik-75-ml
Koska Helva Fıstıklı 200gr,8690710309443,164.50,164.50,,https://www.sariyermarket.com/koska-helva-fistikli-200gr
Yudum Ayçiçek Yaği 1 Lt,8690876010016,209.90,209.90,,https://www.sariyermarket.com/yudum-aycicek-yagi-1-lt
Eti Browni Intense Çikolatalı Kek 50 Gr,8690526076379,22.50,22.50,,https://www.sariyermarket.com/eti-browni-intense-cikolatali-kek-50-gr
Duru Nem Bombası Yoğun Onarım Saç Kremi 385 ml,8690506564629,144.90,144.90,,https://www.sariyermarket.com/duru-nem-bombasi-yogun-onarim-sac-kremi-385-ml
Pidemiss Karışık Peynirli Pide 375 Gr,8680628427674,172.90,172.90,,https://www.sariyermarket.com/pidemiss-karisik-peynirli-pide-375-gr
Nish Kapsül Kahve 55Gr Lungo,8683583873418,249.90,249.90,,https://www.sariyermarket.com/nish-kapsul-kahve-55gr-lungo
Nestle Damak Baklava Antep Fıstıklı Baklavalı Beyaz Çikolata 60 Gr,8690632994802,114.95,114.95,,https://www.sariyermarket.com/nestle-damak-baklava-antep-fistikli-baklavali-beyaz-cikolata-60-gr
Sparx Sıvı Bulaşık Deterjanı Limon 650 Ml,8697713823181,99.90,99.90,,https://www.sariyermarket.com/sparx-sivi-bulasik-deterjani-limon-650-ml-
Barilla Tam Buğday Kelebek Makarna 400 Gr,8690579975025,59.90,59.90,,https://www.sariyermarket.com/barilla-tam-bugday-kelebek-makarna-400-gr
Dana Şaşlık Bonfile Kg,2901372000002,2695.00,2695.00,,https://www.sariyermarket.com/dana-saslik-bonfile-kg
Feast Organik Brokoli 450 Gr,8697343550228,172.90,172.90,,https://www.sariyermarket.com/feast-organik-brokoli-450-gr
Nivea Krem 250 Ml,4005800001253,442.90,442.90,,https://www.sariyermarket.com/nivea-krem-250-ml
Knorr Süzme Mercimek Çorbası 68 Gr,8690701083376,48.90,48.90,,https://www.sariyermarket.com/knorr-suzme-mercimek-corbasi-68-gr
Eti Form Limon Lifli Kepekli Bisküvi 50 Gr,86926249,19.50,19.50,,https://www.sariyermarket.com/eti-form-limon-lifli-kepekli-biskuvi-50-gr
İçim Ayran 1000 Ml,8690504420712,59.90,59.90,,https://www.sariyermarket.com/icim-ayran-1000-ml
Melis Kahvaltılık Sos 210ml,8682484900179,159.90,159.90,,https://www.sariyermarket.com/melis-kahvaltilik-sos-210ml
Pınar Hindi Uzun Sosis 430 Gr,8690527030882,219.90,219.90,,https://www.sariyermarket.com/pinar-hindi-uzun-sosis-430-gr
Vileda Style 3'Lü Mikrofiber Temizlik Bezi,4023103245778,349.90,349.90,,https://www.sariyermarket.com/vileda-style-3lu-mikrofiber-temizlik-bezi
"Beta Early Grey 48 Demlik Poset 3,2gr",8690717006543,249.90,249.90,,https://www.sariyermarket.com/beta-early-grey-48-demlik-poset-3-2gr
Oneo Nane Aromalı Bottle Draje Sakız 60 Gr,8690840216383,75.00,75.00,,https://www.sariyermarket.com/oneo-nane-aromali-bottle-draje-sakiz-60-gr
Sırma C+ Limon Aromalı Doğal Maden Suyu 200 Ml,8691058005769,15.00,15.00,,https://www.sariyermarket.com/sirma-c_-limon-aromali-dogal-maden-suyu-200-ml
Kristal Sızma Dolgun Güçlü 1Lt Pet Şişe,8690819264544,499.90,499.90,,https://www.sariyermarket.com/kristal-sizma-dolgun-guclu-1lt-pet-sise
Glütensiz Ada Tuzlu Kraker 105 Gr,8681705100091,164.90,164.90,,https://www.sariyermarket.com/glutensiz-ada-tuzlu-kraker-105-gr
Wefood Organik Nar Ekşisi 350Gr,8681749104789,425.00,425.00,,https://www.sariyermarket.com/wefood-organik-nar-eksisi-350gr
"Uludag Gazoz Az Şekerli Portakal 1,5 Lt Pet",86949033,73.50,73.50,,https://www.sariyermarket.com/uludag-gazoz-az-sekerli-portakal-1-5-lt-pet
Cock Pirinç Eriştesi 220 Gr,,169.90,169.90,,https://www.sariyermarket.com/cock-pirinc-eristesi-220-gr
Bağdat Değirmen Tuzu Sofra Öğütme 110gr,8698572034190,122.90,122.90,,https://www.sariyermarket.com/bagdat-degirmen-tuzu-sofra-ogutme-110gr
Loco No:13 Vişne Çikolata 225 Ml,8683255401215,415.95,415.95,,https://www.sariyermarket.com/loco-no_13-visne-cikolata-225-ml
Barilla Kalın Kesme (Tortiglioni) Makarna 500 Gr,8690579993241,59.90,59.90,,https://www.sariyermarket.com/barilla-kalin-kesme-tortiglioni-makarna-500-gr
Beta Bergamot Rüyası 500gr,8690717015637,199.90,199.90,,https://www.sariyermarket.com/beta-bergamot-ruyasi-500gr
Nektarin Kg,2910233000006,65.00,65.00,,https://www.sariyermarket.com/nektarin-kg
Züber Yulaflı Tarçınlı ve Zencefilli Kurabiye 80 Gr,8681630718231,174.90,174.90,,https://www.sariyermarket.com/zuber-yulafli-tarcinli-ve-zencefilli-kurabiye-80-gr
Kühne Organik Elma Sirkesi 500 Ml,8696027015817,299.90,299.90,,https://www.sariyermarket.com/kuhne-organik-elma-sirkesi-500-ml
Ülker Halley Çikolata Kaplamalı Sandviç Bisküvi 8'li 240 Gr,8690504039518,94.90,94.90,,https://www.sariyermarket.com/ulker-halley-cikolata-kaplamali-sandvic-biskuvi-8li-240-gr
Calve Barbekü Sos 290 Gr,8690637508219,119.90,119.90,,https://www.sariyermarket.com/calve-barbeku-sos-290-gr
Signal White System Diş Macunu 75 Ml,6221155127129,139.90,139.90,,https://www.sariyermarket.com/signal-white-system-dis-macunu-75-ml
Wefood Matcha Tozu 50gr,8681749104529,595.00,595.00,,https://www.sariyermarket.com/wefood-matcha-tozu-50gr
Ahmad Tea English Breakfast Demlik Poşet Çay 100'lü 320 Gr,,519.90,519.90,,https://www.sariyermarket.com/ahmad-tea-english-breakfast-demlik-poset-cay-100lu-320-gr
Elma Granny Smith Yerli Kg,2910251000002,255.00,255.00,,https://www.sariyermarket.com/elma-granny-smith-yerli-kg
Lotus Biscoff Crunchy Spread 380 Gr,5410126726947,399.90,399.90,,https://www.sariyermarket.com/lotus-biscoff-crunchy-spread-380-gr
Lipton Ice Tea Limon Kutu 330 Ml,8690574114443,42.50,42.50,,https://www.sariyermarket.com/lipton-ice-tea-limon-kutu-330-ml
Arbella Mantı Makarna 500 Gr,8697430885455,29.90,29.90,,https://www.sariyermarket.com/arbella-manti-makarna-500-gr
Sarıyer Gurme Börülce Salatası Kg,2901636000007,695.00,695.00,,https://www.sariyermarket.com/sariyer-gurme-borulce-salatasi-kg
Nestle Kit Kat Chunky Bitter 38 Gr,8690632764474,35.50,35.50,,https://www.sariyermarket.com/nestle-kit-kat-chunky-bitter-38-gr
Tada Gurme Kuru Domatesli Mozzarella Peynirli Sandviç 160G,8694918001956,144.90,144.90,,https://www.sariyermarket.com/tada-gurme-kuru-domatesli-mozzarella-peynirli-sandvic-160g
Knorr Şinitzel Pane Harcı 90 Gr,8690637707278,67.90,67.90,,https://www.sariyermarket.com/knorr-sinitzel-pane-harci-90-gr
Unabella Boreklik Yufka 800gr,8680722051409,299.00,299.00,,https://www.sariyermarket.com/unabella-boreklik-yufka-800gr
Wefood Siyah Chia 300gr,8681749104253,245.00,245.00,,https://www.sariyermarket.com/wefood-siyah-chia-300gr
Dreamies Tavuklu Kedi Ödül Mamasi 60gr,5998749130469,79.90,79.90,,https://www.sariyermarket.com/dreamies-tavuklu-kedi-odul-mamasi-60gr
Sarıyer Gurme Çifte Kavrulmuş Kabak 100 Gr,8699089587230,59.90,59.90,,https://www.sariyermarket.com/sariyer-gurme-cifte-kavrulmus-kabak-100-gr
Uno Grissuno Denge Tam Buğdaylı Çiya Tohumlu 150 Gr,8690698512217,110.00,110.00,,https://www.sariyermarket.com/uno-grissuno-denge-tam-bugdayli-ciya-tohumlu-150-gr
Cappy Geleneksel Limonata Pet 1 L,5000112671612,42.90,42.90,,https://www.sariyermarket.com/cappy-geleneksel-limonata-pet-1-l
Sarıyer Gurme Sarı Leblebi 120Gr,8699089553686,49.90,49.90,,https://www.sariyermarket.com/sariyer-gurme-sari-leblebi-120gr
"Nestle Nesfit Kırmızı Meyveli Tam Tahıllı Bar 23,5 Gr",5900020029447,29.90,29.90,,https://www.sariyermarket.com/nestle-nesfit-kirmizi-meyveli-tam-tahilli-bar-23-5-gr
Friskies Aktif Köpekler İçin Etli Köpek Mama 10kg,7613031395484,3364.90,3364.90,,https://www.sariyermarket.com/friskies-aktif-kopekler-icin-etli-kopek-mama-10kg
Knorr Çabuk Çorba Kıtırlı Mercimek 22 Gr,8683130067642,20.95,20.95,,https://www.sariyermarket.com/knorr-cabuk-corba-kitirli-mercimek-22-gr
Nutella İthal 1000 gr,4008400401829,999.90,999.90,,https://www.sariyermarket.com/nutella-ithal-1000-gr
Irmak Esmer Toz Şeker 500gr,8690380009797,94.90,94.90,,https://www.sariyermarket.com/irmak-esmer-toz-seker-500gr
Parex Clipster Sprey Mop,8680895130734,899.90,899.90,,https://www.sariyermarket.com/parex-clipster-sprey-mop
Toprak Doğal Erzincan Dut Pekmezi Eğin 300 Gr,8681078702717,529.90,529.90,,https://www.sariyermarket.com/toprak-dogal-erzincan-dut-pekmezi-egin-300-gr
Kotex Active Ultra İnce Günlük Ped 32li,8691900172458,89.90,89.90,,https://www.sariyermarket.com/kotex-active-ultra-ince-gunluk-ped-32li
Ülker Kremalı Sandviç Bisküvi 61 Gr,8690766109981,15.00,15.00,,https://www.sariyermarket.com/ulker-kremali-sandvic-biskuvi-61-gr
Tahsildaroğlu Kahvaltılık Lor Peyniri 300gr,8691225154320,119.90,119.90,,https://www.sariyermarket.com/tahsildaroglu-kahvaltilik-lor-peyniri-300gr
Kuzeyden %100 Sıkma Üzüm Suyu 250 Ml,8684556266480,109.90,109.90,,https://www.sariyermarket.com/kuzeyden-100-sikma-uzum-suyu-250-ml
Dana Schnitzel Kg,2901224000006,1695.00,1695.00,,https://www.sariyermarket.com/dana-schnitzel-kg
Biber Çarliston Kg,2910221000001,69.90,69.90,,https://www.sariyermarket.com/biber-carliston-kg
Sarıyer Gazoz Portakal 330Ml,8683789552490,27.50,27.50,,https://www.sariyermarket.com/sariyer-gazoz-portakal-330ml
Nish Kahve Kapsülü 55 Gr Vanilya Aromalı,8683583873593,249.90,249.90,,https://www.sariyermarket.com/nish-kahve-kapsulu-55-gr-vanilya-aromali
Anna's Zencefilli Bisküvi 150 Gr,7312220011272,159.90,159.90,,https://www.sariyermarket.com/annas-zencefilli-biskuvi-150-gr
Algida Viennetta Stick 100 Ml,8721274647013,30.00,30.00,,https://www.sariyermarket.com/algida-viennetta-stick-100-ml
Orkid Platinum Dörtlü Hijyenik Ped Gece Ekstra Plus 14'lü,8006530170062,167.93,167.93,,https://www.sariyermarket.com/orkid-platinum-dortlu-hijyenik-ped-gece-ekstra-plus-14lu-
Yumoş Sıvı Deterjan Siyahlar 2.5 L,8683130123645,384.90,384.90,,https://www.sariyermarket.com/yumos-sivi-deterjan-siyahlar-2-5-l
Tuzot 200gr Klasik Sade,8697423360273,104.90,104.90,,https://www.sariyermarket.com/tuzot-200gr-klasik-sade
Kayısı Malatya Kg,2910301000006,255.00,255.00,,https://www.sariyermarket.com/kayisi-malatya-kg
Bırrr Tea Ice Tea Şeftali 250 Ml,8690327432732,39.90,39.90,,https://www.sariyermarket.com/birrr-tea-ice-tea-seftali-250-ml
Doytat Çörek Otu 70gr,8697826340087,65.90,65.90,,https://www.sariyermarket.com/doytat-corek-otu-70gr
Sarıyer Gurme Sıkma Nar Suyu 1 Lt,8600000501891,275.00,275.00,,https://www.sariyermarket.com/sariyer-gurme-sikma-nar-suyu-1-lt
Pedigree Markies Ödül Maması 150 Gr,9003579302552,124.90,124.90,,https://www.sariyermarket.com/pedigree-markies-odul-mamasi-150-gr
Koska Çilek Reçeli 380gr,8690710003518,115.90,115.90,,https://www.sariyermarket.com/koska-cilek-receli-380gr
Pınar Protein Çilekli Süt 500 Ml,8690565019412,85.90,85.90,,https://www.sariyermarket.com/pinar-protein-cilekli-sut-500-ml
City Farm Organik Yumurta 10 lu,8698518425808,174.90,174.90,,https://www.sariyermarket.com/city--farm-organik-yumurta-10-lu
Sarelle Bitter Çikolatalı Kakaolu Fındık Ezmesi 350gr,8683417000065,219.90,219.90,,https://www.sariyermarket.com/sarelle-bitter-cikolatali-kakaolu-findik-ezmesi-350gr
Sparx Sıvı Bulaşık Deterjanı Losyon 650 Ml,8697713823198,99.90,99.90,,https://www.sariyermarket.com/sparx-sivi-bulasik-deterjani-losyon-650-ml
Colgate Max White Kalıcı Beyazlık Diş Macunu 75 Ml,8718951366367,161.18,161.18,,https://www.sariyermarket.com/colgate-max-white-kalici-beyazlik-dis-macunu-75-ml
Red Bull Enerji İçeceği 355 Ml,9002490268312,95.00,95.00,,https://www.sariyermarket.com/red-bull-enerji-icecegi-355-ml
Colgate Barbie Batman Çocuk Diş Macunu 75 Ml,8718951753310,142.43,142.43,,https://www.sariyermarket.com/colgate-barbie-batman-cocuk-dis-macunu-75-ml
Bağdat Kişniş 40gr,8690560011015,28.90,28.90,,https://www.sariyermarket.com/bagdat-kisnis-40gr
Granoro Kepekli Penne Brigate 500 gr,8007290000781,164.90,164.90,,https://www.sariyermarket.com/granoro-kepekli-penne-brigate-500-gr
Tat Közlenmiş Biber 670 Gr,8690635060658,174.90,174.90,,https://www.sariyermarket.com/tat-kozlenmis-biber-670-gr
Sarıyer Gurme Rize Kavurma 150 Gr,8699084325486,545.00,545.00,,https://www.sariyermarket.com/sariyer-gurme-rize-kavurma-150-gr
Fasulye Taze Kg,2910224000008,99.00,99.00,,https://www.sariyermarket.com/fasulye-taze-kg
Bahçıvan Lezzetli Peynir Topları 200 Gr,8690843095473,149.90,149.90,,https://www.sariyermarket.com/bahcivan-lezzetli-peynir-toplari-200-gr
Hasata Köftelik Antep Bulguru 1000 Gr,8697423962088,47.90,47.90,,https://www.sariyermarket.com/hasata-koftelik-antep-bulguru-1000-gr
Mentos Clean Breath Metal Kutu Yoğun Nane 35gr,80840930,80.00,80.00,,https://www.sariyermarket.com/mentos-clean-breath-metal-kutu-yogun-nane-35gr
Omo Active Cold Power Beyazlar ve Renkliler için Sıvı Deterjan 1500 Ml,8683130124802,249.90,249.90,,https://www.sariyermarket.com/omo-active-cold-power-beyazlar-ve-renkliler-icin-sivi-deterjan-1500-ml
Doytat Zencefil 50gr,8697635603847,53.90,53.90,,https://www.sariyermarket.com/doytat-zencefil-50gr
Sarelle Kakao Fındık Ezmeli Grissini 50 Gr,8683417003059,40.00,40.00,,https://www.sariyermarket.com/sarelle-kakao-findik-ezmeli-grissini-50-gr
Doğadan Yeşil Çay Açai Ananaslı 20li 34 Gr,8699432222085,86.18,86.18,,https://www.sariyermarket.com/dogadan-yesil-cay-acai-ananasli-20li-34-gr
Humm Organic Organik Çilekli Bar 27 Gr,8680050318311,89.95,89.95,,https://www.sariyermarket.com/humm-organic-organik-cilekli-bar-27-gr
Ülker Altınbaşak Tahıl Cipsi 50 Gr,8690504011521,22.00,22.00,,https://www.sariyermarket.com/ulker-altinbasak-tahil-cipsi-50-gr
Hipp Organik Yulaflı Elmalı Muzlu Meyve Barı 23 Gr,4062300446922,74.90,74.90,,https://www.sariyermarket.com/hipp-organik-yulafli-elmali-muzlu-meyve-bari-23-gr
Okey Prezervatif Klasik 10'Lu,8850956393730,479.90,479.90,,https://www.sariyermarket.com/okey-prezervatif-klasik-10lu
Alcatra Kuru Et 100Gr,8699089579730,450.00,450.00,,https://www.sariyermarket.com/alcatra-kuru-et-100gr
Doğadan Form Çay Kiraz Saplı 20'Li 36 Gr,8699432222122,82.43,82.43,,https://www.sariyermarket.com/dogadan-form-cay-kiraz-sapli-20li-36-gr
Ice Break Latte 375 Ml,8692971434544,64.90,64.90,,https://www.sariyermarket.com/ice-break-latte-375-ml
Erüst Ispanak Mini 150 Gr,8697417468626,215.00,215.00,,https://www.sariyermarket.com/erust-ispanak-mini-150-gr
Arıcan Yayla Kır Çiçekleri Balı 35gr,8692970111132,39.90,39.90,,https://www.sariyermarket.com/arican-yayla-kir-cicekleri-bali-35gr
Pastavilla Erişte Makarna 500 Gr,8690684004009,46.90,46.90,,https://www.sariyermarket.com/pastavilla-eriste-makarna-500-gr
Loco No:10 Lime Satsuma Mango 225Ml,8683255401192,415.95,415.95,,https://www.sariyermarket.com/loco-no_10-lime-satsuma-mango-225ml
Kotex Ultra Süper Ekonomik Ped Ultra Uzun18 li,8691900174049,249.90,249.90,,https://www.sariyermarket.com/kotex-ultra-super-ekonomik-ped-ultra-uzun18-li
Ülker Go Ahead Üç Katlı Lezzet 45 Gr,8683508112066,70.00,70.00,,https://www.sariyermarket.com/ulker-go-ahead-uc-katli-lezzet-45-gr
Çaykur Filiz Çay 200 Gr,8690105000863,149.90,149.90,,https://www.sariyermarket.com/caykur-filiz-cay-200-gr
Dana Rosto Kg,2914765000008,1250.00,1250.00,,https://www.sariyermarket.com/dana-rosto-kg
Godiva Badem Bitter Kare Çilolata 60gr,8690504142584,115.00,115.00,,https://www.sariyermarket.com/godiva-badem-bitter-kare-cilolata--60gr
Pedigree Jumbone Sığır Etli Ödül Maması 160 Gr,5998749110409,119.90,119.90,,https://www.sariyermarket.com/pedigree-jumbone-sigir-etli-odul-mamasi-160-gr
Doga Evi Yulaf Unu 500gr,8681110220070,99.90,99.90,,https://www.sariyermarket.com/doga-evi-yulaf-unu-500gr
Suprapet Yetişkin Köpek Biftekli Parça Etli ve Jöleli 400 Gr,8684272331691,89.90,89.90,,https://www.sariyermarket.com/suprapet-yetiskin-kopek-biftekli-parca-etli-ve-joleli-400-gr
Nescafe Xpress Vanilya Soğuk Kahve 250 Ml,8690632762883,49.90,49.90,,https://www.sariyermarket.com/nescafe-xpress-vanilya-soguk-kahve-250-ml
Eti Form Bisküvi Kepekli 45 Gr,8690526094090,15.00,15.00,,https://www.sariyermarket.com/eti-form-biskuvi-kepekli-45-gr
Selpak Mendil Klasik,8690530151338,8.80,8.80,,https://www.sariyermarket.com/selpak-mendil-klasik
Pastavilla Mac Cheese 210gr,8690684900271,72.90,72.90,,https://www.sariyermarket.com/pastavilla-mac-cheese-210gr
Aptamil 2 Devam Sütü 800 Gr,8699745020521,1149.90,1149.90,,https://www.sariyermarket.com/aptamil-2-devam-sutu-800-gr
Mehmet Efendi Ethiopian Filtre Kahve 250gr,8690627001034,319.90,319.90,,https://www.sariyermarket.com/mehmet-efendi-ethiopian-filtre-kahve-250gr
Whiskas Biftek Kuru Kedi Maması 300gr,5998749144138,129.90,129.90,,https://www.sariyermarket.com/whiskas-biftek-kuru-kedi-mamasi-300gr
Ülker Bebe Bisküvisi 172 Gr,8690504014300,45.00,45.00,,https://www.sariyermarket.com/ulker-bebe-biskuvisi-172-gr
Long Chips Peynir Aromalı Çerez 75 Gr,4750127300618,99.90,99.90,,https://www.sariyermarket.com/long-chips-peynir-aromali-cerez-75-gr
Tat Ranch Sos 220 Gr,8690635260287,89.90,89.90,,https://www.sariyermarket.com/tat-ranch-sos-220-gr
Fiskobirlik Şekersiz Fındık Ezmesi 300Gr,8691641770647,279.90,279.90,,https://www.sariyermarket.com/fiskobirlik-sekersiz-findik-ezmesi-300gr
Bağdat Köri 70 Gr,8690560019240,74.90,74.90,,https://www.sariyermarket.com/bagdat-kori-70-gr
Ülker Dido Nut Fındıklı Gofret 35 Gr,8683508132149,35.00,35.00,,https://www.sariyermarket.com/ulker-dido-nut-findikli-gofret-35-gr
Eti Tutku Kakao Kremalı Mozaik Bisküvi 150 Gr,8690533083254,36.00,36.00,,https://www.sariyermarket.com/eti-tutku-kakao-kremali-mozaik-biskuvi-150-gr
Acetum Balsamik Sirkesi 500 ml,8015352401032,229.90,229.90,,https://www.sariyermarket.com/acetum-balsamik-sirkesi-500-ml
Pedigree Rodeo Çiğneme Çerezi 70 Gr,5998749170250,99.90,99.90,,https://www.sariyermarket.com/pedigree-rodeo-cigneme-cerezi-70-gr
Tariş Sızma Kuzey Ege Cam 1lt,8690102406217,569.90,569.90,,https://www.sariyermarket.com/taris-sizma-kuzey-ege-cam-1lt
Ülker Çizi Çıtır Tulum Peyniri & Köz Biber Parti Boy 160 Gr,8690504077640,51.90,51.90,,https://www.sariyermarket.com/ulker-cizi-citir-tulum-peyniri-koz-biber-parti-boy-160-gr
Yayla Gurme Maş Fasulye 500 Gr,8693374236032,74.90,74.90,,https://www.sariyermarket.com/yayla-gurme-mas-fasulye-500-gr
Salt Pop Microdalga Misir 3x100gr,3800203051000,159.90,159.90,,https://www.sariyermarket.com/salt-pop-microdalga-misir-3x100gr
Kotex Aplikatörlü Tampon Normal 8'li,5029053535258,259.90,259.90,,https://www.sariyermarket.com/kotex-aplikatorlu-tampon-normal-8li
Stepy Multicolor Mikrofiber Temizlik Bezi 4lü,8681917082680,123.68,123.68,,https://www.sariyermarket.com/stepy-multicolor-mikrofiber-temizlik-bezi-4lu
Moms Granola Akdeniz Baharatlı 200 Gr,8681267006817,118.93,118.93,,https://www.sariyermarket.com/moms-granola-akdeniz-baharatli-200-gr
Ülker Kekstra Hindistan Cevizli Kek 33 Gr,8690504037187,12.00,12.00,,https://www.sariyermarket.com/ulker-kekstra-hindistan-cevizli-kek-33-gr
Baltalı %100 Keçi Kefir 250ml,8683816670012,119.90,119.90,,https://www.sariyermarket.com/baltali--100-keci-kefir-250ml
Roka Adet,2623040000007,16.90,16.90,,https://www.sariyermarket.com/roka-adet
Doytat Dolma Baharı 30gr,8697826340148,29.90,29.90,,https://www.sariyermarket.com/doytat-dolma-bahari-30gr
Kapra Keçi Sütü Kefir 250 Ml,8682530660750,163.90,163.90,,https://www.sariyermarket.com/kapra-keci-sutu-kefir-250-ml
Perwoll Sıvı Çamaşır Deterjanı 1485ML Siyah,9000101814040,259.90,259.90,,https://www.sariyermarket.com/perwoll-sivi-camasir-deterjani-1485ml-siyah
Verita Böğürtlen 125 Gr,8698555425236,299.00,299.00,,https://www.sariyermarket.com/verita-bogurtlen-125-gr
Kent Olips Zero Şekersiz Limon Portakal Greyfurt Aromalı 28 Gr,7622202019203,35.90,35.90,,https://www.sariyermarket.com/kent-olips-zero-sekersiz-limon-portakal-greyfurt-aromali-28-gr
Polonez Füme Et Karabiberli 90 Gr,8693407004508,219.90,219.90,,https://www.sariyermarket.com/polonez-fume-et-karabiberli-90-gr
Coca Cola Kutu 6x250 Ml,5000112665086,299.90,299.90,,https://www.sariyermarket.com/coca-cola-kutu-6x250-ml
Yayla Kırmızı Mercimek 1 Kg,8693374011073,109.90,109.90,,https://www.sariyermarket.com/yayla-kirmizi-mercimek-1-kg
Kotex Active Tekli Normal 8li,8691900172250,99.90,99.90,,https://www.sariyermarket.com/kotex-active-tekli-normal-8li